rank,placeId,name,municipality,ui_region,ui_region_name,kto_content_type_id,kto_content_type_name,ui_category,pet_information_status,basic_score,pet_score,total_score,filled_useful_fields,total_useful_fields,fullness_pct,pet_details_summary,has_name,value_name,has_kto_content_type,value_kto_content_type,has_address,value_address,has_address_detail,value_address_detail,has_coordinates,value_coordinates,has_phone,value_phone,has_image,value_image,has_short_description,value_short_description,has_full_description,value_full_description,has_parking_info,value_parking_info,has_business_hours,value_business_hours,has_closed_days,value_closed_days,has_instagram_url,value_instagram_url,has_tags,value_tags,has_zipcode,value_zipcode,has_pet_acmpyTypeCd,value_pet_acmpyTypeCd,has_pet_acmpyNeedMtr,value_pet_acmpyNeedMtr,has_pet_acmpyPsblCpam,value_pet_acmpyPsblCpam,has_pet_etcAcmpyInfo,value_pet_etcAcmpyInfo,has_pet_relaAcdntRiskMtr,value_pet_relaAcdntRiskMtr,has_pet_relaFrnshPrdlst,value_pet_relaFrnshPrdlst,has_pet_relaPosesFclty,value_pet_relaPosesFclty,has_pet_relaPurcPrdlst,value_pet_relaPurcPrdlst,has_pet_relaRntlPrdlst,value_pet_relaRntlPrdlst,snapshot_sha256,design_version,data_note
1,kto-3401751,카페에벤에셀,JEJU_CITY,jeju_city,제주시,39,음식점,cafe,KTO_OVERLAY_FOUND,5,9,14,14,24,58.33,"동반 유형: 전구역 동반가능 | 동반 시 필요 사항: 매너벨트 착용 | 동반 가능 동물: 12kg 이하 동반 가능 | 기타 동반 안내: 3마리까지 가능 | 관련 사고 위험 사항: 12kg 이하 동반 가능 | 비치 품목: 배변판, 식기, 매너벨트 | 보유 시설: 안전문, 울타리 | 구매 가능 품목: 화식, 강아지 수제 간식, 매너벨트, 강아지 옷, 장난감 등 | 대여 가능 품목: 강아지 방석",1,카페에벤에셀,1,39:음식점,1,제주특별자치도 제주시 1100로 3198-20 (노형동),0,,1,"33.47294795011673,126.48581224833323",0,,0,,0,,0,,0,,0,,0,,0,,0,,1,63091,1,전구역 동반가능,1,매너벨트 착용,1,12kg 이하 동반 가능,1,3마리까지 가능,1,12kg 이하 동반 가능,1,"배변판, 식기, 매너벨트",1,"안전문, 울타리",1,"화식, 강아지 수제 간식, 매너벨트, 강아지 옷, 장난감 등",1,강아지 방석,2b91c56fc7b5196bc828c9238081678ed31b26a21a318ac516580238a40ca35b,hank-place-field-audit-v1,Stage3 Firestore snapshot; live read blocked by RESOURCE_EXHAUSTED
2,kto-3112168,아우아우,JEJU_CITY,east,동부 (조천),14,문화시설,spot,KTO_OVERLAY_FOUND,5,8,13,13,24,54.17,"동반 유형: 일부구역 동반가능 | 동반 시 필요 사항: 자유이용,매너벨트 착용 | 동반 가능 동물: 15kg 미만 까지만 가능 | 기타 동반 안내: 주문 공간에서는 반려견을 안고 주문해주시길 바랍니다. | 관련 사고 위험 사항: 15kg 미만 까지만 가능 | 비치 품목: 매너벨트, 식기 | 보유 시설: 안전문, 울타리, 반려견 전용 UV 살균기, 사진공간, 반려견 전용 실내 공간, 화산송이 운동장, 야외 오두막 | 구매 가능 품목: 간식, 장난감, 용품, 의류 등",1,아우아우,1,14:문화시설,1,제주특별자치도 제주시 조천읍 와산3길 13-105,0,,1,"33.48783967329499,126.69318766424067",0,,0,,0,,0,,0,,0,,0,,0,,0,,1,63342,1,일부구역 동반가능,1,"자유이용,매너벨트 착용",1,15kg 미만 까지만 가능,1,주문 공간에서는 반려견을 안고 주문해주시길 바랍니다.,1,15kg 미만 까지만 가능,1,"매너벨트, 식기",1,"안전문, 울타리, 반려견 전용 UV 살균기, 사진공간, 반려견 전용 실내 공간, 화산송이 운동장, 야외 오두막",1,"간식, 장난감, 용품, 의류 등",0,,2b91c56fc7b5196bc828c9238081678ed31b26a21a318ac516580238a40ca35b,hank-place-field-audit-v1,Stage3 Firestore snapshot; live read blocked by RESOURCE_EXHAUSTED
3,kto-125445,생각하는 정원,JEJU_CITY,west,서부 (한경),12,관광지,spot,KTO_OVERLAY_FOUND,7,5,12,12,24,50,"동반 유형: 전구역 동반가능 | 동반 시 필요 사항: 목줄 착용 | 동반 가능 동물: 전 견종 동반 가능 | 기타 동반 안내: - 맹견의 경우, 입마개 착용 필수- 배변봉투 지참 및 배변처리 필수 | 관련 사고 위험 사항: 전 견종 동반 가능",1,생각하는 정원,1,12:관광지,1,제주특별자치도 제주시 한경면 녹차분재로 675,1,(한경면),1,"33.3253707254,126.2551643784",0,,1,https://tong.visitkorea.or.kr/cms/resource/24/4090224_image2_1.jpg,0,,0,,0,,0,,0,,0,,0,,1,63005,1,전구역 동반가능,1,목줄 착용,1,전 견종 동반 가능,1,"- 맹견의 경우, 입마개 착용 필수- 배변봉투 지참 및 배변처리 필수",1,전 견종 동반 가능,0,,0,,0,,0,,2b91c56fc7b5196bc828c9238081678ed31b26a21a318ac516580238a40ca35b,hank-place-field-audit-v1,Stage3 Firestore snapshot; live read blocked by RESOURCE_EXHAUSTED
4,kto-2564158,광치기해변,SEOGWIPO_CITY,east,동부 (성산),12,관광지,spot,KTO_OVERLAY_FOUND,7,5,12,12,24,50,"동반 유형: 전구역 동반가능 | 동반 시 필요 사항: 목줄 착용 | 동반 가능 동물: 전 견종 동반 가능 | 기타 동반 안내: - 맹견의 경우, 입마개 착용 필수- 배변봉투 지참 및 배변처리 필수 | 관련 사고 위험 사항: 전 견종 동반 가능",1,광치기해변,1,12:관광지,1,제주특별자치도 서귀포시 성산읍 고성리,1,224-33,1,"33.45151,126.924636",0,,1,https://tong.visitkorea.or.kr/cms/resource/00/4098400_image2_1.JPG,0,,0,,0,,0,,0,,0,,0,,1,63640,1,전구역 동반가능,1,목줄 착용,1,전 견종 동반 가능,1,"- 맹견의 경우, 입마개 착용 필수- 배변봉투 지참 및 배변처리 필수",1,전 견종 동반 가능,0,,0,,0,,0,,2b91c56fc7b5196bc828c9238081678ed31b26a21a318ac516580238a40ca35b,hank-place-field-audit-v1,Stage3 Firestore snapshot; live read blocked by RESOURCE_EXHAUSTED
5,kto-3013283,송악산둘레길,SEOGWIPO_CITY,west,서부 (대정),12,관광지,spot,KTO_OVERLAY_FOUND,7,5,12,12,24,50,"동반 유형: 전구역 동반가능 | 동반 시 필요 사항: 목줄 착용 | 동반 가능 동물: 전 견종 동반 가능 | 기타 동반 안내: - 맹견의 경우, 입마개 착용 필수- 배변봉투 지참 및 배변처리 필수 | 관련 사고 위험 사항: 전 견종 동반 가능",1,송악산둘레길,1,12:관광지,1,제주특별자치도 서귀포시 대정읍 상모리,1,245,1,"33.204334,126.28931",0,,1,https://tong.visitkorea.or.kr/cms/resource/78/4064178_image2_1.jpg,0,,0,,0,,0,,0,,0,,0,,1,63508,1,전구역 동반가능,1,목줄 착용,1,전 견종 동반 가능,1,"- 맹견의 경우, 입마개 착용 필수- 배변봉투 지참 및 배변처리 필수",1,전 견종 동반 가능,0,,0,,0,,0,,2b91c56fc7b5196bc828c9238081678ed31b26a21a318ac516580238a40ca35b,hank-place-field-audit-v1,Stage3 Firestore snapshot; live read blocked by RESOURCE_EXHAUSTED
6,kto-126448,이호테우해변,JEJU_CITY,jeju_city,제주시,12,관광지,spot,KTO_OVERLAY_FOUND,6,5,11,11,24,45.83,"동반 유형: 일부구역 동반가능 | 동반 시 필요 사항: 목줄 착용 | 동반 가능 동물: 전 견종 동반 가능 | 기타 동반 안내: - 해수욕장 입수는 불가- 맹견의 경우, 입마개 착용 필수- 배변봉투 지참 및 배변처리 필수 | 관련 사고 위험 사항: 전 견종 동반 가능",1,이호테우해변,1,12:관광지,1,제주특별자치도 제주시 도리로,1,(이호일동),1,"33.4973871738,126.4531448539",0,,0,,0,,0,,0,,0,,0,,0,,0,,1,63111,1,일부구역 동반가능,1,목줄 착용,1,전 견종 동반 가능,1,"- 해수욕장 입수는 불가- 맹견의 경우, 입마개 착용 필수- 배변봉투 지참 및 배변처리 필수",1,전 견종 동반 가능,0,,0,,0,,0,,2b91c56fc7b5196bc828c9238081678ed31b26a21a318ac516580238a40ca35b,hank-place-field-audit-v1,Stage3 Firestore snapshot; live read blocked by RESOURCE_EXHAUSTED
7,kto-126455,한림공원,JEJU_CITY,west,서부 (한림),12,관광지,spot,KTO_OVERLAY_FOUND,6,5,11,11,24,45.83,"동반 유형: 전구역 동반가능 | 동반 시 필요 사항: 목줄 착용 | 동반 가능 동물: 7kg 이하 동반 가능 | 기타 동반 안내: - 식당이용시 이동장 이용 필수 - 배변봉투 지참 및 배변처리 필수 | 관련 사고 위험 사항: 훈련사 또는 직원 상시대기,응급키트 구비",1,한림공원,1,12:관광지,1,제주특별자치도 제주시 한림읍 한림로 300,0,,1,"33.3886659647,126.2415557152",0,,1,https://tong.visitkorea.or.kr/cms/resource/83/3553983_image2_1.jpg,0,,0,,0,,0,,0,,0,,0,,1,63011,1,전구역 동반가능,1,목줄 착용,1,7kg 이하 동반 가능,1,- 식당이용시 이동장 이용 필수 - 배변봉투 지참 및 배변처리 필수,1,"훈련사 또는 직원 상시대기,응급키트 구비",0,,0,,0,,0,,2b91c56fc7b5196bc828c9238081678ed31b26a21a318ac516580238a40ca35b,hank-place-field-audit-v1,Stage3 Firestore snapshot; live read blocked by RESOURCE_EXHAUSTED
8,kto-126464,여미지식물원,SEOGWIPO_CITY,seogwipo,서귀포시,12,관광지,spot,KTO_OVERLAY_FOUND,6,5,11,11,24,45.83,"동반 유형: 전구역 동반가능 | 동반 시 필요 사항: 목줄 착용 | 동반 가능 동물: 전 견종 동반 가능 | 기타 동반 안내: - 맹견의 경우, 입마개 착용 필수- 배변봉투 지참 및 배변처리 필수 | 관련 사고 위험 사항: 전 견종 동반 가능",1,여미지식물원,1,12:관광지,1,제주특별자치도 서귀포시 중문관광로 93 (색달동),0,,1,"33.2520502041,126.414570323",0,,1,https://tong.visitkorea.or.kr/cms/resource/81/3551581_image2_1.jpg,0,,0,,0,,0,,0,,0,,0,,1,63535,1,전구역 동반가능,1,목줄 착용,1,전 견종 동반 가능,1,"- 맹견의 경우, 입마개 착용 필수- 배변봉투 지참 및 배변처리 필수",1,전 견종 동반 가능,0,,0,,0,,0,,2b91c56fc7b5196bc828c9238081678ed31b26a21a318ac516580238a40ca35b,hank-place-field-audit-v1,Stage3 Firestore snapshot; live read blocked by RESOURCE_EXHAUSTED
9,kto-127492,중문관광단지,SEOGWIPO_CITY,seogwipo,서귀포시,12,관광지,spot,KTO_OVERLAY_FOUND,6,5,11,11,24,45.83,"동반 유형: 전구역 동반가능 | 동반 시 필요 사항: 목줄 착용 | 동반 가능 동물: 전 견종 동반 가능 | 기타 동반 안내: - 맹견의 경우, 입마개 착용 필수- 배변봉투 지참 및 배변처리 필수 | 관련 사고 위험 사항: 전 견종 동반 가능",1,중문관광단지,1,12:관광지,1,제주특별자치도 서귀포시 색달동,0,,1,"33.2487,126.4125",0,,1,https://tong.visitkorea.or.kr/cms/resource/97/3527897_image2_1.jpg,0,,0,,0,,0,,0,,0,,0,,1,63535,1,전구역 동반가능,1,목줄 착용,1,전 견종 동반 가능,1,"- 맹견의 경우, 입마개 착용 필수- 배변봉투 지참 및 배변처리 필수",1,전 견종 동반 가능,0,,0,,0,,0,,2b91c56fc7b5196bc828c9238081678ed31b26a21a318ac516580238a40ca35b,hank-place-field-audit-v1,Stage3 Firestore snapshot; live read blocked by RESOURCE_EXHAUSTED
10,kto-127857,일출랜드,SEOGWIPO_CITY,east,동부 (성산),12,관광지,spot,KTO_OVERLAY_FOUND,6,5,11,11,24,45.83,"동반 유형: 일부구역 동반가능 | 동반 시 필요 사항: 목줄 착용,반려동물 유모차 탑승,이동장(켄넬)사용 | 동반 가능 동물: 맹견 제외 예방 접종 완료한 전 견종 동반 가능 | 기타 동반 안내: 배변봉투 지참 및 배변처리 필수 | 관련 사고 위험 사항: 직원 상시대기",1,일출랜드,1,12:관광지,1,제주특별자치도 서귀포시 성산읍 중산간동로 4150-30,0,,1,"33.3811208022,126.8428064761",0,,1,https://tong.visitkorea.or.kr/cms/resource/11/3515611_image2_1.jpg,0,,0,,0,,0,,0,,0,,0,,1,63635,1,일부구역 동반가능,1,"목줄 착용,반려동물 유모차 탑승,이동장(켄넬)사용",1,맹견 제외 예방 접종 완료한 전 견종 동반 가능,1,배변봉투 지참 및 배변처리 필수,1,직원 상시대기,0,,0,,0,,0,,2b91c56fc7b5196bc828c9238081678ed31b26a21a318ac516580238a40ca35b,hank-place-field-audit-v1,Stage3 Firestore snapshot; live read blocked by RESOURCE_EXHAUSTED
11,kto-128345,제주허브동산,SEOGWIPO_CITY,east,동부 (표선),12,관광지,spot,KTO_OVERLAY_FOUND,6,5,11,11,24,45.83,"동반 유형: 일부구역 동반가능 | 동반 시 필요 사항: 입마개 착용,목줄 착용 | 동반 가능 동물: 전 견종 동반 가능 | 기타 동반 안내: - 목줄착용시 카페 입장 가능, 족욕장은 불가 - 맹견의 경우, 입마개 착용 필수 - 배변봉투 지참 및 배변처리 필수 | 관련 사고 위험 사항: 입장 전 동의서 작성",1,제주허브동산,1,12:관광지,1,제주특별자치도 서귀포시 표선면 돈오름로 170,0,,1,"33.3304565115,126.8155933234",0,,1,https://tong.visitkorea.or.kr/cms/resource/86/3551486_image2_1.jpg,0,,0,,0,,0,,0,,0,,0,,1,63628,1,일부구역 동반가능,1,"입마개 착용,목줄 착용",1,전 견종 동반 가능,1,"- 목줄착용시 카페 입장 가능, 족욕장은 불가 - 맹견의 경우, 입마개 착용 필수 - 배변봉투 지참 및 배변처리 필수",1,입장 전 동의서 작성,0,,0,,0,,0,,2b91c56fc7b5196bc828c9238081678ed31b26a21a318ac516580238a40ca35b,hank-place-field-audit-v1,Stage3 Firestore snapshot; live read blocked by RESOURCE_EXHAUSTED
12,kto-128777,돌하르방미술관,JEJU_CITY,east,동부 (조천),12,관광지,spot,KTO_OVERLAY_FOUND,6,5,11,11,24,45.83,동반 유형: 일부구역 동반가능 | 동반 시 필요 사항: 목줄 착용 | 동반 가능 동물: 전 견종 동반 가능 | 기타 동반 안내: '배변봉투 지참 및 배변처리 필수 | 관련 사고 위험 사항: 다른 인원배치를 하지는 않으나 입장시 해당 안내를 함,1,돌하르방미술관,1,12:관광지,1,제주특별자치도 제주시 조천읍 북촌서1길 70,0,,1,"33.5396035971,126.6896605755",0,,1,https://tong.visitkorea.or.kr/cms/resource/99/3077599_image2_1.jpg,0,,0,,0,,0,,0,,0,,0,,1,63339,1,일부구역 동반가능,1,목줄 착용,1,전 견종 동반 가능,1,배변봉투 지참 및 배변처리 필수,1,다른 인원배치를 하지는 않으나 입장시 해당 안내를 함,0,,0,,0,,0,,2b91c56fc7b5196bc828c9238081678ed31b26a21a318ac516580238a40ca35b,hank-place-field-audit-v1,Stage3 Firestore snapshot; live read blocked by RESOURCE_EXHAUSTED
13,kto-129400,김녕해수욕장,JEJU_CITY,east,동부 (구좌),12,관광지,spot,KTO_OVERLAY_FOUND,6,5,11,11,24,45.83,"동반 유형: 일부구역 동반가능 | 동반 시 필요 사항: 목줄 착용 | 동반 가능 동물: 전 견종 동반 가능 | 기타 동반 안내: - 맹견의 경우, 입마개 착용 필수- 배변봉투 지참 및 배변처리 필수 | 관련 사고 위험 사항: 전 견종 동반 가능",1,김녕해수욕장,1,12:관광지,1,제주특별자치도 제주시 구좌읍 구좌해안로 237,0,,1,"33.5572081368,126.7365512139",0,,1,https://tong.visitkorea.or.kr/cms/resource/91/3480191_image2_1.jpg,0,,0,,0,,0,,0,,0,,0,,1,63348,1,일부구역 동반가능,1,목줄 착용,1,전 견종 동반 가능,1,"- 맹견의 경우, 입마개 착용 필수- 배변봉투 지참 및 배변처리 필수",1,전 견종 동반 가능,0,,0,,0,,0,,2b91c56fc7b5196bc828c9238081678ed31b26a21a318ac516580238a40ca35b,hank-place-field-audit-v1,Stage3 Firestore snapshot; live read blocked by RESOURCE_EXHAUSTED
14,kto-129617,쇠소깍,SEOGWIPO_CITY,seogwipo,서귀포시,12,관광지,spot,KTO_OVERLAY_FOUND,6,5,11,11,24,45.83,"동반 유형: 일부구역 동반가능 | 동반 시 필요 사항: 목줄 착용 | 동반 가능 동물: 전 견종 동반 가능 | 기타 동반 안내: - 시설물은 동반 불가- 맹견의 경우, 입마개 착용 필수- 배변봉투 지참 및 배변처리 필수 | 관련 사고 위험 사항: 전 견종 동반 가능",1,쇠소깍,1,12:관광지,1,제주특별자치도 서귀포시 쇠소깍로 104 (하효동),0,,1,"33.253,126.6227",0,,1,https://tong.visitkorea.or.kr/cms/resource/03/3536103_image2_1.jpg,0,,0,,0,,0,,0,,0,,0,,1,63600,1,일부구역 동반가능,1,목줄 착용,1,전 견종 동반 가능,1,"- 시설물은 동반 불가- 맹견의 경우, 입마개 착용 필수- 배변봉투 지참 및 배변처리 필수",1,전 견종 동반 가능,0,,0,,0,,0,,2b91c56fc7b5196bc828c9238081678ed31b26a21a318ac516580238a40ca35b,hank-place-field-audit-v1,Stage3 Firestore snapshot; live read blocked by RESOURCE_EXHAUSTED
15,kto-129894,제주특별자치도 민속자연사박물관,JEJU_CITY,jeju_city,제주시,14,문화시설,spot,KTO_OVERLAY_FOUND,6,5,11,11,24,45.83,"동반 유형: 일부구역 동반가능 | 동반 시 필요 사항: 목줄 착용 | 동반 가능 동물: 전 견종 동반 가능 | 기타 동반 안내: - 박물관 내부는 동반 불가- 맹견의 경우, 입마개 착용 필수- 배변봉투 지참 및 배변처리 필수 | 관련 사고 위험 사항: 전 견종 동반 가능",1,제주특별자치도 민속자연사박물관,1,14:문화시설,1,제주특별자치도 제주시 삼성로 40,0,,1,"33.5063901549,126.5313373721",0,,1,https://tong.visitkorea.or.kr/cms/resource/80/4084080_image2_1.jpg,0,,0,,0,,0,,0,,0,,0,,1,63270,1,일부구역 동반가능,1,목줄 착용,1,전 견종 동반 가능,1,"- 박물관 내부는 동반 불가- 맹견의 경우, 입마개 착용 필수- 배변봉투 지참 및 배변처리 필수",1,전 견종 동반 가능,0,,0,,0,,0,,2b91c56fc7b5196bc828c9238081678ed31b26a21a318ac516580238a40ca35b,hank-place-field-audit-v1,Stage3 Firestore snapshot; live read blocked by RESOURCE_EXHAUSTED
16,kto-322836,휴애리자연생활공원,SEOGWIPO_CITY,seogwipo,서귀포시,12,관광지,spot,KTO_OVERLAY_FOUND,6,5,11,11,24,45.83,"동반 유형: 일부구역 동반가능 | 동반 시 필요 사항: 목줄 착용,반려동물 유모차 탑승,이동장(켄넬)사용 | 동반 가능 동물: 7kg 이하 동반 가능 | 기타 동반 안내: - 카페 야외테이블 이용가능- 배변봉투 지참 및 배변처리 필수 | 관련 사고 위험 사항: 7kg 이하 동반 가능",1,휴애리자연생활공원,1,12:관광지,1,제주특별자치도 서귀포시 남원읍 신례동로 256,0,,1,"33.3084870516806,126.634418419576",0,,1,https://tong.visitkorea.or.kr/cms/resource/87/4066987_image2_1.jpg,0,,0,,0,,0,,0,,0,,0,,1,63608,1,일부구역 동반가능,1,"목줄 착용,반려동물 유모차 탑승,이동장(켄넬)사용",1,7kg 이하 동반 가능,1,- 카페 야외테이블 이용가능- 배변봉투 지참 및 배변처리 필수,1,7kg 이하 동반 가능,0,,0,,0,,0,,2b91c56fc7b5196bc828c9238081678ed31b26a21a318ac516580238a40ca35b,hank-place-field-audit-v1,Stage3 Firestore snapshot; live read blocked by RESOURCE_EXHAUSTED
17,kto-572960,용눈이오름,JEJU_CITY,east,동부 (구좌),12,관광지,spot,KTO_OVERLAY_FOUND,6,5,11,11,24,45.83,"동반 유형: 전구역 동반가능 | 동반 시 필요 사항: 목줄 착용 | 동반 가능 동물: 전 견종 동반 가능 | 기타 동반 안내: - 맹견의 경우, 입마개 착용 필수- 배변봉투 지참 및 배변처리 필수 | 관련 사고 위험 사항: 전 견종 동반 가능",1,용눈이오름,1,12:관광지,1,제주특별자치도 제주시 구좌읍 종달논길,0,,1,"33.4587755524,126.8320410805",0,,1,https://tong.visitkorea.or.kr/cms/resource_photo/86/2610186_image2_1.jpg,0,,0,,0,,0,,0,,0,,0,,1,63364,1,전구역 동반가능,1,목줄 착용,1,전 견종 동반 가능,1,"- 맹견의 경우, 입마개 착용 필수- 배변봉투 지참 및 배변처리 필수",1,전 견종 동반 가능,0,,0,,0,,0,,2b91c56fc7b5196bc828c9238081678ed31b26a21a318ac516580238a40ca35b,hank-place-field-audit-v1,Stage3 Firestore snapshot; live read blocked by RESOURCE_EXHAUSTED
18,kto-572973,새별오름,JEJU_CITY,west,서부 (애월),12,관광지,spot,KTO_OVERLAY_FOUND,6,5,11,11,24,45.83,"동반 유형: 전구역 동반가능 | 동반 시 필요 사항: 목줄 착용 | 동반 가능 동물: 전 견종 동반 가능 | 기타 동반 안내: - 맹견의 경우, 입마개 착용 필수- 배변봉투 지참 및 배변처리 필수 | 관련 사고 위험 사항: 전 견종 동반 가능",1,새별오름,1,12:관광지,1,제주특별자치도 제주시 애월읍 봉성리 산 59-8,0,,1,"33.3663,126.3576",0,,1,https://tong.visitkorea.or.kr/cms/resource/28/4088628_image2_1.jpg,0,,0,,0,,0,,0,,0,,0,,1,63039,1,전구역 동반가능,1,목줄 착용,1,전 견종 동반 가능,1,"- 맹견의 경우, 입마개 착용 필수- 배변봉투 지참 및 배변처리 필수",1,전 견종 동반 가능,0,,0,,0,,0,,2b91c56fc7b5196bc828c9238081678ed31b26a21a318ac516580238a40ca35b,hank-place-field-audit-v1,Stage3 Firestore snapshot; live read blocked by RESOURCE_EXHAUSTED
19,kto-577461,다랑쉬오름(월랑봉),JEJU_CITY,east,동부 (구좌),12,관광지,spot,KTO_OVERLAY_FOUND,6,5,11,11,24,45.83,"동반 유형: 전구역 동반가능 | 동반 시 필요 사항: 목줄 착용 | 동반 가능 동물: 전 견종 동반 가능 | 기타 동반 안내: - 맹견의 경우, 입마개 착용 필수- 배변봉투 지참 및 배변처리 필수 | 관련 사고 위험 사항: 전 견종 동반 가능",1,다랑쉬오름(월랑봉),1,12:관광지,1,제주특별자치도 제주시 구좌읍 세화리 산6,0,,1,"33.4759678473848,126.822816539054",0,,1,https://tong.visitkorea.or.kr/cms/resource/09/3527909_image2_1.jpg,0,,0,,0,,0,,0,,0,,0,,1,63361,1,전구역 동반가능,1,목줄 착용,1,전 견종 동반 가능,1,"- 맹견의 경우, 입마개 착용 필수- 배변봉투 지참 및 배변처리 필수",1,전 견종 동반 가능,0,,0,,0,,0,,2b91c56fc7b5196bc828c9238081678ed31b26a21a318ac516580238a40ca35b,hank-place-field-audit-v1,Stage3 Firestore snapshot; live read blocked by RESOURCE_EXHAUSTED
20,kto-741109,카멜리아힐,SEOGWIPO_CITY,west,서부 (안덕),12,관광지,spot,KTO_OVERLAY_FOUND,6,5,11,11,24,45.83,동반 유형: 전구역 동반가능 | 동반 시 필요 사항: 목줄 착용 | 동반 가능 동물: 8kg 이하 동반 가능 | 기타 동반 안내: 배변봉투 지참 및 배변처리 필수 | 관련 사고 위험 사항: 8kg 이하 동반 가능,1,카멜리아힐,1,12:관광지,1,제주특별자치도 서귀포시 안덕면 병악로 166,0,,1,"33.2898683072143,126.368254661009",0,,1,https://tong.visitkorea.or.kr/cms/resource/84/4064284_image2_1.jpg,0,,0,,0,,0,,0,,0,,0,,1,63526,1,전구역 동반가능,1,목줄 착용,1,8kg 이하 동반 가능,1,배변봉투 지참 및 배변처리 필수,1,8kg 이하 동반 가능,0,,0,,0,,0,,2b91c56fc7b5196bc828c9238081678ed31b26a21a318ac516580238a40ca35b,hank-place-field-audit-v1,Stage3 Firestore snapshot; live read blocked by RESOURCE_EXHAUSTED
21,kto-2652545,닭머르해안길,JEJU_CITY,east,동부 (조천),12,관광지,spot,KTO_OVERLAY_FOUND,6,5,11,11,24,45.83,"동반 유형: 전구역 동반가능 | 동반 시 필요 사항: 목줄 착용 | 동반 가능 동물: 전 견종 동반 가능 | 기타 동반 안내: - 맹견의 경우, 입마개 착용 필수- 배변봉투 지참 및 배변처리 필수 | 관련 사고 위험 사항: 전 견종 동반 가능",1,닭머르해안길,1,12:관광지,1,제주특별자치도 제주시 조천읍 신촌북3길 62-1,0,,1,"33.5378017018462,126.613251253838",0,,1,https://tong.visitkorea.or.kr/cms/resource/94/4001794_image2_1.jpg,0,,0,,0,,0,,0,,0,,0,,1,63338,1,전구역 동반가능,1,목줄 착용,1,전 견종 동반 가능,1,"- 맹견의 경우, 입마개 착용 필수- 배변봉투 지참 및 배변처리 필수",1,전 견종 동반 가능,0,,0,,0,,0,,2b91c56fc7b5196bc828c9238081678ed31b26a21a318ac516580238a40ca35b,hank-place-field-audit-v1,Stage3 Firestore snapshot; live read blocked by RESOURCE_EXHAUSTED
22,kto-2660802,오설록 티뮤지엄,SEOGWIPO_CITY,west,서부 (안덕),14,문화시설,spot,KTO_OVERLAY_FOUND,6,5,11,11,24,45.83,"동반 유형: 일부구역 동반가능 | 동반 시 필요 사항: 입마개 착용,목줄 착용 | 동반 가능 동물: 전 견종 동반 가능 | 기타 동반 안내: - 카페 외부좌석 이용가능- 실내 전시관은 동반 불가 - 맹견 및 대형견의 경우, 입마개 착용 필수 | 관련 사고 위험 사항: 전 견종 동반 가능",1,오설록 티뮤지엄,1,14:문화시설,1,제주특별자치도 서귀포시 안덕면 신화역사로 15,0,,1,"33.3060818422347,126.289392182586",0,,1,https://tong.visitkorea.or.kr/cms/resource/57/3497257_image2_1.jpg,0,,0,,0,,0,,0,,0,,0,,1,63521,1,일부구역 동반가능,1,"입마개 착용,목줄 착용",1,전 견종 동반 가능,1,"- 카페 외부좌석 이용가능- 실내 전시관은 동반 불가 - 맹견 및 대형견의 경우, 입마개 착용 필수",1,전 견종 동반 가능,0,,0,,0,,0,,2b91c56fc7b5196bc828c9238081678ed31b26a21a318ac516580238a40ca35b,hank-place-field-audit-v1,Stage3 Firestore snapshot; live read blocked by RESOURCE_EXHAUSTED
23,kto-2704456,노리매공원,SEOGWIPO_CITY,west,서부 (대정),12,관광지,spot,KTO_OVERLAY_FOUND,6,5,11,11,24,45.83,"동반 유형: 일부구역 동반가능 | 동반 시 필요 사항: 목줄 착용 | 동반 가능 동물: 전 견종 동반 가능 | 기타 동반 안내: - 맹견의 경우, 입마개 착용 필수 - 배변봉투 지참 및 배변처리 필수 | 관련 사고 위험 사항: 훈련사 또는 직원 상시대기",1,노리매공원,1,12:관광지,1,제주특별자치도 서귀포시 대정읍 중산간서로 2260-15,0,,1,"33.2825728584,126.2873513183",0,,1,https://tong.visitkorea.or.kr/cms/resource/86/3390386_image2_1.jpg,0,,0,,0,,0,,0,,0,,0,,1,63519,1,일부구역 동반가능,1,목줄 착용,1,전 견종 동반 가능,1,"- 맹견의 경우, 입마개 착용 필수 - 배변봉투 지참 및 배변처리 필수",1,훈련사 또는 직원 상시대기,0,,0,,0,,0,,2b91c56fc7b5196bc828c9238081678ed31b26a21a318ac516580238a40ca35b,hank-place-field-audit-v1,Stage3 Firestore snapshot; live read blocked by RESOURCE_EXHAUSTED
24,kto-2714222,스누피가든,JEJU_CITY,east,동부 (구좌),12,관광지,spot,KTO_OVERLAY_FOUND,6,5,11,11,24,45.83,"동반 유형: 일부구역 동반가능 | 동반 시 필요 사항: 목줄 착용,반려동물 유모차 탑승 | 동반 가능 동물: 전 견종 동반 가능 | 기타 동반 안내: - 매주 수요일만 반려동물 동반 데이로 동반 가능- 실내의 경우 이동장 필수- 배변봉투 지참 및 배변처리 필수 | 관련 사고 위험 사항: 전 견종 동반 가능",1,스누피가든,1,12:관광지,1,제주특별자치도 제주시 구좌읍 금백조로 930,0,,1,"33.44337164886826,126.77860501008234",0,,1,https://tong.visitkorea.or.kr/cms/resource/87/3354387_image2_1.jpg,0,,0,,0,,0,,0,,0,,0,,1,63355,1,일부구역 동반가능,1,"목줄 착용,반려동물 유모차 탑승",1,전 견종 동반 가능,1,- 매주 수요일만 반려동물 동반 데이로 동반 가능- 실내의 경우 이동장 필수- 배변봉투 지참 및 배변처리 필수,1,전 견종 동반 가능,0,,0,,0,,0,,2b91c56fc7b5196bc828c9238081678ed31b26a21a318ac516580238a40ca35b,hank-place-field-audit-v1,Stage3 Firestore snapshot; live read blocked by RESOURCE_EXHAUSTED
25,kto-2714659,보롬왓,SEOGWIPO_CITY,seogwipo,서귀포시,12,관광지,spot,KTO_OVERLAY_FOUND,6,5,11,11,24,45.83,동반 유형: 전구역 동반가능 | 동반 시 필요 사항: 목줄 착용 | 동반 가능 동물: 6kg 이하 동반 가능 | 기타 동반 안내: 배변봉투 지참 및 배변처리 필수 | 관련 사고 위험 사항: 6kg 이하 동반 가능,1,보롬왓,1,12:관광지,1,제주특별자치도 서귀포시 번영로 2350-104,0,,1,"33.4134934171129,126.752493951494",0,,1,https://tong.visitkorea.or.kr/cms/resource/38/3551438_image2_1.jpg,0,,0,,0,,0,,0,,0,,0,,1,63624,1,전구역 동반가능,1,목줄 착용,1,6kg 이하 동반 가능,1,배변봉투 지참 및 배변처리 필수,1,6kg 이하 동반 가능,0,,0,,0,,0,,2b91c56fc7b5196bc828c9238081678ed31b26a21a318ac516580238a40ca35b,hank-place-field-audit-v1,Stage3 Firestore snapshot; live read blocked by RESOURCE_EXHAUSTED
26,kto-2715650,사계해변,SEOGWIPO_CITY,west,서부 (안덕),12,관광지,spot,KTO_OVERLAY_FOUND,6,5,11,11,24,45.83,"동반 유형: 일부구역 동반가능 | 동반 시 필요 사항: 목줄 착용 | 동반 가능 동물: 전 견종 동반 가능 | 기타 동반 안내: - 해수욕장 산책은 가능하지만, 바다 입수는 불가- 맹견의 경우, 입마개 착용 필수- 배변봉투 지참 및 배변처리 필수 | 관련 사고 위험 사항: 전 견종 동반 가능",1,사계해변,1,12:관광지,1,제주특별자치도 서귀포시 안덕면 사계리 2147-35,0,,1,"33.2285,126.3088",0,,1,https://tong.visitkorea.or.kr/cms/resource/33/3035533_image2_1.jpg,0,,0,,0,,0,,0,,0,,0,,1,63528,1,일부구역 동반가능,1,목줄 착용,1,전 견종 동반 가능,1,"- 해수욕장 산책은 가능하지만, 바다 입수는 불가- 맹견의 경우, 입마개 착용 필수- 배변봉투 지참 및 배변처리 필수",1,전 견종 동반 가능,0,,0,,0,,0,,2b91c56fc7b5196bc828c9238081678ed31b26a21a318ac516580238a40ca35b,hank-place-field-audit-v1,Stage3 Firestore snapshot; live read blocked by RESOURCE_EXHAUSTED
27,kto-2779449,비밀의 숲,JEJU_CITY,east,동부 (구좌),12,관광지,spot,KTO_OVERLAY_FOUND,6,5,11,11,24,45.83,"동반 유형: 전구역 동반가능 | 동반 시 필요 사항: 목줄 착용 | 동반 가능 동물: 전 견종 동반 가능 | 기타 동반 안내: - 맹견의 경우, 입마개 착용 필수 - 배변봉투 지참 및 배변처리 필수 | 관련 사고 위험 사항: 전 견종 동반 가능",1,비밀의 숲,1,12:관광지,1,제주특별자치도 제주시 구좌읍 비자림로 1741-212,0,,1,"33.4539663203,126.7553511105",0,,1,https://tong.visitkorea.or.kr/cms/resource/21/4105421_image2_1.jpg,0,,0,,0,,0,,0,,0,,0,,1,63355,1,전구역 동반가능,1,목줄 착용,1,전 견종 동반 가능,1,"- 맹견의 경우, 입마개 착용 필수 - 배변봉투 지참 및 배변처리 필수",1,전 견종 동반 가능,0,,0,,0,,0,,2b91c56fc7b5196bc828c9238081678ed31b26a21a318ac516580238a40ca35b,hank-place-field-audit-v1,Stage3 Firestore snapshot; live read blocked by RESOURCE_EXHAUSTED
28,kto-2789378,제주신흥해수욕장,JEJU_CITY,east,동부 (조천),12,관광지,spot,KTO_OVERLAY_FOUND,6,5,11,11,24,45.83,"동반 유형: 전구역 동반가능 | 동반 시 필요 사항: 목줄 착용 | 동반 가능 동물: 전 견종 동반 가능 | 기타 동반 안내: - 해수욕장 개장 기간엔 연안 산책은 가능하나 입수는 불가- 맹견의 경우, 입마개 착용 필수- 배변봉투 지참 및 배변처리 필수 | 관련 사고 위험 사항: 전 견종 동반 가능",1,제주신흥해수욕장,1,12:관광지,1,제주특별자치도 제주시 조천읍 조함해안로 273-35,0,,1,"33.5519478452539,126.648530979961",0,,1,https://tong.visitkorea.or.kr/cms/resource/79/4001879_image2_1.jpg,0,,0,,0,,0,,0,,0,,0,,1,63332,1,전구역 동반가능,1,목줄 착용,1,전 견종 동반 가능,1,"- 해수욕장 개장 기간엔 연안 산책은 가능하나 입수는 불가- 맹견의 경우, 입마개 착용 필수- 배변봉투 지참 및 배변처리 필수",1,전 견종 동반 가능,0,,0,,0,,0,,2b91c56fc7b5196bc828c9238081678ed31b26a21a318ac516580238a40ca35b,hank-place-field-audit-v1,Stage3 Firestore snapshot; live read blocked by RESOURCE_EXHAUSTED
29,kto-2836910,송당무끈모루,JEJU_CITY,jeju_city,제주시,12,관광지,spot,KTO_OVERLAY_FOUND,6,5,11,11,24,45.83,"동반 유형: 전구역 동반가능 | 동반 시 필요 사항: 목줄 착용 | 동반 가능 동물: 전 견종 동반 가능 | 기타 동반 안내: - 맹견의 경우, 입마개 착용 필수- 배변봉투 지참 및 배변처리 필수 | 관련 사고 위험 사항: 전 견종 동반 가능",1,송당무끈모루,1,12:관광지,1,제주특별자치도 제주시 비자림로 1661-13,0,,1,"33.4567748088,126.7718717118",0,,1,https://tong.visitkorea.or.kr/cms/resource/08/4074508_image2_1.jpg,0,,0,,0,,0,,0,,0,,0,,1,63355,1,전구역 동반가능,1,목줄 착용,1,전 견종 동반 가능,1,"- 맹견의 경우, 입마개 착용 필수- 배변봉투 지참 및 배변처리 필수",1,전 견종 동반 가능,0,,0,,0,,0,,2b91c56fc7b5196bc828c9238081678ed31b26a21a318ac516580238a40ca35b,hank-place-field-audit-v1,Stage3 Firestore snapshot; live read blocked by RESOURCE_EXHAUSTED
30,kto-2847726,상가리야자숲,JEJU_CITY,jeju_city,제주시,12,관광지,spot,KTO_OVERLAY_FOUND,6,5,11,11,24,45.83,"동반 유형: 일부구역 동반가능 | 동반 시 필요 사항: 목줄 착용,매너벨트 착용 | 동반 가능 동물: 10kg이하 동반 가능 | 기타 동반 안내: 배변봉투 지참 및 배변처리 필수 | 관련 사고 위험 사항: 10kg이하 동반 가능",1,상가리야자숲,1,12:관광지,1,제주특별자치도 제주시 고하상로 326,0,,1,"33.4394340828,126.3584772018",0,,1,https://tong.visitkorea.or.kr/cms/resource/12/2847712_image2_1.JPG,0,,0,,0,,0,,0,,0,,0,,1,63036,1,일부구역 동반가능,1,"목줄 착용,매너벨트 착용",1,10kg이하 동반 가능,1,배변봉투 지참 및 배변처리 필수,1,10kg이하 동반 가능,0,,0,,0,,0,,2b91c56fc7b5196bc828c9238081678ed31b26a21a318ac516580238a40ca35b,hank-place-field-audit-v1,Stage3 Firestore snapshot; live read blocked by RESOURCE_EXHAUSTED
31,kto-2854437,답다니수국밭,SEOGWIPO_CITY,seogwipo,서귀포시,12,관광지,spot,KTO_OVERLAY_FOUND,6,5,11,11,24,45.83,"동반 유형: 일부구역 동반가능 | 동반 시 필요 사항: 목줄 착용 | 동반 가능 동물: 대형견 제외 전 견종 동반 가능 | 기타 동반 안내: - 맹견의 경우, 입마개 착용 필수- 배변봉투 지참 및 배변처리 필수 | 관련 사고 위험 사항: 대형견 제외 전 견종 동반 가능",1,답다니수국밭,1,12:관광지,1,제주특별자치도 서귀포시 월평로50번길 17-30 (월평동),0,,1,"33.2438593703,126.464256245",0,,1,https://tong.visitkorea.or.kr/cms/resource_photo/54/3545154_image2_1.jpg,0,,0,,0,,0,,0,,0,,0,,1,63562,1,일부구역 동반가능,1,목줄 착용,1,대형견 제외 전 견종 동반 가능,1,"- 맹견의 경우, 입마개 착용 필수- 배변봉투 지참 및 배변처리 필수",1,대형견 제외 전 견종 동반 가능,0,,0,,0,,0,,2b91c56fc7b5196bc828c9238081678ed31b26a21a318ac516580238a40ca35b,hank-place-field-audit-v1,Stage3 Firestore snapshot; live read blocked by RESOURCE_EXHAUSTED
32,kto-2977041,열대과일농장 유진팡,SEOGWIPO_CITY,seogwipo,서귀포시,12,관광지,spot,KTO_OVERLAY_FOUND,6,5,11,11,24,45.83,"동반 유형: 일부구역 동반가능 | 동반 시 필요 사항: 목줄 착용,기타 | 동반 가능 동물: 전 견종 동반 가능 | 기타 동반 안내: - 동물이있는 동물팡은 반드시 안고 있어야함- 맹견의 경우, 입마개 착용 필수- 배변봉투 지참 및 배변처리 필수 | 관련 사고 위험 사항: 전 견종 동반 가능",1,열대과일농장 유진팡,1,12:관광지,1,제주특별자치도 서귀포시 원님로399번길 31-7,0,,1,"33.3399177814,126.7425157103",0,,1,https://tong.visitkorea.or.kr/cms/resource/95/2976895_image2_1.jpg,0,,0,,0,,0,,0,,0,,0,,1,63616,1,일부구역 동반가능,1,"목줄 착용,기타",1,전 견종 동반 가능,1,"- 동물이있는 동물팡은 반드시 안고 있어야함- 맹견의 경우, 입마개 착용 필수- 배변봉투 지참 및 배변처리 필수",1,전 견종 동반 가능,0,,0,,0,,0,,2b91c56fc7b5196bc828c9238081678ed31b26a21a318ac516580238a40ca35b,hank-place-field-audit-v1,Stage3 Firestore snapshot; live read blocked by RESOURCE_EXHAUSTED
33,kto-126471,성읍민속마을,SEOGWIPO_CITY,east,동부 (표선),12,관광지,spot,KTO_OVERLAY_FOUND,7,4,11,11,24,45.83,"동반 유형: 전구역 동반가능 | 동반 시 필요 사항: 목줄 착용 | 동반 가능 동물: 전 견종 동반 가능 | 기타 동반 안내: - 맹견의 경우, 입마개 착용 필수 - 배변봉투 지참 및 배변처리 필수",1,성읍민속마을,1,12:관광지,1,제주특별자치도 서귀포시 표선면 성읍리,1,3294,1,"33.388430228,126.7882138165",0,,1,https://tong.visitkorea.or.kr/cms/resource/64/3551564_image2_1.jpg,0,,0,,0,,0,,0,,0,,0,,1,63624,1,전구역 동반가능,1,목줄 착용,1,전 견종 동반 가능,1,"- 맹견의 경우, 입마개 착용 필수 - 배변봉투 지참 및 배변처리 필수",0,,0,,0,,0,,0,,2b91c56fc7b5196bc828c9238081678ed31b26a21a318ac516580238a40ca35b,hank-place-field-audit-v1,Stage3 Firestore snapshot; live read blocked by RESOURCE_EXHAUSTED
34,kto-129699,금오름,JEJU_CITY,west,서부 (한림),12,관광지,spot,KTO_OVERLAY_FOUND,7,4,11,11,24,45.83,"동반 유형: 일부구역 동반가능 | 동반 시 필요 사항: 목줄 착용 | 동반 가능 동물: 전 견종 동반 가능 | 기타 동반 안내: - 맹견의 경우, 입마개 착용 필수 - 배변봉투 지참 및 배변처리 필수",1,금오름,1,12:관광지,1,제주특별자치도 제주시 한림읍 금악리,1,산1-1,1,"33.3555289743,126.3059091921",0,,1,https://tong.visitkorea.or.kr/cms/resource/35/3352435_image2_1.jpg,0,,0,,0,,0,,0,,0,,0,,1,63021,1,일부구역 동반가능,1,목줄 착용,1,전 견종 동반 가능,1,"- 맹견의 경우, 입마개 착용 필수 - 배변봉투 지참 및 배변처리 필수",0,,0,,0,,0,,0,,2b91c56fc7b5196bc828c9238081678ed31b26a21a318ac516580238a40ca35b,hank-place-field-audit-v1,Stage3 Firestore snapshot; live read blocked by RESOURCE_EXHAUSTED
35,kto-1918646,거슨새미오름,JEJU_CITY,east,동부 (구좌),12,관광지,spot,KTO_OVERLAY_FOUND,7,4,11,11,24,45.83,"동반 유형: 전구역 동반가능 | 동반 시 필요 사항: 목줄 착용 | 동반 가능 동물: 전 견종 동반 가능 | 기타 동반 안내: - 맹견의 경우, 입마개 착용 필수 - 배변봉투 지참 및 배변처리 필수",1,거슨새미오름,1,12:관광지,1,제주특별자치도 제주시 구좌읍 송당리,1,산145,1,"33.4521283086,126.7610119406",0,,1,https://tong.visitkorea.or.kr/cms/resource/04/3477804_image2_1.jpg,0,,0,,0,,0,,0,,0,,0,,1,63355,1,전구역 동반가능,1,목줄 착용,1,전 견종 동반 가능,1,"- 맹견의 경우, 입마개 착용 필수 - 배변봉투 지참 및 배변처리 필수",0,,0,,0,,0,,0,,2b91c56fc7b5196bc828c9238081678ed31b26a21a318ac516580238a40ca35b,hank-place-field-audit-v1,Stage3 Firestore snapshot; live read blocked by RESOURCE_EXHAUSTED
36,kto-126441,돈내코 원앙폭포,SEOGWIPO_CITY,seogwipo,서귀포시,12,관광지,spot,KTO_OVERLAY_FOUND,6,4,10,10,24,41.67,"동반 유형: 전구역 동반가능 | 동반 시 필요 사항: 목줄 착용 | 동반 가능 동물: 전 견종 동반 가능 | 기타 동반 안내: - 맹견의 경우, 입마개 착용 필수 - 배변봉투 지참 및 배변처리 필수",1,돈내코 원앙폭포,1,12:관광지,1,제주특별자치도 서귀포시 돈내코로 137,0,,1,"33.3005255267,126.5820170154",0,,1,https://tong.visitkorea.or.kr/cms/resource/84/3589084_image2_1.jpg,0,,0,,0,,0,,0,,0,,0,,1,63582,1,전구역 동반가능,1,목줄 착용,1,전 견종 동반 가능,1,"- 맹견의 경우, 입마개 착용 필수 - 배변봉투 지참 및 배변처리 필수",0,,0,,0,,0,,0,,2b91c56fc7b5196bc828c9238081678ed31b26a21a318ac516580238a40ca35b,hank-place-field-audit-v1,Stage3 Firestore snapshot; live read blocked by RESOURCE_EXHAUSTED
37,kto-126450,마라도,SEOGWIPO_CITY,west,서부 (대정),12,관광지,spot,KTO_OVERLAY_FOUND,6,4,10,10,24,41.67,"동반 유형: 일부구역 동반가능 | 동반 시 필요 사항: 목줄 착용,반려동물 유모차 탑승,이동장(켄넬)사용 | 동반 가능 동물: 5kg 이하 동반 가능(이동장 이용 필수) | 기타 동반 안내: - 5kg이상 마라도 여객선 확인요망 - 배변봉투 지참 및 배변처리 필수",1,마라도,1,12:관광지,1,제주특별자치도 서귀포시 대정읍 마라로101번길 46,0,,1,"33.1186461893,126.2671011468",0,,1,https://tong.visitkorea.or.kr/cms/resource/83/3516583_image2_1.jpg,0,,0,,0,,0,,0,,0,,0,,1,63515,1,일부구역 동반가능,1,"목줄 착용,반려동물 유모차 탑승,이동장(켄넬)사용",1,5kg 이하 동반 가능(이동장 이용 필수),1,- 5kg이상 마라도 여객선 확인요망 - 배변봉투 지참 및 배변처리 필수,0,,0,,0,,0,,0,,2b91c56fc7b5196bc828c9238081678ed31b26a21a318ac516580238a40ca35b,hank-place-field-audit-v1,Stage3 Firestore snapshot; live read blocked by RESOURCE_EXHAUSTED
38,kto-130474,제주민속촌,SEOGWIPO_CITY,east,동부 (표선),14,문화시설,spot,KTO_OVERLAY_FOUND,6,4,10,10,24,41.67,"동반 유형: 일부구역 동반가능 | 동반 시 필요 사항: 목줄 착용,이동장(켄넬)사용 | 동반 가능 동물: 9kg 이하 동반 가능 | 기타 동반 안내: - 맹견의 경우, 입마개 착용 필수 - 배변봉투 지참 및 배변처리 필수",1,제주민속촌,1,14:문화시설,1,제주특별자치도 서귀포시 표선면 민속해안로 631-34,0,,1,"33.3213162956,126.8431022619",0,,1,https://tong.visitkorea.or.kr/cms/resource/43/3534943_image2_1.jpg,0,,0,,0,,0,,0,,0,,0,,1,63629,1,일부구역 동반가능,1,"목줄 착용,이동장(켄넬)사용",1,9kg 이하 동반 가능,1,"- 맹견의 경우, 입마개 착용 필수 - 배변봉투 지참 및 배변처리 필수",0,,0,,0,,0,,0,,2b91c56fc7b5196bc828c9238081678ed31b26a21a318ac516580238a40ca35b,hank-place-field-audit-v1,Stage3 Firestore snapshot; live read blocked by RESOURCE_EXHAUSTED
39,kto-1887866,갑선이오름,SEOGWIPO_CITY,east,동부 (표선),12,관광지,spot,KTO_OVERLAY_FOUND,6,4,10,10,24,41.67,"동반 유형: 전구역 동반가능 | 동반 시 필요 사항: 목줄 착용 | 동반 가능 동물: 전 견종 동반 가능 | 기타 동반 안내: - 길이 협소한 편으로 다른 사람에게 피해 가지 않도록 주의 필요 - 맹견의 경우, 입마개 착용 필수 - 배변봉투 지참 및 배변처리 필수",1,갑선이오름,1,12:관광지,1,제주특별자치도 서귀포시 표선면 가시리,0,,1,"33.3608276172,126.7818122232",0,,1,https://tong.visitkorea.or.kr/cms/resource/45/3523545_image2_1.jpg,0,,0,,0,,0,,0,,0,,0,,1,63623,1,전구역 동반가능,1,목줄 착용,1,전 견종 동반 가능,1,"- 길이 협소한 편으로 다른 사람에게 피해 가지 않도록 주의 필요 - 맹견의 경우, 입마개 착용 필수 - 배변봉투 지참 및 배변처리 필수",0,,0,,0,,0,,0,,2b91c56fc7b5196bc828c9238081678ed31b26a21a318ac516580238a40ca35b,hank-place-field-audit-v1,Stage3 Firestore snapshot; live read blocked by RESOURCE_EXHAUSTED
40,kto-1993734,녹산로 유채꽃도로,SEOGWIPO_CITY,east,동부 (표선),12,관광지,spot,KTO_OVERLAY_FOUND,6,4,10,10,24,41.67,"동반 유형: 전구역 동반가능 | 동반 시 필요 사항: 목줄 착용 | 동반 가능 동물: 전 견종 동반 가능 | 기타 동반 안내: - 맹견의 경우, 입마개 착용 필수 - 배변봉투 지참 및 배변처리 필수",1,녹산로 유채꽃도로,1,12:관광지,1,제주특별자치도 서귀포시 표선면 가시로565번길 20,0,,1,"33.3532755098,126.771635499",0,,1,https://tong.visitkorea.or.kr/cms/resource/69/3588469_image2_1.jpg,0,,0,,0,,0,,0,,0,,0,,1,63623,1,전구역 동반가능,1,목줄 착용,1,전 견종 동반 가능,1,"- 맹견의 경우, 입마개 착용 필수 - 배변봉투 지참 및 배변처리 필수",0,,0,,0,,0,,0,,2b91c56fc7b5196bc828c9238081678ed31b26a21a318ac516580238a40ca35b,hank-place-field-audit-v1,Stage3 Firestore snapshot; live read blocked by RESOURCE_EXHAUSTED
41,kto-2602774,쉼한모금,SEOGWIPO_CITY,seogwipo,서귀포시,12,관광지,spot,KTO_OVERLAY_FOUND,6,4,10,10,24,41.67,"동반 유형: 전구역 동반가능 | 동반 시 필요 사항: 목줄 착용 | 동반 가능 동물: 전 견종 동반 가능 | 기타 동반 안내: - 맹견의 경우, 입마개 착용 필수 - 배변봉투 지참 및 배변처리 필수",1,쉼한모금,1,12:관광지,1,제주특별자치도 서귀포시 산록남로 1258 (색달동),0,,1,"33.2937431939,126.4224782273",0,,1,https://tong.visitkorea.or.kr/cms/resource/36/3391736_image2_1.jpg,0,,0,,0,,0,,0,,0,,0,,1,63549,1,전구역 동반가능,1,목줄 착용,1,전 견종 동반 가능,1,"- 맹견의 경우, 입마개 착용 필수 - 배변봉투 지참 및 배변처리 필수",0,,0,,0,,0,,0,,2b91c56fc7b5196bc828c9238081678ed31b26a21a318ac516580238a40ca35b,hank-place-field-audit-v1,Stage3 Firestore snapshot; live read blocked by RESOURCE_EXHAUSTED
42,kto-2609373,9.81 파크 제주,JEJU_CITY,west,서부 (애월),28,레포츠,spot,KTO_OVERLAY_FOUND,6,4,10,10,24,41.67,"동반 유형: 일부구역 동반가능 | 동반 시 필요 사항: 목줄 착용 | 동반 가능 동물: 13kg 이하 동반 가능 | 기타 동반 안내: - 매주 토요일 16:00 티켓만 동반입장 가능 - 카트이용시 하네스 필수 착용, 카트에 연결 - 안전상의 이유로 몸 길이 40cm 이하 탑승 가능",1,9.81 파크 제주,1,28:레포츠,1,제주특별자치도 제주시 애월읍 천덕로 880-24,0,,1,"33.3900649983,126.3665198188",0,,1,https://tong.visitkorea.or.kr/cms/resource/85/3408185_image2_1.png,0,,0,,0,,0,,0,,0,,0,,1,63038,1,일부구역 동반가능,1,목줄 착용,1,13kg 이하 동반 가능,1,"- 매주 토요일 16:00 티켓만 동반입장 가능 - 카트이용시 하네스 필수 착용, 카트에 연결 - 안전상의 이유로 몸 길이 40cm 이하 탑승 가능",0,,0,,0,,0,,0,,2b91c56fc7b5196bc828c9238081678ed31b26a21a318ac516580238a40ca35b,hank-place-field-audit-v1,Stage3 Firestore snapshot; live read blocked by RESOURCE_EXHAUSTED
43,kto-2621853,돈내코힐 리조트,SEOGWIPO_CITY,seogwipo,서귀포시,32,숙박,stay,KTO_OVERLAY_FOUND,6,4,10,10,24,41.67,동반 유형: 전구역 동반가능 | 동반 시 필요 사항: 목줄 착용 | 동반 가능 동물: 훈련된 5KG 이하 반려견 | 관련 사고 위험 사항: 모든 사고 및 피해는 보호자의 책임,1,돈내코힐 리조트,1,32:숙박,1,제주특별자치도 서귀포시 돈내코로 180,1,(상효동),1,"33.3029335392,126.5785144865",0,,0,,0,,0,,0,,0,,0,,0,,0,,1,63582,1,전구역 동반가능,1,목줄 착용,1,훈련된 5KG 이하 반려견,0,,1,모든 사고 및 피해는 보호자의 책임,0,,0,,0,,0,,2b91c56fc7b5196bc828c9238081678ed31b26a21a318ac516580238a40ca35b,hank-place-field-audit-v1,Stage3 Firestore snapshot; live read blocked by RESOURCE_EXHAUSTED
44,kto-2724387,안돌오름,JEJU_CITY,east,동부 (구좌),12,관광지,spot,KTO_OVERLAY_FOUND,6,4,10,10,24,41.67,"동반 유형: 전구역 동반가능 | 동반 시 필요 사항: 목줄 착용 | 동반 가능 동물: 전 견종 동반 가능 | 기타 동반 안내: - 맹견의 경우, 입마개 착용 필수 - 배변봉투 지참 및 배변처리 필수",1,안돌오름,1,12:관광지,1,제주특별자치도 제주시 구좌읍 송당리 산 66-2,0,,1,"33.4573054352,126.7560844718",0,,1,https://tong.visitkorea.or.kr/cms/resource/57/3523657_image2_1.jpg,0,,0,,0,,0,,0,,0,,0,,1,63355,1,전구역 동반가능,1,목줄 착용,1,전 견종 동반 가능,1,"- 맹견의 경우, 입마개 착용 필수 - 배변봉투 지참 및 배변처리 필수",0,,0,,0,,0,,0,,2b91c56fc7b5196bc828c9238081678ed31b26a21a318ac516580238a40ca35b,hank-place-field-audit-v1,Stage3 Firestore snapshot; live read blocked by RESOURCE_EXHAUSTED
45,kto-2738665,도두봉,JEJU_CITY,jeju_city,제주시,12,관광지,spot,KTO_OVERLAY_FOUND,6,4,10,10,24,41.67,"동반 유형: 일부구역 동반가능 | 동반 시 필요 사항: 입마개 착용,목줄 착용 | 동반 가능 동물: 전 견종 동반 가능 | 기타 동반 안내: - 맹견의 경우, 입마개 착용 필수 - 배변봉투 지참 및 배변처리 필수",1,도두봉,1,12:관광지,1,제주특별자치도 제주시 도두항길 4-17 (도두일동),0,,1,"33.5067925638,126.4672362102",0,,1,https://tong.visitkorea.or.kr/cms/resource/14/3523614_image2_1.jpg,0,,0,,0,,0,,0,,0,,0,,1,63112,1,일부구역 동반가능,1,"입마개 착용,목줄 착용",1,전 견종 동반 가능,1,"- 맹견의 경우, 입마개 착용 필수 - 배변봉투 지참 및 배변처리 필수",0,,0,,0,,0,,0,,2b91c56fc7b5196bc828c9238081678ed31b26a21a318ac516580238a40ca35b,hank-place-field-audit-v1,Stage3 Firestore snapshot; live read blocked by RESOURCE_EXHAUSTED
46,kto-2738671,서우봉둘레길,JEJU_CITY,east,동부 (조천),28,레포츠,spot,KTO_OVERLAY_FOUND,6,4,10,10,24,41.67,"동반 유형: 일부구역 동반가능 | 동반 시 필요 사항: 목줄 착용 | 동반 가능 동물: 전 견종 동반 가능 | 기타 동반 안내: - 대형견의 경우, 산책로가 협소해 이동에 불편을 겪을 수 있음 - 맹견의 경우, 입마개 착용 필수 - 배변봉투 지참 및 배변처리 필수",1,서우봉둘레길,1,28:레포츠,1,제주특별자치도 제주시 조천읍 함덕12길 16,0,,1,"33.5407280629,126.6641460999",0,,1,https://tong.visitkorea.or.kr/cms/resource/53/2740453_image2_1.jpg,0,,0,,0,,0,,0,,0,,0,,1,63333,1,일부구역 동반가능,1,목줄 착용,1,전 견종 동반 가능,1,"- 대형견의 경우, 산책로가 협소해 이동에 불편을 겪을 수 있음 - 맹견의 경우, 입마개 착용 필수 - 배변봉투 지참 및 배변처리 필수",0,,0,,0,,0,,0,,2b91c56fc7b5196bc828c9238081678ed31b26a21a318ac516580238a40ca35b,hank-place-field-audit-v1,Stage3 Firestore snapshot; live read blocked by RESOURCE_EXHAUSTED
47,kto-2751854,도치돌 알파카목장,JEJU_CITY,west,서부 (애월),12,관광지,spot,KTO_OVERLAY_FOUND,6,4,10,10,24,41.67,"동반 유형: 일부구역 동반가능 | 동반 시 필요 사항: 목줄 착용,반려동물 유모차 탑승,이동장(켄넬)사용 | 동반 가능 동물: 9kg 이하 동반 가능 | 기타 동반 안내: - 알파카 울타리 내 동반 불가 - 모든 공간 목줄 착용 후 안아서 동반",1,도치돌 알파카목장,1,12:관광지,1,제주특별자치도 제주시 애월읍 도치돌길 303,0,,1,"33.4097517134,126.366772133",0,,1,https://tong.visitkorea.or.kr/cms/resource/08/3555308_image2_1.jpg,0,,0,,0,,0,,0,,0,,0,,1,63035,1,일부구역 동반가능,1,"목줄 착용,반려동물 유모차 탑승,이동장(켄넬)사용",1,9kg 이하 동반 가능,1,- 알파카 울타리 내 동반 불가 - 모든 공간 목줄 착용 후 안아서 동반,0,,0,,0,,0,,0,,2b91c56fc7b5196bc828c9238081678ed31b26a21a318ac516580238a40ca35b,hank-place-field-audit-v1,Stage3 Firestore snapshot; live read blocked by RESOURCE_EXHAUSTED
48,kto-2948051,산양큰엉곶,JEJU_CITY,west,서부 (한경),12,관광지,spot,KTO_OVERLAY_FOUND,6,4,10,10,24,41.67,"동반 유형: 전구역 동반가능 | 동반 시 필요 사항: 목줄 착용 | 동반 가능 동물: 전 견종 동반 가능 | 기타 동반 안내: - 맹견의 경우, 입마개 착용 필수 - 배변봉투 지참 및 배변처리 필수",1,산양큰엉곶,1,12:관광지,1,제주특별자치도 제주시 한경면 청수리,1,청수리 956-6,1,"33.29072971,126.2503099104",0,,0,,0,,0,,0,,0,,0,,0,,0,,1,63006,1,전구역 동반가능,1,목줄 착용,1,전 견종 동반 가능,1,"- 맹견의 경우, 입마개 착용 필수 - 배변봉투 지참 및 배변처리 필수",0,,0,,0,,0,,0,,2b91c56fc7b5196bc828c9238081678ed31b26a21a318ac516580238a40ca35b,hank-place-field-audit-v1,Stage3 Firestore snapshot; live read blocked by RESOURCE_EXHAUSTED
49,kto-127813,섭지코지,SEOGWIPO_CITY,east,동부 (성산),12,관광지,spot,KTO_OVERLAY_FOUND,5,4,9,9,24,37.5,"동반 유형: 일부구역 동반가능 | 동반 시 필요 사항: 목줄 착용 | 동반 가능 동물: 전 견종 동반 가능 | 기타 동반 안내: - 맹견의 경우, 입마개 착용 필수 - 배변봉투 지참 및 배변처리 필수",1,섭지코지,1,12:관광지,1,제주특별자치도 서귀포시 성산읍 섭지코지로 107,0,,1,"33.430250088,126.9280674087",0,,0,,0,,0,,0,,0,,0,,0,,0,,1,63642,1,일부구역 동반가능,1,목줄 착용,1,전 견종 동반 가능,1,"- 맹견의 경우, 입마개 착용 필수 - 배변봉투 지참 및 배변처리 필수",0,,0,,0,,0,,0,,2b91c56fc7b5196bc828c9238081678ed31b26a21a318ac516580238a40ca35b,hank-place-field-audit-v1,Stage3 Firestore snapshot; live read blocked by RESOURCE_EXHAUSTED
50,kto-2705373,제주레일바이크,JEJU_CITY,east,동부 (구좌),28,레포츠,spot,KTO_OVERLAY_FOUND,5,4,9,9,24,37.5,"동반 유형: 일부구역 동반가능 | 동반 시 필요 사항: 목줄 착용,이동장(켄넬)사용,기타 | 동반 가능 동물: 10kg 이하 동반 가능 | 기타 동반 안내: - 맹견의 경우, 입마개 착용 필수 - 배변봉투 지참 및 배변처리 필수",1,제주레일바이크,1,28:레포츠,1,제주특별자치도 제주시 구좌읍 용눈이오름로 641,0,,1,"33.4643587312,126.8366273253",0,,0,,0,,0,,0,,0,,0,,0,,0,,1,63354,1,일부구역 동반가능,1,"목줄 착용,이동장(켄넬)사용,기타",1,10kg 이하 동반 가능,1,"- 맹견의 경우, 입마개 착용 필수 - 배변봉투 지참 및 배변처리 필수",0,,0,,0,,0,,0,,2b91c56fc7b5196bc828c9238081678ed31b26a21a318ac516580238a40ca35b,hank-place-field-audit-v1,Stage3 Firestore snapshot; live read blocked by RESOURCE_EXHAUSTED
51,kto-2806043,동백포레스트,SEOGWIPO_CITY,seogwipo,서귀포시,12,관광지,spot,KTO_OVERLAY_FOUND,5,4,9,9,24,37.5,"동반 유형: 일부구역 동반가능 | 동반 시 필요 사항: 목줄 착용,기타 | 동반 가능 동물: 15kg 이하 동반 가능 | 기타 동반 안내: - 실내카페 동반불가 - 맹견의 경우, 입마개 착용 필수 - 배변봉투 지참 및 배변처리 필수",1,동백포레스트,1,12:관광지,1,제주특별자치도 서귀포시 남원읍 생기악로 53-38,0,,1,"33.300348631,126.6362150996",0,,0,,0,,0,,0,,0,,0,,0,,0,,1,63608,1,일부구역 동반가능,1,"목줄 착용,기타",1,15kg 이하 동반 가능,1,"- 실내카페 동반불가 - 맹견의 경우, 입마개 착용 필수 - 배변봉투 지참 및 배변처리 필수",0,,0,,0,,0,,0,,2b91c56fc7b5196bc828c9238081678ed31b26a21a318ac516580238a40ca35b,hank-place-field-audit-v1,Stage3 Firestore snapshot; live read blocked by RESOURCE_EXHAUSTED
52,kto-1329201,메이즈랜드,JEJU_CITY,east,동부 (구좌),12,관광지,spot,KTO_OVERLAY_FOUND,6,3,9,9,24,37.5,"동반 유형: 전구역 동반가능 | 동반 가능 동물: 대형견 제외 15kg 미만의 중, 소형견 입장 가능케이지나 반려견 유모차 이용배변봉투 지참 및 배변처리 필수시각장애인 안내견, 청각장애인 도우미견 입장 가능 | 관련 사고 위험 사항: 대형견 제외 15kg 미만의 중, 소형견 입장 가능케이지나 반려견 유모차 이용배변봉투 지참 및 배변처리 필수시각장애인 안내견, 청각장애인 도우미견 입장 가능",1,메이즈랜드,1,12:관광지,1,제주특별자치도 제주시 구좌읍 비자림로 2134-47,0,,1,"33.4887187821,126.8006766329",0,,1,https://tong.visitkorea.or.kr/cms/resource/38/4078338_image2_1.jpg,0,,0,,0,,0,,0,,0,,0,,1,63351,1,전구역 동반가능,0,,1,"대형견 제외 15kg 미만의 중, 소형견 입장 가능케이지나 반려견 유모차 이용배변봉투 지참 및 배변처리 필수시각장애인 안내견, 청각장애인 도우미견 입장 가능",0,,1,"대형견 제외 15kg 미만의 중, 소형견 입장 가능케이지나 반려견 유모차 이용배변봉투 지참 및 배변처리 필수시각장애인 안내견, 청각장애인 도우미견 입장 가능",0,,0,,0,,0,,2b91c56fc7b5196bc828c9238081678ed31b26a21a318ac516580238a40ca35b,hank-place-field-audit-v1,Stage3 Firestore snapshot; live read blocked by RESOURCE_EXHAUSTED
53,kto-2626708,해성파크텔,SEOGWIPO_CITY,seogwipo,서귀포시,32,숙박,stay,KTO_OVERLAY_FOUND,6,2,8,8,24,33.33,동반 유형: 일부구역 동반가능 | 동반 가능 동물: 소형견 1마리,1,해성파크텔,1,32:숙박,1,제주특별자치도 서귀포시 천제연로 158-4,1,(중문동),1,"33.2523116402,126.4213570284",0,,0,,0,,0,,0,,0,,0,,0,,0,,1,63546,1,일부구역 동반가능,0,,1,소형견 1마리,0,,0,,0,,0,,0,,0,,2b91c56fc7b5196bc828c9238081678ed31b26a21a318ac516580238a40ca35b,hank-place-field-audit-v1,Stage3 Firestore snapshot; live read blocked by RESOURCE_EXHAUSTED
54,kto-2893975,디스커버리 신제주점,JEJU_CITY,jeju_city,제주시,38,쇼핑,spot,KTO_OVERLAY_FOUND,7,1,8,8,24,33.33,동반 유형: 전구역 동반가능,1,디스커버리 신제주점,1,38:쇼핑,1,제주특별자치도 제주시 신광로 38 (연동),1,1층,1,"33.4887403248952,126.489846438993",0,,1,https://tong.visitkorea.or.kr/cms/resource/09/4043209_image2_1.jpg,0,,0,,0,,0,,0,,0,,0,,1,63129,1,전구역 동반가능,0,,0,,0,,0,,0,,0,,0,,0,,2b91c56fc7b5196bc828c9238081678ed31b26a21a318ac516580238a40ca35b,hank-place-field-audit-v1,Stage3 Firestore snapshot; live read blocked by RESOURCE_EXHAUSTED
55,kto-2900238,에잇세컨즈 제주중앙점,JEJU_CITY,jeju_city,제주시,38,쇼핑,spot,KTO_OVERLAY_FOUND,7,1,8,8,24,33.33,동반 유형: 전구역 동반가능,1,에잇세컨즈 제주중앙점,1,38:쇼핑,1,제주특별자치도 제주시 중앙로5길 6 (일도일동),1,1층,1,"33.5152281048346,126.525334280852",0,,1,https://tong.visitkorea.or.kr/cms/resource/50/4020350_image2_1.jpg,0,,0,,0,,0,,0,,0,,0,,1,63277,1,전구역 동반가능,0,,0,,0,,0,,0,,0,,0,,0,,2b91c56fc7b5196bc828c9238081678ed31b26a21a318ac516580238a40ca35b,hank-place-field-audit-v1,Stage3 Firestore snapshot; live read blocked by RESOURCE_EXHAUSTED
56,kto-2903378,뉴에라 신제주점,JEJU_CITY,jeju_city,제주시,38,쇼핑,spot,KTO_OVERLAY_FOUND,7,1,8,8,24,33.33,동반 유형: 전구역 동반가능,1,뉴에라 신제주점,1,38:쇼핑,1,제주특별자치도 제주시 신광로 68 (연동),1,1층,1,"33.486206392079,126.489734975976",0,,1,https://tong.visitkorea.or.kr/cms/resource/63/4020063_image2_1.jpg,0,,0,,0,,0,,0,,0,,0,,1,63131,1,전구역 동반가능,0,,0,,0,,0,,0,,0,,0,,0,,2b91c56fc7b5196bc828c9238081678ed31b26a21a318ac516580238a40ca35b,hank-place-field-audit-v1,Stage3 Firestore snapshot; live read blocked by RESOURCE_EXHAUSTED
57,kto-2904020,PXG 제주점,JEJU_CITY,jeju_city,제주시,38,쇼핑,spot,KTO_OVERLAY_FOUND,7,1,8,8,24,33.33,동반 유형: 전구역 동반가능,1,PXG 제주점,1,38:쇼핑,1,제주특별자치도 제주시 연북로 78 (연동),1,성남빌딩 1층,1,"33.4815414689382,126.489627300934",0,,1,https://tong.visitkorea.or.kr/cms/resource/45/4020345_image2_1.jpg,0,,0,,0,,0,,0,,0,,0,,1,63138,1,전구역 동반가능,0,,0,,0,,0,,0,,0,,0,,0,,2b91c56fc7b5196bc828c9238081678ed31b26a21a318ac516580238a40ca35b,hank-place-field-audit-v1,Stage3 Firestore snapshot; live read blocked by RESOURCE_EXHAUSTED
58,kto-2904321,피플 제주,JEJU_CITY,jeju_city,제주시,38,쇼핑,spot,KTO_OVERLAY_FOUND,7,1,8,8,24,33.33,동반 유형: 전구역 동반가능,1,피플 제주,1,38:쇼핑,1,제주특별자치도 제주시 신성로13길 19 (이도이동),1,1층,1,"33.4985602371075,126.529953850416",0,,1,https://tong.visitkorea.or.kr/cms/resource/75/4020375_image2_1.jpg,0,,0,,0,,0,,0,,0,,0,,1,63207,1,전구역 동반가능,0,,0,,0,,0,,0,,0,,0,,0,,2b91c56fc7b5196bc828c9238081678ed31b26a21a318ac516580238a40ca35b,hank-place-field-audit-v1,Stage3 Firestore snapshot; live read blocked by RESOURCE_EXHAUSTED
59,kto-2910530,탑텐키즈 롯데마트 제주점,JEJU_CITY,jeju_city,제주시,38,쇼핑,spot,KTO_OVERLAY_FOUND,7,1,8,8,24,33.33,동반 유형: 전구역 동반가능,1,탑텐키즈 롯데마트 제주점,1,38:쇼핑,1,제주특별자치도 제주시 연북로 1 (노형동),1,5층,1,"33.4824421892687,126.481834000763",0,,1,https://tong.visitkorea.or.kr/cms/resource/77/4020377_image2_1.jpg,0,,0,,0,,0,,0,,0,,0,,1,63084,1,전구역 동반가능,0,,0,,0,,0,,0,,0,,0,,0,,2b91c56fc7b5196bc828c9238081678ed31b26a21a318ac516580238a40ca35b,hank-place-field-audit-v1,Stage3 Firestore snapshot; live read blocked by RESOURCE_EXHAUSTED
60,kto-2910877,폴더 신제주점,JEJU_CITY,jeju_city,제주시,38,쇼핑,spot,KTO_OVERLAY_FOUND,7,1,8,8,24,33.33,동반 유형: 전구역 동반가능,1,폴더 신제주점,1,38:쇼핑,1,제주특별자치도 제주시 신광로 55 (연동),1,1층,1,"33.4871855962564,126.490235163979",0,,1,https://tong.visitkorea.or.kr/cms/resource/79/4017279_image2_1.jpg,0,,0,,0,,0,,0,,0,,0,,1,63123,1,전구역 동반가능,0,,0,,0,,0,,0,,0,,0,,0,,2b91c56fc7b5196bc828c9238081678ed31b26a21a318ac516580238a40ca35b,hank-place-field-audit-v1,Stage3 Firestore snapshot; live read blocked by RESOURCE_EXHAUSTED
61,kto-2911661,올리브영 제주노형점,JEJU_CITY,jeju_city,제주시,38,쇼핑,spot,KTO_OVERLAY_FOUND,7,1,8,8,24,33.33,동반 유형: 전구역 동반가능,1,올리브영 제주노형점,1,38:쇼핑,1,제주특별자치도 제주시 1100로 3308 (노형동),1,에코트윈,1,"33.4816322571847,126.481718642804",0,,1,https://tong.visitkorea.or.kr/cms/resource/57/4029057_image2_1.jpg,0,,0,,0,,0,,0,,0,,0,,1,63086,1,전구역 동반가능,0,,0,,0,,0,,0,,0,,0,,0,,2b91c56fc7b5196bc828c9238081678ed31b26a21a318ac516580238a40ca35b,hank-place-field-audit-v1,Stage3 Firestore snapshot; live read blocked by RESOURCE_EXHAUSTED
62,kto-2912430,풋조이 신제주점,JEJU_CITY,jeju_city,제주시,38,쇼핑,spot,KTO_OVERLAY_FOUND,7,1,8,8,24,33.33,동반 유형: 전구역 동반가능,1,풋조이 신제주점,1,38:쇼핑,1,제주특별자치도 제주시 연북로 76 (연동),1,1층,1,"33.4815487337564,126.489399163279",0,,1,https://tong.visitkorea.or.kr/cms/resource/78/4020378_image2_1.png,0,,0,,0,,0,,0,,0,,0,,1,63138,1,전구역 동반가능,0,,0,,0,,0,,0,,0,,0,,0,,2b91c56fc7b5196bc828c9238081678ed31b26a21a318ac516580238a40ca35b,hank-place-field-audit-v1,Stage3 Firestore snapshot; live read blocked by RESOURCE_EXHAUSTED
63,kto-2912717,쉬즈미스 구제주점,JEJU_CITY,jeju_city,제주시,38,쇼핑,spot,KTO_OVERLAY_FOUND,7,1,8,8,24,33.33,동반 유형: 전구역 동반가능,1,쉬즈미스 구제주점,1,38:쇼핑,1,제주특별자치도 제주시 관덕로11길 17 (일도일동),1,시티오브드림즈 2층,1,"33.5146534359302,126.525170802937",0,,1,https://tong.visitkorea.or.kr/cms/resource/08/4020408_image2_1.jpg,0,,0,,0,,0,,0,,0,,0,,1,63277,1,전구역 동반가능,0,,0,,0,,0,,0,,0,,0,,0,,2b91c56fc7b5196bc828c9238081678ed31b26a21a318ac516580238a40ca35b,hank-place-field-audit-v1,Stage3 Firestore snapshot; live read blocked by RESOURCE_EXHAUSTED
64,kto-2913366,생생약국,JEJU_CITY,jeju_city,제주시,38,쇼핑,spot,KTO_OVERLAY_FOUND,7,1,8,8,24,33.33,동반 유형: 전구역 동반가능,1,생생약국,1,38:쇼핑,1,제주특별자치도 제주시 원노형남1길 1 (노형동),1,1층,1,"33.484006612815,126.480730767311",0,,1,https://tong.visitkorea.or.kr/cms/resource/80/4017280_image2_1.jpeg,0,,0,,0,,0,,0,,0,,0,,1,63082,1,전구역 동반가능,0,,0,,0,,0,,0,,0,,0,,0,,2b91c56fc7b5196bc828c9238081678ed31b26a21a318ac516580238a40ca35b,hank-place-field-audit-v1,Stage3 Firestore snapshot; live read blocked by RESOURCE_EXHAUSTED
65,kto-2914777,글라스스토리 렌즈스토리 중앙로점,JEJU_CITY,jeju_city,제주시,38,쇼핑,spot,KTO_OVERLAY_FOUND,7,1,8,8,24,33.33,동반 유형: 전구역 동반가능,1,글라스스토리 렌즈스토리 중앙로점,1,38:쇼핑,1,제주특별자치도 제주시 중앙로 63 (이도일동),1,1층,1,"33.5125520717213,126.5248108486",0,,1,https://tong.visitkorea.or.kr/cms/resource/47/4017147_image2_1.jpg,0,,0,,0,,0,,0,,0,,0,,1,63192,1,전구역 동반가능,0,,0,,0,,0,,0,,0,,0,,0,,2b91c56fc7b5196bc828c9238081678ed31b26a21a318ac516580238a40ca35b,hank-place-field-audit-v1,Stage3 Firestore snapshot; live read blocked by RESOURCE_EXHAUSTED
66,kto-2916247,로가디스 제주점,JEJU_CITY,jeju_city,제주시,38,쇼핑,spot,KTO_OVERLAY_FOUND,7,1,8,8,24,33.33,동반 유형: 전구역 동반가능,1,로가디스 제주점,1,38:쇼핑,1,제주특별자치도 제주시 칠성로길 10 (일도일동),1,1층,1,"33.513656139771,126.524195077953",0,,1,https://tong.visitkorea.or.kr/cms/resource/84/4020384_image2_1.jpg,0,,0,,0,,0,,0,,0,,0,,1,63166,1,전구역 동반가능,0,,0,,0,,0,,0,,0,,0,,0,,2b91c56fc7b5196bc828c9238081678ed31b26a21a318ac516580238a40ca35b,hank-place-field-audit-v1,Stage3 Firestore snapshot; live read blocked by RESOURCE_EXHAUSTED
67,kto-2916577,컬럼비아 제주점,JEJU_CITY,jeju_city,제주시,38,쇼핑,spot,KTO_OVERLAY_FOUND,7,1,8,8,24,33.33,동반 유형: 전구역 동반가능,1,컬럼비아 제주점,1,38:쇼핑,1,제주특별자치도 제주시 중앙로 42 (일도일동),1,1층,1,"33.5145987116111,126.524419284504",0,,1,https://tong.visitkorea.or.kr/cms/resource/13/4045713_image2_1.jpg,0,,0,,0,,0,,0,,0,,0,,1,63166,1,전구역 동반가능,0,,0,,0,,0,,0,,0,,0,,0,,2b91c56fc7b5196bc828c9238081678ed31b26a21a318ac516580238a40ca35b,hank-place-field-audit-v1,Stage3 Firestore snapshot; live read blocked by RESOURCE_EXHAUSTED
68,kto-2923731,에스마켓 제주칠성점,JEJU_CITY,jeju_city,제주시,38,쇼핑,spot,KTO_OVERLAY_FOUND,7,1,8,8,24,33.33,동반 유형: 전구역 동반가능,1,에스마켓 제주칠성점,1,38:쇼핑,1,제주특별자치도 제주시 관덕로11길 7 (일도일동),1,1층,1,"33.5137460170367,126.525320202159",0,,1,https://tong.visitkorea.or.kr/cms/resource/98/4042398_image2_1.jpg,0,,0,,0,,0,,0,,0,,0,,1,63277,1,전구역 동반가능,0,,0,,0,,0,,0,,0,,0,,0,,2b91c56fc7b5196bc828c9238081678ed31b26a21a318ac516580238a40ca35b,hank-place-field-audit-v1,Stage3 Firestore snapshot; live read blocked by RESOURCE_EXHAUSTED
69,kto-2925278,정관장 서사라점,JEJU_CITY,jeju_city,제주시,38,쇼핑,spot,KTO_OVERLAY_FOUND,7,1,8,8,24,33.33,동반 유형: 전구역 동반가능,1,정관장 서사라점,1,38:쇼핑,1,제주특별자치도 제주시 서사로 40 (삼도일동),1,1층,1,"33.5086921700485,126.51966440195",0,,1,https://tong.visitkorea.or.kr/cms/resource/35/4020335_image2_1.jpg,0,,0,,0,,0,,0,,0,,0,,1,63172,1,전구역 동반가능,0,,0,,0,,0,,0,,0,,0,,0,,2b91c56fc7b5196bc828c9238081678ed31b26a21a318ac516580238a40ca35b,hank-place-field-audit-v1,Stage3 Firestore snapshot; live read blocked by RESOURCE_EXHAUSTED
70,kto-2925738,스파오 제주중앙로점,JEJU_CITY,jeju_city,제주시,38,쇼핑,spot,KTO_OVERLAY_FOUND,7,1,8,8,24,33.33,동반 유형: 전구역 동반가능,1,스파오 제주중앙로점,1,38:쇼핑,1,제주특별자치도 제주시 중앙로 53 (일도일동),1,천년타워,1,"33.5135430276523,126.524933082691",0,,1,https://tong.visitkorea.or.kr/cms/resource/14/4020414_image2_1.jpg,0,,0,,0,,0,,0,,0,,0,,1,63277,1,전구역 동반가능,0,,0,,0,,0,,0,,0,,0,,0,,2b91c56fc7b5196bc828c9238081678ed31b26a21a318ac516580238a40ca35b,hank-place-field-audit-v1,Stage3 Firestore snapshot; live read blocked by RESOURCE_EXHAUSTED
71,kto-2929823,올리브영 제주국제공항점,JEJU_CITY,jeju_city,제주시,38,쇼핑,spot,KTO_OVERLAY_FOUND,7,1,8,8,24,33.33,동반 유형: 전구역 동반가능,1,올리브영 제주국제공항점,1,38:쇼핑,1,제주특별자치도 제주시 공항로 2 (용담이동),1,1층,1,"33.5059364682672,126.495951277797",0,,1,https://tong.visitkorea.or.kr/cms/resource/82/4029082_image2_1.jpg,0,,0,,0,,0,,0,,0,,0,,1,63115,1,전구역 동반가능,0,,0,,0,,0,,0,,0,,0,,0,,2b91c56fc7b5196bc828c9238081678ed31b26a21a318ac516580238a40ca35b,hank-place-field-audit-v1,Stage3 Firestore snapshot; live read blocked by RESOURCE_EXHAUSTED
72,kto-2930569,원더플레이스 제주 칠성로점,JEJU_CITY,jeju_city,제주시,38,쇼핑,spot,KTO_OVERLAY_FOUND,7,1,8,8,24,33.33,동반 유형: 전구역 동반가능,1,원더플레이스 제주 칠성로점,1,38:쇼핑,1,제주특별자치도 제주시 관덕로11길 17 (일도일동),1,시티오브드림 1층,1,"33.5146534359302,126.525170802937",0,,1,https://tong.visitkorea.or.kr/cms/resource/37/4020137_image2_1.jpg,0,,0,,0,,0,,0,,0,,0,,1,63277,1,전구역 동반가능,0,,0,,0,,0,,0,,0,,0,,0,,2b91c56fc7b5196bc828c9238081678ed31b26a21a318ac516580238a40ca35b,hank-place-field-audit-v1,Stage3 Firestore snapshot; live read blocked by RESOURCE_EXHAUSTED
73,kto-2931100,에스마켓 서귀포점,SEOGWIPO_CITY,seogwipo,서귀포시,38,쇼핑,spot,KTO_OVERLAY_FOUND,7,1,8,8,24,33.33,동반 유형: 전구역 동반가능,1,에스마켓 서귀포점,1,38:쇼핑,1,제주특별자치도 서귀포시 중정로61번길 1 (서귀동),1,1층,1,"33.2480324151583,126.562798724267",0,,1,https://tong.visitkorea.or.kr/cms/resource/04/4017304_image2_1.jpg,0,,0,,0,,0,,0,,0,,0,,1,63591,1,전구역 동반가능,0,,0,,0,,0,,0,,0,,0,,0,,2b91c56fc7b5196bc828c9238081678ed31b26a21a318ac516580238a40ca35b,hank-place-field-audit-v1,Stage3 Firestore snapshot; live read blocked by RESOURCE_EXHAUSTED
74,kto-2931360,올리브영 제주한라병원점,JEJU_CITY,jeju_city,제주시,38,쇼핑,spot,KTO_OVERLAY_FOUND,7,1,8,8,24,33.33,동반 유형: 전구역 동반가능,1,올리브영 제주한라병원점,1,38:쇼핑,1,"제주특별자치도 제주시 도령로 73 (연동, 연동 펠리체)",1,연동 펠리체 2층,1,"33.4901161837273,126.485948322561",0,,1,https://tong.visitkorea.or.kr/cms/resource/65/4029065_image2_1.png,0,,0,,0,,0,,0,,0,,0,,1,63127,1,전구역 동반가능,0,,0,,0,,0,,0,,0,,0,,0,,2b91c56fc7b5196bc828c9238081678ed31b26a21a318ac516580238a40ca35b,hank-place-field-audit-v1,Stage3 Firestore snapshot; live read blocked by RESOURCE_EXHAUSTED
75,kto-2931727,아리따움 제주노형점,JEJU_CITY,jeju_city,제주시,38,쇼핑,spot,KTO_OVERLAY_FOUND,7,1,8,8,24,33.33,동반 유형: 전구역 동반가능,1,아리따움 제주노형점,1,38:쇼핑,1,제주특별자치도 제주시 원노형로 82 (노형동),1,삼원빌딩 1층,1,"33.4814220725104,126.484566773712",0,,1,https://tong.visitkorea.or.kr/cms/resource/61/4020361_image2_1.jpg,0,,0,,0,,0,,0,,0,,0,,1,63086,1,전구역 동반가능,0,,0,,0,,0,,0,,0,,0,,0,,2b91c56fc7b5196bc828c9238081678ed31b26a21a318ac516580238a40ca35b,hank-place-field-audit-v1,Stage3 Firestore snapshot; live read blocked by RESOURCE_EXHAUSTED
76,kto-2932050,휠라키즈 신제주점,JEJU_CITY,jeju_city,제주시,38,쇼핑,spot,KTO_OVERLAY_FOUND,7,1,8,8,24,33.33,동반 유형: 전구역 동반가능,1,휠라키즈 신제주점,1,38:쇼핑,1,제주특별자치도 제주시 신광로 51 (연동),1,1층,1,"33.4874833795336,126.490210177891",0,,1,https://tong.visitkorea.or.kr/cms/resource/48/4043148_image2_1.jpg,0,,0,,0,,0,,0,,0,,0,,1,63123,1,전구역 동반가능,0,,0,,0,,0,,0,,0,,0,,0,,2b91c56fc7b5196bc828c9238081678ed31b26a21a318ac516580238a40ca35b,hank-place-field-audit-v1,Stage3 Firestore snapshot; live read blocked by RESOURCE_EXHAUSTED
77,kto-3305644,마쥬 신세계사이먼프리미엄아울렛 제주점,SEOGWIPO_CITY,west,서부 (안덕),38,쇼핑,spot,KTO_OVERLAY_FOUND,7,1,8,8,24,33.33,동반 유형: 전구역 동반가능,1,마쥬 신세계사이먼프리미엄아울렛 제주점,1,38:쇼핑,1,제주특별자치도 서귀포시 안덕면 신화역사로304번길 38,1,B1층,1,"33.3049726791712,126.31635202613",0,,1,https://tong.visitkorea.or.kr/cms/resource/16/4045016_image2_1.png,0,,0,,0,,0,,0,,0,,0,,1,63522,1,전구역 동반가능,0,,0,,0,,0,,0,,0,,0,,0,,2b91c56fc7b5196bc828c9238081678ed31b26a21a318ac516580238a40ca35b,hank-place-field-audit-v1,Stage3 Firestore snapshot; live read blocked by RESOURCE_EXHAUSTED
78,kto-3305715,톡스앤필의원 제주점,JEJU_CITY,jeju_city,제주시,38,쇼핑,spot,KTO_OVERLAY_FOUND,7,1,8,8,24,33.33,동반 유형: 전구역 동반가능,1,톡스앤필의원 제주점,1,38:쇼핑,1,제주특별자치도 제주시 노형로 378 (노형동),1,청담빌딩,1,"33.4835900233367,126.476304019779",0,,1,https://tong.visitkorea.or.kr/cms/resource/67/4020367_image2_1.jpg,0,,0,,0,,0,,0,,0,,0,,1,63083,1,전구역 동반가능,0,,0,,0,,0,,0,,0,,0,,0,,2b91c56fc7b5196bc828c9238081678ed31b26a21a318ac516580238a40ca35b,hank-place-field-audit-v1,Stage3 Firestore snapshot; live read blocked by RESOURCE_EXHAUSTED
79,kto-3305785,세인트앤드류스 신세계사이먼프리미엄아울렛 제주점,SEOGWIPO_CITY,west,서부 (안덕),38,쇼핑,spot,KTO_OVERLAY_FOUND,7,1,8,8,24,33.33,동반 유형: 전구역 동반가능,1,세인트앤드류스 신세계사이먼프리미엄아울렛 제주점,1,38:쇼핑,1,제주특별자치도 서귀포시 안덕면 신화역사로304번길 38,1,B1층,1,"33.3049726791712,126.31635202613",0,,1,https://tong.visitkorea.or.kr/cms/resource/15/4045015_image2_1.jpg,0,,0,,0,,0,,0,,0,,0,,1,63522,1,전구역 동반가능,0,,0,,0,,0,,0,,0,,0,,0,,2b91c56fc7b5196bc828c9238081678ed31b26a21a318ac516580238a40ca35b,hank-place-field-audit-v1,Stage3 Firestore snapshot; live read blocked by RESOURCE_EXHAUSTED
80,kto-3305842,빌라봉 신세계사이먼프리미엄 아울렛 제주점,SEOGWIPO_CITY,west,서부 (안덕),38,쇼핑,spot,KTO_OVERLAY_FOUND,7,1,8,8,24,33.33,동반 유형: 전구역 동반가능,1,빌라봉 신세계사이먼프리미엄 아울렛 제주점,1,38:쇼핑,1,제주특별자치도 서귀포시 안덕면 신화역사로304번길 38,1,B1층,1,"33.3049726791712,126.31635202613",0,,1,https://tong.visitkorea.or.kr/cms/resource/83/4021383_image2_1.jpg,0,,0,,0,,0,,0,,0,,0,,1,63522,1,전구역 동반가능,0,,0,,0,,0,,0,,0,,0,,0,,2b91c56fc7b5196bc828c9238081678ed31b26a21a318ac516580238a40ca35b,hank-place-field-audit-v1,Stage3 Firestore snapshot; live read blocked by RESOURCE_EXHAUSTED
81,kto-3306189,에스마켓 신제주점,JEJU_CITY,jeju_city,제주시,38,쇼핑,spot,KTO_OVERLAY_FOUND,7,1,8,8,24,33.33,동반 유형: 전구역 동반가능,1,에스마켓 신제주점,1,38:쇼핑,1,제주특별자치도 제주시 신광로 53 (연동),1,1층,1,"33.4873407318799,126.490250179763",0,,1,https://tong.visitkorea.or.kr/cms/resource/80/4017180_image2_1.jpg,0,,0,,0,,0,,0,,0,,0,,1,63123,1,전구역 동반가능,0,,0,,0,,0,,0,,0,,0,,0,,2b91c56fc7b5196bc828c9238081678ed31b26a21a318ac516580238a40ca35b,hank-place-field-audit-v1,Stage3 Firestore snapshot; live read blocked by RESOURCE_EXHAUSTED
82,kto-3306257,올리브영 제주제원점,JEJU_CITY,jeju_city,제주시,38,쇼핑,spot,KTO_OVERLAY_FOUND,7,1,8,8,24,33.33,동반 유형: 전구역 동반가능,1,올리브영 제주제원점,1,38:쇼핑,1,제주특별자치도 제주시 신광로 57 (연동),1,1층,1,"33.4870397681794,126.49024720861",0,,1,https://tong.visitkorea.or.kr/cms/resource/76/4029076_image2_1.png,0,,0,,0,,0,,0,,0,,0,,1,63123,1,전구역 동반가능,0,,0,,0,,0,,0,,0,,0,,0,,2b91c56fc7b5196bc828c9238081678ed31b26a21a318ac516580238a40ca35b,hank-place-field-audit-v1,Stage3 Firestore snapshot; live read blocked by RESOURCE_EXHAUSTED
83,kto-3306402,헌터 신세계사이먼프리미엄 아울렛 제주점,SEOGWIPO_CITY,west,서부 (안덕),38,쇼핑,spot,KTO_OVERLAY_FOUND,7,1,8,8,24,33.33,동반 유형: 전구역 동반가능,1,헌터 신세계사이먼프리미엄 아울렛 제주점,1,38:쇼핑,1,제주특별자치도 서귀포시 안덕면 신화역사로304번길 38,1,B1층,1,"33.3049726791712,126.31635202613",0,,1,https://tong.visitkorea.or.kr/cms/resource/12/4024212_image2_1.jpg,0,,0,,0,,0,,0,,0,,0,,1,63522,1,전구역 동반가능,0,,0,,0,,0,,0,,0,,0,,0,,2b91c56fc7b5196bc828c9238081678ed31b26a21a318ac516580238a40ca35b,hank-place-field-audit-v1,Stage3 Firestore snapshot; live read blocked by RESOURCE_EXHAUSTED
84,kto-3306485,써스데이아일랜드 신세계사이먼프리미엄아울렛 제주점,SEOGWIPO_CITY,west,서부 (안덕),38,쇼핑,spot,KTO_OVERLAY_FOUND,7,1,8,8,24,33.33,동반 유형: 전구역 동반가능,1,써스데이아일랜드 신세계사이먼프리미엄아울렛 제주점,1,38:쇼핑,1,제주특별자치도 서귀포시 안덕면 신화역사로304번길 38,1,B1층,1,"33.3049726791712,126.31635202613",0,,1,https://tong.visitkorea.or.kr/cms/resource/17/4045017_image2_1.png,0,,0,,0,,0,,0,,0,,0,,1,63522,1,전구역 동반가능,0,,0,,0,,0,,0,,0,,0,,0,,2b91c56fc7b5196bc828c9238081678ed31b26a21a318ac516580238a40ca35b,hank-place-field-audit-v1,Stage3 Firestore snapshot; live read blocked by RESOURCE_EXHAUSTED
85,kto-3306775,한섬 아울렛 FX 타임옴므 제주점,JEJU_CITY,jeju_city,제주시,38,쇼핑,spot,KTO_OVERLAY_FOUND,7,1,8,8,24,33.33,동반 유형: 전구역 동반가능,1,한섬 아울렛 FX 타임옴므 제주점,1,38:쇼핑,1,제주특별자치도 제주시 1100로 3178 (노형동),1,"1,2층",1,"33.46981155562,126.485332189237",0,,1,https://tong.visitkorea.or.kr/cms/resource/87/4020087_image2_1.jpg,0,,0,,0,,0,,0,,0,,0,,1,63091,1,전구역 동반가능,0,,0,,0,,0,,0,,0,,0,,0,,2b91c56fc7b5196bc828c9238081678ed31b26a21a318ac516580238a40ca35b,hank-place-field-audit-v1,Stage3 Firestore snapshot; live read blocked by RESOURCE_EXHAUSTED
86,kto-3306785,골프존마켓 신세계사이먼프리미엄아울렛 제주점,SEOGWIPO_CITY,west,서부 (안덕),38,쇼핑,spot,KTO_OVERLAY_FOUND,7,1,8,8,24,33.33,동반 유형: 전구역 동반가능,1,골프존마켓 신세계사이먼프리미엄아울렛 제주점,1,38:쇼핑,1,제주특별자치도 서귀포시 안덕면 신화역사로304번길 38,1,B1층,1,"33.3049726791712,126.31635202613",0,,1,https://tong.visitkorea.or.kr/cms/resource/10/4045010_image2_1.jpg,0,,0,,0,,0,,0,,0,,0,,1,63522,1,전구역 동반가능,0,,0,,0,,0,,0,,0,,0,,0,,2b91c56fc7b5196bc828c9238081678ed31b26a21a318ac516580238a40ca35b,hank-place-field-audit-v1,Stage3 Firestore snapshot; live read blocked by RESOURCE_EXHAUSTED
87,kto-3306805,미즈노 신제주점,JEJU_CITY,jeju_city,제주시,38,쇼핑,spot,KTO_OVERLAY_FOUND,7,1,8,8,24,33.33,동반 유형: 전구역 동반가능,1,미즈노 신제주점,1,38:쇼핑,1,제주특별자치도 제주시 신광로 32 (연동),1,1층,1,"33.4893894746553,126.489869210269",0,,1,https://tong.visitkorea.or.kr/cms/resource/36/4020336_image2_1.jpg,0,,0,,0,,0,,0,,0,,0,,1,63129,1,전구역 동반가능,0,,0,,0,,0,,0,,0,,0,,0,,2b91c56fc7b5196bc828c9238081678ed31b26a21a318ac516580238a40ca35b,hank-place-field-audit-v1,Stage3 Firestore snapshot; live read blocked by RESOURCE_EXHAUSTED
88,kto-3306863,락포트 신세계사이먼프리미엄아울렛 제주점,SEOGWIPO_CITY,west,서부 (안덕),38,쇼핑,spot,KTO_OVERLAY_FOUND,7,1,8,8,24,33.33,동반 유형: 전구역 동반가능,1,락포트 신세계사이먼프리미엄아울렛 제주점,1,38:쇼핑,1,제주특별자치도 서귀포시 안덕면 신화역사로304번길 38,1,B1층,1,"33.3049726791712,126.31635202613",0,,1,https://tong.visitkorea.or.kr/cms/resource/10/4044510_image2_1.jpg,0,,0,,0,,0,,0,,0,,0,,1,63522,1,전구역 동반가능,0,,0,,0,,0,,0,,0,,0,,0,,2b91c56fc7b5196bc828c9238081678ed31b26a21a318ac516580238a40ca35b,hank-place-field-audit-v1,Stage3 Firestore snapshot; live read blocked by RESOURCE_EXHAUSTED
89,kto-3306873,캘빈클라인언더웨어 제주대리점,JEJU_CITY,jeju_city,제주시,38,쇼핑,spot,KTO_OVERLAY_FOUND,7,1,8,8,24,33.33,동반 유형: 전구역 동반가능,1,캘빈클라인언더웨어 제주대리점,1,38:쇼핑,1,제주특별자치도 제주시 신광로 44 (연동),1,1층,1,"33.4883157827993,126.489828806996",0,,1,https://tong.visitkorea.or.kr/cms/resource/70/4020370_image2_1.jpg,0,,0,,0,,0,,0,,0,,0,,1,63129,1,전구역 동반가능,0,,0,,0,,0,,0,,0,,0,,0,,2b91c56fc7b5196bc828c9238081678ed31b26a21a318ac516580238a40ca35b,hank-place-field-audit-v1,Stage3 Firestore snapshot; live read blocked by RESOURCE_EXHAUSTED
90,kto-3306952,구호 신세계사이먼프리미엄아울렛 제주점,SEOGWIPO_CITY,west,서부 (안덕),38,쇼핑,spot,KTO_OVERLAY_FOUND,7,1,8,8,24,33.33,동반 유형: 전구역 동반가능,1,구호 신세계사이먼프리미엄아울렛 제주점,1,38:쇼핑,1,제주특별자치도 서귀포시 안덕면 신화역사로304번길 38,1,B1층,1,"33.3049726791712,126.31635202613",0,,1,https://tong.visitkorea.or.kr/cms/resource/11/4045011_image2_1.png,0,,0,,0,,0,,0,,0,,0,,1,63522,1,전구역 동반가능,0,,0,,0,,0,,0,,0,,0,,0,,2b91c56fc7b5196bc828c9238081678ed31b26a21a318ac516580238a40ca35b,hank-place-field-audit-v1,Stage3 Firestore snapshot; live read blocked by RESOURCE_EXHAUSTED
91,kto-3307062,지오다노 신세계사이먼프리미엄아울렛 제주점,SEOGWIPO_CITY,west,서부 (안덕),38,쇼핑,spot,KTO_OVERLAY_FOUND,7,1,8,8,24,33.33,동반 유형: 전구역 동반가능,1,지오다노 신세계사이먼프리미엄아울렛 제주점,1,38:쇼핑,1,제주특별자치도 서귀포시 안덕면 신화역사로304번길 38,1,B1층,1,"33.3049726791712,126.31635202613",0,,1,https://tong.visitkorea.or.kr/cms/resource/19/4045019_image2_1.jpg,0,,0,,0,,0,,0,,0,,0,,1,63522,1,전구역 동반가능,0,,0,,0,,0,,0,,0,,0,,0,,2b91c56fc7b5196bc828c9238081678ed31b26a21a318ac516580238a40ca35b,hank-place-field-audit-v1,Stage3 Firestore snapshot; live read blocked by RESOURCE_EXHAUSTED
92,kto-3307098,라이프워크 신세계사이먼프리미엄 아울렛 제주점,SEOGWIPO_CITY,west,서부 (안덕),38,쇼핑,spot,KTO_OVERLAY_FOUND,7,1,8,8,24,33.33,동반 유형: 전구역 동반가능,1,라이프워크 신세계사이먼프리미엄 아울렛 제주점,1,38:쇼핑,1,제주특별자치도 서귀포시 안덕면 신화역사로304번길 38,1,B1층,1,"33.3049726791712,126.31635202613",0,,1,https://tong.visitkorea.or.kr/cms/resource/11/4024211_image2_1.jpg,0,,0,,0,,0,,0,,0,,0,,1,63522,1,전구역 동반가능,0,,0,,0,,0,,0,,0,,0,,0,,2b91c56fc7b5196bc828c9238081678ed31b26a21a318ac516580238a40ca35b,hank-place-field-audit-v1,Stage3 Firestore snapshot; live read blocked by RESOURCE_EXHAUSTED
93,kto-3307452,올리브영 제주한라대점,JEJU_CITY,jeju_city,제주시,38,쇼핑,spot,KTO_OVERLAY_FOUND,7,1,8,8,24,33.33,동반 유형: 전구역 동반가능,1,올리브영 제주한라대점,1,38:쇼핑,1,제주특별자치도 제주시 한라대학로 37 (노형동),1,1층,1,"33.4782658840834,126.47541661026",0,,1,https://tong.visitkorea.or.kr/cms/resource/93/4029093_image2_1.jpg,0,,0,,0,,0,,0,,0,,0,,1,63088,1,전구역 동반가능,0,,0,,0,,0,,0,,0,,0,,0,,2b91c56fc7b5196bc828c9238081678ed31b26a21a318ac516580238a40ca35b,hank-place-field-audit-v1,Stage3 Firestore snapshot; live read blocked by RESOURCE_EXHAUSTED
94,kto-3307669,아이잗바바 신세계사이먼프리미엄아울렛 제주점,SEOGWIPO_CITY,west,서부 (안덕),38,쇼핑,spot,KTO_OVERLAY_FOUND,7,1,8,8,24,33.33,동반 유형: 전구역 동반가능,1,아이잗바바 신세계사이먼프리미엄아울렛 제주점,1,38:쇼핑,1,제주특별자치도 서귀포시 안덕면 신화역사로304번길 38,1,B1층,1,"33.3049726791712,126.31635202613",0,,1,https://tong.visitkorea.or.kr/cms/resource/12/4045012_image2_1.png,0,,0,,0,,0,,0,,0,,0,,1,63522,1,전구역 동반가능,0,,0,,0,,0,,0,,0,,0,,0,,2b91c56fc7b5196bc828c9238081678ed31b26a21a318ac516580238a40ca35b,hank-place-field-audit-v1,Stage3 Firestore snapshot; live read blocked by RESOURCE_EXHAUSTED
95,kto-3307736,듀엘 신세계사이먼프리미엄 아울렛 제주점,SEOGWIPO_CITY,west,서부 (안덕),38,쇼핑,spot,KTO_OVERLAY_FOUND,7,1,8,8,24,33.33,동반 유형: 전구역 동반가능,1,듀엘 신세계사이먼프리미엄 아울렛 제주점,1,38:쇼핑,1,제주특별자치도 서귀포시 안덕면 신화역사로304번길 38,1,B1층,1,"33.3049726791712,126.31635202613",0,,1,https://tong.visitkorea.or.kr/cms/resource/06/4024206_image2_1.jpg,0,,0,,0,,0,,0,,0,,0,,1,63522,1,전구역 동반가능,0,,0,,0,,0,,0,,0,,0,,0,,2b91c56fc7b5196bc828c9238081678ed31b26a21a318ac516580238a40ca35b,hank-place-field-audit-v1,Stage3 Firestore snapshot; live read blocked by RESOURCE_EXHAUSTED
96,kto-4009588,나이키골프 제주중문점,SEOGWIPO_CITY,seogwipo,서귀포시,38,쇼핑,spot,KTO_OVERLAY_FOUND,7,1,8,8,24,33.33,동반 유형: 전구역 동반가능,1,나이키골프 제주중문점,1,38:쇼핑,1,제주특별자치도 서귀포시 중문관광로72번길 29-9 (색달동),1,B1층,1,"33.249698457597,126.411556504447",0,,1,https://tong.visitkorea.or.kr/cms/resource/29/4024229_image2_1.jpg,0,,0,,0,,0,,0,,0,,0,,1,63535,1,전구역 동반가능,0,,0,,0,,0,,0,,0,,0,,0,,2b91c56fc7b5196bc828c9238081678ed31b26a21a318ac516580238a40ca35b,hank-place-field-audit-v1,Stage3 Firestore snapshot; live read blocked by RESOURCE_EXHAUSTED
97,kto-4009592,디어브리즈,JEJU_CITY,east,동부 (구좌),38,쇼핑,spot,KTO_OVERLAY_FOUND,7,1,8,8,24,33.33,동반 유형: 전구역 동반가능,1,디어브리즈,1,38:쇼핑,1,제주특별자치도 제주시 구좌읍 월정3길 42,1,1층,1,"33.55473832111,126.794055818845",0,,1,https://tong.visitkorea.or.kr/cms/resource/36/4024236_image2_1.jpg,0,,0,,0,,0,,0,,0,,0,,1,63358,1,전구역 동반가능,0,,0,,0,,0,,0,,0,,0,,0,,2b91c56fc7b5196bc828c9238081678ed31b26a21a318ac516580238a40ca35b,hank-place-field-audit-v1,Stage3 Firestore snapshot; live read blocked by RESOURCE_EXHAUSTED
98,kto-4009597,스노우피크 신제주점,JEJU_CITY,jeju_city,제주시,38,쇼핑,spot,KTO_OVERLAY_FOUND,7,1,8,8,24,33.33,동반 유형: 전구역 동반가능,1,스노우피크 신제주점,1,38:쇼핑,1,제주특별자치도 제주시 신광로 30 (연동),1,1층,1,"33.4895269614377,126.489867758518",0,,1,https://tong.visitkorea.or.kr/cms/resource/87/4024287_image2_1.jpeg,0,,0,,0,,0,,0,,0,,0,,1,63129,1,전구역 동반가능,0,,0,,0,,0,,0,,0,,0,,0,,2b91c56fc7b5196bc828c9238081678ed31b26a21a318ac516580238a40ca35b,hank-place-field-audit-v1,Stage3 Firestore snapshot; live read blocked by RESOURCE_EXHAUSTED
99,kto-4009599,마리떼프랑스와저버 신제주점,JEJU_CITY,jeju_city,제주시,38,쇼핑,spot,KTO_OVERLAY_FOUND,7,1,8,8,24,33.33,동반 유형: 전구역 동반가능,1,마리떼프랑스와저버 신제주점,1,38:쇼핑,1,제주특별자치도 제주시 신광로 44-1 (연동),1,1층,1,"33.4881155329998,126.489739704667",0,,1,https://tong.visitkorea.or.kr/cms/resource/49/4024249_image2_1.jpeg,0,,0,,0,,0,,0,,0,,0,,1,63129,1,전구역 동반가능,0,,0,,0,,0,,0,,0,,0,,0,,2b91c56fc7b5196bc828c9238081678ed31b26a21a318ac516580238a40ca35b,hank-place-field-audit-v1,Stage3 Firestore snapshot; live read blocked by RESOURCE_EXHAUSTED
100,kto-4009601,섬타르 신제주점,JEJU_CITY,jeju_city,제주시,38,쇼핑,spot,KTO_OVERLAY_FOUND,7,1,8,8,24,33.33,동반 유형: 전구역 동반가능,1,섬타르 신제주점,1,38:쇼핑,1,제주특별자치도 제주시 연동6길 5 (연동),1,1층,1,"33.4855107957617,126.489446068654",0,,1,https://tong.visitkorea.or.kr/cms/resource/79/4024279_image2_1.jpeg,0,,0,,0,,0,,0,,0,,0,,1,63132,1,전구역 동반가능,0,,0,,0,,0,,0,,0,,0,,0,,2b91c56fc7b5196bc828c9238081678ed31b26a21a318ac516580238a40ca35b,hank-place-field-audit-v1,Stage3 Firestore snapshot; live read blocked by RESOURCE_EXHAUSTED
101,kto-4009602,스마트약국 제주,JEJU_CITY,jeju_city,제주시,38,쇼핑,spot,KTO_OVERLAY_FOUND,7,1,8,8,24,33.33,동반 유형: 전구역 동반가능,1,스마트약국 제주,1,38:쇼핑,1,제주특별자치도 제주시 연북로 1 (노형동),1,1층,1,"33.4824421892687,126.481834000763",0,,1,https://tong.visitkorea.or.kr/cms/resource/88/4024288_image2_1.jpeg,0,,0,,0,,0,,0,,0,,0,,1,63084,1,전구역 동반가능,0,,0,,0,,0,,0,,0,,0,,0,,2b91c56fc7b5196bc828c9238081678ed31b26a21a318ac516580238a40ca35b,hank-place-field-audit-v1,Stage3 Firestore snapshot; live read blocked by RESOURCE_EXHAUSTED
102,kto-4009613,소품샵 제주소품 함덕점,JEJU_CITY,east,동부 (조천),38,쇼핑,spot,KTO_OVERLAY_FOUND,7,1,8,8,24,33.33,동반 유형: 전구역 동반가능,1,소품샵 제주소품 함덕점,1,38:쇼핑,1,제주특별자치도 제주시 조천읍 평사길 7,1,1층,1,"33.5433184605338,126.672779742746",0,,1,https://tong.visitkorea.or.kr/cms/resource/83/4024283_image2_1.jpeg,0,,0,,0,,0,,0,,0,,0,,1,63333,1,전구역 동반가능,0,,0,,0,,0,,0,,0,,0,,0,,2b91c56fc7b5196bc828c9238081678ed31b26a21a318ac516580238a40ca35b,hank-place-field-audit-v1,Stage3 Firestore snapshot; live read blocked by RESOURCE_EXHAUSTED
103,kto-4009617,문화공간 휴,JEJU_CITY,jeju_city,제주시,38,쇼핑,spot,KTO_OVERLAY_FOUND,7,1,8,8,24,33.33,동반 유형: 전구역 동반가능,1,문화공간 휴,1,38:쇼핑,1,제주특별자치도 제주시 중앙로8길 2 (일도일동),1,1층,1,"33.5149626717876,126.524228396162",0,,1,https://tong.visitkorea.or.kr/cms/resource/71/4024271_image2_1.jpeg,0,,0,,0,,0,,0,,0,,0,,1,63166,1,전구역 동반가능,0,,0,,0,,0,,0,,0,,0,,0,,2b91c56fc7b5196bc828c9238081678ed31b26a21a318ac516580238a40ca35b,hank-place-field-audit-v1,Stage3 Firestore snapshot; live read blocked by RESOURCE_EXHAUSTED
104,kto-4009618,살로몬 제주점,JEJU_CITY,jeju_city,제주시,38,쇼핑,spot,KTO_OVERLAY_FOUND,7,1,8,8,24,33.33,동반 유형: 전구역 동반가능,1,살로몬 제주점,1,38:쇼핑,1,제주특별자치도 제주시 탑동로 5 (삼도이동),1,1층,1,"33.5167693484119,126.524176420811",0,,1,https://tong.visitkorea.or.kr/cms/resource/78/4024278_image2_1.jpeg,0,,0,,0,,0,,0,,0,,0,,1,63166,1,전구역 동반가능,0,,0,,0,,0,,0,,0,,0,,0,,2b91c56fc7b5196bc828c9238081678ed31b26a21a318ac516580238a40ca35b,hank-place-field-audit-v1,Stage3 Firestore snapshot; live read blocked by RESOURCE_EXHAUSTED
105,kto-4012996,안녕성산,SEOGWIPO_CITY,east,동부 (성산),38,쇼핑,spot,KTO_OVERLAY_FOUND,7,1,8,8,24,33.33,동반 유형: 전구역 동반가능,1,안녕성산,1,38:쇼핑,1,제주특별자치도 서귀포시 성산읍 일출로 270-1,1,2층,1,"33.4618957419143,126.93453595439",0,,1,https://tong.visitkorea.or.kr/cms/resource/99/4024299_image2_1.jpeg,0,,0,,0,,0,,0,,0,,0,,1,63643,1,전구역 동반가능,0,,0,,0,,0,,0,,0,,0,,0,,2b91c56fc7b5196bc828c9238081678ed31b26a21a318ac516580238a40ca35b,hank-place-field-audit-v1,Stage3 Firestore snapshot; live read blocked by RESOURCE_EXHAUSTED
106,kto-4012998,골든듀 신세계사이먼프리미엄아울렛 제주점,SEOGWIPO_CITY,west,서부 (안덕),38,쇼핑,spot,KTO_OVERLAY_FOUND,7,1,8,8,24,33.33,동반 유형: 전구역 동반가능,1,골든듀 신세계사이먼프리미엄아울렛 제주점,1,38:쇼핑,1,제주특별자치도 서귀포시 안덕면 신화역사로304번길 38,1,B1층,1,"33.3049726791712,126.31635202613",0,,1,https://tong.visitkorea.or.kr/cms/resource/09/4042409_image2_1.png,0,,0,,0,,0,,0,,0,,0,,1,63522,1,전구역 동반가능,0,,0,,0,,0,,0,,0,,0,,0,,2b91c56fc7b5196bc828c9238081678ed31b26a21a318ac516580238a40ca35b,hank-place-field-audit-v1,Stage3 Firestore snapshot; live read blocked by RESOURCE_EXHAUSTED
107,kto-4013002,에잇세컨즈 서귀포점,SEOGWIPO_CITY,seogwipo,서귀포시,38,쇼핑,spot,KTO_OVERLAY_FOUND,7,1,8,8,24,33.33,동반 유형: 전구역 동반가능,1,에잇세컨즈 서귀포점,1,38:쇼핑,1,제주특별자치도 서귀포시 중정로 69 (서귀동),1,1층,1,"33.2482640388818,126.563721580326",0,,1,https://tong.visitkorea.or.kr/cms/resource/14/4024414_image2_1.jpeg,0,,0,,0,,0,,0,,0,,0,,1,63591,1,전구역 동반가능,0,,0,,0,,0,,0,,0,,0,,0,,2b91c56fc7b5196bc828c9238081678ed31b26a21a318ac516580238a40ca35b,hank-place-field-audit-v1,Stage3 Firestore snapshot; live read blocked by RESOURCE_EXHAUSTED
108,kto-4013003,오름약국,SEOGWIPO_CITY,seogwipo,서귀포시,38,쇼핑,spot,KTO_OVERLAY_FOUND,7,1,8,8,24,33.33,동반 유형: 전구역 동반가능,1,오름약국,1,38:쇼핑,1,제주특별자치도 서귀포시 중정로 70 (서귀동),1,1층,1,"33.24777808645,126.563831943749",0,,1,https://tong.visitkorea.or.kr/cms/resource/03/4024303_image2_1.jpeg,0,,0,,0,,0,,0,,0,,0,,1,63595,1,전구역 동반가능,0,,0,,0,,0,,0,,0,,0,,0,,2b91c56fc7b5196bc828c9238081678ed31b26a21a318ac516580238a40ca35b,hank-place-field-audit-v1,Stage3 Firestore snapshot; live read blocked by RESOURCE_EXHAUSTED
109,kto-4013202,더조은약국,JEJU_CITY,jeju_city,제주시,38,쇼핑,spot,KTO_OVERLAY_FOUND,7,1,8,8,24,33.33,동반 유형: 전구역 동반가능,1,더조은약국,1,38:쇼핑,1,제주특별자치도 제주시 과원로 110 (연동),1,1층,1,"33.4793623460299,126.493480157363",0,,1,https://tong.visitkorea.or.kr/cms/resource/83/4022583_image2_1.jpg,0,,0,,0,,0,,0,,0,,0,,1,63142,1,전구역 동반가능,0,,0,,0,,0,,0,,0,,0,,0,,2b91c56fc7b5196bc828c9238081678ed31b26a21a318ac516580238a40ca35b,hank-place-field-audit-v1,Stage3 Firestore snapshot; live read blocked by RESOURCE_EXHAUSTED
110,kto-4013207,에브리바디빈티지,JEJU_CITY,jeju_city,제주시,38,쇼핑,spot,KTO_OVERLAY_FOUND,7,1,8,8,24,33.33,동반 유형: 전구역 동반가능,1,에브리바디빈티지,1,38:쇼핑,1,제주특별자치도 제주시 관덕로8길 31 (이도일동),1,2층,1,"33.5105174891967,126.523365331925",0,,1,https://tong.visitkorea.or.kr/cms/resource/01/4024301_image2_1.jpeg,0,,0,,0,,0,,0,,0,,0,,1,63169,1,전구역 동반가능,0,,0,,0,,0,,0,,0,,0,,0,,2b91c56fc7b5196bc828c9238081678ed31b26a21a318ac516580238a40ca35b,hank-place-field-audit-v1,Stage3 Firestore snapshot; live read blocked by RESOURCE_EXHAUSTED
111,kto-4013208,아이더 신제주점,JEJU_CITY,jeju_city,제주시,38,쇼핑,spot,KTO_OVERLAY_FOUND,7,1,8,8,24,33.33,동반 유형: 전구역 동반가능,1,아이더 신제주점,1,38:쇼핑,1,제주특별자치도 제주시 노연로 109 (연동),1,1층,1,"33.4860202230195,126.491755888775",0,,1,https://tong.visitkorea.or.kr/cms/resource/87/4022787_image2_1.jpeg,0,,0,,0,,0,,0,,0,,0,,1,63123,1,전구역 동반가능,0,,0,,0,,0,,0,,0,,0,,0,,2b91c56fc7b5196bc828c9238081678ed31b26a21a318ac516580238a40ca35b,hank-place-field-audit-v1,Stage3 Firestore snapshot; live read blocked by RESOURCE_EXHAUSTED
112,kto-4013211,올리브영 제주연동신라점,JEJU_CITY,jeju_city,제주시,38,쇼핑,spot,KTO_OVERLAY_FOUND,7,1,8,8,24,33.33,동반 유형: 전구역 동반가능,1,올리브영 제주연동신라점,1,38:쇼핑,1,제주특별자치도 제주시 노연로 49 (노형동),1,1층,1,"33.4861999348151,126.485577867386",0,,1,https://tong.visitkorea.or.kr/cms/resource/15/4024415_image2_1.jpeg,0,,0,,0,,0,,0,,0,,0,,1,63081,1,전구역 동반가능,0,,0,,0,,0,,0,,0,,0,,0,,2b91c56fc7b5196bc828c9238081678ed31b26a21a318ac516580238a40ca35b,hank-place-field-audit-v1,Stage3 Firestore snapshot; live read blocked by RESOURCE_EXHAUSTED
113,kto-4013212,에이플러스건강식품,JEJU_CITY,jeju_city,제주시,38,쇼핑,spot,KTO_OVERLAY_FOUND,7,1,8,8,24,33.33,동반 유형: 전구역 동반가능,1,에이플러스건강식품,1,38:쇼핑,1,제주특별자치도 제주시 노연로 70 (연동),1,1층,1,"33.485744751578,126.487456622718",0,,1,https://tong.visitkorea.or.kr/cms/resource/02/4024302_image2_1.jpeg,0,,0,,0,,0,,0,,0,,0,,1,63132,1,전구역 동반가능,0,,0,,0,,0,,0,,0,,0,,0,,2b91c56fc7b5196bc828c9238081678ed31b26a21a318ac516580238a40ca35b,hank-place-field-audit-v1,Stage3 Firestore snapshot; live read blocked by RESOURCE_EXHAUSTED
114,kto-4013213,365열린약국,JEJU_CITY,jeju_city,제주시,38,쇼핑,spot,KTO_OVERLAY_FOUND,7,1,8,8,24,33.33,동반 유형: 전구역 동반가능,1,365열린약국,1,38:쇼핑,1,제주특별자치도 제주시 노형로 380 (노형동),1,1층,1,"33.4838112549963,126.476619662438",0,,1,https://tong.visitkorea.or.kr/cms/resource/75/4024475_image2_1.jpeg,0,,0,,0,,0,,0,,0,,0,,1,63083,1,전구역 동반가능,0,,0,,0,,0,,0,,0,,0,,0,,2b91c56fc7b5196bc828c9238081678ed31b26a21a318ac516580238a40ca35b,hank-place-field-audit-v1,Stage3 Firestore snapshot; live read blocked by RESOURCE_EXHAUSTED
115,kto-4013217,아이엠제주 탠저비,JEJU_CITY,jeju_city,제주시,38,쇼핑,spot,KTO_OVERLAY_FOUND,7,1,8,8,24,33.33,동반 유형: 전구역 동반가능,1,아이엠제주 탠저비,1,38:쇼핑,1,제주특별자치도 제주시 삼무로 40 (연동),1,1층,1,"33.4896668254079,126.490970612666",0,,1,https://tong.visitkorea.or.kr/cms/resource/97/4024897_image2_1.jpg,0,,0,,0,,0,,0,,0,,0,,1,63124,1,전구역 동반가능,0,,0,,0,,0,,0,,0,,0,,0,,2b91c56fc7b5196bc828c9238081678ed31b26a21a318ac516580238a40ca35b,hank-place-field-audit-v1,Stage3 Firestore snapshot; live read blocked by RESOURCE_EXHAUSTED
116,kto-4013219,쌤소나이트 제주오라아울렛점,JEJU_CITY,jeju_city,제주시,38,쇼핑,spot,KTO_OVERLAY_FOUND,7,1,8,8,24,33.33,동반 유형: 전구역 동반가능,1,쌤소나이트 제주오라아울렛점,1,38:쇼핑,1,제주특별자치도 제주시 서광로 82 (오라삼동),1,1층,1,"33.4997536993176,126.505205811273",0,,1,https://tong.visitkorea.or.kr/cms/resource/92/4024292_image2_1.jpeg,0,,0,,0,,0,,0,,0,,0,,1,63148,1,전구역 동반가능,0,,0,,0,,0,,0,,0,,0,,0,,2b91c56fc7b5196bc828c9238081678ed31b26a21a318ac516580238a40ca35b,hank-place-field-audit-v1,Stage3 Firestore snapshot; live read blocked by RESOURCE_EXHAUSTED
117,kto-4013221,어코드 제주,JEJU_CITY,jeju_city,제주시,38,쇼핑,spot,KTO_OVERLAY_FOUND,7,1,8,8,24,33.33,동반 유형: 전구역 동반가능,1,어코드 제주,1,38:쇼핑,1,제주특별자치도 제주시 서해안로 342 (도두이동),1,2층,1,"33.5101799398737,126.481630632131",0,,1,https://tong.visitkorea.or.kr/cms/resource/00/4024300_image2_1.jpeg,0,,0,,0,,0,,0,,0,,0,,1,63115,1,전구역 동반가능,0,,0,,0,,0,,0,,0,,0,,0,,2b91c56fc7b5196bc828c9238081678ed31b26a21a318ac516580238a40ca35b,hank-place-field-audit-v1,Stage3 Firestore snapshot; live read blocked by RESOURCE_EXHAUSTED
118,kto-4013222,피크,JEJU_CITY,jeju_city,제주시,38,쇼핑,spot,KTO_OVERLAY_FOUND,7,1,8,8,24,33.33,동반 유형: 전구역 동반가능,1,피크,1,38:쇼핑,1,제주특별자치도 제주시 신광로 28 (연동),1,1층,1,"33.4897039790157,126.489920091223",0,,1,https://tong.visitkorea.or.kr/cms/resource/76/4024476_image2_1.jpeg,0,,0,,0,,0,,0,,0,,0,,1,63129,1,전구역 동반가능,0,,0,,0,,0,,0,,0,,0,,0,,2b91c56fc7b5196bc828c9238081678ed31b26a21a318ac516580238a40ca35b,hank-place-field-audit-v1,Stage3 Firestore snapshot; live read blocked by RESOURCE_EXHAUSTED
119,kto-4013223,슈마커 플러스 제주연동점,JEJU_CITY,jeju_city,제주시,38,쇼핑,spot,KTO_OVERLAY_FOUND,7,1,8,8,24,33.33,동반 유형: 전구역 동반가능,1,슈마커 플러스 제주연동점,1,38:쇼핑,1,제주특별자치도 제주시 신광로 52 (연동),1,밸리스빌딩 1층,1,"33.4874520797513,126.489615229505",0,,1,https://tong.visitkorea.or.kr/cms/resource/26/4023926_image2_1.jpg,0,,0,,0,,0,,0,,0,,0,,1,63131,1,전구역 동반가능,0,,0,,0,,0,,0,,0,,0,,0,,2b91c56fc7b5196bc828c9238081678ed31b26a21a318ac516580238a40ca35b,hank-place-field-audit-v1,Stage3 Firestore snapshot; live read blocked by RESOURCE_EXHAUSTED
120,kto-4013225,탠저비 제원점,JEJU_CITY,jeju_city,제주시,38,쇼핑,spot,KTO_OVERLAY_FOUND,7,1,8,8,24,33.33,동반 유형: 전구역 동반가능,1,탠저비 제원점,1,38:쇼핑,1,제주특별자치도 제주시 신광로 61 (연동),1,1층,1,"33.4866237070175,126.490318724182",0,,1,https://tong.visitkorea.or.kr/cms/resource/12/4024312_image2_1.jpeg,0,,0,,0,,0,,0,,0,,0,,1,63123,1,전구역 동반가능,0,,0,,0,,0,,0,,0,,0,,0,,2b91c56fc7b5196bc828c9238081678ed31b26a21a318ac516580238a40ca35b,hank-place-field-audit-v1,Stage3 Firestore snapshot; live read blocked by RESOURCE_EXHAUSTED
121,kto-4013226,GS25 연동서강점,JEJU_CITY,jeju_city,제주시,38,쇼핑,spot,KTO_OVERLAY_FOUND,7,1,8,8,24,33.33,동반 유형: 전구역 동반가능,1,GS25 연동서강점,1,38:쇼핑,1,제주특별자치도 제주시 신대로16길 43 (연동),1,광성빌딩,1,"33.4867223316676,126.491787295208",0,,1,https://tong.visitkorea.or.kr/cms/resource/70/4042370_image2_1.png,0,,0,,0,,0,,0,,0,,0,,1,63123,1,전구역 동반가능,0,,0,,0,,0,,0,,0,,0,,0,,2b91c56fc7b5196bc828c9238081678ed31b26a21a318ac516580238a40ca35b,hank-place-field-audit-v1,Stage3 Firestore snapshot; live read blocked by RESOURCE_EXHAUSTED
122,kto-4013227,한라사이클,JEJU_CITY,jeju_city,제주시,38,쇼핑,spot,KTO_OVERLAY_FOUND,7,1,8,8,24,33.33,동반 유형: 전구역 동반가능,1,한라사이클,1,38:쇼핑,1,제주특별자치도 제주시 신대로19길 11 (연동),1,1층,1,"33.4837452844026,126.497561324261",0,,1,https://tong.visitkorea.or.kr/cms/resource/68/4022868_image2_1.jpg,0,,0,,0,,0,,0,,0,,0,,1,63134,1,전구역 동반가능,0,,0,,0,,0,,0,,0,,0,,0,,2b91c56fc7b5196bc828c9238081678ed31b26a21a318ac516580238a40ca35b,hank-place-field-audit-v1,Stage3 Firestore snapshot; live read blocked by RESOURCE_EXHAUSTED
123,kto-4013229,러블리제주,JEJU_CITY,west,서부 (애월),38,쇼핑,spot,KTO_OVERLAY_FOUND,7,1,8,8,24,33.33,동반 유형: 전구역 동반가능,1,러블리제주,1,38:쇼핑,1,제주특별자치도 제주시 애월읍 애월해안로 686,1,1층,1,"33.4819460818341,126.375220750659",0,,1,https://tong.visitkorea.or.kr/cms/resource/17/4024417_image2_1.jpeg,0,,0,,0,,0,,0,,0,,0,,1,63049,1,전구역 동반가능,0,,0,,0,,0,,0,,0,,0,,0,,2b91c56fc7b5196bc828c9238081678ed31b26a21a318ac516580238a40ca35b,hank-place-field-audit-v1,Stage3 Firestore snapshot; live read blocked by RESOURCE_EXHAUSTED
124,kto-4013230,하이츠 제주,JEJU_CITY,west,서부 (애월),38,쇼핑,spot,KTO_OVERLAY_FOUND,7,1,8,8,24,33.33,동반 유형: 전구역 동반가능,1,하이츠 제주,1,38:쇼핑,1,제주특별자치도 제주시 애월읍 하소로 735,1,1층,1,"33.4192920702216,126.396034482354",0,,1,https://tong.visitkorea.or.kr/cms/resource/16/4024316_image2_1.jpeg,0,,0,,0,,0,,0,,0,,0,,1,63067,1,전구역 동반가능,0,,0,,0,,0,,0,,0,,0,,0,,2b91c56fc7b5196bc828c9238081678ed31b26a21a318ac516580238a40ca35b,hank-place-field-audit-v1,Stage3 Firestore snapshot; live read blocked by RESOURCE_EXHAUSTED
125,kto-4013232,말본골프 포트메인 제주직영점,JEJU_CITY,jeju_city,제주시,38,쇼핑,spot,KTO_OVERLAY_FOUND,7,1,8,8,24,33.33,동반 유형: 전구역 동반가능,1,말본골프 포트메인 제주직영점,1,38:쇼핑,1,제주특별자치도 제주시 연북로 269 (오라이동),1,1층,1,"33.4814943111499,126.510228326464",0,,1,https://tong.visitkorea.or.kr/cms/resource/68/4042268_image2_1.png,0,,0,,0,,0,,0,,0,,0,,1,63145,1,전구역 동반가능,0,,0,,0,,0,,0,,0,,0,,0,,2b91c56fc7b5196bc828c9238081678ed31b26a21a318ac516580238a40ca35b,hank-place-field-audit-v1,Stage3 Firestore snapshot; live read blocked by RESOURCE_EXHAUSTED
126,kto-4013236,스포츠메카 외도본점,JEJU_CITY,jeju_city,제주시,38,쇼핑,spot,KTO_OVERLAY_FOUND,7,1,8,8,24,33.33,동반 유형: 전구역 동반가능,1,스포츠메카 외도본점,1,38:쇼핑,1,제주특별자치도 제주시 일주서로 7298 (외도일동),1,1층,1,"33.4922890803883,126.426658760837",0,,1,https://tong.visitkorea.or.kr/cms/resource/91/4024291_image2_1.jpeg,0,,0,,0,,0,,0,,0,,0,,1,63069,1,전구역 동반가능,0,,0,,0,,0,,0,,0,,0,,0,,2b91c56fc7b5196bc828c9238081678ed31b26a21a318ac516580238a40ca35b,hank-place-field-audit-v1,Stage3 Firestore snapshot; live read blocked by RESOURCE_EXHAUSTED
127,kto-4013238,헬로제주,JEJU_CITY,east,동부 (조천),38,쇼핑,spot,KTO_OVERLAY_FOUND,7,1,8,8,24,33.33,동반 유형: 전구역 동반가능,1,헬로제주,1,38:쇼핑,1,제주특별자치도 제주시 조천읍 조함해안로 504,1,1층,1,"33.5423935245741,126.666865346791",0,,1,https://tong.visitkorea.or.kr/cms/resource/02/4030502_image2_1.jpg,0,,0,,0,,0,,0,,0,,0,,1,63333,1,전구역 동반가능,0,,0,,0,,0,,0,,0,,0,,0,,2b91c56fc7b5196bc828c9238081678ed31b26a21a318ac516580238a40ca35b,hank-place-field-audit-v1,Stage3 Firestore snapshot; live read blocked by RESOURCE_EXHAUSTED
128,kto-4013244,양키캔들 제주칠성로점,JEJU_CITY,jeju_city,제주시,38,쇼핑,spot,KTO_OVERLAY_FOUND,7,1,8,8,24,33.33,동반 유형: 전구역 동반가능,1,양키캔들 제주칠성로점,1,38:쇼핑,1,제주특별자치도 제주시 중앙로5길 9 (일도일동),1,1층,1,"33.5154157148527,126.525731610253",0,,1,https://tong.visitkorea.or.kr/cms/resource/45/4022745_image2_1.jpg,0,,0,,0,,0,,0,,0,,0,,1,63277,1,전구역 동반가능,0,,0,,0,,0,,0,,0,,0,,0,,2b91c56fc7b5196bc828c9238081678ed31b26a21a318ac516580238a40ca35b,hank-place-field-audit-v1,Stage3 Firestore snapshot; live read blocked by RESOURCE_EXHAUSTED
129,kto-4013246,커버낫 제주점,JEJU_CITY,jeju_city,제주시,38,쇼핑,spot,KTO_OVERLAY_FOUND,7,1,8,8,24,33.33,동반 유형: 전구역 동반가능,1,커버낫 제주점,1,38:쇼핑,1,제주특별자치도 제주시 칠성로길 21 (일도일동),1,1층,1,"33.5143378891154,126.525102780651",0,,1,https://tong.visitkorea.or.kr/cms/resource/08/4024308_image2_1.jpeg,0,,0,,0,,0,,0,,0,,0,,1,63277,1,전구역 동반가능,0,,0,,0,,0,,0,,0,,0,,0,,2b91c56fc7b5196bc828c9238081678ed31b26a21a318ac516580238a40ca35b,hank-place-field-audit-v1,Stage3 Firestore snapshot; live read blocked by RESOURCE_EXHAUSTED
130,kto-4013248,수풀,JEJU_CITY,west,서부 (한림),38,쇼핑,spot,KTO_OVERLAY_FOUND,7,1,8,8,24,33.33,동반 유형: 전구역 동반가능,1,수풀,1,38:쇼핑,1,제주특별자치도 제주시 한림읍 한수풀로 36,1,2층,1,"33.4178598110931,126.266656410114",0,,1,https://tong.visitkorea.or.kr/cms/resource/86/4024286_image2_1.jpeg,0,,0,,0,,0,,0,,0,,0,,1,63030,1,전구역 동반가능,0,,0,,0,,0,,0,,0,,0,,0,,2b91c56fc7b5196bc828c9238081678ed31b26a21a318ac516580238a40ca35b,hank-place-field-audit-v1,Stage3 Firestore snapshot; live read blocked by RESOURCE_EXHAUSTED
131,kto-4013249,낙산약국,JEJU_CITY,jeju_city,제주시,38,쇼핑,spot,KTO_OVERLAY_FOUND,7,1,8,8,24,33.33,동반 유형: 전구역 동반가능,1,낙산약국,1,38:쇼핑,1,제주특별자치도 제주시 도령로 87 (연동),1,1층,1,"33.4908688308155,126.487275468846",0,,1,https://tong.visitkorea.or.kr/cms/resource/21/4024421_image2_1.jpeg,0,,0,,0,,0,,0,,0,,0,,1,63127,1,전구역 동반가능,0,,0,,0,,0,,0,,0,,0,,0,,2b91c56fc7b5196bc828c9238081678ed31b26a21a318ac516580238a40ca35b,hank-place-field-audit-v1,Stage3 Firestore snapshot; live read blocked by RESOURCE_EXHAUSTED
132,kto-4026795,베베드피노 서귀포점,SEOGWIPO_CITY,seogwipo,서귀포시,38,쇼핑,spot,KTO_OVERLAY_FOUND,7,1,8,8,24,33.33,동반 유형: 전구역 동반가능,1,베베드피노 서귀포점,1,38:쇼핑,1,제주특별자치도 서귀포시 동문로 70 (서귀동),1,1층,1,"33.2488203737472,126.567291367642",0,,1,https://tong.visitkorea.or.kr/cms/resource/43/4045943_image2_1.png,0,,0,,0,,0,,0,,0,,0,,1,63591,1,전구역 동반가능,0,,0,,0,,0,,0,,0,,0,,0,,2b91c56fc7b5196bc828c9238081678ed31b26a21a318ac516580238a40ca35b,hank-place-field-audit-v1,Stage3 Firestore snapshot; live read blocked by RESOURCE_EXHAUSTED
133,kto-4026800,산드로 신세계사이먼프리미엄아울렛 제주점,SEOGWIPO_CITY,west,서부 (안덕),38,쇼핑,spot,KTO_OVERLAY_FOUND,7,1,8,8,24,33.33,동반 유형: 전구역 동반가능,1,산드로 신세계사이먼프리미엄아울렛 제주점,1,38:쇼핑,1,제주특별자치도 서귀포시 안덕면 신화역사로304번길 38,1,B1층,1,"33.3049726791712,126.31635202613",0,,1,https://tong.visitkorea.or.kr/cms/resource/15/4042415_image2_1.png,0,,0,,0,,0,,0,,0,,0,,1,63522,1,전구역 동반가능,0,,0,,0,,0,,0,,0,,0,,0,,2b91c56fc7b5196bc828c9238081678ed31b26a21a318ac516580238a40ca35b,hank-place-field-audit-v1,Stage3 Firestore snapshot; live read blocked by RESOURCE_EXHAUSTED
134,kto-4026801,아크테릭스 신세계사이먼프리미엄아울렛 제주점,SEOGWIPO_CITY,west,서부 (안덕),38,쇼핑,spot,KTO_OVERLAY_FOUND,7,1,8,8,24,33.33,동반 유형: 전구역 동반가능,1,아크테릭스 신세계사이먼프리미엄아울렛 제주점,1,38:쇼핑,1,제주특별자치도 서귀포시 안덕면 신화역사로304번길 38,1,B1층,1,"33.3049726791712,126.31635202613",0,,1,https://tong.visitkorea.or.kr/cms/resource/31/4045031_image2_1.png,0,,0,,0,,0,,0,,0,,0,,1,63522,1,전구역 동반가능,0,,0,,0,,0,,0,,0,,0,,0,,2b91c56fc7b5196bc828c9238081678ed31b26a21a318ac516580238a40ca35b,hank-place-field-audit-v1,Stage3 Firestore snapshot; live read blocked by RESOURCE_EXHAUSTED
135,kto-4026802,안다르 신세계사이먼프리미엄아울렛 제주점,SEOGWIPO_CITY,west,서부 (안덕),38,쇼핑,spot,KTO_OVERLAY_FOUND,7,1,8,8,24,33.33,동반 유형: 전구역 동반가능,1,안다르 신세계사이먼프리미엄아울렛 제주점,1,38:쇼핑,1,제주특별자치도 서귀포시 안덕면 신화역사로304번길 38,1,B1층,1,"33.3049726791712,126.31635202613",0,,1,https://tong.visitkorea.or.kr/cms/resource/24/4045924_image2_1.png,0,,0,,0,,0,,0,,0,,0,,1,63522,1,전구역 동반가능,0,,0,,0,,0,,0,,0,,0,,0,,2b91c56fc7b5196bc828c9238081678ed31b26a21a318ac516580238a40ca35b,hank-place-field-audit-v1,Stage3 Firestore snapshot; live read blocked by RESOURCE_EXHAUSTED
136,kto-4026803,어뉴골프 신세계사이먼프리미엄아울렛 제주점,SEOGWIPO_CITY,west,서부 (안덕),38,쇼핑,spot,KTO_OVERLAY_FOUND,7,1,8,8,24,33.33,동반 유형: 전구역 동반가능,1,어뉴골프 신세계사이먼프리미엄아울렛 제주점,1,38:쇼핑,1,제주특별자치도 서귀포시 안덕면 신화역사로304번길 38,1,B1층,1,"33.3049726791712,126.31635202613",0,,1,https://tong.visitkorea.or.kr/cms/resource/33/4045033_image2_1.png,0,,0,,0,,0,,0,,0,,0,,1,63522,1,전구역 동반가능,0,,0,,0,,0,,0,,0,,0,,0,,2b91c56fc7b5196bc828c9238081678ed31b26a21a318ac516580238a40ca35b,hank-place-field-audit-v1,Stage3 Firestore snapshot; live read blocked by RESOURCE_EXHAUSTED
137,kto-4026804,와키윌리 신세계사이먼프리미엄아울렛 제주점,SEOGWIPO_CITY,west,서부 (안덕),38,쇼핑,spot,KTO_OVERLAY_FOUND,7,1,8,8,24,33.33,동반 유형: 전구역 동반가능,1,와키윌리 신세계사이먼프리미엄아울렛 제주점,1,38:쇼핑,1,제주특별자치도 서귀포시 안덕면 신화역사로304번길 38,1,B1층,1,"33.3049726791712,126.31635202613",0,,1,https://tong.visitkorea.or.kr/cms/resource/54/4045354_image2_1.jpg,0,,0,,0,,0,,0,,0,,0,,1,63522,1,전구역 동반가능,0,,0,,0,,0,,0,,0,,0,,0,,2b91c56fc7b5196bc828c9238081678ed31b26a21a318ac516580238a40ca35b,hank-place-field-audit-v1,Stage3 Firestore snapshot; live read blocked by RESOURCE_EXHAUSTED
138,kto-4026806,커버낫 신세계사이먼프리미엄아울렛 제주점,SEOGWIPO_CITY,west,서부 (안덕),38,쇼핑,spot,KTO_OVERLAY_FOUND,7,1,8,8,24,33.33,동반 유형: 전구역 동반가능,1,커버낫 신세계사이먼프리미엄아울렛 제주점,1,38:쇼핑,1,제주특별자치도 서귀포시 안덕면 신화역사로304번길 38,1,B1층,1,"33.3049726791712,126.31635202613",0,,1,https://tong.visitkorea.or.kr/cms/resource/18/4042418_image2_1.jpg,0,,0,,0,,0,,0,,0,,0,,1,63522,1,전구역 동반가능,0,,0,,0,,0,,0,,0,,0,,0,,2b91c56fc7b5196bc828c9238081678ed31b26a21a318ac516580238a40ca35b,hank-place-field-audit-v1,Stage3 Firestore snapshot; live read blocked by RESOURCE_EXHAUSTED
139,kto-4026807,키르시 신세계사이먼프리미엄아울렛 제주점,SEOGWIPO_CITY,west,서부 (안덕),38,쇼핑,spot,KTO_OVERLAY_FOUND,7,1,8,8,24,33.33,동반 유형: 전구역 동반가능,1,키르시 신세계사이먼프리미엄아울렛 제주점,1,38:쇼핑,1,제주특별자치도 서귀포시 안덕면 신화역사로304번길 38,1,B1층,1,"33.3049726791712,126.31635202613",0,,1,https://tong.visitkorea.or.kr/cms/resource/23/4042623_image2_1.jpg,0,,0,,0,,0,,0,,0,,0,,1,63522,1,전구역 동반가능,0,,0,,0,,0,,0,,0,,0,,0,,2b91c56fc7b5196bc828c9238081678ed31b26a21a318ac516580238a40ca35b,hank-place-field-audit-v1,Stage3 Firestore snapshot; live read blocked by RESOURCE_EXHAUSTED
140,kto-4026814,버디,SEOGWIPO_CITY,seogwipo,서귀포시,38,쇼핑,spot,KTO_OVERLAY_FOUND,7,1,8,8,24,33.33,동반 유형: 전구역 동반가능,1,버디,1,38:쇼핑,1,제주특별자치도 서귀포시 중앙로 53 (서귀동),1,1층,1,"33.249287252074,126.56134994894",0,,1,https://tong.visitkorea.or.kr/cms/resource/28/4045028_image2_1.png,0,,0,,0,,0,,0,,0,,0,,1,63592,1,전구역 동반가능,0,,0,,0,,0,,0,,0,,0,,0,,2b91c56fc7b5196bc828c9238081678ed31b26a21a318ac516580238a40ca35b,hank-place-field-audit-v1,Stage3 Firestore snapshot; live read blocked by RESOURCE_EXHAUSTED
141,kto-4026820,CU 서귀포항점,SEOGWIPO_CITY,seogwipo,서귀포시,38,쇼핑,spot,KTO_OVERLAY_FOUND,7,1,8,8,24,33.33,동반 유형: 전구역 동반가능,1,CU 서귀포항점,1,38:쇼핑,1,제주특별자치도 서귀포시 칠십리로91번길 12 (서귀동),1,1층,1,"33.2410376924,126.5642748644",0,,1,https://tong.visitkorea.or.kr/cms/resource/76/4042376_image2_1.png,0,,0,,0,,0,,0,,0,,0,,1,63596,1,전구역 동반가능,0,,0,,0,,0,,0,,0,,0,,0,,2b91c56fc7b5196bc828c9238081678ed31b26a21a318ac516580238a40ca35b,hank-place-field-audit-v1,Stage3 Firestore snapshot; live read blocked by RESOURCE_EXHAUSTED
142,kto-4026824,레코브 씨티어브드림즈 제주점,JEJU_CITY,jeju_city,제주시,38,쇼핑,spot,KTO_OVERLAY_FOUND,7,1,8,8,24,33.33,동반 유형: 전구역 동반가능,1,레코브 씨티어브드림즈 제주점,1,38:쇼핑,1,제주특별자치도 제주시 관덕로11길 17 (일도일동),1,2층,1,"33.5146534359302,126.525170802937",0,,1,https://tong.visitkorea.or.kr/cms/resource/26/4045026_image2_1.png,0,,0,,0,,0,,0,,0,,0,,1,63277,1,전구역 동반가능,0,,0,,0,,0,,0,,0,,0,,0,,2b91c56fc7b5196bc828c9238081678ed31b26a21a318ac516580238a40ca35b,hank-place-field-audit-v1,Stage3 Firestore snapshot; live read blocked by RESOURCE_EXHAUSTED
143,kto-4026827,수박빈티지,JEJU_CITY,jeju_city,제주시,38,쇼핑,spot,KTO_OVERLAY_FOUND,7,1,8,8,24,33.33,동반 유형: 전구역 동반가능,1,수박빈티지,1,38:쇼핑,1,제주특별자치도 제주시 관덕로7길 39 (삼도이동),1,B1층,1,"33.5166539973383,126.523228674486",0,,1,https://tong.visitkorea.or.kr/cms/resource/85/4045985_image2_1.png,0,,0,,0,,0,,0,,0,,0,,1,63166,1,전구역 동반가능,0,,0,,0,,0,,0,,0,,0,,0,,2b91c56fc7b5196bc828c9238081678ed31b26a21a318ac516580238a40ca35b,hank-place-field-audit-v1,Stage3 Firestore snapshot; live read blocked by RESOURCE_EXHAUSTED
144,kto-4026828,EE플레이스 제주시청점,JEJU_CITY,jeju_city,제주시,38,쇼핑,spot,KTO_OVERLAY_FOUND,7,1,8,8,24,33.33,동반 유형: 전구역 동반가능,1,EE플레이스 제주시청점,1,38:쇼핑,1,제주특별자치도 제주시 광양10길 10 (이도이동),1,1층,1,"33.4992495602685,126.529042507129",0,,1,https://tong.visitkorea.or.kr/cms/resource/79/4042379_image2_1.png,0,,0,,0,,0,,0,,0,,0,,1,63207,1,전구역 동반가능,0,,0,,0,,0,,0,,0,,0,,0,,2b91c56fc7b5196bc828c9238081678ed31b26a21a318ac516580238a40ca35b,hank-place-field-audit-v1,Stage3 Firestore snapshot; live read blocked by RESOURCE_EXHAUSTED
145,kto-4026829,코데즈컴바인 제주이도점,JEJU_CITY,jeju_city,제주시,38,쇼핑,spot,KTO_OVERLAY_FOUND,7,1,8,8,24,33.33,동반 유형: 전구역 동반가능,1,코데즈컴바인 제주이도점,1,38:쇼핑,1,제주특별자치도 제주시 구남동5길 10 (이도이동),1,1동,1,"33.4897944915248,126.540019867255",0,,1,https://tong.visitkorea.or.kr/cms/resource/86/4042386_image2_1.png,0,,0,,0,,0,,0,,0,,0,,1,63230,1,전구역 동반가능,0,,0,,0,,0,,0,,0,,0,,0,,2b91c56fc7b5196bc828c9238081678ed31b26a21a318ac516580238a40ca35b,hank-place-field-audit-v1,Stage3 Firestore snapshot; live read blocked by RESOURCE_EXHAUSTED
146,kto-4026832,헬로제주 구좌점,JEJU_CITY,east,동부 (구좌),38,쇼핑,spot,KTO_OVERLAY_FOUND,7,1,8,8,24,33.33,동반 유형: 전구역 동반가능,1,헬로제주 구좌점,1,38:쇼핑,1,제주특별자치도 제주시 구좌읍 해맞이해안로 460,1,1층,1,"33.5555727909314,126.79576990844",0,,1,https://tong.visitkorea.or.kr/cms/resource/23/4043523_image2_1.jpg,0,,0,,0,,0,,0,,0,,0,,1,63358,1,전구역 동반가능,0,,0,,0,,0,,0,,0,,0,,0,,2b91c56fc7b5196bc828c9238081678ed31b26a21a318ac516580238a40ca35b,hank-place-field-audit-v1,Stage3 Firestore snapshot; live read blocked by RESOURCE_EXHAUSTED
147,kto-4026837,ABC마트 GS 제주본점,JEJU_CITY,jeju_city,제주시,38,쇼핑,spot,KTO_OVERLAY_FOUND,7,1,8,8,24,33.33,동반 유형: 전구역 동반가능,1,ABC마트 GS 제주본점,1,38:쇼핑,1,제주특별자치도 제주시 노연로 95 (연동),1,1-2층,1,"33.4860782610304,126.490476429309",0,,1,https://tong.visitkorea.or.kr/cms/resource/87/4045087_image2_1.png,0,,0,,0,,0,,0,,0,,0,,1,63123,1,전구역 동반가능,0,,0,,0,,0,,0,,0,,0,,0,,2b91c56fc7b5196bc828c9238081678ed31b26a21a318ac516580238a40ca35b,hank-place-field-audit-v1,Stage3 Firestore snapshot; live read blocked by RESOURCE_EXHAUSTED
148,kto-4026842,마이제주기프트,JEJU_CITY,jeju_city,제주시,38,쇼핑,spot,KTO_OVERLAY_FOUND,7,1,8,8,24,33.33,동반 유형: 전구역 동반가능,1,마이제주기프트,1,38:쇼핑,1,제주특별자치도 제주시 삼무로 35 (연동),1,1층,1,"33.4901228450208,126.490574334195",0,,1,https://tong.visitkorea.or.kr/cms/resource/75/4045975_image2_1.png,0,,0,,0,,0,,0,,0,,0,,1,63125,1,전구역 동반가능,0,,0,,0,,0,,0,,0,,0,,0,,2b91c56fc7b5196bc828c9238081678ed31b26a21a318ac516580238a40ca35b,hank-place-field-audit-v1,Stage3 Firestore snapshot; live read blocked by RESOURCE_EXHAUSTED
149,kto-4026849,비너스 와코루 마더피아 신제주특별자치도점,JEJU_CITY,jeju_city,제주시,38,쇼핑,spot,KTO_OVERLAY_FOUND,7,1,8,8,24,33.33,동반 유형: 전구역 동반가능,1,비너스 와코루 마더피아 신제주특별자치도점,1,38:쇼핑,1,제주특별자치도 제주시 신광로 43 (연동),1,1층,1,"33.4882962440632,126.490251360548",0,,1,https://tong.visitkorea.or.kr/cms/resource/70/4045070_image2_1.png,0,,0,,0,,0,,0,,0,,0,,1,63124,1,전구역 동반가능,0,,0,,0,,0,,0,,0,,0,,0,,2b91c56fc7b5196bc828c9238081678ed31b26a21a318ac516580238a40ca35b,hank-place-field-audit-v1,Stage3 Firestore snapshot; live read blocked by RESOURCE_EXHAUSTED
150,kto-4026852,한국금거래소 제주직영점,JEJU_CITY,jeju_city,제주시,38,쇼핑,spot,KTO_OVERLAY_FOUND,7,1,8,8,24,33.33,동반 유형: 전구역 동반가능,1,한국금거래소 제주직영점,1,38:쇼핑,1,제주특별자치도 제주시 연동7길 16 (연동),1,1층,1,"33.488530626459,126.490572574089",0,,1,https://tong.visitkorea.or.kr/cms/resource/07/4045707_image2_1.jpg,0,,0,,0,,0,,0,,0,,0,,1,63124,1,전구역 동반가능,0,,0,,0,,0,,0,,0,,0,,0,,2b91c56fc7b5196bc828c9238081678ed31b26a21a318ac516580238a40ca35b,hank-place-field-audit-v1,Stage3 Firestore snapshot; live read blocked by RESOURCE_EXHAUSTED
151,kto-4026861,핸썸제주,JEJU_CITY,east,동부 (조천),38,쇼핑,spot,KTO_OVERLAY_FOUND,7,1,8,8,24,33.33,동반 유형: 전구역 동반가능,1,핸썸제주,1,38:쇼핑,1,제주특별자치도 제주시 조천읍 함덕로 38,1,1층,1,"33.5422685677496,126.671320273499",0,,1,https://tong.visitkorea.or.kr/cms/resource/09/4043509_image2_1.jpg,0,,0,,0,,0,,0,,0,,0,,1,63333,1,전구역 동반가능,0,,0,,0,,0,,0,,0,,0,,0,,2b91c56fc7b5196bc828c9238081678ed31b26a21a318ac516580238a40ca35b,hank-place-field-audit-v1,Stage3 Firestore snapshot; live read blocked by RESOURCE_EXHAUSTED
152,kto-4026863,ABC마트 SP 제주시청점,JEJU_CITY,jeju_city,제주시,38,쇼핑,spot,KTO_OVERLAY_FOUND,7,1,8,8,24,33.33,동반 유형: 전구역 동반가능,1,ABC마트 SP 제주시청점,1,38:쇼핑,1,제주특별자치도 제주시 중앙로 226 (이도이동),1,1층,1,"33.4994650724252,126.529644196072",0,,1,https://tong.visitkorea.or.kr/cms/resource/71/4045071_image2_1.png,0,,0,,0,,0,,0,,0,,0,,1,63207,1,전구역 동반가능,0,,0,,0,,0,,0,,0,,0,,0,,2b91c56fc7b5196bc828c9238081678ed31b26a21a318ac516580238a40ca35b,hank-place-field-audit-v1,Stage3 Firestore snapshot; live read blocked by RESOURCE_EXHAUSTED
153,kto-4026864,오렌즈 제주시청점,JEJU_CITY,jeju_city,제주시,38,쇼핑,spot,KTO_OVERLAY_FOUND,7,1,8,8,24,33.33,동반 유형: 전구역 동반가능,1,오렌즈 제주시청점,1,38:쇼핑,1,제주특별자치도 제주시 중앙로 239 (이도이동),1,1층,1,"33.4985203815353,126.530880293115",0,,1,https://tong.visitkorea.or.kr/cms/resource/71/4042271_image2_1.png,0,,0,,0,,0,,0,,0,,0,,1,63209,1,전구역 동반가능,0,,0,,0,,0,,0,,0,,0,,0,,2b91c56fc7b5196bc828c9238081678ed31b26a21a318ac516580238a40ca35b,hank-place-field-audit-v1,Stage3 Firestore snapshot; live read blocked by RESOURCE_EXHAUSTED
154,kto-4026866,아이더 제주점,JEJU_CITY,jeju_city,제주시,38,쇼핑,spot,KTO_OVERLAY_FOUND,7,1,8,8,24,33.33,동반 유형: 전구역 동반가능,1,아이더 제주점,1,38:쇼핑,1,제주특별자치도 제주시 중앙로 49 (일도일동),1,1층,1,"33.5138237822616,126.524885912218",0,,1,https://tong.visitkorea.or.kr/cms/resource/64/4042264_image2_1.png,0,,0,,0,,0,,0,,0,,0,,1,63277,1,전구역 동반가능,0,,0,,0,,0,,0,,0,,0,,0,,2b91c56fc7b5196bc828c9238081678ed31b26a21a318ac516580238a40ca35b,hank-place-field-audit-v1,Stage3 Firestore snapshot; live read blocked by RESOURCE_EXHAUSTED
155,kto-141736,서귀포유채꽃축제,SEOGWIPO_CITY,east,동부 (표선),15,축제공연행사,spot,UNKNOWN,8,0,8,8,24,33.33,,1,서귀포유채꽃축제,1,15:축제공연행사,1,제주특별자치도 서귀포시 표선면 녹산로 381-17,1,조랑말체험공원 일대,1,"33.383447982174964,126.73565604485313",1,064-760-3942,1,https://tong.visitkorea.or.kr/cms/resource/91/4039191_image2_1.jpg,0,,0,,0,,0,,0,,0,,0,,1,63622,0,,0,,0,,0,,0,,0,,0,,0,,0,,2b91c56fc7b5196bc828c9238081678ed31b26a21a318ac516580238a40ca35b,hank-place-field-audit-v1,Stage3 Firestore snapshot; live read blocked by RESOURCE_EXHAUSTED
156,kto-506616,서귀포칠십리축제,SEOGWIPO_CITY,seogwipo,서귀포시,15,축제공연행사,spot,UNKNOWN,8,0,8,8,24,33.33,,1,서귀포칠십리축제,1,15:축제공연행사,1,제주특별자치도 서귀포시 서홍동,1,684 천지연폭포 인근 주차장,1,"33.243863,126.560563",1,064-760-3942,1,https://tong.visitkorea.or.kr/cms/resource/11/4039211_image2_1.jpg,0,,0,,0,,0,,0,,0,,0,,1,63578,0,,0,,0,,0,,0,,0,,0,,0,,0,,2b91c56fc7b5196bc828c9238081678ed31b26a21a318ac516580238a40ca35b,hank-place-field-audit-v1,Stage3 Firestore snapshot; live read blocked by RESOURCE_EXHAUSTED
157,kto-667418,제주들불축제,JEJU_CITY,west,서부 (애월),15,축제공연행사,spot,UNKNOWN,8,0,8,8,24,33.33,,1,제주들불축제,1,15:축제공연행사,1,제주특별자치도 제주시 애월읍 봉성리,1,산59-8 새별오름 일대,1,"33.366232,126.357669",1,064-728-2753,1,https://tong.visitkorea.or.kr/cms/resource/15/4061015_image2_1.jpg,0,,0,,0,,0,,0,,0,,0,,1,63039,0,,0,,0,,0,,0,,0,,0,,0,,0,,2b91c56fc7b5196bc828c9238081678ed31b26a21a318ac516580238a40ca35b,hank-place-field-audit-v1,Stage3 Firestore snapshot; live read blocked by RESOURCE_EXHAUSTED
158,kto-3011941,"화북, 포구문화제",JEJU_CITY,jeju_city,제주시,15,축제공연행사,spot,UNKNOWN,8,0,8,8,24,33.33,,1,"화북, 포구문화제",1,15:축제공연행사,1,제주특별자치도 제주시 화북이동,1,1619-8 화북포구,1,"33.5246449368,126.5658911161",1,064-728-4682,1,https://tong.visitkorea.or.kr/cms/resource/84/3540884_image2_1.jpg,0,,0,,0,,0,,0,,0,,0,,1,63304,0,,0,,0,,0,,0,,0,,0,,0,,0,,2b91c56fc7b5196bc828c9238081678ed31b26a21a318ac516580238a40ca35b,hank-place-field-audit-v1,Stage3 Firestore snapshot; live read blocked by RESOURCE_EXHAUSTED
159,kto-3108284,우도 소라축제,JEJU_CITY,jeju_city,제주시,15,축제공연행사,spot,UNKNOWN,8,0,8,8,24,33.33,,1,우도 소라축제,1,15:축제공연행사,1,제주특별자치도 제주시 우도면 우도해안길 86,1,앞 항구,1,"33.4940031561357,126.950702770738",1,064-728-4329,1,https://tong.visitkorea.or.kr/cms/resource/14/4057814_image2_1.jpg,0,,0,,0,,0,,0,,0,,0,,1,63365,0,,0,,0,,0,,0,,0,,0,,0,,0,,2b91c56fc7b5196bc828c9238081678ed31b26a21a318ac516580238a40ca35b,hank-place-field-audit-v1,Stage3 Firestore snapshot; live read blocked by RESOURCE_EXHAUSTED
160,kto-3482354,골체오름 벚꽃축제,JEJU_CITY,east,동부 (조천),15,축제공연행사,spot,UNKNOWN,8,0,8,8,24,33.33,,1,골체오름 벚꽃축제,1,15:축제공연행사,1,제주특별자치도 제주시 조천읍 선흘리 1914,1,골체오름,1,"33.450301,126.703677",1,064-782-5479,1,https://tong.visitkorea.or.kr/cms/resource/77/4054577_image2_1.png,0,,0,,0,,0,,0,,0,,0,,1,63346,0,,0,,0,,0,,0,,0,,0,,0,,0,,2b91c56fc7b5196bc828c9238081678ed31b26a21a318ac516580238a40ca35b,hank-place-field-audit-v1,Stage3 Firestore snapshot; live read blocked by RESOURCE_EXHAUSTED
161,kto-3495841,숲으로 오라,JEJU_CITY,jeju_city,제주시,15,축제공연행사,spot,UNKNOWN,8,0,8,8,24,33.33,,1,숲으로 오라,1,15:축제공연행사,1,제주특별자치도 제주시 연삼로 286 (도남동),1,시민복지타운광장,1,"33.4918468474,126.5238513705",1,010-6461-0759,1,https://tong.visitkorea.or.kr/cms/resource/66/4074666_image2_1.jpg,0,,0,,0,,0,,0,,0,,0,,1,63219,0,,0,,0,,0,,0,,0,,0,,0,,0,,2b91c56fc7b5196bc828c9238081678ed31b26a21a318ac516580238a40ca35b,hank-place-field-audit-v1,Stage3 Firestore snapshot; live read blocked by RESOURCE_EXHAUSTED
162,kto-4039258,제20회 한국후계농업경영인 전국대회,JEJU_CITY,west,서부 (애월),15,축제공연행사,spot,UNKNOWN,8,0,8,8,24,33.33,,1,제20회 한국후계농업경영인 전국대회,1,15:축제공연행사,1,제주특별자치도 제주시 애월읍 봉성리 산59-8,1,새별오름,1,"33.366391,126.356655",1,070-4814-0634,1,https://tong.visitkorea.or.kr/cms/resource/57/4039257_image2_1.jpg,0,,0,,0,,0,,0,,0,,0,,1,695907,0,,0,,0,,0,,0,,0,,0,,0,,0,,2b91c56fc7b5196bc828c9238081678ed31b26a21a318ac516580238a40ca35b,hank-place-field-audit-v1,Stage3 Firestore snapshot; live read blocked by RESOURCE_EXHAUSTED
163,kto-2752778,모이소,JEJU_CITY,jeju_city,제주시,38,쇼핑,spot,KTO_OVERLAY_FOUND,6,1,7,7,24,29.17,동반 유형: 전구역 동반가능,1,모이소,1,38:쇼핑,1,"제주특별자치도 제주시 신광로8길 14 (연동, 송네하우스)",0,,1,"33.4870970448797,126.488524753214",0,,1,https://tong.visitkorea.or.kr/cms/resource/38/3591238_image2_1.png,0,,0,,0,,0,,0,,0,,0,,1,63131,1,전구역 동반가능,0,,0,,0,,0,,0,,0,,0,,0,,2b91c56fc7b5196bc828c9238081678ed31b26a21a318ac516580238a40ca35b,hank-place-field-audit-v1,Stage3 Firestore snapshot; live read blocked by RESOURCE_EXHAUSTED
164,kto-2893644,내셔널지오그래픽 신제주점,JEJU_CITY,jeju_city,제주시,38,쇼핑,spot,KTO_OVERLAY_FOUND,6,1,7,7,24,29.17,동반 유형: 전구역 동반가능,1,내셔널지오그래픽 신제주점,1,38:쇼핑,1,제주특별자치도 제주시 신광로 43-1 (연동),0,,1,"33.4881508974599,126.490292777359",0,,1,https://tong.visitkorea.or.kr/cms/resource/41/4020341_image2_1.jpg,0,,0,,0,,0,,0,,0,,0,,1,63124,1,전구역 동반가능,0,,0,,0,,0,,0,,0,,0,,0,,2b91c56fc7b5196bc828c9238081678ed31b26a21a318ac516580238a40ca35b,hank-place-field-audit-v1,Stage3 Firestore snapshot; live read blocked by RESOURCE_EXHAUSTED
165,kto-2893682,뉴월드마트 신제주점,JEJU_CITY,jeju_city,제주시,38,쇼핑,spot,KTO_OVERLAY_FOUND,6,1,7,7,24,29.17,동반 유형: 전구역 동반가능,1,뉴월드마트 신제주점,1,38:쇼핑,1,제주특별자치도 제주시 연동12길 3 (연동),0,,1,"33.4853493217504,126.493378922921",0,,1,https://tong.visitkorea.or.kr/cms/resource/43/4020343_image2_1.jpg,0,,0,,0,,0,,0,,0,,0,,1,63133,1,전구역 동반가능,0,,0,,0,,0,,0,,0,,0,,0,,2b91c56fc7b5196bc828c9238081678ed31b26a21a318ac516580238a40ca35b,hank-place-field-audit-v1,Stage3 Firestore snapshot; live read blocked by RESOURCE_EXHAUSTED
166,kto-2893839,아디다스키즈 제주점,JEJU_CITY,jeju_city,제주시,38,쇼핑,spot,KTO_OVERLAY_FOUND,6,1,7,7,24,29.17,동반 유형: 전구역 동반가능,1,아디다스키즈 제주점,1,38:쇼핑,1,제주특별자치도 제주시 중앙로7길 12 (일도일동),0,,1,"33.5147445606913,126.525940852008",0,,1,https://tong.visitkorea.or.kr/cms/resource/51/4020351_image2_1.jpg,0,,0,,0,,0,,0,,0,,0,,1,63277,1,전구역 동반가능,0,,0,,0,,0,,0,,0,,0,,0,,2b91c56fc7b5196bc828c9238081678ed31b26a21a318ac516580238a40ca35b,hank-place-field-audit-v1,Stage3 Firestore snapshot; live read blocked by RESOURCE_EXHAUSTED
167,kto-2893882,아디다스 서귀포점,SEOGWIPO_CITY,seogwipo,서귀포시,38,쇼핑,spot,KTO_OVERLAY_FOUND,6,1,7,7,24,29.17,동반 유형: 전구역 동반가능,1,아디다스 서귀포점,1,38:쇼핑,1,제주특별자치도 서귀포시 중정로 81 (서귀동),0,,1,"33.2484924257187,126.564906605857",0,,1,https://tong.visitkorea.or.kr/cms/resource/21/4017321_image2_1.jpg,0,,0,,0,,0,,0,,0,,0,,1,63591,1,전구역 동반가능,0,,0,,0,,0,,0,,0,,0,,0,,2b91c56fc7b5196bc828c9238081678ed31b26a21a318ac516580238a40ca35b,hank-place-field-audit-v1,Stage3 Firestore snapshot; live read blocked by RESOURCE_EXHAUSTED
168,kto-2894043,이니스프리 제주하우스,SEOGWIPO_CITY,west,서부 (안덕),38,쇼핑,spot,KTO_OVERLAY_FOUND,6,1,7,7,24,29.17,동반 유형: 전구역 동반가능,1,이니스프리 제주하우스,1,38:쇼핑,1,제주특별자치도 서귀포시 안덕면 신화역사로 23,0,,1,"33.3066749563549,126.290892953867",0,,1,https://tong.visitkorea.or.kr/cms/resource/64/4020064_image2_1.jpg,0,,0,,0,,0,,0,,0,,0,,1,63521,1,전구역 동반가능,0,,0,,0,,0,,0,,0,,0,,0,,2b91c56fc7b5196bc828c9238081678ed31b26a21a318ac516580238a40ca35b,hank-place-field-audit-v1,Stage3 Firestore snapshot; live read blocked by RESOURCE_EXHAUSTED
169,kto-2900852,스케쳐스 서귀포점,SEOGWIPO_CITY,seogwipo,서귀포시,38,쇼핑,spot,KTO_OVERLAY_FOUND,6,1,7,7,24,29.17,동반 유형: 전구역 동반가능,1,스케쳐스 서귀포점,1,38:쇼핑,1,제주특별자치도 서귀포시 이중섭로 4 (서귀동),0,,1,"33.2476976284742,126.564028389653",0,,1,https://tong.visitkorea.or.kr/cms/resource/81/4020081_image2_1.jpg,0,,0,,0,,0,,0,,0,,0,,1,63595,1,전구역 동반가능,0,,0,,0,,0,,0,,0,,0,,0,,2b91c56fc7b5196bc828c9238081678ed31b26a21a318ac516580238a40ca35b,hank-place-field-audit-v1,Stage3 Firestore snapshot; live read blocked by RESOURCE_EXHAUSTED
170,kto-2900956,ABC마트 ST 서귀포점,SEOGWIPO_CITY,seogwipo,서귀포시,38,쇼핑,spot,KTO_OVERLAY_FOUND,6,1,7,7,24,29.17,동반 유형: 전구역 동반가능,1,ABC마트 ST 서귀포점,1,38:쇼핑,1,제주특별자치도 서귀포시 중정로91번길 2 (서귀동),0,,1,"33.2486515120337,126.566104856827",0,,1,https://tong.visitkorea.or.kr/cms/resource/63/4020363_image2_1.jpg,0,,0,,0,,0,,0,,0,,0,,1,63591,1,전구역 동반가능,0,,0,,0,,0,,0,,0,,0,,0,,2b91c56fc7b5196bc828c9238081678ed31b26a21a318ac516580238a40ca35b,hank-place-field-audit-v1,Stage3 Firestore snapshot; live read blocked by RESOURCE_EXHAUSTED
171,kto-2901162,올리브영 제주연동점,JEJU_CITY,jeju_city,제주시,38,쇼핑,spot,KTO_OVERLAY_FOUND,6,1,7,7,24,29.17,동반 유형: 전구역 동반가능,1,올리브영 제주연동점,1,38:쇼핑,1,제주특별자치도 제주시 신광로 21 (연동),0,,1,"33.4901334899759,126.490334640812",0,,1,https://tong.visitkorea.or.kr/cms/resource/70/4029070_image2_1.jpg,0,,0,,0,,0,,0,,0,,0,,1,63125,1,전구역 동반가능,0,,0,,0,,0,,0,,0,,0,,0,,2b91c56fc7b5196bc828c9238081678ed31b26a21a318ac516580238a40ca35b,hank-place-field-audit-v1,Stage3 Firestore snapshot; live read blocked by RESOURCE_EXHAUSTED
172,kto-2901481,올리브영 제주탑동점,JEJU_CITY,jeju_city,제주시,38,쇼핑,spot,KTO_OVERLAY_FOUND,6,1,7,7,24,29.17,동반 유형: 전구역 동반가능,1,올리브영 제주탑동점,1,38:쇼핑,1,제주특별자치도 제주시 탑동로 15-1 (삼도이동),0,,1,"33.5170248751898,126.523031926234",0,,1,https://tong.visitkorea.or.kr/cms/resource/92/4029092_image2_1.jpg,0,,0,,0,,0,,0,,0,,0,,1,63166,1,전구역 동반가능,0,,0,,0,,0,,0,,0,,0,,0,,2b91c56fc7b5196bc828c9238081678ed31b26a21a318ac516580238a40ca35b,hank-place-field-audit-v1,Stage3 Firestore snapshot; live read blocked by RESOURCE_EXHAUSTED
173,kto-2902472,제주사랑농수산,JEJU_CITY,east,동부 (구좌),38,쇼핑,spot,KTO_OVERLAY_FOUND,6,1,7,7,24,29.17,동반 유형: 전구역 동반가능,1,제주사랑농수산,1,38:쇼핑,1,제주특별자치도 제주시 구좌읍 행원로13길 66,0,,1,"33.5533564846247,126.817469246916",0,,1,https://tong.visitkorea.or.kr/cms/resource/07/4043307_image2_1.jpg,0,,0,,0,,0,,0,,0,,0,,1,63358,1,전구역 동반가능,0,,0,,0,,0,,0,,0,,0,,0,,2b91c56fc7b5196bc828c9238081678ed31b26a21a318ac516580238a40ca35b,hank-place-field-audit-v1,Stage3 Firestore snapshot; live read blocked by RESOURCE_EXHAUSTED
174,kto-2902838,올리브영 제주함덕점,JEJU_CITY,east,동부 (조천),38,쇼핑,spot,KTO_OVERLAY_FOUND,6,1,7,7,24,29.17,동반 유형: 전구역 동반가능,1,올리브영 제주함덕점,1,38:쇼핑,1,제주특별자치도 제주시 조천읍 조함해안로 522,0,,1,"33.5424884822858,126.668620085566",0,,1,https://tong.visitkorea.or.kr/cms/resource/85/4029085_image2_1.png,0,,0,,0,,0,,0,,0,,0,,1,63333,1,전구역 동반가능,0,,0,,0,,0,,0,,0,,0,,0,,2b91c56fc7b5196bc828c9238081678ed31b26a21a318ac516580238a40ca35b,hank-place-field-audit-v1,Stage3 Firestore snapshot; live read blocked by RESOURCE_EXHAUSTED
175,kto-2902941,내셔널지오그래픽 제주점,JEJU_CITY,jeju_city,제주시,38,쇼핑,spot,KTO_OVERLAY_FOUND,6,1,7,7,24,29.17,동반 유형: 전구역 동반가능,1,내셔널지오그래픽 제주점,1,38:쇼핑,1,제주특별자치도 제주시 중앙로 37 (일도일동),0,,1,"33.5150088136572,126.524881049205",0,,1,https://tong.visitkorea.or.kr/cms/resource/80/4020380_image2_1.jpg,0,,0,,0,,0,,0,,0,,0,,1,63277,1,전구역 동반가능,0,,0,,0,,0,,0,,0,,0,,0,,2b91c56fc7b5196bc828c9238081678ed31b26a21a318ac516580238a40ca35b,hank-place-field-audit-v1,Stage3 Firestore snapshot; live read blocked by RESOURCE_EXHAUSTED
176,kto-2902945,핑골프스포츠,JEJU_CITY,jeju_city,제주시,38,쇼핑,spot,KTO_OVERLAY_FOUND,6,1,7,7,24,29.17,동반 유형: 전구역 동반가능,1,핑골프스포츠,1,38:쇼핑,1,제주특별자치도 제주시 신광로 72 (연동),0,,1,"33.485591818842,126.489613874976",0,,1,https://tong.visitkorea.or.kr/cms/resource/48/4017448_image2_1.jpeg,0,,0,,0,,0,,0,,0,,0,,1,63132,1,전구역 동반가능,0,,0,,0,,0,,0,,0,,0,,0,,2b91c56fc7b5196bc828c9238081678ed31b26a21a318ac516580238a40ca35b,hank-place-field-audit-v1,Stage3 Firestore snapshot; live read blocked by RESOURCE_EXHAUSTED
177,kto-2903062,크록스 제주점,JEJU_CITY,jeju_city,제주시,38,쇼핑,spot,KTO_OVERLAY_FOUND,6,1,7,7,24,29.17,동반 유형: 전구역 동반가능,1,크록스 제주점,1,38:쇼핑,1,제주특별자치도 제주시 칠성로길 24 (일도일동),0,,1,"33.5142455866901,126.52536687741",0,,1,https://tong.visitkorea.or.kr/cms/resource/82/4020382_image2_1.jpg,0,,0,,0,,0,,0,,0,,0,,1,63277,1,전구역 동반가능,0,,0,,0,,0,,0,,0,,0,,0,,2b91c56fc7b5196bc828c9238081678ed31b26a21a318ac516580238a40ca35b,hank-place-field-audit-v1,Stage3 Firestore snapshot; live read blocked by RESOURCE_EXHAUSTED
178,kto-2905172,까스텔바작,JEJU_CITY,jeju_city,제주시,38,쇼핑,spot,KTO_OVERLAY_FOUND,6,1,7,7,24,29.17,동반 유형: 전구역 동반가능,1,까스텔바작,1,38:쇼핑,1,제주특별자치도 제주시 신광로 72 (연동),0,,1,"33.485591818842,126.489613874976",0,,1,https://tong.visitkorea.or.kr/cms/resource/47/4017447_image2_1.png,0,,0,,0,,0,,0,,0,,0,,1,63132,1,전구역 동반가능,0,,0,,0,,0,,0,,0,,0,,0,,2b91c56fc7b5196bc828c9238081678ed31b26a21a318ac516580238a40ca35b,hank-place-field-audit-v1,Stage3 Firestore snapshot; live read blocked by RESOURCE_EXHAUSTED
179,kto-2905414,트리플스토어 시청점,JEJU_CITY,jeju_city,제주시,38,쇼핑,spot,KTO_OVERLAY_FOUND,6,1,7,7,24,29.17,동반 유형: 전구역 동반가능,1,트리플스토어 시청점,1,38:쇼핑,1,제주특별자치도 제주시 중앙로 246-1 (이도이동),0,,1,"33.497888269321,126.530712168292",0,,1,https://tong.visitkorea.or.kr/cms/resource/79/4020379_image2_1.jpg,0,,0,,0,,0,,0,,0,,0,,1,63207,1,전구역 동반가능,0,,0,,0,,0,,0,,0,,0,,0,,2b91c56fc7b5196bc828c9238081678ed31b26a21a318ac516580238a40ca35b,hank-place-field-audit-v1,Stage3 Firestore snapshot; live read blocked by RESOURCE_EXHAUSTED
180,kto-2905447,아디다스 신제주점,JEJU_CITY,jeju_city,제주시,38,쇼핑,spot,KTO_OVERLAY_FOUND,6,1,7,7,24,29.17,동반 유형: 전구역 동반가능,1,아디다스 신제주점,1,38:쇼핑,1,제주특별자치도 제주시 신광로 63 (연동),0,,1,"33.4864912696602,126.490210718242",0,,1,https://tong.visitkorea.or.kr/cms/resource/72/4020372_image2_1.jpeg,0,,0,,0,,0,,0,,0,,0,,1,63123,1,전구역 동반가능,0,,0,,0,,0,,0,,0,,0,,0,,2b91c56fc7b5196bc828c9238081678ed31b26a21a318ac516580238a40ca35b,hank-place-field-audit-v1,Stage3 Firestore snapshot; live read blocked by RESOURCE_EXHAUSTED
181,kto-2905452,아트박스 제주시청점,JEJU_CITY,jeju_city,제주시,38,쇼핑,spot,KTO_OVERLAY_FOUND,6,1,7,7,24,29.17,동반 유형: 전구역 동반가능,1,아트박스 제주시청점,1,38:쇼핑,1,제주특별자치도 제주시 중앙로 232 (이도이동),0,,1,"33.498885757334,126.530013323323",0,,1,https://tong.visitkorea.or.kr/cms/resource/48/4020348_image2_1.jpg,0,,0,,0,,0,,0,,0,,0,,1,63207,1,전구역 동반가능,0,,0,,0,,0,,0,,0,,0,,0,,2b91c56fc7b5196bc828c9238081678ed31b26a21a318ac516580238a40ca35b,hank-place-field-audit-v1,Stage3 Firestore snapshot; live read blocked by RESOURCE_EXHAUSTED
182,kto-2905453,나이키 서귀포점,SEOGWIPO_CITY,seogwipo,서귀포시,38,쇼핑,spot,KTO_OVERLAY_FOUND,6,1,7,7,24,29.17,동반 유형: 전구역 동반가능,1,나이키 서귀포점,1,38:쇼핑,1,제주특별자치도 서귀포시 이중섭로 3 (서귀동),0,,1,"33.2477751605572,126.564412049668",0,,1,https://tong.visitkorea.or.kr/cms/resource/62/4020362_image2_1.jpg,0,,0,,0,,0,,0,,0,,0,,1,63595,1,전구역 동반가능,0,,0,,0,,0,,0,,0,,0,,0,,2b91c56fc7b5196bc828c9238081678ed31b26a21a318ac516580238a40ca35b,hank-place-field-audit-v1,Stage3 Firestore snapshot; live read blocked by RESOURCE_EXHAUSTED
183,kto-2906542,이니스프리 제주시청점,JEJU_CITY,jeju_city,제주시,38,쇼핑,spot,KTO_OVERLAY_FOUND,6,1,7,7,24,29.17,동반 유형: 전구역 동반가능,1,이니스프리 제주시청점,1,38:쇼핑,1,제주특별자치도 제주시 광양14길 3 (이도이동),0,,1,"33.4981943851995,126.530219156295",0,,1,https://tong.visitkorea.or.kr/cms/resource/39/4020139_image2_1.jpg,0,,0,,0,,0,,0,,0,,0,,1,63207,1,전구역 동반가능,0,,0,,0,,0,,0,,0,,0,,0,,2b91c56fc7b5196bc828c9238081678ed31b26a21a318ac516580238a40ca35b,hank-place-field-audit-v1,Stage3 Firestore snapshot; live read blocked by RESOURCE_EXHAUSTED
184,kto-2906602,스포츠메카 신제주점,JEJU_CITY,jeju_city,제주시,38,쇼핑,spot,KTO_OVERLAY_FOUND,6,1,7,7,24,29.17,동반 유형: 전구역 동반가능,1,스포츠메카 신제주점,1,38:쇼핑,1,제주특별자치도 제주시 삼무로 39 (연동),0,,1,"33.4903013947031,126.491021562127",0,,1,https://tong.visitkorea.or.kr/cms/resource/37/4020337_image2_1.jpg,0,,0,,0,,0,,0,,0,,0,,1,63125,1,전구역 동반가능,0,,0,,0,,0,,0,,0,,0,,0,,2b91c56fc7b5196bc828c9238081678ed31b26a21a318ac516580238a40ca35b,hank-place-field-audit-v1,Stage3 Firestore snapshot; live read blocked by RESOURCE_EXHAUSTED
185,kto-2907051,블랙야크 신제주점,JEJU_CITY,jeju_city,제주시,38,쇼핑,spot,KTO_OVERLAY_FOUND,6,1,7,7,24,29.17,동반 유형: 전구역 동반가능,1,블랙야크 신제주점,1,38:쇼핑,1,제주특별자치도 제주시 도령로 25 (노형동),0,,1,"33.4876167792041,126.481358047521",0,,1,https://tong.visitkorea.or.kr/cms/resource/31/4020331_image2_1.jpg,0,,0,,0,,0,,0,,0,,0,,1,63098,1,전구역 동반가능,0,,0,,0,,0,,0,,0,,0,,0,,2b91c56fc7b5196bc828c9238081678ed31b26a21a318ac516580238a40ca35b,hank-place-field-audit-v1,Stage3 Firestore snapshot; live read blocked by RESOURCE_EXHAUSTED
186,kto-2907184,모이몰른 제주지하2호점,JEJU_CITY,jeju_city,제주시,38,쇼핑,spot,KTO_OVERLAY_FOUND,6,1,7,7,24,29.17,동반 유형: 전구역 동반가능,1,모이몰른 제주지하2호점,1,38:쇼핑,1,제주특별자치도 제주시 중앙로 지하60 (일도일동),0,,1,"33.5131588774745,126.524632092326",0,,1,https://tong.visitkorea.or.kr/cms/resource/49/4020349_image2_1.jpg,0,,0,,0,,0,,0,,0,,0,,1,63168,1,전구역 동반가능,0,,0,,0,,0,,0,,0,,0,,0,,2b91c56fc7b5196bc828c9238081678ed31b26a21a318ac516580238a40ca35b,hank-place-field-audit-v1,Stage3 Firestore snapshot; live read blocked by RESOURCE_EXHAUSTED
187,kto-2907285,다이소 제주연동점,JEJU_CITY,jeju_city,제주시,38,쇼핑,spot,KTO_OVERLAY_FOUND,6,1,7,7,24,29.17,동반 유형: 전구역 동반가능,1,다이소 제주연동점,1,38:쇼핑,1,제주특별자치도 제주시 신대로 105 (연동),0,,1,"33.4879334270823,126.496865932105",0,,1,https://tong.visitkorea.or.kr/cms/resource/48/4029548_image2_1.jpg,0,,0,,0,,0,,0,,0,,0,,1,63122,1,전구역 동반가능,0,,0,,0,,0,,0,,0,,0,,0,,2b91c56fc7b5196bc828c9238081678ed31b26a21a318ac516580238a40ca35b,hank-place-field-audit-v1,Stage3 Firestore snapshot; live read blocked by RESOURCE_EXHAUSTED
188,kto-2907684,셀덴 제주중앙지하상가점,JEJU_CITY,jeju_city,제주시,38,쇼핑,spot,KTO_OVERLAY_FOUND,6,1,7,7,24,29.17,동반 유형: 전구역 동반가능,1,셀덴 제주중앙지하상가점,1,38:쇼핑,1,제주특별자치도 제주시 중앙로 60 (일도일동),0,,1,"33.512837715448,126.524440112964",0,,1,https://tong.visitkorea.or.kr/cms/resource/81/4020381_image2_1.jpg,0,,0,,0,,0,,0,,0,,0,,1,63168,1,전구역 동반가능,0,,0,,0,,0,,0,,0,,0,,0,,2b91c56fc7b5196bc828c9238081678ed31b26a21a318ac516580238a40ca35b,hank-place-field-audit-v1,Stage3 Firestore snapshot; live read blocked by RESOURCE_EXHAUSTED
189,kto-2907769,프리페어 칠성점,JEJU_CITY,jeju_city,제주시,38,쇼핑,spot,KTO_OVERLAY_FOUND,6,1,7,7,24,29.17,동반 유형: 전구역 동반가능,1,프리페어 칠성점,1,38:쇼핑,1,제주특별자치도 제주시 중앙로7길 19 (일도일동),0,,1,"33.514970483975,126.526644189329",0,,1,https://tong.visitkorea.or.kr/cms/resource/81/4017181_image2_1.png,0,,0,,0,,0,,0,,0,,0,,1,63277,1,전구역 동반가능,0,,0,,0,,0,,0,,0,,0,,0,,2b91c56fc7b5196bc828c9238081678ed31b26a21a318ac516580238a40ca35b,hank-place-field-audit-v1,Stage3 Firestore snapshot; live read blocked by RESOURCE_EXHAUSTED
190,kto-2908659,트리플스토어 제원점,JEJU_CITY,jeju_city,제주시,38,쇼핑,spot,KTO_OVERLAY_FOUND,6,1,7,7,24,29.17,동반 유형: 전구역 동반가능,1,트리플스토어 제원점,1,38:쇼핑,1,제주특별자치도 제주시 신광로 43 (연동),0,,1,"33.4882962440632,126.490251360548",0,,1,https://tong.visitkorea.or.kr/cms/resource/96/4020396_image2_1.jpg,0,,0,,0,,0,,0,,0,,0,,1,63124,1,전구역 동반가능,0,,0,,0,,0,,0,,0,,0,,0,,2b91c56fc7b5196bc828c9238081678ed31b26a21a318ac516580238a40ca35b,hank-place-field-audit-v1,Stage3 Firestore snapshot; live read blocked by RESOURCE_EXHAUSTED
191,kto-2909701,정관장 광양점,JEJU_CITY,jeju_city,제주시,38,쇼핑,spot,KTO_OVERLAY_FOUND,6,1,7,7,24,29.17,동반 유형: 전구역 동반가능,1,정관장 광양점,1,38:쇼핑,1,제주특별자치도 제주시 동광로 5 (이도일동),0,,1,"33.501290866393,126.52970997579",0,,1,https://tong.visitkorea.or.kr/cms/resource/33/4020333_image2_1.jpg,0,,0,,0,,0,,0,,0,,0,,1,63197,1,전구역 동반가능,0,,0,,0,,0,,0,,0,,0,,0,,2b91c56fc7b5196bc828c9238081678ed31b26a21a318ac516580238a40ca35b,hank-place-field-audit-v1,Stage3 Firestore snapshot; live read blocked by RESOURCE_EXHAUSTED
192,kto-2909867,에스콰이아 제주점,JEJU_CITY,jeju_city,제주시,38,쇼핑,spot,KTO_OVERLAY_FOUND,6,1,7,7,24,29.17,동반 유형: 전구역 동반가능,1,에스콰이아 제주점,1,38:쇼핑,1,제주특별자치도 제주시 관덕로11길 29 (일도일동),0,,1,"33.5157409292875,126.525475495258",0,,1,https://tong.visitkorea.or.kr/cms/resource/09/4020409_image2_1.jpg,0,,0,,0,,0,,0,,0,,0,,1,63277,1,전구역 동반가능,0,,0,,0,,0,,0,,0,,0,,0,,2b91c56fc7b5196bc828c9238081678ed31b26a21a318ac516580238a40ca35b,hank-place-field-audit-v1,Stage3 Firestore snapshot; live read blocked by RESOURCE_EXHAUSTED
193,kto-2910064,나이키골프 제주점,JEJU_CITY,jeju_city,제주시,38,쇼핑,spot,KTO_OVERLAY_FOUND,6,1,7,7,24,29.17,동반 유형: 전구역 동반가능,1,나이키골프 제주점,1,38:쇼핑,1,"제주특별자치도 제주시 신대로 136 (연동, 코스모스태홍누리안5차아파트)",0,,1,"33.4850752435992,126.496033953453",0,,1,https://tong.visitkorea.or.kr/cms/resource/38/4045538_image2_1.jpg,0,,0,,0,,0,,0,,0,,0,,1,63133,1,전구역 동반가능,0,,0,,0,,0,,0,,0,,0,,0,,2b91c56fc7b5196bc828c9238081678ed31b26a21a318ac516580238a40ca35b,hank-place-field-audit-v1,Stage3 Firestore snapshot; live read blocked by RESOURCE_EXHAUSTED
194,kto-2911139,폴더 제주점,JEJU_CITY,jeju_city,제주시,38,쇼핑,spot,KTO_OVERLAY_FOUND,6,1,7,7,24,29.17,동반 유형: 전구역 동반가능,1,폴더 제주점,1,38:쇼핑,1,제주특별자치도 제주시 관덕로11길 5 (일도일동),0,,1,"33.5136879525006,126.525202016413",0,,1,https://tong.visitkorea.or.kr/cms/resource/10/4020410_image2_1.jpg,0,,0,,0,,0,,0,,0,,0,,1,63277,1,전구역 동반가능,0,,0,,0,,0,,0,,0,,0,,0,,2b91c56fc7b5196bc828c9238081678ed31b26a21a318ac516580238a40ca35b,hank-place-field-audit-v1,Stage3 Firestore snapshot; live read blocked by RESOURCE_EXHAUSTED
195,kto-2911202,뉴발란스 신제주점,JEJU_CITY,jeju_city,제주시,38,쇼핑,spot,KTO_OVERLAY_FOUND,6,1,7,7,24,29.17,동반 유형: 전구역 동반가능,1,뉴발란스 신제주점,1,38:쇼핑,1,제주특별자치도 제주시 신광로 33 (연동),0,,1,"33.4892197069469,126.490395623779",0,,1,https://tong.visitkorea.or.kr/cms/resource/77/4017177_image2_1.jpg,0,,0,,0,,0,,0,,0,,0,,1,63124,1,전구역 동반가능,0,,0,,0,,0,,0,,0,,0,,0,,2b91c56fc7b5196bc828c9238081678ed31b26a21a318ac516580238a40ca35b,hank-place-field-audit-v1,Stage3 Firestore snapshot; live read blocked by RESOURCE_EXHAUSTED
196,kto-2911418,올리브영 제주대학병원점,JEJU_CITY,jeju_city,제주시,38,쇼핑,spot,KTO_OVERLAY_FOUND,6,1,7,7,24,29.17,동반 유형: 전구역 동반가능,1,올리브영 제주대학병원점,1,38:쇼핑,1,제주특별자치도 제주시 중앙로 616 (아라일동),0,,1,"33.4687713436155,126.547021236972",0,,1,https://tong.visitkorea.or.kr/cms/resource/90/4029090_image2_1.png,0,,0,,0,,0,,0,,0,,0,,1,63241,1,전구역 동반가능,0,,0,,0,,0,,0,,0,,0,,0,,2b91c56fc7b5196bc828c9238081678ed31b26a21a318ac516580238a40ca35b,hank-place-field-audit-v1,Stage3 Firestore snapshot; live read blocked by RESOURCE_EXHAUSTED
197,kto-2912373,네이처컬렉션 제주롯데시티점,JEJU_CITY,jeju_city,제주시,38,쇼핑,spot,KTO_OVERLAY_FOUND,6,1,7,7,24,29.17,동반 유형: 전구역 동반가능,1,네이처컬렉션 제주롯데시티점,1,38:쇼핑,1,"제주특별자치도 제주시 도령로 73 (연동, 연동 펠리체)",0,,1,"33.4901161837273,126.485948322561",0,,1,https://tong.visitkorea.or.kr/cms/resource/32/4020332_image2_1.jpg,0,,0,,0,,0,,0,,0,,0,,1,63127,1,전구역 동반가능,0,,0,,0,,0,,0,,0,,0,,0,,2b91c56fc7b5196bc828c9238081678ed31b26a21a318ac516580238a40ca35b,hank-place-field-audit-v1,Stage3 Firestore snapshot; live read blocked by RESOURCE_EXHAUSTED
198,kto-2912378,데상트 서귀포점,SEOGWIPO_CITY,seogwipo,서귀포시,38,쇼핑,spot,KTO_OVERLAY_FOUND,6,1,7,7,24,29.17,동반 유형: 전구역 동반가능,1,데상트 서귀포점,1,38:쇼핑,1,제주특별자치도 서귀포시 중정로 88 (서귀동),0,,1,"33.2481931583118,126.565727474486",0,,1,https://tong.visitkorea.or.kr/cms/resource/44/4017144_image2_1.jpg,0,,0,,0,,0,,0,,0,,0,,1,63595,1,전구역 동반가능,0,,0,,0,,0,,0,,0,,0,,0,,2b91c56fc7b5196bc828c9238081678ed31b26a21a318ac516580238a40ca35b,hank-place-field-audit-v1,Stage3 Firestore snapshot; live read blocked by RESOURCE_EXHAUSTED
199,kto-2912411,올리브영 제주외도점,JEJU_CITY,jeju_city,제주시,38,쇼핑,spot,KTO_OVERLAY_FOUND,6,1,7,7,24,29.17,동반 유형: 전구역 동반가능,1,올리브영 제주외도점,1,38:쇼핑,1,제주특별자치도 제주시 우정로 79 (외도일동),0,,1,"33.4855842955987,126.431112034906",0,,1,https://tong.visitkorea.or.kr/cms/resource/83/4029083_image2_1.jpg,0,,0,,0,,0,,0,,0,,0,,1,63070,1,전구역 동반가능,0,,0,,0,,0,,0,,0,,0,,0,,2b91c56fc7b5196bc828c9238081678ed31b26a21a318ac516580238a40ca35b,hank-place-field-audit-v1,Stage3 Firestore snapshot; live read blocked by RESOURCE_EXHAUSTED
200,kto-2912462,캘빈클라인 구제주대리점,JEJU_CITY,jeju_city,제주시,38,쇼핑,spot,KTO_OVERLAY_FOUND,6,1,7,7,24,29.17,동반 유형: 전구역 동반가능,1,캘빈클라인 구제주대리점,1,38:쇼핑,1,제주특별자치도 제주시 중앙로7길 9 (일도일동),0,,1,"33.5150207960801,126.525702228467",0,,1,https://tong.visitkorea.or.kr/cms/resource/37/4017437_image2_1.jpeg,0,,0,,0,,0,,0,,0,,0,,1,63277,1,전구역 동반가능,0,,0,,0,,0,,0,,0,,0,,0,,2b91c56fc7b5196bc828c9238081678ed31b26a21a318ac516580238a40ca35b,hank-place-field-audit-v1,Stage3 Firestore snapshot; live read blocked by RESOURCE_EXHAUSTED
201,kto-2912507,쌤소나이트 칠성로점,JEJU_CITY,jeju_city,제주시,38,쇼핑,spot,KTO_OVERLAY_FOUND,6,1,7,7,24,29.17,동반 유형: 전구역 동반가능,1,쌤소나이트 칠성로점,1,38:쇼핑,1,제주특별자치도 제주시 중앙로 67 (이도일동),0,,1,"33.512143480794,126.524742907346",0,,1,https://tong.visitkorea.or.kr/cms/resource/53/4017153_image2_1.jpg,0,,0,,0,,0,,0,,0,,0,,1,63192,1,전구역 동반가능,0,,0,,0,,0,,0,,0,,0,,0,,2b91c56fc7b5196bc828c9238081678ed31b26a21a318ac516580238a40ca35b,hank-place-field-audit-v1,Stage3 Firestore snapshot; live read blocked by RESOURCE_EXHAUSTED
202,kto-2913804,올리브영 제주하귀점,JEJU_CITY,west,서부 (애월),38,쇼핑,spot,KTO_OVERLAY_FOUND,6,1,7,7,24,29.17,동반 유형: 전구역 동반가능,1,올리브영 제주하귀점,1,38:쇼핑,1,제주특별자치도 제주시 애월읍 하귀로 121,0,,1,"33.4842093466505,126.408648557804",0,,1,https://tong.visitkorea.or.kr/cms/resource/79/4029079_image2_1.jpg,0,,0,,0,,0,,0,,0,,0,,1,63053,1,전구역 동반가능,0,,0,,0,,0,,0,,0,,0,,0,,2b91c56fc7b5196bc828c9238081678ed31b26a21a318ac516580238a40ca35b,hank-place-field-audit-v1,Stage3 Firestore snapshot; live read blocked by RESOURCE_EXHAUSTED
203,kto-2913989,롯데하이마트 제주점,JEJU_CITY,jeju_city,제주시,38,쇼핑,spot,KTO_OVERLAY_FOUND,6,1,7,7,24,29.17,동반 유형: 전구역 동반가능,1,롯데하이마트 제주점,1,38:쇼핑,1,제주특별자치도 제주시 서사로 15 (삼도이동),0,,1,"33.5109536168371,126.520149689062",0,,1,https://tong.visitkorea.or.kr/cms/resource/01/4020401_image2_1.jpg,0,,0,,0,,0,,0,,0,,0,,1,63168,1,전구역 동반가능,0,,0,,0,,0,,0,,0,,0,,0,,2b91c56fc7b5196bc828c9238081678ed31b26a21a318ac516580238a40ca35b,hank-place-field-audit-v1,Stage3 Firestore snapshot; live read blocked by RESOURCE_EXHAUSTED
204,kto-2914960,바인드,JEJU_CITY,jeju_city,제주시,38,쇼핑,spot,KTO_OVERLAY_FOUND,6,1,7,7,24,29.17,동반 유형: 전구역 동반가능,1,바인드,1,38:쇼핑,1,제주특별자치도 제주시 관덕로11길 7 (일도일동),0,,1,"33.5137460170367,126.525320202159",0,,1,https://tong.visitkorea.or.kr/cms/resource/65/4020365_image2_1.jpg,0,,0,,0,,0,,0,,0,,0,,1,63277,1,전구역 동반가능,0,,0,,0,,0,,0,,0,,0,,0,,2b91c56fc7b5196bc828c9238081678ed31b26a21a318ac516580238a40ca35b,hank-place-field-audit-v1,Stage3 Firestore snapshot; live read blocked by RESOURCE_EXHAUSTED
205,kto-2915071,팬텀골프 신제주점,JEJU_CITY,jeju_city,제주시,38,쇼핑,spot,KTO_OVERLAY_FOUND,6,1,7,7,24,29.17,동반 유형: 전구역 동반가능,1,팬텀골프 신제주점,1,38:쇼핑,1,제주특별자치도 제주시 신대로12길 56 (연동),0,,1,"33.4889788347932,126.490622997148",0,,1,https://tong.visitkorea.or.kr/cms/resource/42/4020342_image2_1.jpg,0,,0,,0,,0,,0,,0,,0,,1,63124,1,전구역 동반가능,0,,0,,0,,0,,0,,0,,0,,0,,2b91c56fc7b5196bc828c9238081678ed31b26a21a318ac516580238a40ca35b,hank-place-field-audit-v1,Stage3 Firestore snapshot; live read blocked by RESOURCE_EXHAUSTED
206,kto-2916519,아트박스 제주칠성점,JEJU_CITY,jeju_city,제주시,38,쇼핑,spot,KTO_OVERLAY_FOUND,6,1,7,7,24,29.17,동반 유형: 전구역 동반가능,1,아트박스 제주칠성점,1,38:쇼핑,1,제주특별자치도 제주시 관덕로11길 1 (일도일동),0,,1,"33.513497350824,126.525200581999",0,,1,https://tong.visitkorea.or.kr/cms/resource/35/4020135_image2_1.jpg,0,,0,,0,,0,,0,,0,,0,,1,63277,1,전구역 동반가능,0,,0,,0,,0,,0,,0,,0,,0,,2b91c56fc7b5196bc828c9238081678ed31b26a21a318ac516580238a40ca35b,hank-place-field-audit-v1,Stage3 Firestore snapshot; live read blocked by RESOURCE_EXHAUSTED
207,kto-2917170,LG전자 베스트샵 제주본점,JEJU_CITY,jeju_city,제주시,38,쇼핑,spot,KTO_OVERLAY_FOUND,6,1,7,7,24,29.17,동반 유형: 전구역 동반가능,1,LG전자 베스트샵 제주본점,1,38:쇼핑,1,제주특별자치도 제주시 도령로 36 (노형동),0,,1,"33.4877040322364,126.482906423201",0,,1,https://tong.visitkorea.or.kr/cms/resource/64/4017364_image2_1.jpg,0,,0,,0,,0,,0,,0,,0,,1,63081,1,전구역 동반가능,0,,0,,0,,0,,0,,0,,0,,0,,2b91c56fc7b5196bc828c9238081678ed31b26a21a318ac516580238a40ca35b,hank-place-field-audit-v1,Stage3 Firestore snapshot; live read blocked by RESOURCE_EXHAUSTED
208,kto-2917176,LG전자 베스트샵 이도본점,JEJU_CITY,jeju_city,제주시,38,쇼핑,spot,KTO_OVERLAY_FOUND,6,1,7,7,24,29.17,동반 유형: 전구역 동반가능,1,LG전자 베스트샵 이도본점,1,38:쇼핑,1,제주특별자치도 제주시 중앙로 335 (이도이동),0,,1,"33.4917802437954,126.536918845824",0,,1,https://tong.visitkorea.or.kr/cms/resource/46/4045746_image2_1.jpg,0,,0,,0,,0,,0,,0,,0,,1,63231,1,전구역 동반가능,0,,0,,0,,0,,0,,0,,0,,0,,2b91c56fc7b5196bc828c9238081678ed31b26a21a318ac516580238a40ca35b,hank-place-field-audit-v1,Stage3 Firestore snapshot; live read blocked by RESOURCE_EXHAUSTED
209,kto-2917746,유니클로 제주이도점,JEJU_CITY,jeju_city,제주시,38,쇼핑,spot,KTO_OVERLAY_FOUND,6,1,7,7,24,29.17,동반 유형: 전구역 동반가능,1,유니클로 제주이도점,1,38:쇼핑,1,제주특별자치도 제주시 구남로8길 1 (이도이동),0,,1,"33.4912166755807,126.536224570095",0,,1,https://tong.visitkorea.or.kr/cms/resource/25/4017325_image2_1.jpg,0,,0,,0,,0,,0,,0,,0,,1,63232,1,전구역 동반가능,0,,0,,0,,0,,0,,0,,0,,0,,2b91c56fc7b5196bc828c9238081678ed31b26a21a318ac516580238a40ca35b,hank-place-field-audit-v1,Stage3 Firestore snapshot; live read blocked by RESOURCE_EXHAUSTED
210,kto-2918547,올리브영 제주중문점,SEOGWIPO_CITY,seogwipo,서귀포시,38,쇼핑,spot,KTO_OVERLAY_FOUND,6,1,7,7,24,29.17,동반 유형: 전구역 동반가능,1,올리브영 제주중문점,1,38:쇼핑,1,제주특별자치도 서귀포시 중문관광로110번길 32 (색달동),0,,1,"33.2511965704814,126.412639076353",0,,1,https://tong.visitkorea.or.kr/cms/resource/55/4029055_image2_1.jpg,0,,0,,0,,0,,0,,0,,0,,1,63535,1,전구역 동반가능,0,,0,,0,,0,,0,,0,,0,,0,,2b91c56fc7b5196bc828c9238081678ed31b26a21a318ac516580238a40ca35b,hank-place-field-audit-v1,Stage3 Firestore snapshot; live read blocked by RESOURCE_EXHAUSTED
211,kto-2918690,데상트 신제주점,JEJU_CITY,jeju_city,제주시,38,쇼핑,spot,KTO_OVERLAY_FOUND,6,1,7,7,24,29.17,동반 유형: 전구역 동반가능,1,데상트 신제주점,1,38:쇼핑,1,제주특별자치도 제주시 신광로 60 (연동),0,,1,"33.4867841749432,126.489679617623",0,,1,https://tong.visitkorea.or.kr/cms/resource/40/4020340_image2_1.png,0,,0,,0,,0,,0,,0,,0,,1,63131,1,전구역 동반가능,0,,0,,0,,0,,0,,0,,0,,0,,2b91c56fc7b5196bc828c9238081678ed31b26a21a318ac516580238a40ca35b,hank-place-field-audit-v1,Stage3 Firestore snapshot; live read blocked by RESOURCE_EXHAUSTED
212,kto-2923102,레노마 골프 제주점,JEJU_CITY,jeju_city,제주시,38,쇼핑,spot,KTO_OVERLAY_FOUND,6,1,7,7,24,29.17,동반 유형: 전구역 동반가능,1,레노마 골프 제주점,1,38:쇼핑,1,제주특별자치도 제주시 관덕로11길 12 (일도일동),0,,1,"33.5140486705839,126.525552865214",0,,1,https://tong.visitkorea.or.kr/cms/resource/06/4020406_image2_1.jpg,0,,0,,0,,0,,0,,0,,0,,1,63277,1,전구역 동반가능,0,,0,,0,,0,,0,,0,,0,,0,,2b91c56fc7b5196bc828c9238081678ed31b26a21a318ac516580238a40ca35b,hank-place-field-audit-v1,Stage3 Firestore snapshot; live read blocked by RESOURCE_EXHAUSTED
213,kto-2923429,엠 할리데이 제주점,JEJU_CITY,jeju_city,제주시,38,쇼핑,spot,KTO_OVERLAY_FOUND,6,1,7,7,24,29.17,동반 유형: 전구역 동반가능,1,엠 할리데이 제주점,1,38:쇼핑,1,제주특별자치도 제주시 중앙로 60 (일도일동),0,,1,"33.512837715448,126.524440112964",0,,1,https://tong.visitkorea.or.kr/cms/resource/62/4045062_image2_1.png,0,,0,,0,,0,,0,,0,,0,,1,63168,1,전구역 동반가능,0,,0,,0,,0,,0,,0,,0,,0,,2b91c56fc7b5196bc828c9238081678ed31b26a21a318ac516580238a40ca35b,hank-place-field-audit-v1,Stage3 Firestore snapshot; live read blocked by RESOURCE_EXHAUSTED
214,kto-2923531,이니스프리 제주롯데시티점,JEJU_CITY,jeju_city,제주시,38,쇼핑,spot,KTO_OVERLAY_FOUND,6,1,7,7,24,29.17,동반 유형: 전구역 동반가능,1,이니스프리 제주롯데시티점,1,38:쇼핑,1,제주특별자치도 제주시 삼무로 2 (연동),0,,1,"33.4897881063806,126.486821300623",0,,1,https://tong.visitkorea.or.kr/cms/resource/54/4017154_image2_1.jpg,0,,0,,0,,0,,0,,0,,0,,1,63129,1,전구역 동반가능,0,,0,,0,,0,,0,,0,,0,,0,,2b91c56fc7b5196bc828c9238081678ed31b26a21a318ac516580238a40ca35b,hank-place-field-audit-v1,Stage3 Firestore snapshot; live read blocked by RESOURCE_EXHAUSTED
215,kto-2924017,캘빈클라인진 신제주대리점,JEJU_CITY,jeju_city,제주시,38,쇼핑,spot,KTO_OVERLAY_FOUND,6,1,7,7,24,29.17,동반 유형: 전구역 동반가능,1,캘빈클라인진 신제주대리점,1,38:쇼핑,1,제주특별자치도 제주시 신광로 66 (연동),0,,1,"33.4863096456011,126.489762023133",0,,1,https://tong.visitkorea.or.kr/cms/resource/12/4020412_image2_1.jpg,0,,0,,0,,0,,0,,0,,0,,1,63131,1,전구역 동반가능,0,,0,,0,,0,,0,,0,,0,,0,,2b91c56fc7b5196bc828c9238081678ed31b26a21a318ac516580238a40ca35b,hank-place-field-audit-v1,Stage3 Firestore snapshot; live read blocked by RESOURCE_EXHAUSTED
216,kto-2924144,라코스테 신제주점,JEJU_CITY,jeju_city,제주시,38,쇼핑,spot,KTO_OVERLAY_FOUND,6,1,7,7,24,29.17,동반 유형: 전구역 동반가능,1,라코스테 신제주점,1,38:쇼핑,1,제주특별자치도 제주시 신광로 66 (연동),0,,1,"33.4863096456011,126.489762023133",0,,1,https://tong.visitkorea.or.kr/cms/resource/39/4020339_image2_1.jpg,0,,0,,0,,0,,0,,0,,0,,1,63131,1,전구역 동반가능,0,,0,,0,,0,,0,,0,,0,,0,,2b91c56fc7b5196bc828c9238081678ed31b26a21a318ac516580238a40ca35b,hank-place-field-audit-v1,Stage3 Firestore snapshot; live read blocked by RESOURCE_EXHAUSTED
217,kto-2924160,삼성패션아울렛 제주점,JEJU_CITY,jeju_city,제주시,38,쇼핑,spot,KTO_OVERLAY_FOUND,6,1,7,7,24,29.17,동반 유형: 전구역 동반가능,1,삼성패션아울렛 제주점,1,38:쇼핑,1,제주특별자치도 제주시 중앙로7길 14 (일도일동),0,,1,"33.5147387867545,126.526199095803",0,,1,https://tong.visitkorea.or.kr/cms/resource/15/4020415_image2_1.jpg,0,,0,,0,,0,,0,,0,,0,,1,63277,1,전구역 동반가능,0,,0,,0,,0,,0,,0,,0,,0,,2b91c56fc7b5196bc828c9238081678ed31b26a21a318ac516580238a40ca35b,hank-place-field-audit-v1,Stage3 Firestore snapshot; live read blocked by RESOURCE_EXHAUSTED
218,kto-2924333,베베드피노 제주노형점,JEJU_CITY,jeju_city,제주시,38,쇼핑,spot,KTO_OVERLAY_FOUND,6,1,7,7,24,29.17,동반 유형: 전구역 동반가능,1,베베드피노 제주노형점,1,38:쇼핑,1,제주특별자치도 제주시 월랑로 47 (노형동),0,,1,"33.4894755284887,126.475048177158",0,,1,https://tong.visitkorea.or.kr/cms/resource/71/4042071_image2_1.jpg,0,,0,,0,,0,,0,,0,,0,,1,63100,1,전구역 동반가능,0,,0,,0,,0,,0,,0,,0,,0,,2b91c56fc7b5196bc828c9238081678ed31b26a21a318ac516580238a40ca35b,hank-place-field-audit-v1,Stage3 Firestore snapshot; live read blocked by RESOURCE_EXHAUSTED
219,kto-2924420,팬텀 제주중앙점,JEJU_CITY,jeju_city,제주시,38,쇼핑,spot,KTO_OVERLAY_FOUND,6,1,7,7,24,29.17,동반 유형: 전구역 동반가능,1,팬텀 제주중앙점,1,38:쇼핑,1,제주특별자치도 제주시 중앙로 59 (이도일동),0,,1,"33.5129515240403,126.52498787071",0,,1,https://tong.visitkorea.or.kr/cms/resource/61/4045061_image2_1.png,0,,0,,0,,0,,0,,0,,0,,1,63192,1,전구역 동반가능,0,,0,,0,,0,,0,,0,,0,,0,,2b91c56fc7b5196bc828c9238081678ed31b26a21a318ac516580238a40ca35b,hank-place-field-audit-v1,Stage3 Firestore snapshot; live read blocked by RESOURCE_EXHAUSTED
220,kto-2924425,스케쳐스 신제주점,JEJU_CITY,jeju_city,제주시,38,쇼핑,spot,KTO_OVERLAY_FOUND,6,1,7,7,24,29.17,동반 유형: 전구역 동반가능,1,스케쳐스 신제주점,1,38:쇼핑,1,제주특별자치도 제주시 신광로 68 (연동),0,,1,"33.486206392079,126.489734975976",0,,1,https://tong.visitkorea.or.kr/cms/resource/38/4020338_image2_1.jpg,0,,0,,0,,0,,0,,0,,0,,1,63131,1,전구역 동반가능,0,,0,,0,,0,,0,,0,,0,,0,,2b91c56fc7b5196bc828c9238081678ed31b26a21a318ac516580238a40ca35b,hank-place-field-audit-v1,Stage3 Firestore snapshot; live read blocked by RESOURCE_EXHAUSTED
221,kto-2924636,아디다스 제주점,JEJU_CITY,jeju_city,제주시,38,쇼핑,spot,KTO_OVERLAY_FOUND,6,1,7,7,24,29.17,동반 유형: 전구역 동반가능,1,아디다스 제주점,1,38:쇼핑,1,제주특별자치도 제주시 중앙로7길 12 (일도일동),0,,1,"33.5147445606913,126.525940852008",0,,1,https://tong.visitkorea.or.kr/cms/resource/63/4045063_image2_1.png,0,,0,,0,,0,,0,,0,,0,,1,63277,1,전구역 동반가능,0,,0,,0,,0,,0,,0,,0,,0,,2b91c56fc7b5196bc828c9238081678ed31b26a21a318ac516580238a40ca35b,hank-place-field-audit-v1,Stage3 Firestore snapshot; live read blocked by RESOURCE_EXHAUSTED
222,kto-2924947,빈폴 제주점,JEJU_CITY,jeju_city,제주시,38,쇼핑,spot,KTO_OVERLAY_FOUND,6,1,7,7,24,29.17,동반 유형: 전구역 동반가능,1,빈폴 제주점,1,38:쇼핑,1,제주특별자치도 제주시 관덕로11길 15 (일도일동),0,,1,"33.5144060763719,126.525321548668",0,,1,https://tong.visitkorea.or.kr/cms/resource/07/4020407_image2_1.jpg,0,,0,,0,,0,,0,,0,,0,,1,63277,1,전구역 동반가능,0,,0,,0,,0,,0,,0,,0,,0,,2b91c56fc7b5196bc828c9238081678ed31b26a21a318ac516580238a40ca35b,hank-place-field-audit-v1,Stage3 Firestore snapshot; live read blocked by RESOURCE_EXHAUSTED
223,kto-2925633,이마트 제주점,JEJU_CITY,jeju_city,제주시,38,쇼핑,spot,KTO_OVERLAY_FOUND,6,1,7,7,24,29.17,동반 유형: 전구역 동반가능,1,이마트 제주점,1,38:쇼핑,1,제주특별자치도 제주시 탑동로 38 (삼도이동),0,,1,"33.5179748474968,126.521177288784",0,,1,https://tong.visitkorea.or.kr/cms/resource/62/4042262_image2_1.png,0,,0,,0,,0,,0,,0,,0,,1,63165,1,전구역 동반가능,0,,0,,0,,0,,0,,0,,0,,0,,2b91c56fc7b5196bc828c9238081678ed31b26a21a318ac516580238a40ca35b,hank-place-field-audit-v1,Stage3 Firestore snapshot; live read blocked by RESOURCE_EXHAUSTED
224,kto-2925674,게스 제주점,JEJU_CITY,jeju_city,제주시,38,쇼핑,spot,KTO_OVERLAY_FOUND,6,1,7,7,24,29.17,동반 유형: 전구역 동반가능,1,게스 제주점,1,38:쇼핑,1,제주특별자치도 제주시 중앙로 39 (일도일동),0,,1,"33.514790385505,126.524911627091",0,,1,https://tong.visitkorea.or.kr/cms/resource/13/4020413_image2_1.jpg,0,,0,,0,,0,,0,,0,,0,,1,63277,1,전구역 동반가능,0,,0,,0,,0,,0,,0,,0,,0,,2b91c56fc7b5196bc828c9238081678ed31b26a21a318ac516580238a40ca35b,hank-place-field-audit-v1,Stage3 Firestore snapshot; live read blocked by RESOURCE_EXHAUSTED
225,kto-2925794,한섬 FX 마인 더캐시미어 제주점,JEJU_CITY,jeju_city,제주시,38,쇼핑,spot,KTO_OVERLAY_FOUND,6,1,7,7,24,29.17,동반 유형: 전구역 동반가능,1,한섬 FX 마인 더캐시미어 제주점,1,38:쇼핑,1,제주특별자치도 제주시 1100로 3178 (노형동),0,,1,"33.4698115556,126.4853321892",0,,1,https://tong.visitkorea.or.kr/cms/resource/86/4020086_image2_1.jpg,0,,0,,0,,0,,0,,0,,0,,1,63091,1,전구역 동반가능,0,,0,,0,,0,,0,,0,,0,,0,,2b91c56fc7b5196bc828c9238081678ed31b26a21a318ac516580238a40ca35b,hank-place-field-audit-v1,Stage3 Firestore snapshot; live read blocked by RESOURCE_EXHAUSTED
226,kto-2925821,다이나핏 제주점,JEJU_CITY,jeju_city,제주시,38,쇼핑,spot,KTO_OVERLAY_FOUND,6,1,7,7,24,29.17,동반 유형: 전구역 동반가능,1,다이나핏 제주점,1,38:쇼핑,1,제주특별자치도 제주시 중앙로7길 9 (일도일동),0,,1,"33.5150207960801,126.525702228467",0,,1,https://tong.visitkorea.or.kr/cms/resource/71/4020371_image2_1.jpg,0,,0,,0,,0,,0,,0,,0,,1,63277,1,전구역 동반가능,0,,0,,0,,0,,0,,0,,0,,0,,2b91c56fc7b5196bc828c9238081678ed31b26a21a318ac516580238a40ca35b,hank-place-field-audit-v1,Stage3 Firestore snapshot; live read blocked by RESOURCE_EXHAUSTED
227,kto-2928848,베스띠벨리 구제주점,JEJU_CITY,jeju_city,제주시,38,쇼핑,spot,KTO_OVERLAY_FOUND,6,1,7,7,24,29.17,동반 유형: 전구역 동반가능,1,베스띠벨리 구제주점,1,38:쇼핑,1,제주특별자치도 제주시 중앙로 41 (일도일동),0,,1,"33.5144850519124,126.52485022306",0,,1,https://tong.visitkorea.or.kr/cms/resource/60/4045060_image2_1.png,0,,0,,0,,0,,0,,0,,0,,1,63277,1,전구역 동반가능,0,,0,,0,,0,,0,,0,,0,,0,,2b91c56fc7b5196bc828c9238081678ed31b26a21a318ac516580238a40ca35b,hank-place-field-audit-v1,Stage3 Firestore snapshot; live read blocked by RESOURCE_EXHAUSTED
228,kto-2929365,MLB 제주점,JEJU_CITY,jeju_city,제주시,38,쇼핑,spot,KTO_OVERLAY_FOUND,6,1,7,7,24,29.17,동반 유형: 전구역 동반가능,1,MLB 제주점,1,38:쇼핑,1,제주특별자치도 제주시 중앙로7길 9 (일도일동),0,,1,"33.5150207960801,126.525702228467",0,,1,https://tong.visitkorea.or.kr/cms/resource/16/4020416_image2_1.jpg,0,,0,,0,,0,,0,,0,,0,,1,63277,1,전구역 동반가능,0,,0,,0,,0,,0,,0,,0,,0,,2b91c56fc7b5196bc828c9238081678ed31b26a21a318ac516580238a40ca35b,hank-place-field-audit-v1,Stage3 Firestore snapshot; live read blocked by RESOURCE_EXHAUSTED
229,kto-2930887,크록스 제주중문점,SEOGWIPO_CITY,seogwipo,서귀포시,38,쇼핑,spot,KTO_OVERLAY_FOUND,6,1,7,7,24,29.17,동반 유형: 전구역 동반가능,1,크록스 제주중문점,1,38:쇼핑,1,제주특별자치도 서귀포시 중문관광로72번길 29-9 (색달동),0,,1,"33.249698457597,126.411556504447",0,,1,https://tong.visitkorea.or.kr/cms/resource/82/4020082_image2_1.jpg,0,,0,,0,,0,,0,,0,,0,,1,63535,1,전구역 동반가능,0,,0,,0,,0,,0,,0,,0,,0,,2b91c56fc7b5196bc828c9238081678ed31b26a21a318ac516580238a40ca35b,hank-place-field-audit-v1,Stage3 Firestore snapshot; live read blocked by RESOURCE_EXHAUSTED
230,kto-2931335,라코스테 제주점,JEJU_CITY,jeju_city,제주시,38,쇼핑,spot,KTO_OVERLAY_FOUND,6,1,7,7,24,29.17,동반 유형: 전구역 동반가능,1,라코스테 제주점,1,38:쇼핑,1,제주특별자치도 제주시 관덕로11길 8 (일도일동),0,,1,"33.5138407881265,126.525582737694",0,,1,https://tong.visitkorea.or.kr/cms/resource/75/4041875_image2_1.jpeg,0,,0,,0,,0,,0,,0,,0,,1,63277,1,전구역 동반가능,0,,0,,0,,0,,0,,0,,0,,0,,2b91c56fc7b5196bc828c9238081678ed31b26a21a318ac516580238a40ca35b,hank-place-field-audit-v1,Stage3 Firestore snapshot; live read blocked by RESOURCE_EXHAUSTED
231,kto-2931669,뉴발란스 제주점,JEJU_CITY,jeju_city,제주시,38,쇼핑,spot,KTO_OVERLAY_FOUND,6,1,7,7,24,29.17,동반 유형: 전구역 동반가능,1,뉴발란스 제주점,1,38:쇼핑,1,제주특별자치도 제주시 관덕로11길 16 (일도일동),0,,1,"33.5144874595037,126.525619570515",0,,1,https://tong.visitkorea.or.kr/cms/resource/36/4020136_image2_1.jpg,0,,0,,0,,0,,0,,0,,0,,1,63277,1,전구역 동반가능,0,,0,,0,,0,,0,,0,,0,,0,,2b91c56fc7b5196bc828c9238081678ed31b26a21a318ac516580238a40ca35b,hank-place-field-audit-v1,Stage3 Firestore snapshot; live read blocked by RESOURCE_EXHAUSTED
232,kto-2931671,블랙야크 서귀포점,SEOGWIPO_CITY,seogwipo,서귀포시,38,쇼핑,spot,KTO_OVERLAY_FOUND,6,1,7,7,24,29.17,동반 유형: 전구역 동반가능,1,블랙야크 서귀포점,1,38:쇼핑,1,제주특별자치도 서귀포시 중앙로 54 (서귀동),0,,1,"33.2493323281287,126.561808783056",0,,1,https://tong.visitkorea.or.kr/cms/resource/04/4020404_image2_1.jpg,0,,0,,0,,0,,0,,0,,0,,1,63591,1,전구역 동반가능,0,,0,,0,,0,,0,,0,,0,,0,,2b91c56fc7b5196bc828c9238081678ed31b26a21a318ac516580238a40ca35b,hank-place-field-audit-v1,Stage3 Firestore snapshot; live read blocked by RESOURCE_EXHAUSTED
233,kto-3305345,오렌즈 신제주점,JEJU_CITY,jeju_city,제주시,38,쇼핑,spot,KTO_OVERLAY_FOUND,6,1,7,7,24,29.17,동반 유형: 전구역 동반가능,1,오렌즈 신제주점,1,38:쇼핑,1,제주특별자치도 제주시 신광로 63-1 (연동),0,,1,"33.4863409310908,126.490156401301",0,,1,https://tong.visitkorea.or.kr/cms/resource/73/4020373_image2_1.jpg,0,,0,,0,,0,,0,,0,,0,,1,63123,1,전구역 동반가능,0,,0,,0,,0,,0,,0,,0,,0,,2b91c56fc7b5196bc828c9238081678ed31b26a21a318ac516580238a40ca35b,hank-place-field-audit-v1,Stage3 Firestore snapshot; live read blocked by RESOURCE_EXHAUSTED
234,kto-3305425,CU 제주신화빌라스점,SEOGWIPO_CITY,west,서부 (안덕),38,쇼핑,spot,KTO_OVERLAY_FOUND,6,1,7,7,24,29.17,동반 유형: 전구역 동반가능,1,CU 제주신화빌라스점,1,38:쇼핑,1,제주특별자치도 서귀포시 안덕면 신화역사로304번길 139,0,,1,"33.3013855011924,126.317525210778",0,,1,https://tong.visitkorea.or.kr/cms/resource/09/4044509_image2_1.jpg,0,,0,,0,,0,,0,,0,,0,,1,63522,1,전구역 동반가능,0,,0,,0,,0,,0,,0,,0,,0,,2b91c56fc7b5196bc828c9238081678ed31b26a21a318ac516580238a40ca35b,hank-place-field-audit-v1,Stage3 Firestore snapshot; live read blocked by RESOURCE_EXHAUSTED
235,kto-3305511,CU 제주열린점,JEJU_CITY,jeju_city,제주시,38,쇼핑,spot,KTO_OVERLAY_FOUND,6,1,7,7,24,29.17,동반 유형: 전구역 동반가능,1,CU 제주열린점,1,38:쇼핑,1,제주특별자치도 제주시 삼무로 11 (연동),0,,1,"33.4902110670701,126.4879823138",0,,1,https://tong.visitkorea.or.kr/cms/resource/34/4020334_image2_1.jpg,0,,0,,0,,0,,0,,0,,0,,1,63125,1,전구역 동반가능,0,,0,,0,,0,,0,,0,,0,,0,,2b91c56fc7b5196bc828c9238081678ed31b26a21a318ac516580238a40ca35b,hank-place-field-audit-v1,Stage3 Firestore snapshot; live read blocked by RESOURCE_EXHAUSTED
236,kto-3305535,코치 신세계사이먼프리미엄 아울렛 제주점,SEOGWIPO_CITY,west,서부 (안덕),38,쇼핑,spot,KTO_OVERLAY_FOUND,6,1,7,7,24,29.17,동반 유형: 전구역 동반가능,1,코치 신세계사이먼프리미엄 아울렛 제주점,1,38:쇼핑,1,제주특별자치도 서귀포시 안덕면 신화역사로304번길 38,0,,1,"33.3049726791712,126.31635202613",0,,1,https://tong.visitkorea.or.kr/cms/resource/09/4024209_image2_1.jpg,0,,0,,0,,0,,0,,0,,0,,1,63522,1,전구역 동반가능,0,,0,,0,,0,,0,,0,,0,,0,,2b91c56fc7b5196bc828c9238081678ed31b26a21a318ac516580238a40ca35b,hank-place-field-audit-v1,Stage3 Firestore snapshot; live read blocked by RESOURCE_EXHAUSTED
237,kto-3305760,올리브영 서귀포점,SEOGWIPO_CITY,seogwipo,서귀포시,38,쇼핑,spot,KTO_OVERLAY_FOUND,6,1,7,7,24,29.17,동반 유형: 전구역 동반가능,1,올리브영 서귀포점,1,38:쇼핑,1,제주특별자치도 서귀포시 중정로61번길 4 (서귀동),0,,1,"33.2481014840114,126.563107742108",0,,1,https://tong.visitkorea.or.kr/cms/resource/56/4029056_image2_1.jpg,0,,0,,0,,0,,0,,0,,0,,1,63591,1,전구역 동반가능,0,,0,,0,,0,,0,,0,,0,,0,,2b91c56fc7b5196bc828c9238081678ed31b26a21a318ac516580238a40ca35b,hank-place-field-audit-v1,Stage3 Firestore snapshot; live read blocked by RESOURCE_EXHAUSTED
238,kto-3305767,휴고보스 신세계사이먼프리미엄 아울렛 제주점,SEOGWIPO_CITY,west,서부 (안덕),38,쇼핑,spot,KTO_OVERLAY_FOUND,6,1,7,7,24,29.17,동반 유형: 전구역 동반가능,1,휴고보스 신세계사이먼프리미엄 아울렛 제주점,1,38:쇼핑,1,제주특별자치도 서귀포시 안덕면 신화역사로304번길 38,0,,1,"33.3049726791712,126.31635202613",0,,1,https://tong.visitkorea.or.kr/cms/resource/13/4024213_image2_1.jpg,0,,0,,0,,0,,0,,0,,0,,1,63522,1,전구역 동반가능,0,,0,,0,,0,,0,,0,,0,,0,,2b91c56fc7b5196bc828c9238081678ed31b26a21a318ac516580238a40ca35b,hank-place-field-audit-v1,Stage3 Firestore snapshot; live read blocked by RESOURCE_EXHAUSTED
239,kto-3305879,토즈 신세계사이먼프리미엄 아울렛 제주점,SEOGWIPO_CITY,west,서부 (안덕),38,쇼핑,spot,KTO_OVERLAY_FOUND,6,1,7,7,24,29.17,동반 유형: 전구역 동반가능,1,토즈 신세계사이먼프리미엄 아울렛 제주점,1,38:쇼핑,1,제주특별자치도 서귀포시 안덕면 신화역사로304번길 38,0,,1,"33.3049726791712,126.31635202613",0,,1,https://tong.visitkorea.or.kr/cms/resource/08/4024208_image2_1.jpg,0,,0,,0,,0,,0,,0,,0,,1,63522,1,전구역 동반가능,0,,0,,0,,0,,0,,0,,0,,0,,2b91c56fc7b5196bc828c9238081678ed31b26a21a318ac516580238a40ca35b,hank-place-field-audit-v1,Stage3 Firestore snapshot; live read blocked by RESOURCE_EXHAUSTED
240,kto-3306086,SI빌리지 신세계사이먼프리미엄아울렛 제주점,SEOGWIPO_CITY,west,서부 (안덕),38,쇼핑,spot,KTO_OVERLAY_FOUND,6,1,7,7,24,29.17,동반 유형: 전구역 동반가능,1,SI빌리지 신세계사이먼프리미엄아울렛 제주점,1,38:쇼핑,1,제주특별자치도 서귀포시 안덕면 신화역사로304번길 38,0,,1,"33.3049726791712,126.31635202613",0,,1,https://tong.visitkorea.or.kr/cms/resource/05/4024205_image2_1.jpg,0,,0,,0,,0,,0,,0,,0,,1,63522,1,전구역 동반가능,0,,0,,0,,0,,0,,0,,0,,0,,2b91c56fc7b5196bc828c9238081678ed31b26a21a318ac516580238a40ca35b,hank-place-field-audit-v1,Stage3 Firestore snapshot; live read blocked by RESOURCE_EXHAUSTED
241,kto-3306134,올리브영 제주 타운,JEJU_CITY,jeju_city,제주시,38,쇼핑,spot,KTO_OVERLAY_FOUND,6,1,7,7,24,29.17,동반 유형: 전구역 동반가능,1,올리브영 제주 타운,1,38:쇼핑,1,제주특별자치도 제주시 광양11길 2 (이도이동),0,,1,"33.4989149503494,126.530698234665",0,,1,https://tong.visitkorea.or.kr/cms/resource/62/4029062_image2_1.jpg,0,,0,,0,,0,,0,,0,,0,,1,63209,1,전구역 동반가능,0,,0,,0,,0,,0,,0,,0,,0,,2b91c56fc7b5196bc828c9238081678ed31b26a21a318ac516580238a40ca35b,hank-place-field-audit-v1,Stage3 Firestore snapshot; live read blocked by RESOURCE_EXHAUSTED
242,kto-3306640,올리브영 제주일도이동점,JEJU_CITY,jeju_city,제주시,38,쇼핑,spot,KTO_OVERLAY_FOUND,6,1,7,7,24,29.17,동반 유형: 전구역 동반가능,1,올리브영 제주일도이동점,1,38:쇼핑,1,제주특별자치도 제주시 고마로 81 (일도이동),0,,1,"33.5070302181742,126.540716401931",0,,1,https://tong.visitkorea.or.kr/cms/resource/59/4029059_image2_1.png,0,,0,,0,,0,,0,,0,,0,,1,63254,1,전구역 동반가능,0,,0,,0,,0,,0,,0,,0,,0,,2b91c56fc7b5196bc828c9238081678ed31b26a21a318ac516580238a40ca35b,hank-place-field-audit-v1,Stage3 Firestore snapshot; live read blocked by RESOURCE_EXHAUSTED
243,kto-3306817,올리브영 제주월랑로점,JEJU_CITY,jeju_city,제주시,38,쇼핑,spot,KTO_OVERLAY_FOUND,6,1,7,7,24,29.17,동반 유형: 전구역 동반가능,1,올리브영 제주월랑로점,1,38:쇼핑,1,제주특별자치도 제주시 월랑로 43 (노형동),0,,1,"33.4891347222497,126.475430281241",0,,1,https://tong.visitkorea.or.kr/cms/resource/84/4029084_image2_1.jpg,0,,0,,0,,0,,0,,0,,0,,1,63100,1,전구역 동반가능,0,,0,,0,,0,,0,,0,,0,,0,,2b91c56fc7b5196bc828c9238081678ed31b26a21a318ac516580238a40ca35b,hank-place-field-audit-v1,Stage3 Firestore snapshot; live read blocked by RESOURCE_EXHAUSTED
244,kto-3306874,노스페이스 신제주점,JEJU_CITY,jeju_city,제주시,38,쇼핑,spot,KTO_OVERLAY_FOUND,6,1,7,7,24,29.17,동반 유형: 전구역 동반가능,1,노스페이스 신제주점,1,38:쇼핑,1,제주특별자치도 제주시 노연로 115 (연동),0,,1,"33.4860187697738,126.492479275592",0,,1,https://tong.visitkorea.or.kr/cms/resource/11/4020411_image2_1.jpg,0,,0,,0,,0,,0,,0,,0,,1,63123,1,전구역 동반가능,0,,0,,0,,0,,0,,0,,0,,0,,2b91c56fc7b5196bc828c9238081678ed31b26a21a318ac516580238a40ca35b,hank-place-field-audit-v1,Stage3 Firestore snapshot; live read blocked by RESOURCE_EXHAUSTED
245,kto-3306898,송지오 신세계사이먼프리미엄 아울렛 제주점,SEOGWIPO_CITY,west,서부 (안덕),38,쇼핑,spot,KTO_OVERLAY_FOUND,6,1,7,7,24,29.17,동반 유형: 전구역 동반가능,1,송지오 신세계사이먼프리미엄 아울렛 제주점,1,38:쇼핑,1,제주특별자치도 서귀포시 안덕면 신화역사로304번길 38,0,,1,"33.3049726791712,126.31635202613",0,,1,https://tong.visitkorea.or.kr/cms/resource/72/4042072_image2_1.jpeg,0,,0,,0,,0,,0,,0,,0,,1,63522,1,전구역 동반가능,0,,0,,0,,0,,0,,0,,0,,0,,2b91c56fc7b5196bc828c9238081678ed31b26a21a318ac516580238a40ca35b,hank-place-field-audit-v1,Stage3 Firestore snapshot; live read blocked by RESOURCE_EXHAUSTED
246,kto-3306940,올리브영 제주세화점,JEJU_CITY,east,동부 (구좌),38,쇼핑,spot,KTO_OVERLAY_FOUND,6,1,7,7,24,29.17,동반 유형: 전구역 동반가능,1,올리브영 제주세화점,1,38:쇼핑,1,제주특별자치도 제주시 구좌읍 일주동로 3113,0,,1,"33.5232458500246,126.852454106428",0,,1,https://tong.visitkorea.or.kr/cms/resource/63/4029063_image2_1.png,0,,0,,0,,0,,0,,0,,0,,1,63360,1,전구역 동반가능,0,,0,,0,,0,,0,,0,,0,,0,,2b91c56fc7b5196bc828c9238081678ed31b26a21a318ac516580238a40ca35b,hank-place-field-audit-v1,Stage3 Firestore snapshot; live read blocked by RESOURCE_EXHAUSTED
247,kto-3306943,디스커버리 제주점,JEJU_CITY,jeju_city,제주시,38,쇼핑,spot,KTO_OVERLAY_FOUND,6,1,7,7,24,29.17,동반 유형: 전구역 동반가능,1,디스커버리 제주점,1,38:쇼핑,1,제주특별자치도 제주시 관덕로11길 24 (일도일동),0,,1,"33.5152427254121,126.525691222746",0,,1,https://tong.visitkorea.or.kr/cms/resource/64/4020364_image2_1.jpg,0,,0,,0,,0,,0,,0,,0,,1,63277,1,전구역 동반가능,0,,0,,0,,0,,0,,0,,0,,0,,2b91c56fc7b5196bc828c9238081678ed31b26a21a318ac516580238a40ca35b,hank-place-field-audit-v1,Stage3 Firestore snapshot; live read blocked by RESOURCE_EXHAUSTED
248,kto-3306983,페세리코 신세계사이먼프리미엄 아울렛 제주점,SEOGWIPO_CITY,west,서부 (안덕),38,쇼핑,spot,KTO_OVERLAY_FOUND,6,1,7,7,24,29.17,동반 유형: 전구역 동반가능,1,페세리코 신세계사이먼프리미엄 아울렛 제주점,1,38:쇼핑,1,제주특별자치도 서귀포시 안덕면 신화역사로304번길 38,0,,1,"33.3049726791712,126.31635202613",0,,1,https://tong.visitkorea.or.kr/cms/resource/07/4024207_image2_1.jpg,0,,0,,0,,0,,0,,0,,0,,1,63522,1,전구역 동반가능,0,,0,,0,,0,,0,,0,,0,,0,,2b91c56fc7b5196bc828c9238081678ed31b26a21a318ac516580238a40ca35b,hank-place-field-audit-v1,Stage3 Firestore snapshot; live read blocked by RESOURCE_EXHAUSTED
249,kto-3307027,골든구스 신세계사이먼프리미엄아울렛 제주점,SEOGWIPO_CITY,west,서부 (안덕),38,쇼핑,spot,KTO_OVERLAY_FOUND,6,1,7,7,24,29.17,동반 유형: 전구역 동반가능,1,골든구스 신세계사이먼프리미엄아울렛 제주점,1,38:쇼핑,1,제주특별자치도 서귀포시 안덕면 신화역사로304번길 38,0,,1,"33.3049726791712,126.31635202613",0,,1,https://tong.visitkorea.or.kr/cms/resource/10/4024210_image2_1.jpg,0,,0,,0,,0,,0,,0,,0,,1,63522,1,전구역 동반가능,0,,0,,0,,0,,0,,0,,0,,0,,2b91c56fc7b5196bc828c9238081678ed31b26a21a318ac516580238a40ca35b,hank-place-field-audit-v1,Stage3 Firestore snapshot; live read blocked by RESOURCE_EXHAUSTED
250,kto-3307036,엄브로 제주점,JEJU_CITY,jeju_city,제주시,38,쇼핑,spot,KTO_OVERLAY_FOUND,6,1,7,7,24,29.17,동반 유형: 전구역 동반가능,1,엄브로 제주점,1,38:쇼핑,1,제주특별자치도 제주시 노연로 93 (연동),0,,1,"33.4860127292561,126.490216749808",0,,1,https://tong.visitkorea.or.kr/cms/resource/04/4045704_image2_1.jpg,0,,0,,0,,0,,0,,0,,0,,1,63123,1,전구역 동반가능,0,,0,,0,,0,,0,,0,,0,,0,,2b91c56fc7b5196bc828c9238081678ed31b26a21a318ac516580238a40ca35b,hank-place-field-audit-v1,Stage3 Firestore snapshot; live read blocked by RESOURCE_EXHAUSTED
251,kto-3307094,롯데하이마트 서귀포점,SEOGWIPO_CITY,seogwipo,서귀포시,38,쇼핑,spot,KTO_OVERLAY_FOUND,6,1,7,7,24,29.17,동반 유형: 전구역 동반가능,1,롯데하이마트 서귀포점,1,38:쇼핑,1,제주특별자치도 서귀포시 일주동로 8631 (동홍동),0,,1,"33.2539438470186,126.56603770758",0,,1,https://tong.visitkorea.or.kr/cms/resource/00/4020400_image2_1.jpg,0,,0,,0,,0,,0,,0,,0,,1,63589,1,전구역 동반가능,0,,0,,0,,0,,0,,0,,0,,0,,2b91c56fc7b5196bc828c9238081678ed31b26a21a318ac516580238a40ca35b,hank-place-field-audit-v1,Stage3 Firestore snapshot; live read blocked by RESOURCE_EXHAUSTED
252,kto-3307106,CU 제주항국제여객터미널,JEJU_CITY,jeju_city,제주시,38,쇼핑,spot,KTO_OVERLAY_FOUND,6,1,7,7,24,29.17,동반 유형: 전구역 동반가능,1,CU 제주항국제여객터미널,1,38:쇼핑,1,제주특별자치도 제주시 임항로 191 (건입동),0,,1,"33.5258373782,126.5440785094",0,,1,https://tong.visitkorea.or.kr/cms/resource/95/4020395_image2_1.jpg,0,,0,,0,,0,,0,,0,,0,,1,63280,1,전구역 동반가능,0,,0,,0,,0,,0,,0,,0,,0,,2b91c56fc7b5196bc828c9238081678ed31b26a21a318ac516580238a40ca35b,hank-place-field-audit-v1,Stage3 Firestore snapshot; live read blocked by RESOURCE_EXHAUSTED
253,kto-3307329,올리브영 서귀포광장점,SEOGWIPO_CITY,seogwipo,서귀포시,38,쇼핑,spot,KTO_OVERLAY_FOUND,6,1,7,7,24,29.17,동반 유형: 전구역 동반가능,1,올리브영 서귀포광장점,1,38:쇼핑,1,제주특별자치도 서귀포시 서문로 1 (서귀동),0,,1,"33.2522392497203,126.560754113588",0,,1,https://tong.visitkorea.or.kr/cms/resource/48/4029048_image2_1.png,0,,0,,0,,0,,0,,0,,0,,1,63592,1,전구역 동반가능,0,,0,,0,,0,,0,,0,,0,,0,,2b91c56fc7b5196bc828c9238081678ed31b26a21a318ac516580238a40ca35b,hank-place-field-audit-v1,Stage3 Firestore snapshot; live read blocked by RESOURCE_EXHAUSTED
254,kto-3307504,올리브영 제주아라일동점,JEJU_CITY,jeju_city,제주시,38,쇼핑,spot,KTO_OVERLAY_FOUND,6,1,7,7,24,29.17,동반 유형: 전구역 동반가능,1,올리브영 제주아라일동점,1,38:쇼핑,1,제주특별자치도 제주시 연북로 527 (아라일동),0,,1,"33.4851989356373,126.536163681745",0,,1,https://tong.visitkorea.or.kr/cms/resource/81/4029081_image2_1.jpg,0,,0,,0,,0,,0,,0,,0,,1,63233,1,전구역 동반가능,0,,0,,0,,0,,0,,0,,0,,0,,2b91c56fc7b5196bc828c9238081678ed31b26a21a318ac516580238a40ca35b,hank-place-field-audit-v1,Stage3 Firestore snapshot; live read blocked by RESOURCE_EXHAUSTED
255,kto-3307523,북앤북스,JEJU_CITY,jeju_city,제주시,38,쇼핑,spot,KTO_OVERLAY_FOUND,6,1,7,7,24,29.17,동반 유형: 전구역 동반가능,1,북앤북스,1,38:쇼핑,1,제주특별자치도 제주시 1100로 3308 (노형동),0,,1,"33.4816322571847,126.481718642804",0,,1,https://tong.visitkorea.or.kr/cms/resource/44/4017444_image2_1.jpg,0,,0,,0,,0,,0,,0,,0,,1,63086,1,전구역 동반가능,0,,0,,0,,0,,0,,0,,0,,0,,2b91c56fc7b5196bc828c9238081678ed31b26a21a318ac516580238a40ca35b,hank-place-field-audit-v1,Stage3 Firestore snapshot; live read blocked by RESOURCE_EXHAUSTED
256,kto-3307688,올리브영 제주협재점,JEJU_CITY,west,서부 (한림),38,쇼핑,spot,KTO_OVERLAY_FOUND,6,1,7,7,24,29.17,동반 유형: 전구역 동반가능,1,올리브영 제주협재점,1,38:쇼핑,1,제주특별자치도 제주시 한림읍 한림로 336,0,,1,"33.3934132787812,126.24062602351",0,,1,https://tong.visitkorea.or.kr/cms/resource/94/4029094_image2_1.jpg,0,,0,,0,,0,,0,,0,,0,,1,63011,1,전구역 동반가능,0,,0,,0,,0,,0,,0,,0,,0,,2b91c56fc7b5196bc828c9238081678ed31b26a21a318ac516580238a40ca35b,hank-place-field-audit-v1,Stage3 Firestore snapshot; live read blocked by RESOURCE_EXHAUSTED
257,kto-3331534,나무와열매 체험농장,SEOGWIPO_CITY,west,서부 (안덕),12,관광지,spot,KTO_OVERLAY_FOUND,6,1,7,7,24,29.17,동반 유형: 일부구역 동반가능,1,나무와열매 체험농장,1,12:관광지,1,제주특별자치도 서귀포시 안덕면 덕수동로25번길 42-8,0,,1,"33.25819487104735,126.30800722797906",0,,1,https://tong.visitkorea.or.kr/cms/resource/76/3331576_image2_1.jpg,0,,0,,0,,0,,0,,0,,0,,1,63527,1,일부구역 동반가능,0,,0,,0,,0,,0,,0,,0,,0,,2b91c56fc7b5196bc828c9238081678ed31b26a21a318ac516580238a40ca35b,hank-place-field-audit-v1,Stage3 Firestore snapshot; live read blocked by RESOURCE_EXHAUSTED
258,kto-4009584,러쉬 제주점,SEOGWIPO_CITY,west,서부 (안덕),38,쇼핑,spot,KTO_OVERLAY_FOUND,6,1,7,7,24,29.17,동반 유형: 전구역 동반가능,1,러쉬 제주점,1,38:쇼핑,1,제주특별자치도 서귀포시 안덕면 산방로 141,0,,1,"33.2392235100208,126.319190550487",0,,1,https://tong.visitkorea.or.kr/cms/resource/77/4042077_image2_1.jpeg,0,,0,,0,,0,,0,,0,,0,,1,63528,1,전구역 동반가능,0,,0,,0,,0,,0,,0,,0,,0,,2b91c56fc7b5196bc828c9238081678ed31b26a21a318ac516580238a40ca35b,hank-place-field-audit-v1,Stage3 Firestore snapshot; live read blocked by RESOURCE_EXHAUSTED
259,kto-4009585,올리브영 서귀포동광점,SEOGWIPO_CITY,west,서부 (안덕),38,쇼핑,spot,KTO_OVERLAY_FOUND,6,1,7,7,24,29.17,동반 유형: 전구역 동반가능,1,올리브영 서귀포동광점,1,38:쇼핑,1,제주특별자치도 서귀포시 안덕면 신화역사로 434,0,,1,"33.3095758427774,126.333882880174",0,,1,https://tong.visitkorea.or.kr/cms/resource/50/4029050_image2_1.png,0,,0,,0,,0,,0,,0,,0,,1,63523,1,전구역 동반가능,0,,0,,0,,0,,0,,0,,0,,0,,2b91c56fc7b5196bc828c9238081678ed31b26a21a318ac516580238a40ca35b,hank-place-field-audit-v1,Stage3 Firestore snapshot; live read blocked by RESOURCE_EXHAUSTED
260,kto-4009586,탠디 신세계사이먼프리미엄 아울렛 제주점,SEOGWIPO_CITY,west,서부 (안덕),38,쇼핑,spot,KTO_OVERLAY_FOUND,6,1,7,7,24,29.17,동반 유형: 전구역 동반가능,1,탠디 신세계사이먼프리미엄 아울렛 제주점,1,38:쇼핑,1,제주특별자치도 서귀포시 안덕면 신화역사로304번길 38,0,,1,"33.3049726791712,126.31635202613",0,,1,https://tong.visitkorea.or.kr/cms/resource/54/4024254_image2_1.jpeg,0,,0,,0,,0,,0,,0,,0,,1,63522,1,전구역 동반가능,0,,0,,0,,0,,0,,0,,0,,0,,2b91c56fc7b5196bc828c9238081678ed31b26a21a318ac516580238a40ca35b,hank-place-field-audit-v1,Stage3 Firestore snapshot; live read blocked by RESOURCE_EXHAUSTED
261,kto-4009587,올리브영 서귀포혁신도시점,SEOGWIPO_CITY,seogwipo,서귀포시,38,쇼핑,spot,KTO_OVERLAY_FOUND,6,1,7,7,24,29.17,동반 유형: 전구역 동반가능,1,올리브영 서귀포혁신도시점,1,38:쇼핑,1,제주특별자치도 서귀포시 일주동로 9155 (법환동),0,,1,"33.2477134455031,126.514578681489",0,,1,https://tong.visitkorea.or.kr/cms/resource/52/4029052_image2_1.png,0,,0,,0,,0,,0,,0,,0,,1,63572,1,전구역 동반가능,0,,0,,0,,0,,0,,0,,0,,0,,2b91c56fc7b5196bc828c9238081678ed31b26a21a318ac516580238a40ca35b,hank-place-field-audit-v1,Stage3 Firestore snapshot; live read blocked by RESOURCE_EXHAUSTED
262,kto-4009589,내셔널지오그래픽 서귀포점,SEOGWIPO_CITY,seogwipo,서귀포시,38,쇼핑,spot,KTO_OVERLAY_FOUND,6,1,7,7,24,29.17,동반 유형: 전구역 동반가능,1,내셔널지오그래픽 서귀포점,1,38:쇼핑,1,제주특별자치도 서귀포시 중앙로 55 (서귀동),0,,1,"33.2495277357102,126.561355293257",0,,1,https://tong.visitkorea.or.kr/cms/resource/30/4024230_image2_1.jpg,0,,0,,0,,0,,0,,0,,0,,1,63592,1,전구역 동반가능,0,,0,,0,,0,,0,,0,,0,,0,,2b91c56fc7b5196bc828c9238081678ed31b26a21a318ac516580238a40ca35b,hank-place-field-audit-v1,Stage3 Firestore snapshot; live read blocked by RESOURCE_EXHAUSTED
263,kto-4009590,렌즈미 에비뉴안경 노형점,JEJU_CITY,jeju_city,제주시,38,쇼핑,spot,KTO_OVERLAY_FOUND,6,1,7,7,24,29.17,동반 유형: 전구역 동반가능,1,렌즈미 에비뉴안경 노형점,1,38:쇼핑,1,제주특별자치도 제주시 1100로 3347 (노형동),0,,1,"33.4848372184625,126.479605628771",0,,1,https://tong.visitkorea.or.kr/cms/resource/41/4024241_image2_1.jpeg,0,,0,,0,,0,,0,,0,,0,,1,63083,1,전구역 동반가능,0,,0,,0,,0,,0,,0,,0,,0,,2b91c56fc7b5196bc828c9238081678ed31b26a21a318ac516580238a40ca35b,hank-place-field-audit-v1,Stage3 Firestore snapshot; live read blocked by RESOURCE_EXHAUSTED
264,kto-4009591,올리브영 제주삼화점,JEJU_CITY,jeju_city,제주시,38,쇼핑,spot,KTO_OVERLAY_FOUND,6,1,7,7,24,29.17,동반 유형: 전구역 동반가능,1,올리브영 제주삼화점,1,38:쇼핑,1,제주특별자치도 제주시 건주로 60 (도련일동),0,,1,"33.5140393705702,126.580363633047",0,,1,https://tong.visitkorea.or.kr/cms/resource/58/4029058_image2_1.jpg,0,,0,,0,,0,,0,,0,,0,,1,63324,1,전구역 동반가능,0,,0,,0,,0,,0,,0,,0,,0,,2b91c56fc7b5196bc828c9238081678ed31b26a21a318ac516580238a40ca35b,hank-place-field-audit-v1,Stage3 Firestore snapshot; live read blocked by RESOURCE_EXHAUSTED
265,kto-4009594,귤귤스토어 도두점,JEJU_CITY,jeju_city,제주시,38,쇼핑,spot,KTO_OVERLAY_FOUND,6,1,7,7,24,29.17,동반 유형: 전구역 동반가능,1,귤귤스토어 도두점,1,38:쇼핑,1,제주특별자치도 제주시 서해안로 238 (도두일동),0,,1,"33.5088043753245,126.471492103941",0,,1,https://tong.visitkorea.or.kr/cms/resource/24/4024224_image2_1.jpg,0,,0,,0,,0,,0,,0,,0,,1,63112,1,전구역 동반가능,0,,0,,0,,0,,0,,0,,0,,0,,2b91c56fc7b5196bc828c9238081678ed31b26a21a318ac516580238a40ca35b,hank-place-field-audit-v1,Stage3 Firestore snapshot; live read blocked by RESOURCE_EXHAUSTED
266,kto-4009595,올리브영 제주용담점,JEJU_CITY,jeju_city,제주시,38,쇼핑,spot,KTO_OVERLAY_FOUND,6,1,7,7,24,29.17,동반 유형: 전구역 동반가능,1,올리브영 제주용담점,1,38:쇼핑,1,제주특별자치도 제주시 서해안로 620 (용담삼동),0,,1,"33.5168551200172,126.503149072487",0,,1,https://tong.visitkorea.or.kr/cms/resource/67/4029067_image2_1.png,0,,0,,0,,0,,0,,0,,0,,1,63150,1,전구역 동반가능,0,,0,,0,,0,,0,,0,,0,,0,,2b91c56fc7b5196bc828c9238081678ed31b26a21a318ac516580238a40ca35b,hank-place-field-audit-v1,Stage3 Firestore snapshot; live read blocked by RESOURCE_EXHAUSTED
267,kto-4009596,몽클락 제주,JEJU_CITY,jeju_city,제주시,38,쇼핑,spot,KTO_OVERLAY_FOUND,6,1,7,7,24,29.17,동반 유형: 전구역 동반가능,1,몽클락 제주,1,38:쇼핑,1,제주특별자치도 제주시 서해안로 687-8 (용담이동),0,,1,"33.5155491953863,126.512092759277",0,,1,https://tong.visitkorea.or.kr/cms/resource/69/4024269_image2_1.jpeg,0,,0,,0,,0,,0,,0,,0,,1,63152,1,전구역 동반가능,0,,0,,0,,0,,0,,0,,0,,0,,2b91c56fc7b5196bc828c9238081678ed31b26a21a318ac516580238a40ca35b,hank-place-field-audit-v1,Stage3 Firestore snapshot; live read blocked by RESOURCE_EXHAUSTED
268,kto-4009598,렌즈미 신제주점,JEJU_CITY,jeju_city,제주시,38,쇼핑,spot,KTO_OVERLAY_FOUND,6,1,7,7,24,29.17,동반 유형: 전구역 동반가능,1,렌즈미 신제주점,1,38:쇼핑,1,제주특별자치도 제주시 신광로 40 (연동),0,,1,"33.4886017442088,126.489888785439",0,,1,https://tong.visitkorea.or.kr/cms/resource/40/4024240_image2_1.jpeg,0,,0,,0,,0,,0,,0,,0,,1,63129,1,전구역 동반가능,0,,0,,0,,0,,0,,0,,0,,0,,2b91c56fc7b5196bc828c9238081678ed31b26a21a318ac516580238a40ca35b,hank-place-field-audit-v1,Stage3 Firestore snapshot; live read blocked by RESOURCE_EXHAUSTED
269,kto-4009600,CU 제주애월한담점,JEJU_CITY,west,서부 (애월),38,쇼핑,spot,KTO_OVERLAY_FOUND,6,1,7,7,24,29.17,동반 유형: 전구역 동반가능,1,CU 제주애월한담점,1,38:쇼핑,1,제주특별자치도 제주시 애월읍 애월로 37,0,,1,"33.4621761546953,126.312270179629",0,,1,https://tong.visitkorea.or.kr/cms/resource/65/4024265_image2_1.jpeg,0,,0,,0,,0,,0,,0,,0,,1,63043,1,전구역 동반가능,0,,0,,0,,0,,0,,0,,0,,0,,2b91c56fc7b5196bc828c9238081678ed31b26a21a318ac516580238a40ca35b,hank-place-field-audit-v1,Stage3 Firestore snapshot; live read blocked by RESOURCE_EXHAUSTED
270,kto-4009603,더한섬하우스 제주점,JEJU_CITY,jeju_city,제주시,38,쇼핑,spot,KTO_OVERLAY_FOUND,6,1,7,7,24,29.17,동반 유형: 전구역 동반가능,1,더한섬하우스 제주점,1,38:쇼핑,1,제주특별자치도 제주시 연북로 257 (오라이동),0,,1,"33.4817164874775,126.50893553764",0,,1,https://tong.visitkorea.or.kr/cms/resource/35/4024235_image2_1.jpg,0,,0,,0,,0,,0,,0,,0,,1,63145,1,전구역 동반가능,0,,0,,0,,0,,0,,0,,0,,0,,2b91c56fc7b5196bc828c9238081678ed31b26a21a318ac516580238a40ca35b,hank-place-field-audit-v1,Stage3 Firestore snapshot; live read blocked by RESOURCE_EXHAUSTED
271,kto-4009610,디즈니골프 제주중앙지하상가점,JEJU_CITY,jeju_city,제주시,38,쇼핑,spot,KTO_OVERLAY_FOUND,6,1,7,7,24,29.17,동반 유형: 전구역 동반가능,1,디즈니골프 제주중앙지하상가점,1,38:쇼핑,1,제주특별자치도 제주시 중앙로 60 (일도일동),0,,1,"33.512837715448,126.524440112964",0,,1,https://tong.visitkorea.or.kr/cms/resource/37/4024237_image2_1.jpg,0,,0,,0,,0,,0,,0,,0,,1,63168,1,전구역 동반가능,0,,0,,0,,0,,0,,0,,0,,0,,2b91c56fc7b5196bc828c9238081678ed31b26a21a318ac516580238a40ca35b,hank-place-field-audit-v1,Stage3 Firestore snapshot; live read blocked by RESOURCE_EXHAUSTED
272,kto-4009611,그린조이 제주중앙지하상가점,JEJU_CITY,jeju_city,제주시,38,쇼핑,spot,KTO_OVERLAY_FOUND,6,1,7,7,24,29.17,동반 유형: 전구역 동반가능,1,그린조이 제주중앙지하상가점,1,38:쇼핑,1,제주특별자치도 제주시 중앙로 60 (일도일동),0,,1,"33.512837715448,126.524440112964",0,,1,https://tong.visitkorea.or.kr/cms/resource/27/4024227_image2_1.jpg,0,,0,,0,,0,,0,,0,,0,,1,63168,1,전구역 동반가능,0,,0,,0,,0,,0,,0,,0,,0,,2b91c56fc7b5196bc828c9238081678ed31b26a21a318ac516580238a40ca35b,hank-place-field-audit-v1,Stage3 Firestore snapshot; live read blocked by RESOURCE_EXHAUSTED
273,kto-4009612,모노로그 제주중앙지하상가점,JEJU_CITY,jeju_city,제주시,38,쇼핑,spot,KTO_OVERLAY_FOUND,6,1,7,7,24,29.17,동반 유형: 전구역 동반가능,1,모노로그 제주중앙지하상가점,1,38:쇼핑,1,제주특별자치도 제주시 중앙로 60 (일도일동),0,,1,"33.512837715448,126.524440112964",0,,1,https://tong.visitkorea.or.kr/cms/resource/68/4024268_image2_1.jpeg,0,,0,,0,,0,,0,,0,,0,,1,63168,1,전구역 동반가능,0,,0,,0,,0,,0,,0,,0,,0,,2b91c56fc7b5196bc828c9238081678ed31b26a21a318ac516580238a40ca35b,hank-place-field-audit-v1,Stage3 Firestore snapshot; live read blocked by RESOURCE_EXHAUSTED
274,kto-4009614,노르디스크 제주점,JEJU_CITY,jeju_city,제주시,38,쇼핑,spot,KTO_OVERLAY_FOUND,6,1,7,7,24,29.17,동반 유형: 전구역 동반가능,1,노르디스크 제주점,1,38:쇼핑,1,제주특별자치도 제주시 중앙로 40 (일도일동),0,,1,"33.5147458770984,126.524496513434",0,,1,https://tong.visitkorea.or.kr/cms/resource/32/4024232_image2_1.jpg,0,,0,,0,,0,,0,,0,,0,,1,63166,1,전구역 동반가능,0,,0,,0,,0,,0,,0,,0,,0,,2b91c56fc7b5196bc828c9238081678ed31b26a21a318ac516580238a40ca35b,hank-place-field-audit-v1,Stage3 Firestore snapshot; live read blocked by RESOURCE_EXHAUSTED
275,kto-4009616,디스이즈네버댓 제주점,JEJU_CITY,jeju_city,제주시,38,쇼핑,spot,KTO_OVERLAY_FOUND,6,1,7,7,24,29.17,동반 유형: 전구역 동반가능,1,디스이즈네버댓 제주점,1,38:쇼핑,1,제주특별자치도 제주시 중앙로7길 13-1 (일도일동),0,,1,"33.5149763734393,126.52620372055",0,,1,https://tong.visitkorea.or.kr/cms/resource/98/4024898_image2_1.jpg,0,,0,,0,,0,,0,,0,,0,,1,63277,1,전구역 동반가능,0,,0,,0,,0,,0,,0,,0,,0,,2b91c56fc7b5196bc828c9238081678ed31b26a21a318ac516580238a40ca35b,hank-place-field-audit-v1,Stage3 Firestore snapshot; live read blocked by RESOURCE_EXHAUSTED
276,kto-4012997,듀엘 신세계사이먼프리미엄아울렛 제주점,SEOGWIPO_CITY,west,서부 (안덕),38,쇼핑,spot,KTO_OVERLAY_FOUND,6,1,7,7,24,29.17,동반 유형: 전구역 동반가능,1,듀엘 신세계사이먼프리미엄아울렛 제주점,1,38:쇼핑,1,제주특별자치도 서귀포시 안덕면 신화역사로304번길 38,0,,1,"33.3049726791712,126.31635202613",0,,1,https://tong.visitkorea.or.kr/cms/resource/16/4042416_image2_1.jpg,0,,0,,0,,0,,0,,0,,0,,1,63522,1,전구역 동반가능,0,,0,,0,,0,,0,,0,,0,,0,,2b91c56fc7b5196bc828c9238081678ed31b26a21a318ac516580238a40ca35b,hank-place-field-audit-v1,Stage3 Firestore snapshot; live read blocked by RESOURCE_EXHAUSTED
277,kto-4012999,월드컵약국,SEOGWIPO_CITY,seogwipo,서귀포시,38,쇼핑,spot,KTO_OVERLAY_FOUND,6,1,7,7,24,29.17,동반 유형: 전구역 동반가능,1,월드컵약국,1,38:쇼핑,1,제주특별자치도 서귀포시 일주동로 9213 (법환동),0,,1,"33.248712252659,126.508491059708",0,,1,https://tong.visitkorea.or.kr/cms/resource/74/4024474_image2_1.jpeg,0,,0,,0,,0,,0,,0,,0,,1,63572,1,전구역 동반가능,0,,0,,0,,0,,0,,0,,0,,0,,2b91c56fc7b5196bc828c9238081678ed31b26a21a318ac516580238a40ca35b,hank-place-field-audit-v1,Stage3 Firestore snapshot; live read blocked by RESOURCE_EXHAUSTED
278,kto-4013000,삼성스토어 서귀포,SEOGWIPO_CITY,seogwipo,서귀포시,38,쇼핑,spot,KTO_OVERLAY_FOUND,6,1,7,7,24,29.17,동반 유형: 전구역 동반가능,1,삼성스토어 서귀포,1,38:쇼핑,1,제주특별자치도 서귀포시 일주서로 17 (강정동),0,,1,"33.2495838290148,126.505981099608",0,,1,https://tong.visitkorea.or.kr/cms/resource/71/4042371_image2_1.png,0,,0,,0,,0,,0,,0,,0,,1,63560,1,전구역 동반가능,0,,0,,0,,0,,0,,0,,0,,0,,2b91c56fc7b5196bc828c9238081678ed31b26a21a318ac516580238a40ca35b,hank-place-field-audit-v1,Stage3 Firestore snapshot; live read blocked by RESOURCE_EXHAUSTED
279,kto-4013001,중문안경방,SEOGWIPO_CITY,seogwipo,서귀포시,38,쇼핑,spot,KTO_OVERLAY_FOUND,6,1,7,7,24,29.17,동반 유형: 전구역 동반가능,1,중문안경방,1,38:쇼핑,1,제주특별자치도 서귀포시 중문상로 43 (중문동),0,,1,"33.2523995874145,126.425470429042",0,,1,https://tong.visitkorea.or.kr/cms/resource/10/4023910_image2_1.png,0,,0,,0,,0,,0,,0,,0,,1,63545,1,전구역 동반가능,0,,0,,0,,0,,0,,0,,0,,0,,2b91c56fc7b5196bc828c9238081678ed31b26a21a318ac516580238a40ca35b,hank-place-field-audit-v1,Stage3 Firestore snapshot; live read blocked by RESOURCE_EXHAUSTED
280,kto-4013004,아이더 서귀포점,SEOGWIPO_CITY,seogwipo,서귀포시,38,쇼핑,spot,KTO_OVERLAY_FOUND,6,1,7,7,24,29.17,동반 유형: 전구역 동반가능,1,아이더 서귀포점,1,38:쇼핑,1,제주특별자치도 서귀포시 중정로 72 (서귀동),0,,1,"33.2479138486588,126.563979565262",0,,1,https://tong.visitkorea.or.kr/cms/resource/95/4024295_image2_1.jpeg,0,,0,,0,,0,,0,,0,,0,,1,63595,1,전구역 동반가능,0,,0,,0,,0,,0,,0,,0,,0,,2b91c56fc7b5196bc828c9238081678ed31b26a21a318ac516580238a40ca35b,hank-place-field-audit-v1,Stage3 Firestore snapshot; live read blocked by RESOURCE_EXHAUSTED
281,kto-4013200,코오롱스포츠 서귀포명동로점,SEOGWIPO_CITY,seogwipo,서귀포시,38,쇼핑,spot,KTO_OVERLAY_FOUND,6,1,7,7,24,29.17,동반 유형: 전구역 동반가능,1,코오롱스포츠 서귀포명동로점,1,38:쇼핑,1,제주특별자치도 서귀포시 중정로 97 (서귀동),0,,1,"33.2486833772932,126.566632860605",0,,1,https://tong.visitkorea.or.kr/cms/resource/09/4024309_image2_1.jpeg,0,,0,,0,,0,,0,,0,,0,,1,63591,1,전구역 동반가능,0,,0,,0,,0,,0,,0,,0,,0,,2b91c56fc7b5196bc828c9238081678ed31b26a21a318ac516580238a40ca35b,hank-place-field-audit-v1,Stage3 Firestore snapshot; live read blocked by RESOURCE_EXHAUSTED
282,kto-4013201,코오롱스포츠 신제주점,JEJU_CITY,jeju_city,제주시,38,쇼핑,spot,KTO_OVERLAY_FOUND,6,1,7,7,24,29.17,동반 유형: 전구역 동반가능,1,코오롱스포츠 신제주점,1,38:쇼핑,1,제주특별자치도 제주시 1100로 3319 (노형동),0,,1,"33.4826070200451,126.480654012399",0,,1,https://tong.visitkorea.or.kr/cms/resource/10/4024310_image2_1.jpeg,0,,0,,0,,0,,0,,0,,0,,1,63083,1,전구역 동반가능,0,,0,,0,,0,,0,,0,,0,,0,,2b91c56fc7b5196bc828c9238081678ed31b26a21a318ac516580238a40ca35b,hank-place-field-audit-v1,Stage3 Firestore snapshot; live read blocked by RESOURCE_EXHAUSTED
283,kto-4013203,브라운브레스 제주칠성점,JEJU_CITY,jeju_city,제주시,38,쇼핑,spot,KTO_OVERLAY_FOUND,6,1,7,7,24,29.17,동반 유형: 전구역 동반가능,1,브라운브레스 제주칠성점,1,38:쇼핑,1,제주특별자치도 제주시 관덕로11길 12 (일도일동),0,,1,"33.5140486706,126.5255528652",0,,1,https://tong.visitkorea.or.kr/cms/resource/73/4024473_image2_1.jpeg,0,,0,,0,,0,,0,,0,,0,,1,63277,1,전구역 동반가능,0,,0,,0,,0,,0,,0,,0,,0,,2b91c56fc7b5196bc828c9238081678ed31b26a21a318ac516580238a40ca35b,hank-place-field-audit-v1,Stage3 Firestore snapshot; live read blocked by RESOURCE_EXHAUSTED
284,kto-4013204,탠저비 칠성로점,JEJU_CITY,jeju_city,제주시,38,쇼핑,spot,KTO_OVERLAY_FOUND,6,1,7,7,24,29.17,동반 유형: 전구역 동반가능,1,탠저비 칠성로점,1,38:쇼핑,1,제주특별자치도 제주시 관덕로11길 4 (일도일동),0,,1,"33.5134925626779,126.525527485806",0,,1,https://tong.visitkorea.or.kr/cms/resource/13/4024313_image2_1.jpeg,0,,0,,0,,0,,0,,0,,0,,1,63277,1,전구역 동반가능,0,,0,,0,,0,,0,,0,,0,,0,,2b91c56fc7b5196bc828c9238081678ed31b26a21a318ac516580238a40ca35b,hank-place-field-audit-v1,Stage3 Firestore snapshot; live read blocked by RESOURCE_EXHAUSTED
285,kto-4013205,리복 제주점,JEJU_CITY,jeju_city,제주시,38,쇼핑,spot,KTO_OVERLAY_FOUND,6,1,7,7,24,29.17,동반 유형: 전구역 동반가능,1,리복 제주점,1,38:쇼핑,1,제주특별자치도 제주시 관덕로11길 4-1 (일도일동),0,,1,"33.5135197245311,126.525675008365",0,,1,https://tong.visitkorea.or.kr/cms/resource/48/4024248_image2_1.jpeg,0,,0,,0,,0,,0,,0,,0,,1,63277,1,전구역 동반가능,0,,0,,0,,0,,0,,0,,0,,0,,2b91c56fc7b5196bc828c9238081678ed31b26a21a318ac516580238a40ca35b,hank-place-field-audit-v1,Stage3 Firestore snapshot; live read blocked by RESOURCE_EXHAUSTED
286,kto-4013206,내셔널지오그래픽키즈 제주점,JEJU_CITY,jeju_city,제주시,38,쇼핑,spot,KTO_OVERLAY_FOUND,6,1,7,7,24,29.17,동반 유형: 전구역 동반가능,1,내셔널지오그래픽키즈 제주점,1,38:쇼핑,1,제주특별자치도 제주시 관덕로11길 9 (일도일동),0,,1,"33.5139635178592,126.525353456743",0,,1,https://tong.visitkorea.or.kr/cms/resource/31/4024231_image2_1.jpg,0,,0,,0,,0,,0,,0,,0,,1,63277,1,전구역 동반가능,0,,0,,0,,0,,0,,0,,0,,0,,2b91c56fc7b5196bc828c9238081678ed31b26a21a318ac516580238a40ca35b,hank-place-field-audit-v1,Stage3 Firestore snapshot; live read blocked by RESOURCE_EXHAUSTED
287,kto-4013214,롯데하이마트 신제주점,JEJU_CITY,jeju_city,제주시,38,쇼핑,spot,KTO_OVERLAY_FOUND,6,1,7,7,24,29.17,동반 유형: 전구역 동반가능,1,롯데하이마트 신제주점,1,38:쇼핑,1,제주특별자치도 제주시 도령로 16 (노형동),0,,1,"33.486544121544,126.481069945178",0,,1,https://tong.visitkorea.or.kr/cms/resource/72/4042372_image2_1.png,0,,0,,0,,0,,0,,0,,0,,1,63081,1,전구역 동반가능,0,,0,,0,,0,,0,,0,,0,,0,,2b91c56fc7b5196bc828c9238081678ed31b26a21a318ac516580238a40ca35b,hank-place-field-audit-v1,Stage3 Firestore snapshot; live read blocked by RESOURCE_EXHAUSTED
288,kto-4013218,한라미디어,JEJU_CITY,jeju_city,제주시,38,쇼핑,spot,KTO_OVERLAY_FOUND,6,1,7,7,24,29.17,동반 유형: 전구역 동반가능,1,한라미디어,1,38:쇼핑,1,제주특별자치도 제주시 삼무로 78 (연동),0,,1,"33.489522643624,126.494976936555",0,,1,https://tong.visitkorea.or.kr/cms/resource/17/4024317_image2_1.jpeg,0,,0,,0,,0,,0,,0,,0,,1,63124,1,전구역 동반가능,0,,0,,0,,0,,0,,0,,0,,0,,2b91c56fc7b5196bc828c9238081678ed31b26a21a318ac516580238a40ca35b,hank-place-field-audit-v1,Stage3 Firestore snapshot; live read blocked by RESOURCE_EXHAUSTED
289,kto-4013220,탠저비 도두점,JEJU_CITY,jeju_city,제주시,38,쇼핑,spot,KTO_OVERLAY_FOUND,6,1,7,7,24,29.17,동반 유형: 전구역 동반가능,1,탠저비 도두점,1,38:쇼핑,1,제주특별자치도 제주시 서해안로 228 (도두일동),0,,1,"33.5083889705363,126.470489626128",0,,1,https://tong.visitkorea.or.kr/cms/resource/16/4024416_image2_1.jpeg,0,,0,,0,,0,,0,,0,,0,,1,63112,1,전구역 동반가능,0,,0,,0,,0,,0,,0,,0,,0,,2b91c56fc7b5196bc828c9238081678ed31b26a21a318ac516580238a40ca35b,hank-place-field-audit-v1,Stage3 Firestore snapshot; live read blocked by RESOURCE_EXHAUSTED
290,kto-4013224,ABC마트 GSA 신제주연동점,JEJU_CITY,jeju_city,제주시,38,쇼핑,spot,KTO_OVERLAY_FOUND,6,1,7,7,24,29.17,동반 유형: 전구역 동반가능,1,ABC마트 GSA 신제주연동점,1,38:쇼핑,1,제주특별자치도 제주시 신광로 58 (연동),0,,1,"33.4870798836126,126.489654426738",0,,1,https://tong.visitkorea.or.kr/cms/resource/74/4042374_image2_1.png,0,,0,,0,,0,,0,,0,,0,,1,63131,1,전구역 동반가능,0,,0,,0,,0,,0,,0,,0,,0,,2b91c56fc7b5196bc828c9238081678ed31b26a21a318ac516580238a40ca35b,hank-place-field-audit-v1,Stage3 Firestore snapshot; live read blocked by RESOURCE_EXHAUSTED
291,kto-4013228,귤귤스토어 애월점,JEJU_CITY,west,서부 (애월),38,쇼핑,spot,KTO_OVERLAY_FOUND,6,1,7,7,24,29.17,동반 유형: 전구역 동반가능,1,귤귤스토어 애월점,1,38:쇼핑,1,제주특별자치도 제주시 애월읍 애월로1길 24-13,0,,1,"33.4632794332,126.3099194957",0,,1,https://tong.visitkorea.or.kr/cms/resource/99/4022599_image2_1.jpeg,0,,0,,0,,0,,0,,0,,0,,1,63043,1,전구역 동반가능,0,,0,,0,,0,,0,,0,,0,,0,,2b91c56fc7b5196bc828c9238081678ed31b26a21a318ac516580238a40ca35b,hank-place-field-audit-v1,Stage3 Firestore snapshot; live read blocked by RESOURCE_EXHAUSTED
292,kto-4013233,어메이징크리 제주점,JEJU_CITY,jeju_city,제주시,38,쇼핑,spot,KTO_OVERLAY_FOUND,6,1,7,7,24,29.17,동반 유형: 전구역 동반가능,1,어메이징크리 제주점,1,38:쇼핑,1,제주특별자치도 제주시 연북로 66 (연동),0,,1,"33.4815732906343,126.488205070434",0,,1,https://tong.visitkorea.or.kr/cms/resource/63/4042263_image2_1.png,0,,0,,0,,0,,0,,0,,0,,1,63138,1,전구역 동반가능,0,,0,,0,,0,,0,,0,,0,,0,,2b91c56fc7b5196bc828c9238081678ed31b26a21a318ac516580238a40ca35b,hank-place-field-audit-v1,Stage3 Firestore snapshot; live read blocked by RESOURCE_EXHAUSTED
293,kto-4013234,유타골프 제주점,JEJU_CITY,jeju_city,제주시,38,쇼핑,spot,KTO_OVERLAY_FOUND,6,1,7,7,24,29.17,동반 유형: 전구역 동반가능,1,유타골프 제주점,1,38:쇼핑,1,제주특별자치도 제주시 연북로 76 (연동),0,,1,"33.4815487337564,126.489399163279",0,,1,https://tong.visitkorea.or.kr/cms/resource/79/4024479_image2_1.jpeg,0,,0,,0,,0,,0,,0,,0,,1,63138,1,전구역 동반가능,0,,0,,0,,0,,0,,0,,0,,0,,2b91c56fc7b5196bc828c9238081678ed31b26a21a318ac516580238a40ca35b,hank-place-field-audit-v1,Stage3 Firestore snapshot; live read blocked by RESOURCE_EXHAUSTED
294,kto-4013235,제주오라쇼핑,JEJU_CITY,jeju_city,제주시,38,쇼핑,spot,KTO_OVERLAY_FOUND,6,1,7,7,24,29.17,동반 유형: 전구역 동반가능,1,제주오라쇼핑,1,38:쇼핑,1,제주특별자치도 제주시 오남로 118 (오라이동),0,,1,"33.485644348299,126.51615025355",0,,1,https://tong.visitkorea.or.kr/cms/resource/80/4024480_image2_1.jpeg,0,,0,,0,,0,,0,,0,,0,,1,63146,1,전구역 동반가능,0,,0,,0,,0,,0,,0,,0,,0,,2b91c56fc7b5196bc828c9238081678ed31b26a21a318ac516580238a40ca35b,hank-place-field-audit-v1,Stage3 Firestore snapshot; live read blocked by RESOURCE_EXHAUSTED
295,kto-4013237,아일랜드 프로젝트 본점,JEJU_CITY,jeju_city,제주시,38,쇼핑,spot,KTO_OVERLAY_FOUND,6,1,7,7,24,29.17,동반 유형: 전구역 동반가능,1,아일랜드 프로젝트 본점,1,38:쇼핑,1,제주특별자치도 제주시 전농로 29 (삼도일동),0,,1,"33.504691765741,126.516408048805",0,,1,https://tong.visitkorea.or.kr/cms/resource/55/4022755_image2_1.jpg,0,,0,,0,,0,,0,,0,,0,,1,63173,1,전구역 동반가능,0,,0,,0,,0,,0,,0,,0,,0,,2b91c56fc7b5196bc828c9238081678ed31b26a21a318ac516580238a40ca35b,hank-place-field-audit-v1,Stage3 Firestore snapshot; live read blocked by RESOURCE_EXHAUSTED
296,kto-4013239,K2 제주MS,JEJU_CITY,jeju_city,제주시,38,쇼핑,spot,KTO_OVERLAY_FOUND,6,1,7,7,24,29.17,동반 유형: 전구역 동반가능,1,K2 제주MS,1,38:쇼핑,1,제주특별자치도 제주시 중앙로 35 (일도일동),0,,1,"33.5151568075435,126.524915759389",0,,1,https://tong.visitkorea.or.kr/cms/resource/18/4024418_image2_1.jpeg,0,,0,,0,,0,,0,,0,,0,,1,63277,1,전구역 동반가능,0,,0,,0,,0,,0,,0,,0,,0,,2b91c56fc7b5196bc828c9238081678ed31b26a21a318ac516580238a40ca35b,hank-place-field-audit-v1,Stage3 Firestore snapshot; live read blocked by RESOURCE_EXHAUSTED
297,kto-4013242,무자크 제주중앙점,JEJU_CITY,jeju_city,제주시,38,쇼핑,spot,KTO_OVERLAY_FOUND,6,1,7,7,24,29.17,동반 유형: 전구역 동반가능,1,무자크 제주중앙점,1,38:쇼핑,1,제주특별자치도 제주시 중앙로 60 (일도일동),0,,1,"33.512837715448,126.524440112964",0,,1,https://tong.visitkorea.or.kr/cms/resource/56/4022756_image2_1.jpg,0,,0,,0,,0,,0,,0,,0,,1,63168,1,전구역 동반가능,0,,0,,0,,0,,0,,0,,0,,0,,2b91c56fc7b5196bc828c9238081678ed31b26a21a318ac516580238a40ca35b,hank-place-field-audit-v1,Stage3 Firestore snapshot; live read blocked by RESOURCE_EXHAUSTED
298,kto-4013243,안경사랑 제주시,JEJU_CITY,jeju_city,제주시,38,쇼핑,spot,KTO_OVERLAY_FOUND,6,1,7,7,24,29.17,동반 유형: 전구역 동반가능,1,안경사랑 제주시,1,38:쇼핑,1,제주특별자치도 제주시 중앙로 88 (이도일동),0,,1,"33.5106290562744,126.523797816116",0,,1,https://tong.visitkorea.or.kr/cms/resource/90/4024190_image2_1.jpg,0,,0,,0,,0,,0,,0,,0,,1,63169,1,전구역 동반가능,0,,0,,0,,0,,0,,0,,0,,0,,2b91c56fc7b5196bc828c9238081678ed31b26a21a318ac516580238a40ca35b,hank-place-field-audit-v1,Stage3 Firestore snapshot; live read blocked by RESOURCE_EXHAUSTED
299,kto-4013245,아레나 제주점,JEJU_CITY,jeju_city,제주시,38,쇼핑,spot,KTO_OVERLAY_FOUND,6,1,7,7,24,29.17,동반 유형: 전구역 동반가능,1,아레나 제주점,1,38:쇼핑,1,제주특별자치도 제주시 중앙로7길 16 (일도일동),0,,1,"33.5147701341465,126.526356823047",0,,1,https://tong.visitkorea.or.kr/cms/resource/94/4024294_image2_1.jpeg,0,,0,,0,,0,,0,,0,,0,,1,63277,1,전구역 동반가능,0,,0,,0,,0,,0,,0,,0,,0,,2b91c56fc7b5196bc828c9238081678ed31b26a21a318ac516580238a40ca35b,hank-place-field-audit-v1,Stage3 Firestore snapshot; live read blocked by RESOURCE_EXHAUSTED
300,kto-4013247,나이키칠성로점,JEJU_CITY,jeju_city,제주시,38,쇼핑,spot,KTO_OVERLAY_FOUND,6,1,7,7,24,29.17,동반 유형: 전구역 동반가능,1,나이키칠성로점,1,38:쇼핑,1,제주특별자치도 제주시 칠성로길 26 (일도일동),0,,1,"33.5142562605355,126.525564325141",0,,1,https://tong.visitkorea.or.kr/cms/resource/20/4024420_image2_1.jpeg,0,,0,,0,,0,,0,,0,,0,,1,63277,1,전구역 동반가능,0,,0,,0,,0,,0,,0,,0,,0,,2b91c56fc7b5196bc828c9238081678ed31b26a21a318ac516580238a40ca35b,hank-place-field-audit-v1,Stage3 Firestore snapshot; live read blocked by RESOURCE_EXHAUSTED
301,kto-4013356,아일로 서귀포점,SEOGWIPO_CITY,seogwipo,서귀포시,38,쇼핑,spot,KTO_OVERLAY_FOUND,6,1,7,7,24,29.17,동반 유형: 전구역 동반가능,1,아일로 서귀포점,1,38:쇼핑,1,제주특별자치도 서귀포시 중정로 84 (서귀동),0,,1,"33.2482160915385,126.565220449176",0,,1,https://tong.visitkorea.or.kr/cms/resource/96/4024296_image2_1.jpeg,0,,0,,0,,0,,0,,0,,0,,1,63595,1,전구역 동반가능,0,,0,,0,,0,,0,,0,,0,,0,,2b91c56fc7b5196bc828c9238081678ed31b26a21a318ac516580238a40ca35b,hank-place-field-audit-v1,Stage3 Firestore snapshot; live read blocked by RESOURCE_EXHAUSTED
302,kto-4026796,라이프워크 메가스토어 제주점,SEOGWIPO_CITY,west,서부 (안덕),38,쇼핑,spot,KTO_OVERLAY_FOUND,6,1,7,7,24,29.17,동반 유형: 전구역 동반가능,1,라이프워크 메가스토어 제주점,1,38:쇼핑,1,제주특별자치도 서귀포시 안덕면 사계남로 186-8,0,,1,"33.2292855231565,126.308516321833",0,,1,https://tong.visitkorea.or.kr/cms/resource/17/4042417_image2_1.png,0,,0,,0,,0,,0,,0,,0,,1,63528,1,전구역 동반가능,0,,0,,0,,0,,0,,0,,0,,0,,2b91c56fc7b5196bc828c9238081678ed31b26a21a318ac516580238a40ca35b,hank-place-field-audit-v1,Stage3 Firestore snapshot; live read blocked by RESOURCE_EXHAUSTED
303,kto-4026797,아이에비뉴 신세계사이먼프리미엄아울렛 제주점,SEOGWIPO_CITY,west,서부 (안덕),38,쇼핑,spot,KTO_OVERLAY_FOUND,6,1,7,7,24,29.17,동반 유형: 전구역 동반가능,1,아이에비뉴 신세계사이먼프리미엄아울렛 제주점,1,38:쇼핑,1,제주특별자치도 서귀포시 안덕면 신화역사로304번길 38,0,,1,"33.3049726791712,126.31635202613",0,,1,https://tong.visitkorea.or.kr/cms/resource/20/4042420_image2_1.png,0,,0,,0,,0,,0,,0,,0,,1,63522,1,전구역 동반가능,0,,0,,0,,0,,0,,0,,0,,0,,2b91c56fc7b5196bc828c9238081678ed31b26a21a318ac516580238a40ca35b,hank-place-field-audit-v1,Stage3 Firestore snapshot; live read blocked by RESOURCE_EXHAUSTED
304,kto-4026798,코메타엘엑스 신세계사이먼프리미엄아울렛 제주점,SEOGWIPO_CITY,west,서부 (안덕),38,쇼핑,spot,KTO_OVERLAY_FOUND,6,1,7,7,24,29.17,동반 유형: 전구역 동반가능,1,코메타엘엑스 신세계사이먼프리미엄아울렛 제주점,1,38:쇼핑,1,제주특별자치도 서귀포시 안덕면 신화역사로304번길 38,0,,1,"33.3049726791712,126.31635202613",0,,1,https://tong.visitkorea.or.kr/cms/resource/25/4042425_image2_1.png,0,,0,,0,,0,,0,,0,,0,,1,63522,1,전구역 동반가능,0,,0,,0,,0,,0,,0,,0,,0,,2b91c56fc7b5196bc828c9238081678ed31b26a21a318ac516580238a40ca35b,hank-place-field-audit-v1,Stage3 Firestore snapshot; live read blocked by RESOURCE_EXHAUSTED
305,kto-4026799,페트레이 신세계사이먼프리미엄아울렛 제주점,SEOGWIPO_CITY,west,서부 (안덕),38,쇼핑,spot,KTO_OVERLAY_FOUND,6,1,7,7,24,29.17,동반 유형: 전구역 동반가능,1,페트레이 신세계사이먼프리미엄아울렛 제주점,1,38:쇼핑,1,제주특별자치도 서귀포시 안덕면 신화역사로304번길 38,0,,1,"33.3049726791712,126.31635202613",0,,1,https://tong.visitkorea.or.kr/cms/resource/23/4042423_image2_1.png,0,,0,,0,,0,,0,,0,,0,,1,63522,1,전구역 동반가능,0,,0,,0,,0,,0,,0,,0,,0,,2b91c56fc7b5196bc828c9238081678ed31b26a21a318ac516580238a40ca35b,hank-place-field-audit-v1,Stage3 Firestore snapshot; live read blocked by RESOURCE_EXHAUSTED
306,kto-4026809,라이프워크 메가스토어 서귀포점,SEOGWIPO_CITY,seogwipo,서귀포시,38,쇼핑,spot,KTO_OVERLAY_FOUND,6,1,7,7,24,29.17,동반 유형: 전구역 동반가능,1,라이프워크 메가스토어 서귀포점,1,38:쇼핑,1,제주특별자치도 서귀포시 일주동로 8670 (동홍동),0,,1,"33.2536577124182,126.561832909434",0,,1,https://tong.visitkorea.or.kr/cms/resource/83/4042383_image2_1.png,0,,0,,0,,0,,0,,0,,0,,1,63585,1,전구역 동반가능,0,,0,,0,,0,,0,,0,,0,,0,,2b91c56fc7b5196bc828c9238081678ed31b26a21a318ac516580238a40ca35b,hank-place-field-audit-v1,Stage3 Firestore snapshot; live read blocked by RESOURCE_EXHAUSTED
307,kto-4026810,다이소 서귀포혁신도시점,SEOGWIPO_CITY,seogwipo,서귀포시,38,쇼핑,spot,KTO_OVERLAY_FOUND,6,1,7,7,24,29.17,동반 유형: 전구역 동반가능,1,다이소 서귀포혁신도시점,1,38:쇼핑,1,제주특별자치도 서귀포시 일주동로 9153 (법환동),0,,1,"33.2476645007288,126.514905694781",0,,1,https://tong.visitkorea.or.kr/cms/resource/32/4029532_image2_1.jpg,0,,0,,0,,0,,0,,0,,0,,1,63572,1,전구역 동반가능,0,,0,,0,,0,,0,,0,,0,,0,,2b91c56fc7b5196bc828c9238081678ed31b26a21a318ac516580238a40ca35b,hank-place-field-audit-v1,Stage3 Firestore snapshot; live read blocked by RESOURCE_EXHAUSTED
308,kto-4026811,모던하우스 서귀포점,SEOGWIPO_CITY,seogwipo,서귀포시,38,쇼핑,spot,KTO_OVERLAY_FOUND,6,1,7,7,24,29.17,동반 유형: 전구역 동반가능,1,모던하우스 서귀포점,1,38:쇼핑,1,제주특별자치도 서귀포시 일주동로 9159 (법환동),0,,1,"33.2476886538111,126.514233082812",0,,1,https://tong.visitkorea.or.kr/cms/resource/77/4042377_image2_1.jpg,0,,0,,0,,0,,0,,0,,0,,1,63572,1,전구역 동반가능,0,,0,,0,,0,,0,,0,,0,,0,,2b91c56fc7b5196bc828c9238081678ed31b26a21a318ac516580238a40ca35b,hank-place-field-audit-v1,Stage3 Firestore snapshot; live read blocked by RESOURCE_EXHAUSTED
309,kto-4026812,다이소 서귀포중문점,SEOGWIPO_CITY,seogwipo,서귀포시,38,쇼핑,spot,KTO_OVERLAY_FOUND,6,1,7,7,24,29.17,동반 유형: 전구역 동반가능,1,다이소 서귀포중문점,1,38:쇼핑,1,제주특별자치도 서귀포시 일주서로 996 (색달동),0,,1,"33.258908011594,126.404480914504",0,,1,https://tong.visitkorea.or.kr/cms/resource/36/4029536_image2_1.png,0,,0,,0,,0,,0,,0,,0,,1,63534,1,전구역 동반가능,0,,0,,0,,0,,0,,0,,0,,0,,2b91c56fc7b5196bc828c9238081678ed31b26a21a318ac516580238a40ca35b,hank-place-field-audit-v1,Stage3 Firestore snapshot; live read blocked by RESOURCE_EXHAUSTED
310,kto-4026813,캄포스 제주 부티크,SEOGWIPO_CITY,seogwipo,서귀포시,38,쇼핑,spot,KTO_OVERLAY_FOUND,6,1,7,7,24,29.17,동반 유형: 전구역 동반가능,1,캄포스 제주 부티크,1,38:쇼핑,1,제주특별자치도 서귀포시 중문관광로72번길 35 (색달동),0,,1,"33.2485996126094,126.410330074977",0,,1,https://tong.visitkorea.or.kr/cms/resource/87/4042387_image2_1.png,0,,0,,0,,0,,0,,0,,0,,1,63535,1,전구역 동반가능,0,,0,,0,,0,,0,,0,,0,,0,,2b91c56fc7b5196bc828c9238081678ed31b26a21a318ac516580238a40ca35b,hank-place-field-audit-v1,Stage3 Firestore snapshot; live read blocked by RESOURCE_EXHAUSTED
311,kto-4026816,아리따움 제주서귀포점,SEOGWIPO_CITY,seogwipo,서귀포시,38,쇼핑,spot,KTO_OVERLAY_FOUND,6,1,7,7,24,29.17,동반 유형: 전구역 동반가능,1,아리따움 제주서귀포점,1,38:쇼핑,1,제주특별자치도 서귀포시 중앙로54번길 14 (서귀동),0,,1,"33.2494614155919,126.562262262693",0,,1,https://tong.visitkorea.or.kr/cms/resource/88/4041988_image2_1.jpeg,0,,0,,0,,0,,0,,0,,0,,1,63591,1,전구역 동반가능,0,,0,,0,,0,,0,,0,,0,,0,,2b91c56fc7b5196bc828c9238081678ed31b26a21a318ac516580238a40ca35b,hank-place-field-audit-v1,Stage3 Firestore snapshot; live read blocked by RESOURCE_EXHAUSTED
312,kto-4026818,올레올레 서귀포올레시장점,SEOGWIPO_CITY,seogwipo,서귀포시,38,쇼핑,spot,KTO_OVERLAY_FOUND,6,1,7,7,24,29.17,동반 유형: 전구역 동반가능,1,올레올레 서귀포올레시장점,1,38:쇼핑,1,제주특별자치도 서귀포시 중앙로54번길 35 (서귀동),0,,1,"33.2499021543,126.5632430039",0,,1,https://tong.visitkorea.or.kr/cms/resource/84/4045984_image2_1.png,0,,0,,0,,0,,0,,0,,0,,1,63591,1,전구역 동반가능,0,,0,,0,,0,,0,,0,,0,,0,,2b91c56fc7b5196bc828c9238081678ed31b26a21a318ac516580238a40ca35b,hank-place-field-audit-v1,Stage3 Firestore snapshot; live read blocked by RESOURCE_EXHAUSTED
313,kto-4026819,아트박스 서귀포점,SEOGWIPO_CITY,seogwipo,서귀포시,38,쇼핑,spot,KTO_OVERLAY_FOUND,6,1,7,7,24,29.17,동반 유형: 전구역 동반가능,1,아트박스 서귀포점,1,38:쇼핑,1,제주특별자치도 서귀포시 중정로61번길 4 (서귀동),0,,1,"33.2481014840114,126.563107742108",0,,1,https://tong.visitkorea.or.kr/cms/resource/32/4045032_image2_1.png,0,,0,,0,,0,,0,,0,,0,,1,63591,1,전구역 동반가능,0,,0,,0,,0,,0,,0,,0,,0,,2b91c56fc7b5196bc828c9238081678ed31b26a21a318ac516580238a40ca35b,hank-place-field-audit-v1,Stage3 Firestore snapshot; live read blocked by RESOURCE_EXHAUSTED
314,kto-4026821,다이소 제주노형점,JEJU_CITY,jeju_city,제주시,38,쇼핑,spot,KTO_OVERLAY_FOUND,6,1,7,7,24,29.17,동반 유형: 전구역 동반가능,1,다이소 제주노형점,1,38:쇼핑,1,제주특별자치도 제주시 1100로 3325 (노형동),0,,1,"33.4834509185512,126.4802473266",0,,1,https://tong.visitkorea.or.kr/cms/resource/40/4029540_image2_1.png,0,,0,,0,,0,,0,,0,,0,,1,63083,1,전구역 동반가능,0,,0,,0,,0,,0,,0,,0,,0,,2b91c56fc7b5196bc828c9238081678ed31b26a21a318ac516580238a40ca35b,hank-place-field-audit-v1,Stage3 Firestore snapshot; live read blocked by RESOURCE_EXHAUSTED
315,kto-4026822,정관장 일도점,JEJU_CITY,jeju_city,제주시,38,쇼핑,spot,KTO_OVERLAY_FOUND,6,1,7,7,24,29.17,동반 유형: 전구역 동반가능,1,정관장 일도점,1,38:쇼핑,1,제주특별자치도 제주시 고마로 150 (이도이동),0,,1,"33.5013086748855,126.543169290337",0,,1,https://tong.visitkorea.or.kr/cms/resource/84/4042384_image2_1.png,0,,0,,0,,0,,0,,0,,0,,1,63218,1,전구역 동반가능,0,,0,,0,,0,,0,,0,,0,,0,,2b91c56fc7b5196bc828c9238081678ed31b26a21a318ac516580238a40ca35b,hank-place-field-audit-v1,Stage3 Firestore snapshot; live read blocked by RESOURCE_EXHAUSTED
316,kto-4026823,다이소 제주동문시장점,JEJU_CITY,jeju_city,제주시,38,쇼핑,spot,KTO_OVERLAY_FOUND,6,1,7,7,24,29.17,동반 유형: 전구역 동반가능,1,다이소 제주동문시장점,1,38:쇼핑,1,제주특별자치도 제주시 관덕로 68 (일도일동),0,,1,"33.5128644912115,126.526511001839",0,,1,https://tong.visitkorea.or.kr/cms/resource/44/4029544_image2_1.jpg,0,,0,,0,,0,,0,,0,,0,,1,63192,1,전구역 동반가능,0,,0,,0,,0,,0,,0,,0,,0,,2b91c56fc7b5196bc828c9238081678ed31b26a21a318ac516580238a40ca35b,hank-place-field-audit-v1,Stage3 Firestore snapshot; live read blocked by RESOURCE_EXHAUSTED
317,kto-4026825,라이프워크 제주탑동직영점,JEJU_CITY,jeju_city,제주시,38,쇼핑,spot,KTO_OVERLAY_FOUND,6,1,7,7,24,29.17,동반 유형: 전구역 동반가능,1,라이프워크 제주탑동직영점,1,38:쇼핑,1,제주특별자치도 제주시 관덕로11길 30 (일도일동),0,,1,"33.5156715761242,126.525705458197",0,,1,https://tong.visitkorea.or.kr/cms/resource/90/4042390_image2_1.png,0,,0,,0,,0,,0,,0,,0,,1,63277,1,전구역 동반가능,0,,0,,0,,0,,0,,0,,0,,0,,2b91c56fc7b5196bc828c9238081678ed31b26a21a318ac516580238a40ca35b,hank-place-field-audit-v1,Stage3 Firestore snapshot; live read blocked by RESOURCE_EXHAUSTED
318,kto-4026826,루이까스텔 칠성점,JEJU_CITY,jeju_city,제주시,38,쇼핑,spot,KTO_OVERLAY_FOUND,6,1,7,7,24,29.17,동반 유형: 전구역 동반가능,1,루이까스텔 칠성점,1,38:쇼핑,1,제주특별자치도 제주시 관덕로11길 31 (건입동),0,,1,"33.5158895024304,126.525473177223",0,,1,https://tong.visitkorea.or.kr/cms/resource/20/4045020_image2_1.png,0,,0,,0,,0,,0,,0,,0,,1,63277,1,전구역 동반가능,0,,0,,0,,0,,0,,0,,0,,0,,2b91c56fc7b5196bc828c9238081678ed31b26a21a318ac516580238a40ca35b,hank-place-field-audit-v1,Stage3 Firestore snapshot; live read blocked by RESOURCE_EXHAUSTED
319,kto-4026831,제주동화마을,JEJU_CITY,east,동부 (구좌),38,쇼핑,spot,KTO_OVERLAY_FOUND,6,1,7,7,24,29.17,동반 유형: 전구역 동반가능,1,제주동화마을,1,38:쇼핑,1,제주특별자치도 제주시 구좌읍 비자림로 1191,0,,1,"33.4354329886865,126.732037746765",0,,1,https://tong.visitkorea.or.kr/cms/resource/76/4042476_image2_1.jpg,0,,0,,0,,0,,0,,0,,0,,1,63355,1,전구역 동반가능,0,,0,,0,,0,,0,,0,,0,,0,,2b91c56fc7b5196bc828c9238081678ed31b26a21a318ac516580238a40ca35b,hank-place-field-audit-v1,Stage3 Firestore snapshot; live read blocked by RESOURCE_EXHAUSTED
320,kto-4026835,피렌체 제주점,JEJU_CITY,jeju_city,제주시,38,쇼핑,spot,KTO_OVERLAY_FOUND,6,1,7,7,24,29.17,동반 유형: 전구역 동반가능,1,피렌체 제주점,1,38:쇼핑,1,제주특별자치도 제주시 노연로 80 (연동),0,,1,"33.4856033240627,126.488905281133",0,,1,https://tong.visitkorea.or.kr/cms/resource/28/4043528_image2_1.jpg,0,,0,,0,,0,,0,,0,,0,,1,63132,1,전구역 동반가능,0,,0,,0,,0,,0,,0,,0,,0,,2b91c56fc7b5196bc828c9238081678ed31b26a21a318ac516580238a40ca35b,hank-place-field-audit-v1,Stage3 Firestore snapshot; live read blocked by RESOURCE_EXHAUSTED
321,kto-4026838,GS25 제주노형점,JEJU_CITY,jeju_city,제주시,38,쇼핑,spot,KTO_OVERLAY_FOUND,6,1,7,7,24,29.17,동반 유형: 전구역 동반가능,1,GS25 제주노형점,1,38:쇼핑,1,제주특별자치도 제주시 도령로 31 (노형동),0,,1,"33.4878756929729,126.482150160136",0,,1,https://tong.visitkorea.or.kr/cms/resource/82/4042382_image2_1.png,0,,0,,0,,0,,0,,0,,0,,1,63098,1,전구역 동반가능,0,,0,,0,,0,,0,,0,,0,,0,,2b91c56fc7b5196bc828c9238081678ed31b26a21a318ac516580238a40ca35b,hank-place-field-audit-v1,Stage3 Firestore snapshot; live read blocked by RESOURCE_EXHAUSTED
322,kto-4026840,토이마켓 제주점,JEJU_CITY,jeju_city,제주시,38,쇼핑,spot,KTO_OVERLAY_FOUND,6,1,7,7,24,29.17,동반 유형: 전구역 동반가능,1,토이마켓 제주점,1,38:쇼핑,1,제주특별자치도 제주시 동문로 192 (건입동),0,,1,"33.5118154703037,126.546309826677",0,,1,https://tong.visitkorea.or.kr/cms/resource/88/4042388_image2_1.png,0,,0,,0,,0,,0,,0,,0,,1,63285,1,전구역 동반가능,0,,0,,0,,0,,0,,0,,0,,0,,2b91c56fc7b5196bc828c9238081678ed31b26a21a318ac516580238a40ca35b,hank-place-field-audit-v1,Stage3 Firestore snapshot; live read blocked by RESOURCE_EXHAUSTED
323,kto-4026841,와인창고 동문시장점,JEJU_CITY,jeju_city,제주시,38,쇼핑,spot,KTO_OVERLAY_FOUND,6,1,7,7,24,29.17,동반 유형: 전구역 동반가능,1,와인창고 동문시장점,1,38:쇼핑,1,제주특별자치도 제주시 동문로4길 3 (일도일동),0,,1,"33.5126222702,126.5286957175",0,,1,https://tong.visitkorea.or.kr/cms/resource/86/4045986_image2_1.png,0,,0,,0,,0,,0,,0,,0,,1,63264,1,전구역 동반가능,0,,0,,0,,0,,0,,0,,0,,0,,2b91c56fc7b5196bc828c9238081678ed31b26a21a318ac516580238a40ca35b,hank-place-field-audit-v1,Stage3 Firestore snapshot; live read blocked by RESOURCE_EXHAUSTED
324,kto-4026843,아식스 신제주점,JEJU_CITY,jeju_city,제주시,38,쇼핑,spot,KTO_OVERLAY_FOUND,6,1,7,7,24,29.17,동반 유형: 전구역 동반가능,1,아식스 신제주점,1,38:쇼핑,1,제주특별자치도 제주시 삼무로 42 (연동),0,,1,"33.4896693408727,126.491166003286",0,,1,https://tong.visitkorea.or.kr/cms/resource/69/4045069_image2_1.png,0,,0,,0,,0,,0,,0,,0,,1,63124,1,전구역 동반가능,0,,0,,0,,0,,0,,0,,0,,0,,2b91c56fc7b5196bc828c9238081678ed31b26a21a318ac516580238a40ca35b,hank-place-field-audit-v1,Stage3 Firestore snapshot; live read blocked by RESOURCE_EXHAUSTED
325,kto-4026845,혜명한약국,JEJU_CITY,jeju_city,제주시,38,쇼핑,spot,KTO_OVERLAY_FOUND,6,1,7,7,24,29.17,동반 유형: 전구역 동반가능,1,혜명한약국,1,38:쇼핑,1,제주특별자치도 제주시 서광로2길 11-1 (오라일동),0,,1,"33.4992156607582,126.513157026035",0,,1,https://tong.visitkorea.or.kr/cms/resource/67/4042367_image2_1.png,0,,0,,0,,0,,0,,0,,0,,1,63188,1,전구역 동반가능,0,,0,,0,,0,,0,,0,,0,,0,,2b91c56fc7b5196bc828c9238081678ed31b26a21a318ac516580238a40ca35b,hank-place-field-audit-v1,Stage3 Firestore snapshot; live read blocked by RESOURCE_EXHAUSTED
326,kto-4026847,랜드로바 신제주점,JEJU_CITY,jeju_city,제주시,38,쇼핑,spot,KTO_OVERLAY_FOUND,6,1,7,7,24,29.17,동반 유형: 전구역 동반가능,1,랜드로바 신제주점,1,38:쇼핑,1,제주특별자치도 제주시 신광로 31 (연동),0,,1,"33.48937684023,126.490348327072",0,,1,https://tong.visitkorea.or.kr/cms/resource/78/4042378_image2_1.png,0,,0,,0,,0,,0,,0,,0,,1,63124,1,전구역 동반가능,0,,0,,0,,0,,0,,0,,0,,0,,2b91c56fc7b5196bc828c9238081678ed31b26a21a318ac516580238a40ca35b,hank-place-field-audit-v1,Stage3 Firestore snapshot; live read blocked by RESOURCE_EXHAUSTED
327,kto-4026850,믹스존,JEJU_CITY,jeju_city,제주시,38,쇼핑,spot,KTO_OVERLAY_FOUND,6,1,7,7,24,29.17,동반 유형: 전구역 동반가능,1,믹스존,1,38:쇼핑,1,제주특별자치도 제주시 신성로13길 13 (이도이동),0,,1,"33.4991086261149,126.529679376528",0,,1,https://tong.visitkorea.or.kr/cms/resource/70/4042170_image2_1.png,0,,0,,0,,0,,0,,0,,0,,1,63207,1,전구역 동반가능,0,,0,,0,,0,,0,,0,,0,,0,,2b91c56fc7b5196bc828c9238081678ed31b26a21a318ac516580238a40ca35b,hank-place-field-audit-v1,Stage3 Firestore snapshot; live read blocked by RESOURCE_EXHAUSTED
328,kto-4026851,라이프워크 메가스토어 애월점,JEJU_CITY,west,서부 (애월),38,쇼핑,spot,KTO_OVERLAY_FOUND,6,1,7,7,24,29.17,동반 유형: 전구역 동반가능,1,라이프워크 메가스토어 애월점,1,38:쇼핑,1,제주특별자치도 제주시 애월읍 애월해안로 202,0,,1,"33.4664627181442,126.333677701004",0,,1,https://tong.visitkorea.or.kr/cms/resource/32/4042632_image2_1.jpg,0,,0,,0,,0,,0,,0,,0,,1,63045,1,전구역 동반가능,0,,0,,0,,0,,0,,0,,0,,0,,2b91c56fc7b5196bc828c9238081678ed31b26a21a318ac516580238a40ca35b,hank-place-field-audit-v1,Stage3 Firestore snapshot; live read blocked by RESOURCE_EXHAUSTED
329,kto-4026854,AK골프 제주점,JEJU_CITY,jeju_city,제주시,38,쇼핑,spot,KTO_OVERLAY_FOUND,6,1,7,7,24,29.17,동반 유형: 전구역 동반가능,1,AK골프 제주점,1,38:쇼핑,1,제주특별자치도 제주시 연북로 265 (오라이동),0,,1,"33.4814860735181,126.509718278864",0,,1,https://tong.visitkorea.or.kr/cms/resource/70/4042270_image2_1.png,0,,0,,0,,0,,0,,0,,0,,1,63145,1,전구역 동반가능,0,,0,,0,,0,,0,,0,,0,,0,,2b91c56fc7b5196bc828c9238081678ed31b26a21a318ac516580238a40ca35b,hank-place-field-audit-v1,Stage3 Firestore snapshot; live read blocked by RESOURCE_EXHAUSTED
330,kto-4026855,타이틀리스트 제주점,JEJU_CITY,jeju_city,제주시,38,쇼핑,spot,KTO_OVERLAY_FOUND,6,1,7,7,24,29.17,동반 유형: 전구역 동반가능,1,타이틀리스트 제주점,1,38:쇼핑,1,제주특별자치도 제주시 연북로 70 (연동),0,,1,"33.4815610608465,126.48875891845",0,,1,https://tong.visitkorea.or.kr/cms/resource/16/4043516_image2_1.jpg,0,,0,,0,,0,,0,,0,,0,,1,63138,1,전구역 동반가능,0,,0,,0,,0,,0,,0,,0,,0,,2b91c56fc7b5196bc828c9238081678ed31b26a21a318ac516580238a40ca35b,hank-place-field-audit-v1,Stage3 Firestore snapshot; live read blocked by RESOURCE_EXHAUSTED
331,kto-4026858,CU 제주연오로점,JEJU_CITY,jeju_city,제주시,38,쇼핑,spot,KTO_OVERLAY_FOUND,6,1,7,7,24,29.17,동반 유형: 전구역 동반가능,1,CU 제주연오로점,1,38:쇼핑,1,제주특별자치도 제주시 연오로 108 (연동),0,,1,"33.4833460097639,126.501321682988",0,,1,https://tong.visitkorea.or.kr/cms/resource/69/4042269_image2_1.png,0,,0,,0,,0,,0,,0,,0,,1,63135,1,전구역 동반가능,0,,0,,0,,0,,0,,0,,0,,0,,2b91c56fc7b5196bc828c9238081678ed31b26a21a318ac516580238a40ca35b,hank-place-field-audit-v1,Stage3 Firestore snapshot; live read blocked by RESOURCE_EXHAUSTED
332,kto-4026862,다이소 제주시청점,JEJU_CITY,jeju_city,제주시,38,쇼핑,spot,KTO_OVERLAY_FOUND,6,1,7,7,24,29.17,동반 유형: 전구역 동반가능,1,다이소 제주시청점,1,38:쇼핑,1,제주특별자치도 제주시 중앙로 213 (이도이동),0,,1,"33.5006342353571,126.529472144321",0,,1,https://tong.visitkorea.or.kr/cms/resource/51/4029551_image2_1.jpg,0,,0,,0,,0,,0,,0,,0,,1,63208,1,전구역 동반가능,0,,0,,0,,0,,0,,0,,0,,0,,2b91c56fc7b5196bc828c9238081678ed31b26a21a318ac516580238a40ca35b,hank-place-field-audit-v1,Stage3 Firestore snapshot; live read blocked by RESOURCE_EXHAUSTED
333,kto-4026869,이솝 제주,JEJU_CITY,jeju_city,제주시,38,쇼핑,spot,KTO_OVERLAY_FOUND,6,1,7,7,24,29.17,동반 유형: 전구역 동반가능,1,이솝 제주,1,38:쇼핑,1,제주특별자치도 제주시 탑동로2길 3 (삼도이동),0,,1,"33.5177045919272,126.52331515606",0,,1,https://tong.visitkorea.or.kr/cms/resource/76/4041976_image2_1.png,0,,0,,0,,0,,0,,0,,0,,1,63165,1,전구역 동반가능,0,,0,,0,,0,,0,,0,,0,,0,,2b91c56fc7b5196bc828c9238081678ed31b26a21a318ac516580238a40ca35b,hank-place-field-audit-v1,Stage3 Firestore snapshot; live read blocked by RESOURCE_EXHAUSTED
334,kto-4026870,다이소 제주애월점,JEJU_CITY,west,서부 (애월),38,쇼핑,spot,KTO_OVERLAY_FOUND,6,1,7,7,24,29.17,동반 유형: 전구역 동반가능,1,다이소 제주애월점,1,38:쇼핑,1,제주특별자치도 제주시 애월읍 애원로 38,0,,1,"33.4608564762545,126.320472435386",0,,1,https://tong.visitkorea.or.kr/cms/resource/54/4029554_image2_1.jpg,0,,0,,0,,0,,0,,0,,0,,1,63044,1,전구역 동반가능,0,,0,,0,,0,,0,,0,,0,,0,,2b91c56fc7b5196bc828c9238081678ed31b26a21a318ac516580238a40ca35b,hank-place-field-audit-v1,Stage3 Firestore snapshot; live read blocked by RESOURCE_EXHAUSTED
335,kto-4026871,다이소 제주연동본점,JEJU_CITY,jeju_city,제주시,38,쇼핑,spot,KTO_OVERLAY_FOUND,6,1,7,7,24,29.17,동반 유형: 전구역 동반가능,1,다이소 제주연동본점,1,38:쇼핑,1,제주특별자치도 제주시 일주서로 7864 (연동),0,,1,"33.4935070425069,126.486790323496",0,,1,https://tong.visitkorea.or.kr/cms/resource/58/4029558_image2_1.jpg,0,,0,,0,,0,,0,,0,,0,,1,63126,1,전구역 동반가능,0,,0,,0,,0,,0,,0,,0,,0,,2b91c56fc7b5196bc828c9238081678ed31b26a21a318ac516580238a40ca35b,hank-place-field-audit-v1,Stage3 Firestore snapshot; live read blocked by RESOURCE_EXHAUSTED
336,kto-4026872,다이소 제주함덕점,JEJU_CITY,east,동부 (조천),38,쇼핑,spot,KTO_OVERLAY_FOUND,6,1,7,7,24,29.17,동반 유형: 전구역 동반가능,1,다이소 제주함덕점,1,38:쇼핑,1,제주특별자치도 제주시 조천읍 일주동로 1186,0,,1,"33.5368388693223,126.667658372328",0,,1,https://tong.visitkorea.or.kr/cms/resource/62/4029562_image2_1.png,0,,0,,0,,0,,0,,0,,0,,1,63334,1,전구역 동반가능,0,,0,,0,,0,,0,,0,,0,,0,,2b91c56fc7b5196bc828c9238081678ed31b26a21a318ac516580238a40ca35b,hank-place-field-audit-v1,Stage3 Firestore snapshot; live read blocked by RESOURCE_EXHAUSTED
337,kto-4054291,생각하는 정원[면세점(TAX REFUND SHOP)],JEJU_CITY,west,서부 (한경),38,쇼핑,spot,KTO_OVERLAY_FOUND,6,1,7,7,24,29.17,동반 유형: 전구역 동반가능,1,생각하는 정원[면세점(TAX REFUND SHOP)],1,38:쇼핑,1,제주특별자치도 제주시 한경면 녹차분재로 675,0,,1,"33.3255844945227,126.255005128834",0,,1,https://tong.visitkorea.or.kr/cms/resource/97/4017497_image2_1.jpg,0,,0,,0,,0,,0,,0,,0,,1,63005,1,전구역 동반가능,0,,0,,0,,0,,0,,0,,0,,0,,2b91c56fc7b5196bc828c9238081678ed31b26a21a318ac516580238a40ca35b,hank-place-field-audit-v1,Stage3 Firestore snapshot; live read blocked by RESOURCE_EXHAUSTED
338,kto-4054311,모이소[면세점(TAX REFUND SHOP)],JEJU_CITY,jeju_city,제주시,38,쇼핑,spot,KTO_OVERLAY_FOUND,6,1,7,7,24,29.17,동반 유형: 전구역 동반가능,1,모이소[면세점(TAX REFUND SHOP)],1,38:쇼핑,1,"제주특별자치도 제주시 신광로8길 14 (연동, 송네하우스)",0,,1,"33.4870970448797,126.488524753214",0,,1,https://tong.visitkorea.or.kr/cms/resource/77/4024477_image2_1.jpeg,0,,0,,0,,0,,0,,0,,0,,1,63131,1,전구역 동반가능,0,,0,,0,,0,,0,,0,,0,,0,,2b91c56fc7b5196bc828c9238081678ed31b26a21a318ac516580238a40ca35b,hank-place-field-audit-v1,Stage3 Firestore snapshot; live read blocked by RESOURCE_EXHAUSTED
339,kto-126439,천제연폭포,SEOGWIPO_CITY,seogwipo,서귀포시,12,관광지,spot,UNKNOWN,7,0,7,7,24,29.17,,1,천제연폭포,1,12:관광지,1,제주특별자치도 서귀포시 천제연로 132,1,(중문동),1,"33.2526559999,126.4184294967",0,,1,https://tong.visitkorea.or.kr/cms/resource/56/3552156_image2_1.jpg,0,,0,,0,,0,,0,,0,,0,,1,63546,0,,0,,0,,0,,0,,0,,0,,0,,0,,2b91c56fc7b5196bc828c9238081678ed31b26a21a318ac516580238a40ca35b,hank-place-field-audit-v1,Stage3 Firestore snapshot; live read blocked by RESOURCE_EXHAUSTED
340,kto-126440,안덕계곡,SEOGWIPO_CITY,west,서부 (안덕),12,관광지,spot,UNKNOWN,7,0,7,7,24,29.17,,1,안덕계곡,1,12:관광지,1,제주특별자치도 서귀포시 안덕면 감산리,1,1946,1,"33.2573294533,126.3529100773",0,,1,https://tong.visitkorea.or.kr/cms/resource/10/3023810_image2_1.jpg,0,,0,,0,,0,,0,,0,,0,,1,63531,0,,0,,0,,0,,0,,0,,0,,0,,0,,2b91c56fc7b5196bc828c9238081678ed31b26a21a318ac516580238a40ca35b,hank-place-field-audit-v1,Stage3 Firestore snapshot; live read blocked by RESOURCE_EXHAUSTED
341,kto-126443,화순금모래해수욕장,SEOGWIPO_CITY,west,서부 (안덕),12,관광지,spot,UNKNOWN,7,0,7,7,24,29.17,,1,화순금모래해수욕장,1,12:관광지,1,제주특별자치도 서귀포시 안덕면 화순해안로,1,91,1,"33.2407004292,126.333514908",0,,1,https://tong.visitkorea.or.kr/cms/resource/52/3023852_image2_1.jpg,0,,0,,0,,0,,0,,0,,0,,1,63530,0,,0,,0,,0,,0,,0,,0,,0,,0,,2b91c56fc7b5196bc828c9238081678ed31b26a21a318ac516580238a40ca35b,hank-place-field-audit-v1,Stage3 Firestore snapshot; live read blocked by RESOURCE_EXHAUSTED
342,kto-126445,제주 토끼섬 문주란 자생지,JEJU_CITY,east,동부 (구좌),12,관광지,spot,UNKNOWN,7,0,7,7,24,29.17,,1,제주 토끼섬 문주란 자생지,1,12:관광지,1,제주특별자치도 제주시 구좌읍 문주란로,1,(구좌읍),1,"33.520231492,126.908342042",0,,1,https://tong.visitkorea.or.kr/cms/resource/60/3554060_image2_1.jpg,0,,0,,0,,0,,0,,0,,0,,1,63363,0,,0,,0,,0,,0,,0,,0,,0,,0,,2b91c56fc7b5196bc828c9238081678ed31b26a21a318ac516580238a40ca35b,hank-place-field-audit-v1,Stage3 Firestore snapshot; live read blocked by RESOURCE_EXHAUSTED
343,kto-126452,만장굴 (제주도 국가지질공원),JEJU_CITY,east,동부 (구좌),12,관광지,spot,UNKNOWN,7,0,7,7,24,29.17,,1,만장굴 (제주도 국가지질공원),1,12:관광지,1,제주특별자치도 제주시 구좌읍 만장굴길 182,1,(구좌읍),1,"33.5280164989,126.7706646226",0,,1,https://tong.visitkorea.or.kr/cms/resource/55/3354155_image2_1.jpg,0,,0,,0,,0,,0,,0,,0,,1,63348,0,,0,,0,,0,,0,,0,,0,,0,,0,,2b91c56fc7b5196bc828c9238081678ed31b26a21a318ac516580238a40ca35b,hank-place-field-audit-v1,Stage3 Firestore snapshot; live read blocked by RESOURCE_EXHAUSTED
344,kto-126458,원당사지,JEJU_CITY,jeju_city,제주시,12,관광지,spot,UNKNOWN,7,0,7,7,24,29.17,,1,원당사지,1,12:관광지,1,제주특별자치도 제주시 원당로16길 41,1,(삼양일동),1,"33.5290560802,126.5984742947",0,,1,https://tong.visitkorea.or.kr/cms/resource/19/3477919_image2_1.jpg,0,,0,,0,,0,,0,,0,,0,,1,63316,0,,0,,0,,0,,0,,0,,0,,0,,0,,2b91c56fc7b5196bc828c9238081678ed31b26a21a318ac516580238a40ca35b,hank-place-field-audit-v1,Stage3 Firestore snapshot; live read blocked by RESOURCE_EXHAUSTED
345,kto-126459,모충사,JEJU_CITY,jeju_city,제주시,12,관광지,spot,UNKNOWN,7,0,7,7,24,29.17,,1,모충사,1,12:관광지,1,제주특별자치도 제주시 건입동,1,1427-13,1,"33.5161427755,126.5455208585",0,,1,https://tong.visitkorea.or.kr/cms/resource/24/3555224_image2_1.jpg,0,,0,,0,,0,,0,,0,,0,,1,63307,0,,0,,0,,0,,0,,0,,0,,0,,0,,2b91c56fc7b5196bc828c9238081678ed31b26a21a318ac516580238a40ca35b,hank-place-field-audit-v1,Stage3 Firestore snapshot; live read blocked by RESOURCE_EXHAUSTED
346,kto-126461,산천단곰솔,JEJU_CITY,jeju_city,제주시,12,관광지,spot,UNKNOWN,7,0,7,7,24,29.17,,1,산천단곰솔,1,12:관광지,1,제주특별자치도 제주시 516로 3041-24,1,(아라일동),1,"33.4476699442,126.5547604989",0,,1,https://tong.visitkorea.or.kr/cms/resource/86/3384586_image2_1.jpg,0,,0,,0,,0,,0,,0,,0,,1,63244,0,,0,,0,,0,,0,,0,,0,,0,,0,,2b91c56fc7b5196bc828c9238081678ed31b26a21a318ac516580238a40ca35b,hank-place-field-audit-v1,Stage3 Firestore snapshot; live read blocked by RESOURCE_EXHAUSTED
347,kto-126462,오현단,JEJU_CITY,jeju_city,제주시,12,관광지,spot,UNKNOWN,7,0,7,7,24,29.17,,1,오현단,1,12:관광지,1,제주특별자치도 제주시 오현길 61,1,(이도일동),1,"33.5102618336,126.5255683759",0,,1,https://tong.visitkorea.or.kr/cms/resource/59/4074259_image2_1.jpeg,0,,0,,0,,0,,0,,0,,0,,1,63192,0,,0,,0,,0,,0,,0,,0,,0,,0,,2b91c56fc7b5196bc828c9238081678ed31b26a21a318ac516580238a40ca35b,hank-place-field-audit-v1,Stage3 Firestore snapshot; live read blocked by RESOURCE_EXHAUSTED
348,kto-126463,연북정,JEJU_CITY,east,동부 (조천),12,관광지,spot,UNKNOWN,7,0,7,7,24,29.17,,1,연북정,1,12:관광지,1,제주특별자치도 제주시 조천읍 조천리,1,2690,1,"33.5402304438,126.6359680033",0,,1,https://tong.visitkorea.or.kr/cms/resource/47/3556247_image2_1.jpg,0,,0,,0,,0,,0,,0,,0,,1,63331,0,,0,,0,,0,,0,,0,,0,,0,,0,,2b91c56fc7b5196bc828c9238081678ed31b26a21a318ac516580238a40ca35b,hank-place-field-audit-v1,Stage3 Firestore snapshot; live read blocked by RESOURCE_EXHAUSTED
349,kto-126467,무수천,JEJU_CITY,west,서부 (애월),12,관광지,spot,UNKNOWN,7,0,7,7,24,29.17,,1,무수천,1,12:관광지,1,제주특별자치도 제주시 애월읍 무수천길,1,(애월읍) 일대,1,"33.4627665614,126.4470472947",0,,1,https://tong.visitkorea.or.kr/cms/resource/42/3384742_image2_1.jpg,0,,0,,0,,0,,0,,0,,0,,1,63060,0,,0,,0,,0,,0,,0,,0,,0,,0,,2b91c56fc7b5196bc828c9238081678ed31b26a21a318ac516580238a40ca35b,hank-place-field-audit-v1,Stage3 Firestore snapshot; live read blocked by RESOURCE_EXHAUSTED
350,kto-126468,방선문,JEJU_CITY,jeju_city,제주시,12,관광지,spot,UNKNOWN,7,0,7,7,24,29.17,,1,방선문,1,12:관광지,1,제주특별자치도 제주시 오라이동,1,Jan-39,1,"33.4542936092,126.5169053039",0,,1,https://tong.visitkorea.or.kr/cms/resource/02/1802002_image2_1.jpg,0,,0,,0,,0,,0,,0,,0,,1,63147,0,,0,,0,,0,,0,,0,,0,,0,,0,,2b91c56fc7b5196bc828c9238081678ed31b26a21a318ac516580238a40ca35b,hank-place-field-audit-v1,Stage3 Firestore snapshot; live read blocked by RESOURCE_EXHAUSTED
351,kto-126470,외돌개(제주),SEOGWIPO_CITY,seogwipo,서귀포시,12,관광지,spot,UNKNOWN,7,0,7,7,24,29.17,,1,외돌개(제주),1,12:관광지,1,제주특별자치도 서귀포시 서흥동,1,791,1,"33.2402621646,126.546215918",0,,1,https://tong.visitkorea.or.kr/cms/resource/75/3552175_image2_1.jpg,0,,0,,0,,0,,0,,0,,0,,1,63594,0,,0,,0,,0,,0,,0,,0,,0,,0,,2b91c56fc7b5196bc828c9238081678ed31b26a21a318ac516580238a40ca35b,hank-place-field-audit-v1,Stage3 Firestore snapshot; live read blocked by RESOURCE_EXHAUSTED
352,kto-127049,삼매봉,SEOGWIPO_CITY,seogwipo,서귀포시,12,관광지,spot,UNKNOWN,7,0,7,7,24,29.17,,1,삼매봉,1,12:관광지,1,제주특별자치도 서귀포시 서홍동,1,820-2,1,"33.2439117723,126.5468824444",0,,1,https://tong.visitkorea.or.kr/cms/resource/76/3527376_image2_1.jpg,0,,0,,0,,0,,0,,0,,0,,1,63578,0,,0,,0,,0,,0,,0,,0,,0,,0,,2b91c56fc7b5196bc828c9238081678ed31b26a21a318ac516580238a40ca35b,hank-place-field-audit-v1,Stage3 Firestore snapshot; live read blocked by RESOURCE_EXHAUSTED
353,kto-127051,고근산,SEOGWIPO_CITY,seogwipo,서귀포시,12,관광지,spot,UNKNOWN,7,0,7,7,24,29.17,,1,고근산,1,12:관광지,1,제주특별자치도 서귀포시 서호동,1,1287,1,"33.2668281661,126.5139125656",0,,1,https://tong.visitkorea.or.kr/cms/resource/54/3477254_image2_1.jpg,0,,0,,0,,0,,0,,0,,0,,1,63574,0,,0,,0,,0,,0,,0,,0,,0,,0,,2b91c56fc7b5196bc828c9238081678ed31b26a21a318ac516580238a40ca35b,hank-place-field-audit-v1,Stage3 Firestore snapshot; live read blocked by RESOURCE_EXHAUSTED
354,kto-127202,어승생,JEJU_CITY,jeju_city,제주시,12,관광지,spot,UNKNOWN,7,0,7,7,24,29.17,,1,어승생,1,12:관광지,1,제주특별자치도 제주시 해안동,1,산220-12 (일대),1,"33.3856593715,126.5067521811",0,,1,https://tong.visitkorea.or.kr/cms/resource/72/3555172_image2_1.jpg,0,,0,,0,,0,,0,,0,,0,,1,63077,0,,0,,0,,0,,0,,0,,0,,0,,0,,2b91c56fc7b5196bc828c9238081678ed31b26a21a318ac516580238a40ca35b,hank-place-field-audit-v1,Stage3 Firestore snapshot; live read blocked by RESOURCE_EXHAUSTED
355,kto-127283,이중섭 거주지,SEOGWIPO_CITY,seogwipo,서귀포시,12,관광지,spot,UNKNOWN,7,0,7,7,24,29.17,,1,이중섭 거주지,1,12:관광지,1,제주특별자치도 서귀포시 이중섭로 29,1,(서귀동),1,"33.2455757555,126.5644169991",0,,1,https://tong.visitkorea.or.kr/cms/resource/75/3401275_image2_1.jpg,0,,0,,0,,0,,0,,0,,0,,1,63595,0,,0,,0,,0,,0,,0,,0,,0,,0,,2b91c56fc7b5196bc828c9238081678ed31b26a21a318ac516580238a40ca35b,hank-place-field-audit-v1,Stage3 Firestore snapshot; live read blocked by RESOURCE_EXHAUSTED
356,kto-127635,한라산,SEOGWIPO_CITY,seogwipo,서귀포시,12,관광지,spot,UNKNOWN,7,0,7,7,24,29.17,,1,한라산,1,12:관광지,1,제주특별자치도 서귀포시 토평동,1,산15-1,1,"33.3618,126.53",0,,1,https://tong.visitkorea.or.kr/cms/resource_photo/41/3460441_image2_1.jpg,0,,0,,0,,0,,0,,0,,0,,1,63580,0,,0,,0,,0,,0,,0,,0,,0,,0,,2b91c56fc7b5196bc828c9238081678ed31b26a21a318ac516580238a40ca35b,hank-place-field-audit-v1,Stage3 Firestore snapshot; live read blocked by RESOURCE_EXHAUSTED
357,kto-127744,제주 삼성혈,JEJU_CITY,jeju_city,제주시,12,관광지,spot,UNKNOWN,7,0,7,7,24,29.17,,1,제주 삼성혈,1,12:관광지,1,제주특별자치도 제주시 삼성로 22,1,(이도일동),1,"33.5041459335279,126.528945979249",0,,1,https://tong.visitkorea.or.kr/cms/resource/44/3555444_image2_1.jpg,0,,0,,0,,0,,0,,0,,0,,1,63197,0,,0,,0,,0,,0,,0,,0,,0,,0,,2b91c56fc7b5196bc828c9238081678ed31b26a21a318ac516580238a40ca35b,hank-place-field-audit-v1,Stage3 Firestore snapshot; live read blocked by RESOURCE_EXHAUSTED
358,kto-127861,제주 서귀포 산방산,SEOGWIPO_CITY,west,서부 (안덕),12,관광지,spot,UNKNOWN,7,0,7,7,24,29.17,,1,제주 서귀포 산방산,1,12:관광지,1,제주특별자치도 서귀포시 안덕면 사계리,1,산16,1,"33.2424277101,126.3140110065",0,,1,https://tong.visitkorea.or.kr/cms/resource/61/3536261_image2_1.jpg,0,,0,,0,,0,,0,,0,,0,,1,63528,0,,0,,0,,0,,0,,0,,0,,0,,0,,2b91c56fc7b5196bc828c9238081678ed31b26a21a318ac516580238a40ca35b,hank-place-field-audit-v1,Stage3 Firestore snapshot; live read blocked by RESOURCE_EXHAUSTED
359,kto-128150,서광차밭,SEOGWIPO_CITY,west,서부 (안덕),12,관광지,spot,UNKNOWN,7,0,7,7,24,29.17,,1,서광차밭,1,12:관광지,1,제주특별자치도 서귀포시 안덕면 신화역사로 15,1,(오설록티뮤지엄),1,"33.3059564173,126.289381178",0,,1,https://tong.visitkorea.or.kr/cms/resource/41/3024741_image2_1.jpg,0,,0,,0,,0,,0,,0,,0,,1,63521,0,,0,,0,,0,,0,,0,,0,,0,,0,,2b91c56fc7b5196bc828c9238081678ed31b26a21a318ac516580238a40ca35b,hank-place-field-audit-v1,Stage3 Firestore snapshot; live read blocked by RESOURCE_EXHAUSTED
360,kto-128556,제주러브랜드,JEJU_CITY,jeju_city,제주시,12,관광지,spot,UNKNOWN,7,0,7,7,24,29.17,,1,제주러브랜드,1,12:관광지,1,제주특별자치도 제주시 1100로 2894-72,1,(연동),1,"33.4520763477468,126.488378718063",0,,1,https://tong.visitkorea.or.kr/cms/resource/84/3556284_image2_1.jpg,0,,0,,0,,0,,0,,0,,0,,1,63079,0,,0,,0,,0,,0,,0,,0,,0,,0,,2b91c56fc7b5196bc828c9238081678ed31b26a21a318ac516580238a40ca35b,hank-place-field-audit-v1,Stage3 Firestore snapshot; live read blocked by RESOURCE_EXHAUSTED
361,kto-128793,형제섬,SEOGWIPO_CITY,west,서부 (안덕),12,관광지,spot,UNKNOWN,7,0,7,7,24,29.17,,1,형제섬,1,12:관광지,1,제주특별자치도 서귀포시 안덕면 사계리,1,산44,1,"33.2080147675,126.3092288523",0,,1,https://tong.visitkorea.or.kr/cms/resource/89/3526989_image2_1.jpg,0,,0,,0,,0,,0,,0,,0,,1,"699-822,2",0,,0,,0,,0,,0,,0,,0,,0,,0,,2b91c56fc7b5196bc828c9238081678ed31b26a21a318ac516580238a40ca35b,hank-place-field-audit-v1,Stage3 Firestore snapshot; live read blocked by RESOURCE_EXHAUSTED
362,kto-128796,별방진,JEJU_CITY,east,동부 (구좌),12,관광지,spot,UNKNOWN,7,0,7,7,24,29.17,,1,별방진,1,12:관광지,1,제주특별자치도 제주시 구좌읍 하도리 3354,1,(구좌읍),1,"33.5262082208,126.8843912035",0,,1,https://tong.visitkorea.or.kr/cms/resource/06/3100106_image2_1.jpg,0,,0,,0,,0,,0,,0,,0,,1,63359,0,,0,,0,,0,,0,,0,,0,,0,,0,,2b91c56fc7b5196bc828c9238081678ed31b26a21a318ac516580238a40ca35b,hank-place-field-audit-v1,Stage3 Firestore snapshot; live read blocked by RESOURCE_EXHAUSTED
363,kto-128838,서귀포유람선,SEOGWIPO_CITY,seogwipo,서귀포시,12,관광지,spot,UNKNOWN,7,0,7,7,24,29.17,,1,서귀포유람선,1,12:관광지,1,제주특별자치도 서귀포시 남성중로 40,1,(서홍동),1,"33.239193032,126.5584621032",0,,1,https://tong.visitkorea.or.kr/cms/resource/39/3551839_image2_1.jpg,0,,0,,0,,0,,0,,0,,0,,1,63594,0,,0,,0,,0,,0,,0,,0,,0,,0,,2b91c56fc7b5196bc828c9238081678ed31b26a21a318ac516580238a40ca35b,hank-place-field-audit-v1,Stage3 Firestore snapshot; live read blocked by RESOURCE_EXHAUSTED
364,kto-129071,오조마을,SEOGWIPO_CITY,east,동부 (성산),12,관광지,spot,UNKNOWN,7,0,7,7,24,29.17,,1,오조마을,1,12:관광지,1,제주특별자치도 서귀포시 성산읍 오조로 85,1,(성산읍),1,"33.4701955919,126.9229030466",0,,1,https://tong.visitkorea.or.kr/cms/resource/40/3477340_image2_1.jpg,0,,0,,0,,0,,0,,0,,0,,1,63639,0,,0,,0,,0,,0,,0,,0,,0,,0,,2b91c56fc7b5196bc828c9238081678ed31b26a21a318ac516580238a40ca35b,hank-place-field-audit-v1,Stage3 Firestore snapshot; live read blocked by RESOURCE_EXHAUSTED
365,kto-129147,우도 등대,JEJU_CITY,jeju_city,제주시,12,관광지,spot,UNKNOWN,7,0,7,7,24,29.17,,1,우도 등대,1,12:관광지,1,제주특별자치도 제주시 우도면 우도봉길 105,1,(우도면) 부근,1,"33.4920855483,126.9665931996",0,,1,https://tong.visitkorea.or.kr/cms/resource/35/3554035_image2_1.jpg,0,,0,,0,,0,,0,,0,,0,,1,63365,0,,0,,0,,0,,0,,0,,0,,0,,0,,2b91c56fc7b5196bc828c9238081678ed31b26a21a318ac516580238a40ca35b,hank-place-field-audit-v1,Stage3 Firestore snapshot; live read blocked by RESOURCE_EXHAUSTED
366,kto-129148,산지 등대,JEJU_CITY,jeju_city,제주시,12,관광지,spot,UNKNOWN,7,0,7,7,24,29.17,,1,산지 등대,1,12:관광지,1,제주특별자치도 제주시 사라봉동길 108-1,1,(건입동),1,"33.5209144715,126.5456624039",0,,1,https://tong.visitkorea.or.kr/cms/resource/39/3384639_image2_1.jpg,0,,0,,0,,0,,0,,0,,0,,1,63284,0,,0,,0,,0,,0,,0,,0,,0,,0,,2b91c56fc7b5196bc828c9238081678ed31b26a21a318ac516580238a40ca35b,hank-place-field-audit-v1,Stage3 Firestore snapshot; live read blocked by RESOURCE_EXHAUSTED
367,kto-129276,숨도,SEOGWIPO_CITY,seogwipo,서귀포시,12,관광지,spot,UNKNOWN,7,0,7,7,24,29.17,,1,숨도,1,12:관광지,1,제주특별자치도 서귀포시 일주동로 8941,1,(호근동),1,"33.2502894592759,126.536006645318",0,,1,https://tong.visitkorea.or.kr/cms/resource/99/4007099_image2_1.jpg,0,,0,,0,,0,,0,,0,,0,,1,63571,0,,0,,0,,0,,0,,0,,0,,0,,0,,2b91c56fc7b5196bc828c9238081678ed31b26a21a318ac516580238a40ca35b,hank-place-field-audit-v1,Stage3 Firestore snapshot; live read blocked by RESOURCE_EXHAUSTED
368,kto-129384,제주성지,JEJU_CITY,jeju_city,제주시,12,관광지,spot,UNKNOWN,7,0,7,7,24,29.17,,1,제주성지,1,12:관광지,1,제주특별자치도 제주시 오현길 61,1,(이도일동),1,"33.5102931048,126.5255810579",0,,1,https://tong.visitkorea.or.kr/cms/resource/91/3556191_image2_1.jpg,0,,0,,0,,0,,0,,0,,0,,1,63192,0,,0,,0,,0,,0,,0,,0,,0,,0,,2b91c56fc7b5196bc828c9238081678ed31b26a21a318ac516580238a40ca35b,hank-place-field-audit-v1,Stage3 Firestore snapshot; live read blocked by RESOURCE_EXHAUSTED
369,kto-129619,협재동굴,JEJU_CITY,west,서부 (한림),12,관광지,spot,UNKNOWN,7,0,7,7,24,29.17,,1,협재동굴,1,12:관광지,1,제주특별자치도 제주시 한림읍 한림로 300,1,(한림읍),1,"33.3882575818729,126.238139554648",0,,1,https://tong.visitkorea.or.kr/cms/resource/97/3053797_image2_1.jpg,0,,0,,0,,0,,0,,0,,0,,1,63011,0,,0,,0,,0,,0,,0,,0,,0,,0,,2b91c56fc7b5196bc828c9238081678ed31b26a21a318ac516580238a40ca35b,hank-place-field-audit-v1,Stage3 Firestore snapshot; live read blocked by RESOURCE_EXHAUSTED
370,kto-130036,제주문화원,JEJU_CITY,jeju_city,제주시,14,문화시설,spot,UNKNOWN,7,0,7,7,24,29.17,,1,제주문화원,1,14:문화시설,1,제주특별자치도 제주시 중앙로 2,1,해변공연장 2층,1,"33.5178748150031,126.524290543023",0,,1,https://tong.visitkorea.or.kr/cms/resource/12/3385212_image2_1.jpg,0,,0,,0,,0,,0,,0,,0,,1,63165,0,,0,,0,,0,,0,,0,,0,,0,,0,,2b91c56fc7b5196bc828c9238081678ed31b26a21a318ac516580238a40ca35b,hank-place-field-audit-v1,Stage3 Firestore snapshot; live read blocked by RESOURCE_EXHAUSTED
371,kto-130088,제주교육박물관,JEJU_CITY,jeju_city,제주시,14,문화시설,spot,UNKNOWN,7,0,7,7,24,29.17,,1,제주교육박물관,1,14:문화시설,1,제주특별자치도 제주시 오복4길 25,1,(이도이동),1,"33.4946138543236,126.537912029652",0,,1,https://tong.visitkorea.or.kr/cms/resource/05/3553205_image2_1.jpg,0,,0,,0,,0,,0,,0,,0,,1,63224,0,,0,,0,,0,,0,,0,,0,,0,,0,,2b91c56fc7b5196bc828c9238081678ed31b26a21a318ac516580238a40ca35b,hank-place-field-audit-v1,Stage3 Firestore snapshot; live read blocked by RESOURCE_EXHAUSTED
372,kto-130141,한국야구명예전당,SEOGWIPO_CITY,seogwipo,서귀포시,14,문화시설,spot,UNKNOWN,7,0,7,7,24,29.17,,1,한국야구명예전당,1,14:문화시설,1,제주특별자치도 서귀포시 중산간서로 97-1,1,(강정동),1,"33.2605730556,126.4984223827",0,,1,https://tong.visitkorea.or.kr/cms/resource/79/3077579_image2_1.jpg,0,,0,,0,,0,,0,,0,,0,,1,63558,0,,0,,0,,0,,0,,0,,0,,0,,0,,2b91c56fc7b5196bc828c9238081678ed31b26a21a318ac516580238a40ca35b,hank-place-field-audit-v1,Stage3 Firestore snapshot; live read blocked by RESOURCE_EXHAUSTED
373,kto-130180,아프리카 박물관,SEOGWIPO_CITY,seogwipo,서귀포시,14,문화시설,spot,UNKNOWN,7,0,7,7,24,29.17,,1,아프리카 박물관,1,14:문화시설,1,제주특별자치도 서귀포시 이어도로 49,1,(대포동),1,"33.2398992429,126.4290955229",0,,1,https://tong.visitkorea.or.kr/cms/resource/15/3548215_image2_1.jpg,0,,0,,0,,0,,0,,0,,0,,1,63544,0,,0,,0,,0,,0,,0,,0,,0,,0,,2b91c56fc7b5196bc828c9238081678ed31b26a21a318ac516580238a40ca35b,hank-place-field-audit-v1,Stage3 Firestore snapshot; live read blocked by RESOURCE_EXHAUSTED
374,kto-130193,서귀포문화원,SEOGWIPO_CITY,seogwipo,서귀포시,14,문화시설,spot,UNKNOWN,7,0,7,7,24,29.17,,1,서귀포문화원,1,14:문화시설,1,제주특별자치도 서귀포시 동홍로 30 (동홍동),1,서귀포 시민문화체육복합센터 1F,1,"33.2509974498,126.5688303839",0,,1,https://tong.visitkorea.or.kr/cms/resource/24/3548124_image2_1.jpg,0,,0,,0,,0,,0,,0,,0,,1,63589,0,,0,,0,,0,,0,,0,,0,,0,,0,,2b91c56fc7b5196bc828c9238081678ed31b26a21a318ac516580238a40ca35b,hank-place-field-audit-v1,Stage3 Firestore snapshot; live read blocked by RESOURCE_EXHAUSTED
375,kto-130317,테디베어뮤지엄 제주,SEOGWIPO_CITY,seogwipo,서귀포시,14,문화시설,spot,UNKNOWN,7,0,7,7,24,29.17,,1,테디베어뮤지엄 제주,1,14:문화시설,1,제주특별자치도 서귀포시 중문관광로110번길 31,1,(색달동),1,"33.25002,126.412146",0,,1,https://tong.visitkorea.or.kr/cms/resource/67/3548667_image2_1.jpg,0,,0,,0,,0,,0,,0,,0,,1,63535,0,,0,,0,,0,,0,,0,,0,,0,,0,,2b91c56fc7b5196bc828c9238081678ed31b26a21a318ac516580238a40ca35b,hank-place-field-audit-v1,Stage3 Firestore snapshot; live read blocked by RESOURCE_EXHAUSTED
376,kto-130682,서복전시관,SEOGWIPO_CITY,seogwipo,서귀포시,14,문화시설,spot,UNKNOWN,7,0,7,7,24,29.17,,1,서복전시관,1,14:문화시설,1,제주특별자치도 서귀포시 칠십리로 156-8,1,(서귀동),1,"33.2449259259,126.5706414743",0,,1,https://tong.visitkorea.or.kr/cms/resource/51/3023951_image2_1.jpg,0,,0,,0,,0,,0,,0,,0,,1,63596,0,,0,,0,,0,,0,,0,,0,,0,,0,,2b91c56fc7b5196bc828c9238081678ed31b26a21a318ac516580238a40ca35b,hank-place-field-audit-v1,Stage3 Firestore snapshot; live read blocked by RESOURCE_EXHAUSTED
377,kto-130856,제주돌마을공원,JEJU_CITY,west,서부 (한림),14,문화시설,spot,UNKNOWN,7,0,7,7,24,29.17,,1,제주돌마을공원,1,14:문화시설,1,제주특별자치도 제주시 한림읍 금능남로 421,1,(한림읍),1,"33.353778349,126.253752654",0,,1,https://tong.visitkorea.or.kr/cms/resource/44/3477744_image2_1.jpg,0,,0,,0,,0,,0,,0,,0,,1,63016,0,,0,,0,,0,,0,,0,,0,,0,,0,,2b91c56fc7b5196bc828c9238081678ed31b26a21a318ac516580238a40ca35b,hank-place-field-audit-v1,Stage3 Firestore snapshot; live read blocked by RESOURCE_EXHAUSTED
378,kto-131644,서귀포시청소년수련관,SEOGWIPO_CITY,seogwipo,서귀포시,28,레포츠,spot,UNKNOWN,7,0,7,7,24,29.17,,1,서귀포시청소년수련관,1,28:레포츠,1,제주특별자치도 서귀포시 중산간서로 97-1,1,(강정동),1,"33.2607119261,126.498227952",0,,1,https://tong.visitkorea.or.kr/cms/resource/52/3550252_image2_1.jpg,0,,0,,0,,0,,0,,0,,0,,1,63558,0,,0,,0,,0,,0,,0,,0,,0,,0,,2b91c56fc7b5196bc828c9238081678ed31b26a21a318ac516580238a40ca35b,hank-place-field-audit-v1,Stage3 Firestore snapshot; live read blocked by RESOURCE_EXHAUSTED
379,kto-131717,제주월드컵경기장,SEOGWIPO_CITY,seogwipo,서귀포시,28,레포츠,spot,UNKNOWN,7,0,7,7,24,29.17,,1,제주월드컵경기장,1,28:레포츠,1,제주특별자치도 서귀포시 월드컵로 33,1,(법환동),1,"33.2462589445592,126.509189779593",0,,1,https://tong.visitkorea.or.kr/cms/resource/24/1010424_image2_1.jpg,0,,0,,0,,0,,0,,0,,0,,1,63572,0,,0,,0,,0,,0,,0,,0,,0,,0,,2b91c56fc7b5196bc828c9238081678ed31b26a21a318ac516580238a40ca35b,hank-place-field-audit-v1,Stage3 Firestore snapshot; live read blocked by RESOURCE_EXHAUSTED
380,kto-131784,대유ATV수렵사격랜드,SEOGWIPO_CITY,seogwipo,서귀포시,28,레포츠,spot,UNKNOWN,7,0,7,7,24,29.17,,1,대유ATV수렵사격랜드,1,28:레포츠,1,제주특별자치도 서귀포시 상예로 381,1,(상예동),1,"33.2776146004829,126.395060779373",0,,1,https://tong.visitkorea.or.kr/cms/resource/13/1970013_image2_1.jpg,0,,0,,0,,0,,0,,0,,0,,1,63548,0,,0,,0,,0,,0,,0,,0,,0,,0,,2b91c56fc7b5196bc828c9238081678ed31b26a21a318ac516580238a40ca35b,hank-place-field-audit-v1,Stage3 Firestore snapshot; live read blocked by RESOURCE_EXHAUSTED
381,kto-131829,제주제트,SEOGWIPO_CITY,seogwipo,서귀포시,28,레포츠,spot,UNKNOWN,7,0,7,7,24,29.17,,1,제주제트,1,28:레포츠,1,제주특별자치도 서귀포시 대포로 172-5,1,(대포동),1,"33.2384245706,126.4395613149",0,,1,https://tong.visitkorea.or.kr/cms/resource/41/3373941_image2_1.jpg,0,,0,,0,,0,,0,,0,,0,,1,63543,0,,0,,0,,0,,0,,0,,0,,0,,0,,2b91c56fc7b5196bc828c9238081678ed31b26a21a318ac516580238a40ca35b,hank-place-field-audit-v1,Stage3 Firestore snapshot; live read blocked by RESOURCE_EXHAUSTED
382,kto-132161,대정오일시장,SEOGWIPO_CITY,west,서부 (대정),38,쇼핑,spot,UNKNOWN,7,0,7,7,24,29.17,,1,대정오일시장,1,38:쇼핑,1,제주특별자치도 서귀포시 대정읍 신영로36번길 65,1,(대정읍),1,"33.2204929929,126.2483310829",0,,1,https://tong.visitkorea.or.kr/cms/resource/95/3477195_image2_1.jpg,0,,0,,0,,0,,0,,0,,0,,1,63506,0,,0,,0,,0,,0,,0,,0,,0,,0,,2b91c56fc7b5196bc828c9238081678ed31b26a21a318ac516580238a40ca35b,hank-place-field-audit-v1,Stage3 Firestore snapshot; live read blocked by RESOURCE_EXHAUSTED
383,kto-132251,한국기념품백화점,JEJU_CITY,jeju_city,제주시,38,쇼핑,spot,UNKNOWN,7,0,7,7,24,29.17,,1,한국기념품백화점,1,38:쇼핑,1,제주특별자치도 제주시 원노형로 13,1,(노형동),1,"33.487391622,126.4847838039",0,,1,https://tong.visitkorea.or.kr/cms/resource/46/1932246_image2_1.jpg,0,,0,,0,,0,,0,,0,,0,,1,63081,0,,0,,0,,0,,0,,0,,0,,0,,0,,2b91c56fc7b5196bc828c9238081678ed31b26a21a318ac516580238a40ca35b,hank-place-field-audit-v1,Stage3 Firestore snapshot; live read blocked by RESOURCE_EXHAUSTED
384,kto-140930,탐라문화제,JEJU_CITY,jeju_city,제주시,15,축제공연행사,spot,UNKNOWN,7,0,7,7,24,29.17,,1,탐라문화제,1,15:축제공연행사,1,제주특별자치도 제주시 일도일동,0,,1,"33.513208,126.527291",1,064-753-3287,1,https://tong.visitkorea.or.kr/cms/resource/77/3559977_image2_1.jpg,0,,0,,0,,0,,0,,0,,0,,1,63264,0,,0,,0,,0,,0,,0,,0,,0,,0,,2b91c56fc7b5196bc828c9238081678ed31b26a21a318ac516580238a40ca35b,hank-place-field-audit-v1,Stage3 Firestore snapshot; live read blocked by RESOURCE_EXHAUSTED
385,kto-228854,용머리해안,SEOGWIPO_CITY,west,서부 (안덕),12,관광지,spot,UNKNOWN,7,0,7,7,24,29.17,,1,용머리해안,1,12:관광지,1,제주특별자치도 서귀포시 안덕면 사계리,1,112-3,1,"33.2317,126.3151",0,,1,https://tong.visitkorea.or.kr/cms/resource/80/4055080_image2_1.jpg,0,,0,,0,,0,,0,,0,,0,,1,63528,0,,0,,0,,0,,0,,0,,0,,0,,0,,2b91c56fc7b5196bc828c9238081678ed31b26a21a318ac516580238a40ca35b,hank-place-field-audit-v1,Stage3 Firestore snapshot; live read blocked by RESOURCE_EXHAUSTED
386,kto-228864,절부암,JEJU_CITY,west,서부 (한경),12,관광지,spot,UNKNOWN,7,0,7,7,24,29.17,,1,절부암,1,12:관광지,1,제주특별자치도 제주시 한경면 용수리,1,May-41,1,"33.323827528,126.167108075",0,,1,https://tong.visitkorea.or.kr/cms/resource/30/3555030_image2_1.jpg,0,,0,,0,,0,,0,,0,,0,,1,63009,0,,0,,0,,0,,0,,0,,0,,0,,0,,2b91c56fc7b5196bc828c9238081678ed31b26a21a318ac516580238a40ca35b,hank-place-field-audit-v1,Stage3 Firestore snapshot; live read blocked by RESOURCE_EXHAUSTED
387,kto-317558,불탑사(제주),JEJU_CITY,jeju_city,제주시,12,관광지,spot,UNKNOWN,7,0,7,7,24,29.17,,1,불탑사(제주),1,12:관광지,1,제주특별자치도 제주시 원당로16길 41,1,(삼양일동),1,"33.5291588377,126.5978743444",0,,1,https://tong.visitkorea.or.kr/cms/resource/77/3053877_image2_1.jpg,0,,0,,0,,0,,0,,0,,0,,1,63316,0,,0,,0,,0,,0,,0,,0,,0,,0,,2b91c56fc7b5196bc828c9238081678ed31b26a21a318ac516580238a40ca35b,hank-place-field-audit-v1,Stage3 Firestore snapshot; live read blocked by RESOURCE_EXHAUSTED
388,kto-347234,월정사(제주),JEJU_CITY,jeju_city,제주시,12,관광지,spot,UNKNOWN,7,0,7,7,24,29.17,,1,월정사(제주),1,12:관광지,1,제주특별자치도 제주시 아연로 216-5,1,(오라이동),1,"33.4667615657,126.5100972799",0,,1,https://tong.visitkorea.or.kr/cms/resource/08/1618608_image2_1.jpg,0,,0,,0,,0,,0,,0,,0,,1,63147,0,,0,,0,,0,,0,,0,,0,,0,,0,,2b91c56fc7b5196bc828c9238081678ed31b26a21a318ac516580238a40ca35b,hank-place-field-audit-v1,Stage3 Firestore snapshot; live read blocked by RESOURCE_EXHAUSTED
389,kto-526666,제주유리박물관,SEOGWIPO_CITY,seogwipo,서귀포시,14,문화시설,spot,UNKNOWN,7,0,7,7,24,29.17,,1,제주유리박물관,1,14:문화시설,1,제주특별자치도 서귀포시 중산간서로 1403,1,(상예동),1,"33.2784468371,126.3701775526",0,,1,https://tong.visitkorea.or.kr/cms/resource/33/3024533_image2_1.jpg,0,,0,,0,,0,,0,,0,,0,,1,63534,0,,0,,0,,0,,0,,0,,0,,0,,0,,2b91c56fc7b5196bc828c9238081678ed31b26a21a318ac516580238a40ca35b,hank-place-field-audit-v1,Stage3 Firestore snapshot; live read blocked by RESOURCE_EXHAUSTED
390,kto-577899,쇠소깍축제,SEOGWIPO_CITY,seogwipo,서귀포시,15,축제공연행사,spot,UNKNOWN,7,0,7,7,24,29.17,,1,쇠소깍축제,1,15:축제공연행사,1,제주특별자치도 서귀포시 쇠소깍로 151-7 (하효동),0,,1,"33.2501669225,126.6209605029",1,064-760-4623,1,https://tong.visitkorea.or.kr/cms/resource/25/4109625_image2_1.jpg,0,,0,,0,,0,,0,,0,,0,,1,63600,0,,0,,0,,0,,0,,0,,0,,0,,0,,2b91c56fc7b5196bc828c9238081678ed31b26a21a318ac516580238a40ca35b,hank-place-field-audit-v1,Stage3 Firestore snapshot; live read blocked by RESOURCE_EXHAUSTED
391,kto-598187,선녀와나무꾼,JEJU_CITY,east,동부 (조천),12,관광지,spot,UNKNOWN,7,0,7,7,24,29.17,,1,선녀와나무꾼,1,12:관광지,1,제주특별자치도 제주시 조천읍 선흘리,1,1997,1,"33.4792299475,126.7037135147",0,,1,https://tong.visitkorea.or.kr/cms/resource/94/3077594_image2_1.jpg,0,,0,,0,,0,,0,,0,,0,,1,63341,0,,0,,0,,0,,0,,0,,0,,0,,0,,2b91c56fc7b5196bc828c9238081678ed31b26a21a318ac516580238a40ca35b,hank-place-field-audit-v1,Stage3 Firestore snapshot; live read blocked by RESOURCE_EXHAUSTED
392,kto-598696,소머리오름(우도봉),JEJU_CITY,jeju_city,제주시,12,관광지,spot,UNKNOWN,7,0,7,7,24,29.17,,1,소머리오름(우도봉),1,12:관광지,1,제주특별자치도 제주시 우도면 연평리,1,산23,1,"33.4915605829,126.9651405598",0,,1,https://tong.visitkorea.or.kr/cms/resource/92/3527092_image2_1.jpg,0,,0,,0,,0,,0,,0,,0,,1,63365,0,,0,,0,,0,,0,,0,,0,,0,,0,,2b91c56fc7b5196bc828c9238081678ed31b26a21a318ac516580238a40ca35b,hank-place-field-audit-v1,Stage3 Firestore snapshot; live read blocked by RESOURCE_EXHAUSTED
393,kto-637398,말 테마파크 골프장 (렛츠런파크 제주),JEJU_CITY,west,서부 (애월),28,레포츠,spot,UNKNOWN,7,0,7,7,24,29.17,,1,말 테마파크 골프장 (렛츠런파크 제주),1,28:레포츠,1,제주특별자치도 제주시 애월읍 평화로 2144,1,(애월읍),1,"33.407571,126.395091",0,,1,https://tong.visitkorea.or.kr/cms/resource/79/4072979_image2_1.jpg,0,,0,,0,,0,,0,,0,,0,,1,63066,0,,0,,0,,0,,0,,0,,0,,0,,0,,2b91c56fc7b5196bc828c9238081678ed31b26a21a318ac516580238a40ca35b,hank-place-field-audit-v1,Stage3 Firestore snapshot; live read blocked by RESOURCE_EXHAUSTED
394,kto-733569,뷰티풀하우스,SEOGWIPO_CITY,seogwipo,서귀포시,32,숙박,stay,UNKNOWN,7,0,7,7,24,29.17,,1,뷰티풀하우스,1,32:숙박,1,제주특별자치도 서귀포시 이어도로253번길 2,1,(대포동),1,"33.2437165794177,126.446670638164",0,,1,https://tong.visitkorea.or.kr/cms/resource/27/729127_image2_1.jpg,0,,0,,0,,0,,0,,0,,0,,1,63543,0,,0,,0,,0,,0,,0,,0,,0,,0,,2b91c56fc7b5196bc828c9238081678ed31b26a21a318ac516580238a40ca35b,hank-place-field-audit-v1,Stage3 Firestore snapshot; live read blocked by RESOURCE_EXHAUSTED
395,kto-733784,제주 하이랜드 펜션,SEOGWIPO_CITY,seogwipo,서귀포시,32,숙박,stay,UNKNOWN,7,0,7,7,24,29.17,,1,제주 하이랜드 펜션,1,32:숙박,1,제주특별자치도 서귀포시 이어도로 244,1,(대포동),1,"33.2422778343996,126.445206917456",0,,1,https://tong.visitkorea.or.kr/cms/resource/21/733221_image2_1.jpg,0,,0,,0,,0,,0,,0,,0,,1,63543,0,,0,,0,,0,,0,,0,,0,,0,,0,,2b91c56fc7b5196bc828c9238081678ed31b26a21a318ac516580238a40ca35b,hank-place-field-audit-v1,Stage3 Firestore snapshot; live read blocked by RESOURCE_EXHAUSTED
396,kto-819583,조안베어뮤지엄,SEOGWIPO_CITY,seogwipo,서귀포시,14,문화시설,spot,UNKNOWN,7,0,7,7,24,29.17,,1,조안베어뮤지엄,1,14:문화시설,1,제주특별자치도 서귀포시 대포로 113,1,(대포동),1,"33.2401550889,126.4347575117",0,,1,https://tong.visitkorea.or.kr/cms/resource/69/4074669_image2_1.jpg,0,,0,,0,,0,,0,,0,,0,,1,63544,0,,0,,0,,0,,0,,0,,0,,0,,0,,2b91c56fc7b5196bc828c9238081678ed31b26a21a318ac516580238a40ca35b,hank-place-field-audit-v1,Stage3 Firestore snapshot; live read blocked by RESOURCE_EXHAUSTED
397,kto-921281,서귀포 유채꽃 국제걷기대회,SEOGWIPO_CITY,seogwipo,서귀포시,15,축제공연행사,spot,UNKNOWN,7,0,7,7,24,29.17,,1,서귀포 유채꽃 국제걷기대회,1,15:축제공연행사,1,제주특별자치도 서귀포시 월드컵로 33,0,,1,"33.246211728483,126.509231443459",1,064-739-7201,1,https://tong.visitkorea.or.kr/cms/resource/94/4039194_image2_1.jpg,0,,0,,0,,0,,0,,0,,0,,1,63572,0,,0,,0,,0,,0,,0,,0,,0,,0,,2b91c56fc7b5196bc828c9238081678ed31b26a21a318ac516580238a40ca35b,hank-place-field-audit-v1,Stage3 Firestore snapshot; live read blocked by RESOURCE_EXHAUSTED
398,kto-1013258,서귀포매일올레시장,SEOGWIPO_CITY,seogwipo,서귀포시,38,쇼핑,spot,UNKNOWN,7,0,7,7,24,29.17,,1,서귀포매일올레시장,1,38:쇼핑,1,제주특별자치도 서귀포시 서귀동,1,340,1,"33.2487281813,126.5641113997",0,,1,https://tong.visitkorea.or.kr/cms/resource/66/3546866_image2_1.jpg,0,,0,,0,,0,,0,,0,,0,,1,63595,0,,0,,0,,0,,0,,0,,0,,0,,0,,2b91c56fc7b5196bc828c9238081678ed31b26a21a318ac516580238a40ca35b,hank-place-field-audit-v1,Stage3 Firestore snapshot; live read blocked by RESOURCE_EXHAUSTED
399,kto-1019773,제주레저힐링축제,JEJU_CITY,east,동부 (조천),15,축제공연행사,spot,UNKNOWN,7,0,7,7,24,29.17,,1,제주레저힐링축제,1,15:축제공연행사,1,제주특별자치도 제주시 조천읍 조함해안로 525,0,,1,"33.5427098882,126.66907187",1,064-728-2757,1,https://tong.visitkorea.or.kr/cms/resource/01/3576401_image2_1.jpg,0,,0,,0,,0,,0,,0,,0,,1,63333,0,,0,,0,,0,,0,,0,,0,,0,,0,,2b91c56fc7b5196bc828c9238081678ed31b26a21a318ac516580238a40ca35b,hank-place-field-audit-v1,Stage3 Firestore snapshot; live read blocked by RESOURCE_EXHAUSTED
400,kto-1074568,2026 제주올레걷기축제,JEJU_CITY,east,동부 (조천),15,축제공연행사,spot,UNKNOWN,7,0,7,7,24,29.17,,1,2026 제주올레걷기축제,1,15:축제공연행사,1,제주특별자치도 제주시 조천읍 조천리 1141,0,,1,"33.5405232248,126.6421943052",1,064-762-2190,1,https://tong.visitkorea.or.kr/cms/resource/20/4096920_image2_1.jpg,0,,0,,0,,0,,0,,0,,0,,1,695964,0,,0,,0,,0,,0,,0,,0,,0,,0,,2b91c56fc7b5196bc828c9238081678ed31b26a21a318ac516580238a40ca35b,hank-place-field-audit-v1,Stage3 Firestore snapshot; live read blocked by RESOURCE_EXHAUSTED
401,kto-1348840,예래펜션,SEOGWIPO_CITY,seogwipo,서귀포시,32,숙박,stay,UNKNOWN,7,0,7,7,24,29.17,,1,예래펜션,1,32:숙박,1,제주특별자치도 서귀포시 예래해안로 527,1,(상예동),1,"33.2539618754123,126.400244162306",0,,1,https://tong.visitkorea.or.kr/cms/resource/62/1933462_image2_1.jpg,0,,0,,0,,0,,0,,0,,0,,1,63536,0,,0,,0,,0,,0,,0,,0,,0,,0,,2b91c56fc7b5196bc828c9238081678ed31b26a21a318ac516580238a40ca35b,hank-place-field-audit-v1,Stage3 Firestore snapshot; live read blocked by RESOURCE_EXHAUSTED
402,kto-1351320,아부오름,JEJU_CITY,east,동부 (구좌),12,관광지,spot,UNKNOWN,7,0,7,7,24,29.17,,1,아부오름,1,12:관광지,1,제주특별자치도 제주시 구좌읍 송당리,1,산164-1,1,"33.4473291064,126.7776133886",0,,1,https://tong.visitkorea.or.kr/cms/resource/27/3011827_image2_1.jpg,0,,0,,0,,0,,0,,0,,0,,1,63355,0,,0,,0,,0,,0,,0,,0,,0,,0,,2b91c56fc7b5196bc828c9238081678ed31b26a21a318ac516580238a40ca35b,hank-place-field-audit-v1,Stage3 Firestore snapshot; live read blocked by RESOURCE_EXHAUSTED
403,kto-1620883,하모해변,SEOGWIPO_CITY,west,서부 (대정),12,관광지,spot,UNKNOWN,7,0,7,7,24,29.17,,1,하모해변,1,12:관광지,1,제주특별자치도 서귀포시 대정읍 하모리,1,279-2,1,"33.2113219743,126.2605635569",0,,1,https://tong.visitkorea.or.kr/cms/resource/22/3391622_image2_1.jpg,0,,0,,0,,0,,0,,0,,0,,1,63509,0,,0,,0,,0,,0,,0,,0,,0,,0,,2b91c56fc7b5196bc828c9238081678ed31b26a21a318ac516580238a40ca35b,hank-place-field-audit-v1,Stage3 Firestore snapshot; live read blocked by RESOURCE_EXHAUSTED
404,kto-1621032,평화통일 불사리탑,JEJU_CITY,east,동부 (조천),12,관광지,spot,UNKNOWN,7,0,7,7,24,29.17,,1,평화통일 불사리탑,1,12:관광지,1,제주특별자치도 제주시 조천읍 일주동로 884,1,(조천읍),1,"33.5319646966,126.6362431688",0,,1,https://tong.visitkorea.or.kr/cms/resource/18/3384918_image2_1.jpg,0,,0,,0,,0,,0,,0,,0,,1,63335,0,,0,,0,,0,,0,,0,,0,,0,,0,,2b91c56fc7b5196bc828c9238081678ed31b26a21a318ac516580238a40ca35b,hank-place-field-audit-v1,Stage3 Firestore snapshot; live read blocked by RESOURCE_EXHAUSTED
405,kto-1621059,구시물,JEJU_CITY,west,서부 (애월),12,관광지,spot,UNKNOWN,7,0,7,7,24,29.17,,1,구시물,1,12:관광지,1,제주특별자치도 제주시 애월읍 상귀리,1,884,1,"33.456530549,126.4097117919",0,,1,https://tong.visitkorea.or.kr/cms/resource/06/3403406_image2_1.jpg,0,,0,,0,,0,,0,,0,,0,,1,63057,0,,0,,0,,0,,0,,0,,0,,0,,0,,2b91c56fc7b5196bc828c9238081678ed31b26a21a318ac516580238a40ca35b,hank-place-field-audit-v1,Stage3 Firestore snapshot; live read blocked by RESOURCE_EXHAUSTED
406,kto-1621077,세화해수욕장,JEJU_CITY,east,동부 (구좌),12,관광지,spot,UNKNOWN,7,0,7,7,24,29.17,,1,세화해수욕장,1,12:관광지,1,제주특별자치도 제주시 구좌읍 세화길,1,(구좌읍),1,"33.525289,126.861237",0,,1,https://tong.visitkorea.or.kr/cms/resource/21/3481321_image2_1.jpg,0,,0,,0,,0,,0,,0,,0,,1,63361,0,,0,,0,,0,,0,,0,,0,,0,,0,,2b91c56fc7b5196bc828c9238081678ed31b26a21a318ac516580238a40ca35b,hank-place-field-audit-v1,Stage3 Firestore snapshot; live read blocked by RESOURCE_EXHAUSTED
407,kto-1621165,정의현성,SEOGWIPO_CITY,east,동부 (표선),12,관광지,spot,UNKNOWN,7,0,7,7,24,29.17,,1,정의현성,1,12:관광지,1,제주특별자치도 서귀포시 표선면 성읍리,1,성읍민속마을 공영주차장 인근,1,"33.3852280274,126.8021126853",0,,1,https://tong.visitkorea.or.kr/cms/resource/50/3551950_image2_1.jpg,0,,0,,0,,0,,0,,0,,0,,1,63624,0,,0,,0,,0,,0,,0,,0,,0,,0,,2b91c56fc7b5196bc828c9238081678ed31b26a21a318ac516580238a40ca35b,hank-place-field-audit-v1,Stage3 Firestore snapshot; live read blocked by RESOURCE_EXHAUSTED
408,kto-1690237,산지천축제,JEJU_CITY,jeju_city,제주시,15,축제공연행사,spot,UNKNOWN,7,0,7,7,24,29.17,,1,산지천축제,1,15:축제공연행사,1,제주특별자치도 제주시 중앙로3길 36 (일도일동),0,,1,"33.5151787191,126.5283445957",1,064-728-4652,1,https://tong.visitkorea.or.kr/cms/resource/22/3529822_image2_1.jpg,0,,0,,0,,0,,0,,0,,0,,1,63277,0,,0,,0,,0,,0,,0,,0,,0,,0,,2b91c56fc7b5196bc828c9238081678ed31b26a21a318ac516580238a40ca35b,hank-place-field-audit-v1,Stage3 Firestore snapshot; live read blocked by RESOURCE_EXHAUSTED
409,kto-1798082,본태박물관,SEOGWIPO_CITY,west,서부 (안덕),14,문화시설,spot,UNKNOWN,7,0,7,7,24,29.17,,1,본태박물관,1,14:문화시설,1,제주특별자치도 서귀포시 안덕면 산록남로762번길 69,1,(안덕면),1,"33.30401,126.392545",0,,1,https://tong.visitkorea.or.kr/cms/resource/07/4073607_image2_1.jpg,0,,0,,0,,0,,0,,0,,0,,1,63525,0,,0,,0,,0,,0,,0,,0,,0,,0,,2b91c56fc7b5196bc828c9238081678ed31b26a21a318ac516580238a40ca35b,hank-place-field-audit-v1,Stage3 Firestore snapshot; live read blocked by RESOURCE_EXHAUSTED
410,kto-1834279,2026 하영 빛나는 서귀포,SEOGWIPO_CITY,seogwipo,서귀포시,15,축제공연행사,spot,UNKNOWN,7,0,7,7,24,29.17,,1,2026 하영 빛나는 서귀포,1,15:축제공연행사,1,제주특별자치도 서귀포시 칠십리로 120-12 (서귀동),0,,1,"33.2414415056443,126.566848427225",1,064-760-2654,1,https://tong.visitkorea.or.kr/cms/resource/25/4066025_image2_1.jpg,0,,0,,0,,0,,0,,0,,0,,1,63596,0,,0,,0,,0,,0,,0,,0,,0,,0,,2b91c56fc7b5196bc828c9238081678ed31b26a21a318ac516580238a40ca35b,hank-place-field-audit-v1,Stage3 Firestore snapshot; live read blocked by RESOURCE_EXHAUSTED
411,kto-1839451,[제주올레 1코스] 시흥-광치기 올레,SEOGWIPO_CITY,east,동부 (성산),28,레포츠,spot,UNKNOWN,7,0,7,7,24,29.17,,1,[제주올레 1코스] 시흥-광치기 올레,1,28:레포츠,1,제주특별자치도 서귀포시 성산읍 시흥상동로 113,1,시흥리 버스정류장~광치기해변,1,"33.4795908312,126.8954874884",0,,1,https://tong.visitkorea.or.kr/cms/resource/82/3550482_image2_1.jpg,0,,0,,0,,0,,0,,0,,0,,1,63638,0,,0,,0,,0,,0,,0,,0,,0,,0,,2b91c56fc7b5196bc828c9238081678ed31b26a21a318ac516580238a40ca35b,hank-place-field-audit-v1,Stage3 Firestore snapshot; live read blocked by RESOURCE_EXHAUSTED
412,kto-1839477,[제주올레 2코스] 광치기-온평 올레,SEOGWIPO_CITY,east,동부 (성산),28,레포츠,spot,UNKNOWN,7,0,7,7,24,29.17,,1,[제주올레 2코스] 광치기-온평 올레,1,28:레포츠,1,제주특별자치도 서귀포시 성산읍 고성리 224-33,1,광치기해변~온평포구,1,"33.4515223271,126.9233577769",0,,1,https://tong.visitkorea.or.kr/cms/resource/02/3550002_image2_1.jpg,0,,0,,0,,0,,0,,0,,0,,1,63640,0,,0,,0,,0,,0,,0,,0,,0,,0,,2b91c56fc7b5196bc828c9238081678ed31b26a21a318ac516580238a40ca35b,hank-place-field-audit-v1,Stage3 Firestore snapshot; live read blocked by RESOURCE_EXHAUSTED
413,kto-1839491,[제주올레 3-A코스] 온평-표선 올레,SEOGWIPO_CITY,east,동부 (성산),28,레포츠,spot,UNKNOWN,7,0,7,7,24,29.17,,1,[제주올레 3-A코스] 온평-표선 올레,1,28:레포츠,1,제주특별자치도 서귀포시 성산읍 온평리 1001-6,1,온평포구~제주민속촌 주차장 입구,1,"33.4052273903,126.9039134307",0,,1,https://tong.visitkorea.or.kr/cms/resource/16/3550516_image2_1.jpg,0,,0,,0,,0,,0,,0,,0,,1,63633,0,,0,,0,,0,,0,,0,,0,,0,,0,,2b91c56fc7b5196bc828c9238081678ed31b26a21a318ac516580238a40ca35b,hank-place-field-audit-v1,Stage3 Firestore snapshot; live read blocked by RESOURCE_EXHAUSTED
414,kto-1839536,[제주올레 4코스] 표선-남원 올레,SEOGWIPO_CITY,east,동부 (표선),28,레포츠,spot,UNKNOWN,7,0,7,7,24,29.17,,1,[제주올레 4코스] 표선-남원 올레,1,28:레포츠,1,제주특별자치도 서귀포시 표선면 민속해안로 587,1,"제주민속촌 주차장 입구~남원포구, 남원용암해수욕장",1,"33.3250926392,126.8430117975",0,,1,https://tong.visitkorea.or.kr/cms/resource/91/3549791_image2_1.jpg,0,,0,,0,,0,,0,,0,,0,,1,63629,0,,0,,0,,0,,0,,0,,0,,0,,0,,2b91c56fc7b5196bc828c9238081678ed31b26a21a318ac516580238a40ca35b,hank-place-field-audit-v1,Stage3 Firestore snapshot; live read blocked by RESOURCE_EXHAUSTED
415,kto-1839552,[제주올레 5코스] 남원-쇠소깍 올레,SEOGWIPO_CITY,seogwipo,서귀포시,28,레포츠,spot,UNKNOWN,7,0,7,7,24,29.17,,1,[제주올레 5코스] 남원-쇠소깍 올레,1,28:레포츠,1,제주특별자치도 서귀포시 남원읍 남태해안로 137-1,1,남원포구~쇠소깍다리,1,"33.2781058392,126.7197556431",0,,1,https://tong.visitkorea.or.kr/cms/resource/30/3550230_image2_1.jpg,0,,0,,0,,0,,0,,0,,0,,1,63621,0,,0,,0,,0,,0,,0,,0,,0,,0,,2b91c56fc7b5196bc828c9238081678ed31b26a21a318ac516580238a40ca35b,hank-place-field-audit-v1,Stage3 Firestore snapshot; live read blocked by RESOURCE_EXHAUSTED
416,kto-1839621,[제주올레 6코스] 쇠소깍-제주올레 여행자센터 올레,SEOGWIPO_CITY,seogwipo,서귀포시,28,레포츠,spot,UNKNOWN,7,0,7,7,24,29.17,,1,[제주올레 6코스] 쇠소깍-제주올레 여행자센터 올레,1,28:레포츠,1,제주특별자치도 서귀포시 하효동 995-4,1,쇠소깍다리~제주올레여행자센터,1,"33.2522378511,126.6233901641",0,,1,https://tong.visitkorea.or.kr/cms/resource/33/3550333_image2_1.jpg,0,,0,,0,,0,,0,,0,,0,,1,63600,0,,0,,0,,0,,0,,0,,0,,0,,0,,2b91c56fc7b5196bc828c9238081678ed31b26a21a318ac516580238a40ca35b,hank-place-field-audit-v1,Stage3 Firestore snapshot; live read blocked by RESOURCE_EXHAUSTED
417,kto-1839630,[제주올레 7코스] 제주올레 여행자센터-월평 올레,SEOGWIPO_CITY,seogwipo,서귀포시,28,레포츠,spot,UNKNOWN,7,0,7,7,24,29.17,,1,[제주올레 7코스] 제주올레 여행자센터-월평 올레,1,28:레포츠,1,제주특별자치도 서귀포시 중정로 22 (서귀동),1,제주올레여행자센터~서귀포 버스터미널,1,"33.247405491,126.558657419",0,,1,https://tong.visitkorea.or.kr/cms/resource/69/3549769_image2_1.jpg,0,,0,,0,,0,,0,,0,,0,,1,63592,0,,0,,0,,0,,0,,0,,0,,0,,0,,2b91c56fc7b5196bc828c9238081678ed31b26a21a318ac516580238a40ca35b,hank-place-field-audit-v1,Stage3 Firestore snapshot; live read blocked by RESOURCE_EXHAUSTED
418,kto-1839701,[제주올레 8코스] 월평-대평 올레,SEOGWIPO_CITY,seogwipo,서귀포시,28,레포츠,spot,UNKNOWN,7,0,7,7,24,29.17,,1,[제주올레 8코스] 월평-대평 올레,1,28:레포츠,1,제주특별자치도 서귀포시 월평동 741-3,1,월평아왜낭목 쉼터~대평포구,1,"33.2436001154,126.4585806466",0,,1,https://tong.visitkorea.or.kr/cms/resource/15/3549815_image2_1.jpg,0,,0,,0,,0,,0,,0,,0,,1,63562,0,,0,,0,,0,,0,,0,,0,,0,,0,,2b91c56fc7b5196bc828c9238081678ed31b26a21a318ac516580238a40ca35b,hank-place-field-audit-v1,Stage3 Firestore snapshot; live read blocked by RESOURCE_EXHAUSTED
419,kto-1839709,[제주올레 9코스] 대평-화순 올레,SEOGWIPO_CITY,west,서부 (안덕),28,레포츠,spot,UNKNOWN,7,0,7,7,24,29.17,,1,[제주올레 9코스] 대평-화순 올레,1,28:레포츠,1,제주특별자치도 서귀포시 안덕면 감산리 982-3,1,대평포구~화순금모래해수욕장,1,"33.2370021213,126.3614842524",0,,1,https://tong.visitkorea.or.kr/cms/resource/60/3549960_image2_1.jpg,0,,0,,0,,0,,0,,0,,0,,1,63531,0,,0,,0,,0,,0,,0,,0,,0,,0,,2b91c56fc7b5196bc828c9238081678ed31b26a21a318ac516580238a40ca35b,hank-place-field-audit-v1,Stage3 Firestore snapshot; live read blocked by RESOURCE_EXHAUSTED
420,kto-1839713,[제주올레 10코스] 화순-모슬포 올레,SEOGWIPO_CITY,west,서부 (안덕),28,레포츠,spot,UNKNOWN,7,0,7,7,24,29.17,,1,[제주올레 10코스] 화순-모슬포 올레,1,28:레포츠,1,제주특별자치도 서귀포시 안덕면 화순해안로 85,1,제주올레공식안내소~하모체육공원,1,"33.2396847184,126.3346005778",0,,1,https://tong.visitkorea.or.kr/cms/resource/37/3549637_image2_1.jpg,0,,0,,0,,0,,0,,0,,0,,1,63530,0,,0,,0,,0,,0,,0,,0,,0,,0,,2b91c56fc7b5196bc828c9238081678ed31b26a21a318ac516580238a40ca35b,hank-place-field-audit-v1,Stage3 Firestore snapshot; live read blocked by RESOURCE_EXHAUSTED
421,kto-1839727,[제주올레 11코스] 모슬포-무릉 올레,SEOGWIPO_CITY,west,서부 (대정),28,레포츠,spot,UNKNOWN,7,0,7,7,24,29.17,,1,[제주올레 11코스] 모슬포-무릉 올레,1,28:레포츠,1,제주특별자치도 서귀포시 대정읍 최남단해안로29번길 14,1,하모체육공원~무릉외갓집,1,"33.2185711171,126.2527283438",0,,1,https://tong.visitkorea.or.kr/cms/resource/72/3549972_image2_1.jpg,0,,0,,0,,0,,0,,0,,0,,1,63513,0,,0,,0,,0,,0,,0,,0,,0,,0,,2b91c56fc7b5196bc828c9238081678ed31b26a21a318ac516580238a40ca35b,hank-place-field-audit-v1,Stage3 Firestore snapshot; live read blocked by RESOURCE_EXHAUSTED
422,kto-1839772,[제주올레 12코스] 무릉-용수 올레,SEOGWIPO_CITY,seogwipo,서귀포시,28,레포츠,spot,UNKNOWN,7,0,7,7,24,29.17,,1,[제주올레 12코스] 무릉-용수 올레,1,28:레포츠,1,제주특별자치도 서귀포시 중산간서로 2852,1,무릉외갓집~용수포구,1,"33.2746735552,126.2368116613",0,,1,https://tong.visitkorea.or.kr/cms/resource/96/3550396_image2_1.jpg,0,,0,,0,,0,,0,,0,,0,,1,63501,0,,0,,0,,0,,0,,0,,0,,0,,0,,2b91c56fc7b5196bc828c9238081678ed31b26a21a318ac516580238a40ca35b,hank-place-field-audit-v1,Stage3 Firestore snapshot; live read blocked by RESOURCE_EXHAUSTED
423,kto-1839784,[제주올레 13코스] 용수-저지 올레,JEJU_CITY,west,서부 (한경),28,레포츠,spot,UNKNOWN,7,0,7,7,24,29.17,,1,[제주올레 13코스] 용수-저지 올레,1,28:레포츠,1,제주특별자치도 제주시 한경면 용수리 4241-7,1,용수포구~저지예술정보화마을,1,"33.3238222818,126.1660504817",0,,1,https://tong.visitkorea.or.kr/cms/resource/23/3554423_image2_1.jpg,0,,0,,0,,0,,0,,0,,0,,1,63009,0,,0,,0,,0,,0,,0,,0,,0,,0,,2b91c56fc7b5196bc828c9238081678ed31b26a21a318ac516580238a40ca35b,hank-place-field-audit-v1,Stage3 Firestore snapshot; live read blocked by RESOURCE_EXHAUSTED
424,kto-1839801,[제주올레 14코스] 저지-한림 올레,JEJU_CITY,west,서부 (한경),28,레포츠,spot,UNKNOWN,7,0,7,7,24,29.17,,1,[제주올레 14코스] 저지-한림 올레,1,28:레포츠,1,제주특별자치도 제주시 한경면 중산간서로 3687,1,저지예술정보화마을~한림항,1,"33.3336912174,126.2559673514",0,,1,https://tong.visitkorea.or.kr/cms/resource/05/3554305_image2_1.jpg,0,,0,,0,,0,,0,,0,,0,,1,63005,0,,0,,0,,0,,0,,0,,0,,0,,0,,2b91c56fc7b5196bc828c9238081678ed31b26a21a318ac516580238a40ca35b,hank-place-field-audit-v1,Stage3 Firestore snapshot; live read blocked by RESOURCE_EXHAUSTED
425,kto-1839833,[제주올레 15-A코스] 한림-고내 올레,JEJU_CITY,west,서부 (한림),28,레포츠,spot,UNKNOWN,7,0,7,7,24,29.17,,1,[제주올레 15-A코스] 한림-고내 올레,1,28:레포츠,1,제주특별자치도 제주시 한림읍 한림해안로 192,1,한림항~고내포구,1,"33.4190719416,126.2625564235",0,,1,https://tong.visitkorea.or.kr/cms/resource/96/3554196_image2_1.jpg,0,,0,,0,,0,,0,,0,,0,,1,63031,0,,0,,0,,0,,0,,0,,0,,0,,0,,2b91c56fc7b5196bc828c9238081678ed31b26a21a318ac516580238a40ca35b,hank-place-field-audit-v1,Stage3 Firestore snapshot; live read blocked by RESOURCE_EXHAUSTED
426,kto-1839864,[제주올레 16코스] 고내-광령 올레,JEJU_CITY,west,서부 (애월),28,레포츠,spot,UNKNOWN,7,0,7,7,24,29.17,,1,[제주올레 16코스] 고내-광령 올레,1,28:레포츠,1,제주특별자치도 제주시 애월읍 고내리 1111-2,1,고내포구~호끌락키즈북카페,1,"33.4669000009,126.3378979411",0,,1,https://tong.visitkorea.or.kr/cms/resource/23/3554323_image2_1.jpg,0,,0,,0,,0,,0,,0,,0,,1,63045,0,,0,,0,,0,,0,,0,,0,,0,,0,,2b91c56fc7b5196bc828c9238081678ed31b26a21a318ac516580238a40ca35b,hank-place-field-audit-v1,Stage3 Firestore snapshot; live read blocked by RESOURCE_EXHAUSTED
427,kto-1839866,[제주올레 17코스] 광령-김만덕기념관 올레,JEJU_CITY,west,서부 (애월),28,레포츠,spot,UNKNOWN,7,0,7,7,24,29.17,,1,[제주올레 17코스] 광령-김만덕기념관 올레,1,28:레포츠,1,제주특별자치도 제주시 애월읍 광성로 242-1,1,호끌락키즈북카페~김만덕 기념관,1,"33.459554279,126.4334141393",0,,1,https://tong.visitkorea.or.kr/cms/resource/06/3554106_image2_1.jpg,0,,0,,0,,0,,0,,0,,0,,1,63062,0,,0,,0,,0,,0,,0,,0,,0,,0,,2b91c56fc7b5196bc828c9238081678ed31b26a21a318ac516580238a40ca35b,hank-place-field-audit-v1,Stage3 Firestore snapshot; live read blocked by RESOURCE_EXHAUSTED
428,kto-1840777,[제주올레 18코스] 김만덕기념관-조천 올레,JEJU_CITY,jeju_city,제주시,28,레포츠,spot,UNKNOWN,7,0,7,7,24,29.17,,1,[제주올레 18코스] 김만덕기념관-조천 올레,1,28:레포츠,1,제주특별자치도 제주시 산지로 7 (건입동),1,김만덕기념관~조천만세동산 맞은편,1,"33.5158749597,126.5303912747",0,,1,https://tong.visitkorea.or.kr/cms/resource/10/3554210_image2_1.jpg,0,,0,,0,,0,,0,,0,,0,,1,63278,0,,0,,0,,0,,0,,0,,0,,0,,0,,2b91c56fc7b5196bc828c9238081678ed31b26a21a318ac516580238a40ca35b,hank-place-field-audit-v1,Stage3 Firestore snapshot; live read blocked by RESOURCE_EXHAUSTED
429,kto-1840837,[제주올레 19코스] 조천-김녕 올레,JEJU_CITY,east,동부 (조천),28,레포츠,spot,UNKNOWN,7,0,7,7,24,29.17,,1,[제주올레 19코스] 조천-김녕 올레,1,28:레포츠,1,제주특별자치도 제주시 조천읍 조천북6길 44,1,조천만세동산 맞은편~김녕서포구,1,"33.5402952035,126.6399827169",0,,1,https://tong.visitkorea.or.kr/cms/resource/19/3554119_image2_1.jpg,0,,0,,0,,0,,0,,0,,0,,1,63331,0,,0,,0,,0,,0,,0,,0,,0,,0,,2b91c56fc7b5196bc828c9238081678ed31b26a21a318ac516580238a40ca35b,hank-place-field-audit-v1,Stage3 Firestore snapshot; live read blocked by RESOURCE_EXHAUSTED
430,kto-1840882,[제주올레 20코스] 김녕-하도 올레,JEJU_CITY,east,동부 (구좌),28,레포츠,spot,UNKNOWN,7,0,7,7,24,29.17,,1,[제주올레 20코스] 김녕-하도 올레,1,28:레포츠,1,제주특별자치도 제주시 구좌읍 김녕항1길 22,1,김녕서포구~제주해녀박물관,1,"33.557138789,126.7452021271",0,,1,https://tong.visitkorea.or.kr/cms/resource/54/3554454_image2_1.jpg,0,,0,,0,,0,,0,,0,,0,,1,63357,0,,0,,0,,0,,0,,0,,0,,0,,0,,2b91c56fc7b5196bc828c9238081678ed31b26a21a318ac516580238a40ca35b,hank-place-field-audit-v1,Stage3 Firestore snapshot; live read blocked by RESOURCE_EXHAUSTED
431,kto-1840913,[제주올레 21코스] 하도-종달 올레,JEJU_CITY,east,동부 (구좌),28,레포츠,spot,UNKNOWN,7,0,7,7,24,29.17,,1,[제주올레 21코스] 하도-종달 올레,1,28:레포츠,1,제주특별자치도 제주시 구좌읍 해녀박물관길 26,1,제주해녀박물관~종달바당,1,"33.5235962997,126.8633977782",0,,1,https://tong.visitkorea.or.kr/cms/resource/64/3554264_image2_1.jpg,0,,0,,0,,0,,0,,0,,0,,1,63362,0,,0,,0,,0,,0,,0,,0,,0,,0,,2b91c56fc7b5196bc828c9238081678ed31b26a21a318ac516580238a40ca35b,hank-place-field-audit-v1,Stage3 Firestore snapshot; live read blocked by RESOURCE_EXHAUSTED
432,kto-1841003,[제주올레 1-1코스] 우도 올레,JEJU_CITY,jeju_city,제주시,28,레포츠,spot,UNKNOWN,7,0,7,7,24,29.17,,1,[제주올레 1-1코스] 우도 올레,1,28:레포츠,1,제주특별자치도 제주시 우도면 우도해안길 70,1,천진항~천진항,1,"33.4928045323,126.9515413903",0,,1,https://tong.visitkorea.or.kr/cms/resource/75/3554375_image2_1.jpg,0,,0,,0,,0,,0,,0,,0,,1,63365,0,,0,,0,,0,,0,,0,,0,,0,,0,,2b91c56fc7b5196bc828c9238081678ed31b26a21a318ac516580238a40ca35b,hank-place-field-audit-v1,Stage3 Firestore snapshot; live read blocked by RESOURCE_EXHAUSTED
433,kto-1841056,[제주올레 7-1코스] 서귀포 버스터미널-제주올레 여행자센터 올레,SEOGWIPO_CITY,seogwipo,서귀포시,28,레포츠,spot,UNKNOWN,7,0,7,7,24,29.17,,1,[제주올레 7-1코스] 서귀포 버스터미널-제주올레 여행자센터 올레,1,28:레포츠,1,제주특별자치도 서귀포시 일주동로 9217 (법환동),1,서귀포 버스터미널~제주올레 여행자센터,1,"33.2489931359,126.5082204482",0,,1,https://tong.visitkorea.or.kr/cms/resource/01/3549901_image2_1.jpg,0,,0,,0,,0,,0,,0,,0,,1,63572,0,,0,,0,,0,,0,,0,,0,,0,,0,,2b91c56fc7b5196bc828c9238081678ed31b26a21a318ac516580238a40ca35b,hank-place-field-audit-v1,Stage3 Firestore snapshot; live read blocked by RESOURCE_EXHAUSTED
434,kto-1841279,[제주올레 10-1코스] 가파도 올레,SEOGWIPO_CITY,west,서부 (대정),28,레포츠,spot,UNKNOWN,7,0,7,7,24,29.17,,1,[제주올레 10-1코스] 가파도 올레,1,28:레포츠,1,제주특별자치도 서귀포시 대정읍 가파로 243,1,상동포구~가파치안센터,1,"33.1742190951,126.2707885175",0,,1,https://tong.visitkorea.or.kr/cms/resource/86/3549886_image2_1.jpg,0,,0,,0,,0,,0,,0,,0,,1,63514,0,,0,,0,,0,,0,,0,,0,,0,,0,,2b91c56fc7b5196bc828c9238081678ed31b26a21a318ac516580238a40ca35b,hank-place-field-audit-v1,Stage3 Firestore snapshot; live read blocked by RESOURCE_EXHAUSTED
435,kto-1841313,[제주올레 14-1코스] 저지-서광 올레,JEJU_CITY,west,서부 (한경),28,레포츠,spot,UNKNOWN,7,0,7,7,24,29.17,,1,[제주올레 14-1코스] 저지-서광 올레,1,28:레포츠,1,제주특별자치도 제주시 한경면 중산간서로 3687,1,저지예술정보화마을~오설록 녹차밭,1,"33.3336912174,126.2559673514",0,,1,https://tong.visitkorea.or.kr/cms/resource/52/3554152_image2_1.jpg,0,,0,,0,,0,,0,,0,,0,,1,63005,0,,0,,0,,0,,0,,0,,0,,0,,0,,2b91c56fc7b5196bc828c9238081678ed31b26a21a318ac516580238a40ca35b,hank-place-field-audit-v1,Stage3 Firestore snapshot; live read blocked by RESOURCE_EXHAUSTED
436,kto-1844163,[제주올레 18-1코스] 상추자 올레,JEJU_CITY,jeju_city,제주시,28,레포츠,spot,UNKNOWN,7,0,7,7,24,29.17,,1,[제주올레 18-1코스] 상추자 올레,1,28:레포츠,1,제주특별자치도 제주시 추자면 추자로 26,1,추자면사무소~신양항,1,"33.963531298,126.2960784477",0,,1,https://tong.visitkorea.or.kr/cms/resource/15/3554515_image2_1.jpg,0,,0,,0,,0,,0,,0,,0,,1,63000,0,,0,,0,,0,,0,,0,,0,,0,,0,,2b91c56fc7b5196bc828c9238081678ed31b26a21a318ac516580238a40ca35b,hank-place-field-audit-v1,Stage3 Firestore snapshot; live read blocked by RESOURCE_EXHAUSTED
437,kto-1884191,가마오름,JEJU_CITY,west,서부 (한경),12,관광지,spot,UNKNOWN,7,0,7,7,24,29.17,,1,가마오름,1,12:관광지,1,제주특별자치도 제주시 한경면 청수리,1,1205,1,"33.3057279944,126.2466098987",0,,1,https://tong.visitkorea.or.kr/cms/resource/72/3477972_image2_1.jpg,0,,0,,0,,0,,0,,0,,0,,1,63007,0,,0,,0,,0,,0,,0,,0,,0,,0,,2b91c56fc7b5196bc828c9238081678ed31b26a21a318ac516580238a40ca35b,hank-place-field-audit-v1,Stage3 Firestore snapshot; live read blocked by RESOURCE_EXHAUSTED
438,kto-1884521,가새기오름,JEJU_CITY,jeju_city,제주시,12,관광지,spot,UNKNOWN,7,0,7,7,24,29.17,,1,가새기오름,1,12:관광지,1,제주특별자치도 제주시 오라삼동,1,2848,1,"33.4893700755,126.5038611983",0,,1,https://tong.visitkorea.or.kr/cms/resource/82/3477882_image2_1.jpg,0,,0,,0,,0,,0,,0,,0,,1,63148,0,,0,,0,,0,,0,,0,,0,,0,,0,,2b91c56fc7b5196bc828c9238081678ed31b26a21a318ac516580238a40ca35b,hank-place-field-audit-v1,Stage3 Firestore snapshot; live read blocked by RESOURCE_EXHAUSTED
439,kto-1887368,각시바위오름,SEOGWIPO_CITY,seogwipo,서귀포시,12,관광지,spot,UNKNOWN,7,0,7,7,24,29.17,,1,각시바위오름,1,12:관광지,1,제주특별자치도 서귀포시 호근동,1,2124,1,"33.2777271543,126.5259918298",0,,1,https://tong.visitkorea.or.kr/cms/resource/64/3477364_image2_1.jpg,0,,0,,0,,0,,0,,0,,0,,1,63569,0,,0,,0,,0,,0,,0,,0,,0,,0,,2b91c56fc7b5196bc828c9238081678ed31b26a21a318ac516580238a40ca35b,hank-place-field-audit-v1,Stage3 Firestore snapshot; live read blocked by RESOURCE_EXHAUSTED
440,kto-1887493,감낭오름,SEOGWIPO_CITY,west,서부 (안덕),12,관광지,spot,UNKNOWN,7,0,7,7,24,29.17,,1,감낭오름,1,12:관광지,1,제주특별자치도 서귀포시 안덕면 동광리,1,산41,1,"33.3250274801,126.3497088457",0,,1,https://tong.visitkorea.or.kr/cms/resource/06/3477406_image2_1.jpg,0,,0,,0,,0,,0,,0,,0,,1,63523,0,,0,,0,,0,,0,,0,,0,,0,,0,,2b91c56fc7b5196bc828c9238081678ed31b26a21a318ac516580238a40ca35b,hank-place-field-audit-v1,Stage3 Firestore snapshot; live read blocked by RESOURCE_EXHAUSTED
441,kto-1898906,엉알해안,JEJU_CITY,west,서부 (한경),12,관광지,spot,UNKNOWN,7,0,7,7,24,29.17,,1,엉알해안,1,12:관광지,1,제주특별자치도 제주시 한경면 고산리,1,Jan-71,1,"33.2994219009,126.1676196819",0,,1,https://tong.visitkorea.or.kr/cms/resource/01/3556301_image2_1.jpg,0,,0,,0,,0,,0,,0,,0,,1,63008,0,,0,,0,,0,,0,,0,,0,,0,,0,,2b91c56fc7b5196bc828c9238081678ed31b26a21a318ac516580238a40ca35b,hank-place-field-audit-v1,Stage3 Firestore snapshot; live read blocked by RESOURCE_EXHAUSTED
442,kto-1899959,도리미오름,JEJU_CITY,east,동부 (구좌),12,관광지,spot,UNKNOWN,7,0,7,7,24,29.17,,1,도리미오름,1,12:관광지,1,제주특별자치도 제주시 구좌읍 송당리,1,산 255-1,1,"33.4315668324,126.7697172117",0,,1,https://tong.visitkorea.or.kr/cms/resource/80/3585580_image2_1.jpg,0,,0,,0,,0,,0,,0,,0,,1,63355,0,,0,,0,,0,,0,,0,,0,,0,,0,,2b91c56fc7b5196bc828c9238081678ed31b26a21a318ac516580238a40ca35b,hank-place-field-audit-v1,Stage3 Firestore snapshot; live read blocked by RESOURCE_EXHAUSTED
443,kto-1918417,제지기오름,SEOGWIPO_CITY,seogwipo,서귀포시,12,관광지,spot,UNKNOWN,7,0,7,7,24,29.17,,1,제지기오름,1,12:관광지,1,제주특별자치도 서귀포시 보목동,1,275-1,1,"33.241993534,126.609568724",0,,1,https://tong.visitkorea.or.kr/cms/resource/21/3527121_image2_1.jpg,0,,0,,0,,0,,0,,0,,0,,1,63599,0,,0,,0,,0,,0,,0,,0,,0,,0,,2b91c56fc7b5196bc828c9238081678ed31b26a21a318ac516580238a40ca35b,hank-place-field-audit-v1,Stage3 Firestore snapshot; live read blocked by RESOURCE_EXHAUSTED
444,kto-1918984,구두리오름,SEOGWIPO_CITY,east,동부 (표선),12,관광지,spot,UNKNOWN,7,0,7,7,24,29.17,,1,구두리오름,1,12:관광지,1,제주특별자치도 서귀포시 표선면 가시리,1,산 158-2,1,"33.4124065362,126.6885413552",0,,1,https://tong.visitkorea.or.kr/cms/resource/75/3585175_image2_1.jpg,0,,0,,0,,0,,0,,0,,0,,1,63623,0,,0,,0,,0,,0,,0,,0,,0,,0,,2b91c56fc7b5196bc828c9238081678ed31b26a21a318ac516580238a40ca35b,hank-place-field-audit-v1,Stage3 Firestore snapshot; live read blocked by RESOURCE_EXHAUSTED
445,kto-1923590,하늬복이오름,SEOGWIPO_CITY,west,서부 (안덕),12,관광지,spot,UNKNOWN,7,0,7,7,24,29.17,,1,하늬복이오름,1,12:관광지,1,제주특별자치도 서귀포시 안덕면 상천리,1,산89-1,1,"33.3266196561,126.3932189204",0,,1,https://tong.visitkorea.or.kr/cms/resource/41/3477441_image2_1.jpg,0,,0,,0,,0,,0,,0,,0,,1,63525,0,,0,,0,,0,,0,,0,,0,,0,,0,,2b91c56fc7b5196bc828c9238081678ed31b26a21a318ac516580238a40ca35b,hank-place-field-audit-v1,Stage3 Firestore snapshot; live read blocked by RESOURCE_EXHAUSTED
446,kto-1925366,열안지오름(오라동),JEJU_CITY,jeju_city,제주시,12,관광지,spot,UNKNOWN,7,0,7,7,24,29.17,,1,열안지오름(오라동),1,12:관광지,1,제주특별자치도 제주시 산록북로,1,(오라이동),1,"33.4265967334,126.5207167107",0,,1,https://tong.visitkorea.or.kr/cms/resource/06/3556206_image2_1.jpg,0,,0,,0,,0,,0,,0,,0,,1,63144,0,,0,,0,,0,,0,,0,,0,,0,,0,,2b91c56fc7b5196bc828c9238081678ed31b26a21a318ac516580238a40ca35b,hank-place-field-audit-v1,Stage3 Firestore snapshot; live read blocked by RESOURCE_EXHAUSTED
447,kto-1925369,열안지오름(봉개동),JEJU_CITY,jeju_city,제주시,12,관광지,spot,UNKNOWN,7,0,7,7,24,29.17,,1,열안지오름(봉개동),1,12:관광지,1,제주특별자치도 제주시 봉개동,1,778-2,1,"33.4726124405,126.6055499659",0,,1,https://tong.visitkorea.or.kr/cms/resource/61/3477961_image2_1.jpg,0,,0,,0,,0,,0,,0,,0,,1,63313,0,,0,,0,,0,,0,,0,,0,,0,,0,,2b91c56fc7b5196bc828c9238081678ed31b26a21a318ac516580238a40ca35b,hank-place-field-audit-v1,Stage3 Firestore snapshot; live read blocked by RESOURCE_EXHAUSTED
448,kto-1926379,정물오름,JEJU_CITY,west,서부 (한림),12,관광지,spot,UNKNOWN,7,0,7,7,24,29.17,,1,정물오름,1,12:관광지,1,제주특별자치도 제주시 한림읍 금악리,1,산52-1,1,"33.3380257364,126.3302158047",0,,1,https://tong.visitkorea.or.kr/cms/resource/89/3077589_image2_1.jpg,0,,0,,0,,0,,0,,0,,0,,1,63021,0,,0,,0,,0,,0,,0,,0,,0,,0,,2b91c56fc7b5196bc828c9238081678ed31b26a21a318ac516580238a40ca35b,hank-place-field-audit-v1,Stage3 Firestore snapshot; live read blocked by RESOURCE_EXHAUSTED
449,kto-1926601,모구리오름,SEOGWIPO_CITY,east,동부 (성산),12,관광지,spot,UNKNOWN,7,0,7,7,24,29.17,,1,모구리오름,1,12:관광지,1,제주특별자치도 서귀포시 성산읍 난산리,1,Jan-60,1,"33.4081287094,126.8290126084",0,,1,https://tong.visitkorea.or.kr/cms/resource/96/3477496_image2_1.jpg,0,,0,,0,,0,,0,,0,,0,,1,63632,0,,0,,0,,0,,0,,0,,0,,0,,0,,2b91c56fc7b5196bc828c9238081678ed31b26a21a318ac516580238a40ca35b,hank-place-field-audit-v1,Stage3 Firestore snapshot; live read blocked by RESOURCE_EXHAUSTED
450,kto-1928045,모지오름,SEOGWIPO_CITY,east,동부 (표선),12,관광지,spot,UNKNOWN,7,0,7,7,24,29.17,,1,모지오름,1,12:관광지,1,제주특별자치도 서귀포시 표선면 성읍리,1,산22,1,"33.3962624499,126.7728760781",0,,1,https://tong.visitkorea.or.kr/cms/resource/83/3477483_image2_1.jpg,0,,0,,0,,0,,0,,0,,0,,1,63624,0,,0,,0,,0,,0,,0,,0,,0,,0,,2b91c56fc7b5196bc828c9238081678ed31b26a21a318ac516580238a40ca35b,hank-place-field-audit-v1,Stage3 Firestore snapshot; live read blocked by RESOURCE_EXHAUSTED
451,kto-1928430,도너리오름,SEOGWIPO_CITY,west,서부 (안덕),12,관광지,spot,UNKNOWN,7,0,7,7,24,29.17,,1,도너리오름,1,12:관광지,1,제주특별자치도 서귀포시 안덕면 한창로 775,1,일대,1,"33.3243994944,126.332088168",0,,1,https://tong.visitkorea.or.kr/cms/resource/70/3477170_image2_1.jpg,0,,0,,0,,0,,0,,0,,0,,1,63523,0,,0,,0,,0,,0,,0,,0,,0,,0,,2b91c56fc7b5196bc828c9238081678ed31b26a21a318ac516580238a40ca35b,hank-place-field-audit-v1,Stage3 Firestore snapshot; live read blocked by RESOURCE_EXHAUSTED
452,kto-1933208,둔지봉,JEJU_CITY,east,동부 (구좌),12,관광지,spot,UNKNOWN,7,0,7,7,24,29.17,,1,둔지봉,1,12:관광지,1,제주특별자치도 제주시 구좌읍 한동리,1,산 40,1,"33.5012456847,126.7973021108",0,,1,https://tong.visitkorea.or.kr/cms/resource/39/3527439_image2_1.jpg,0,,0,,0,,0,,0,,0,,0,,1,63350,0,,0,,0,,0,,0,,0,,0,,0,,0,,2b91c56fc7b5196bc828c9238081678ed31b26a21a318ac516580238a40ca35b,hank-place-field-audit-v1,Stage3 Firestore snapshot; live read blocked by RESOURCE_EXHAUSTED
453,kto-1933217,바늘오름,JEJU_CITY,east,동부 (조천),12,관광지,spot,UNKNOWN,7,0,7,7,24,29.17,,1,바늘오름,1,12:관광지,1,제주특별자치도 제주시 조천읍 교래리,1,산 108,1,"33.4537041957,126.6540100777",0,,1,https://tong.visitkorea.or.kr/cms/resource/44/3477944_image2_1.jpg,0,,0,,0,,0,,0,,0,,0,,1,63346,0,,0,,0,,0,,0,,0,,0,,0,,0,,2b91c56fc7b5196bc828c9238081678ed31b26a21a318ac516580238a40ca35b,hank-place-field-audit-v1,Stage3 Firestore snapshot; live read blocked by RESOURCE_EXHAUSTED
454,kto-1941153,삼의악오름,JEJU_CITY,jeju_city,제주시,12,관광지,spot,UNKNOWN,7,0,7,7,24,29.17,,1,삼의악오름,1,12:관광지,1,제주특별자치도 제주시 아라일동,1,산 24-2,1,"33.4398681468,126.5620989268",0,,1,https://tong.visitkorea.or.kr/cms/resource/72/3527472_image2_1.jpg,0,,0,,0,,0,,0,,0,,0,,1,63237,0,,0,,0,,0,,0,,0,,0,,0,,0,,2b91c56fc7b5196bc828c9238081678ed31b26a21a318ac516580238a40ca35b,hank-place-field-audit-v1,Stage3 Firestore snapshot; live read blocked by RESOURCE_EXHAUSTED
455,kto-1945394,손지오름,JEJU_CITY,east,동부 (구좌),12,관광지,spot,UNKNOWN,7,0,7,7,24,29.17,,1,손지오름,1,12:관광지,1,제주특별자치도 제주시 구좌읍 종달리,1,산 52,1,"33.4564732156,126.8195400994",0,,1,https://tong.visitkorea.or.kr/cms/resource/92/3565192_image2_1.jpg,0,,0,,0,,0,,0,,0,,0,,1,63354,0,,0,,0,,0,,0,,0,,0,,0,,0,,2b91c56fc7b5196bc828c9238081678ed31b26a21a318ac516580238a40ca35b,hank-place-field-audit-v1,Stage3 Firestore snapshot; live read blocked by RESOURCE_EXHAUSTED
456,kto-1945414,새신오름,JEJU_CITY,west,서부 (한경),12,관광지,spot,UNKNOWN,7,0,7,7,24,29.17,,1,새신오름,1,12:관광지,1,제주특별자치도 제주시 한경면 청수리,1,3361,1,"33.2978565065,126.2379580475",0,,1,https://tong.visitkorea.or.kr/cms/resource/85/3477985_image2_1.jpg,0,,0,,0,,0,,0,,0,,0,,1,63007,0,,0,,0,,0,,0,,0,,0,,0,,0,,2b91c56fc7b5196bc828c9238081678ed31b26a21a318ac516580238a40ca35b,hank-place-field-audit-v1,Stage3 Firestore snapshot; live read blocked by RESOURCE_EXHAUSTED
457,kto-1945768,군산오름,SEOGWIPO_CITY,west,서부 (안덕),12,관광지,spot,UNKNOWN,7,0,7,7,24,29.17,,1,군산오름,1,12:관광지,1,제주특별자치도 서귀포시 안덕면 창천리,1,564,1,"33.2532,126.3707",0,,1,https://tong.visitkorea.or.kr/cms/resource/48/3035448_image2_1.jpg,0,,0,,0,,0,,0,,0,,0,,1,63533,0,,0,,0,,0,,0,,0,,0,,0,,0,,2b91c56fc7b5196bc828c9238081678ed31b26a21a318ac516580238a40ca35b,hank-place-field-audit-v1,Stage3 Firestore snapshot; live read blocked by RESOURCE_EXHAUSTED
458,kto-1960087,귤림서원,JEJU_CITY,jeju_city,제주시,12,관광지,spot,UNKNOWN,7,0,7,7,24,29.17,,1,귤림서원,1,12:관광지,1,제주특별자치도 제주시 이도일동,1,1438,1,"33.5060574951,126.5276032002",0,,1,https://tong.visitkorea.or.kr/cms/resource/52/3477852_image2_1.jpg,0,,0,,0,,0,,0,,0,,0,,1,63194,0,,0,,0,,0,,0,,0,,0,,0,,0,,2b91c56fc7b5196bc828c9238081678ed31b26a21a318ac516580238a40ca35b,hank-place-field-audit-v1,Stage3 Firestore snapshot; live read blocked by RESOURCE_EXHAUSTED
459,kto-2045014,유수암마을,JEJU_CITY,west,서부 (애월),12,관광지,spot,UNKNOWN,7,0,7,7,24,29.17,,1,유수암마을,1,12:관광지,1,제주특별자치도 제주시 애월읍 유수암평화길 14,1,(애월읍),1,"33.4413793435,126.4030877096",0,,1,https://tong.visitkorea.or.kr/cms/resource/25/3477725_image2_1.jpg,0,,0,,0,,0,,0,,0,,0,,1,63067,0,,0,,0,,0,,0,,0,,0,,0,,0,,2b91c56fc7b5196bc828c9238081678ed31b26a21a318ac516580238a40ca35b,hank-place-field-audit-v1,Stage3 Firestore snapshot; live read blocked by RESOURCE_EXHAUSTED
460,kto-2371631,제30회 제주국제관광마라톤축제,JEJU_CITY,jeju_city,제주시,15,축제공연행사,spot,UNKNOWN,7,0,7,7,24,29.17,,1,제30회 제주국제관광마라톤축제,1,15:축제공연행사,1,제주특별자치도 제주시 김녕로 209,0,,1,"33.5559658509894,126.760117733532",1,064-741-8739,1,https://tong.visitkorea.or.kr/cms/resource/41/4041141_image2_1.jpg,0,,0,,0,,0,,0,,0,,0,,1,63357,0,,0,,0,,0,,0,,0,,0,,0,,0,,2b91c56fc7b5196bc828c9238081678ed31b26a21a318ac516580238a40ca35b,hank-place-field-audit-v1,Stage3 Firestore snapshot; live read blocked by RESOURCE_EXHAUSTED
461,kto-2414827,사려니숲길,SEOGWIPO_CITY,east,동부 (표선),28,레포츠,spot,UNKNOWN,7,0,7,7,24,29.17,,1,사려니숲길,1,28:레포츠,1,제주특별자치도 서귀포시 표선면 가시리,1,붉은오름 입구,1,"33.3989394,126.6792747",0,,1,https://tong.visitkorea.or.kr/cms/resource/18/4072718_image2_1.jpg,0,,0,,0,,0,,0,,0,,0,,1,63623,0,,0,,0,,0,,0,,0,,0,,0,,0,,2b91c56fc7b5196bc828c9238081678ed31b26a21a318ac516580238a40ca35b,hank-place-field-audit-v1,Stage3 Firestore snapshot; live read blocked by RESOURCE_EXHAUSTED
462,kto-2434545,새연교 주말 문화공연 '금토금토 새연쇼',SEOGWIPO_CITY,seogwipo,서귀포시,15,축제공연행사,spot,UNKNOWN,7,0,7,7,24,29.17,,1,새연교 주말 문화공연 '금토금토 새연쇼',1,15:축제공연행사,1,제주특별자치도 서귀포시 남성중로 40 (서홍동),0,,1,"33.239201142544914,126.5584238742126",1,064-760-2654,1,https://tong.visitkorea.or.kr/cms/resource/22/4051822_image2_1.png,0,,0,,0,,0,,0,,0,,0,,1,63594,0,,0,,0,,0,,0,,0,,0,,0,,0,,2b91c56fc7b5196bc828c9238081678ed31b26a21a318ac516580238a40ca35b,hank-place-field-audit-v1,Stage3 Firestore snapshot; live read blocked by RESOURCE_EXHAUSTED
463,kto-2472824,넥슨컴퓨터박물관,JEJU_CITY,jeju_city,제주시,12,관광지,spot,UNKNOWN,7,0,7,7,24,29.17,,1,넥슨컴퓨터박물관,1,12:관광지,1,제주특별자치도 제주시 1100로 3198-8,1,(노형동),1,"33.4721633588,126.4857714937",0,,1,https://tong.visitkorea.or.kr/cms/resource/73/2721573_image2_1.png,0,,0,,0,,0,,0,,0,,0,,1,63091,0,,0,,0,,0,,0,,0,,0,,0,,0,,2b91c56fc7b5196bc828c9238081678ed31b26a21a318ac516580238a40ca35b,hank-place-field-audit-v1,Stage3 Firestore snapshot; live read blocked by RESOURCE_EXHAUSTED
464,kto-2516416,낙타트레킹,SEOGWIPO_CITY,east,동부 (표선),12,관광지,spot,UNKNOWN,7,0,7,7,24,29.17,,1,낙타트레킹,1,12:관광지,1,제주특별자치도 서귀포시 표선면 번영로 2564-21,1,(포니밸리) 내 낙타트레킹,1,"33.4026812788,126.7786837609",0,,1,https://tong.visitkorea.or.kr/cms/resource/27/3551827_image2_1.jpg,0,,0,,0,,0,,0,,0,,0,,1,63624,0,,0,,0,,0,,0,,0,,0,,0,,0,,2b91c56fc7b5196bc828c9238081678ed31b26a21a318ac516580238a40ca35b,hank-place-field-audit-v1,Stage3 Firestore snapshot; live read blocked by RESOURCE_EXHAUSTED
465,kto-2561932,제주신화월드 호텔 앤 리조트 서머셋,SEOGWIPO_CITY,west,서부 (안덕),32,숙박,stay,UNKNOWN,7,0,7,7,24,29.17,,1,제주신화월드 호텔 앤 리조트 서머셋,1,32:숙박,1,제주특별자치도 서귀포시 안덕면 신화역사로304번길 89,1,(안덕면),1,"33.302888213569,126.317536859966",0,,1,https://tong.visitkorea.or.kr/cms/resource/65/2562265_image2_1.jpg,0,,0,,0,,0,,0,,0,,0,,1,63522,0,,0,,0,,0,,0,,0,,0,,0,,0,,2b91c56fc7b5196bc828c9238081678ed31b26a21a318ac516580238a40ca35b,hank-place-field-audit-v1,Stage3 Firestore snapshot; live read blocked by RESOURCE_EXHAUSTED
466,kto-2571240,제이엠그랑블루요트,SEOGWIPO_CITY,seogwipo,서귀포시,28,레포츠,spot,UNKNOWN,7,0,7,7,24,29.17,,1,제이엠그랑블루요트,1,28:레포츠,1,제주특별자치도 서귀포시 대포로 172-7,1,(대포동),1,"33.2382440357,126.4396057595",0,,1,https://tong.visitkorea.or.kr/cms/resource/49/2571149_image2_1.bmp,0,,0,,0,,0,,0,,0,,0,,1,63543,0,,0,,0,,0,,0,,0,,0,,0,,0,,2b91c56fc7b5196bc828c9238081678ed31b26a21a318ac516580238a40ca35b,hank-place-field-audit-v1,Stage3 Firestore snapshot; live read blocked by RESOURCE_EXHAUSTED
467,kto-2602741,종달리 해안도로,JEJU_CITY,east,동부 (구좌),12,관광지,spot,UNKNOWN,7,0,7,7,24,29.17,,1,종달리 해안도로,1,12:관광지,1,제주특별자치도 제주시 구좌읍 종달리,1,630-1,1,"33.4829243983,126.901724033",0,,1,https://tong.visitkorea.or.kr/cms/resource/71/3368571_image2_1.jpg,0,,0,,0,,0,,0,,0,,0,,1,63354,0,,0,,0,,0,,0,,0,,0,,0,,0,,2b91c56fc7b5196bc828c9238081678ed31b26a21a318ac516580238a40ca35b,hank-place-field-audit-v1,Stage3 Firestore snapshot; live read blocked by RESOURCE_EXHAUSTED
468,kto-2606690,왈종미술관,SEOGWIPO_CITY,seogwipo,서귀포시,14,문화시설,spot,UNKNOWN,7,0,7,7,24,29.17,,1,왈종미술관,1,14:문화시설,1,제주특별자치도 서귀포시 칠십리로214번길 30,1,(동홍동),1,"33.2453287076,126.5736773135",0,,1,https://tong.visitkorea.or.kr/cms/resource/93/3548093_image2_1.jpg,0,,0,,0,,0,,0,,0,,0,,1,63597,0,,0,,0,,0,,0,,0,,0,,0,,0,,2b91c56fc7b5196bc828c9238081678ed31b26a21a318ac516580238a40ca35b,hank-place-field-audit-v1,Stage3 Firestore snapshot; live read blocked by RESOURCE_EXHAUSTED
469,kto-2615028,서귀포 하논분화구,SEOGWIPO_CITY,seogwipo,서귀포시,12,관광지,spot,UNKNOWN,7,0,7,7,24,29.17,,1,서귀포 하논분화구,1,12:관광지,1,제주특별자치도 서귀포시 일주동로 8823,1,(하논분화구방문자센터),1,"33.2543967165,126.5462294883",0,,1,https://tong.visitkorea.or.kr/cms/resource/81/3025081_image2_1.jpg,0,,0,,0,,0,,0,,0,,0,,1,63570,0,,0,,0,,0,,0,,0,,0,,0,,0,,2b91c56fc7b5196bc828c9238081678ed31b26a21a318ac516580238a40ca35b,hank-place-field-audit-v1,Stage3 Firestore snapshot; live read blocked by RESOURCE_EXHAUSTED
470,kto-2661519,고살리 숲길,SEOGWIPO_CITY,seogwipo,서귀포시,12,관광지,spot,UNKNOWN,7,0,7,7,24,29.17,,1,고살리 숲길,1,12:관광지,1,제주특별자치도 서귀포시 남원읍,1,산 54-2,1,"33.316658,126.597486",0,,1,https://tong.visitkorea.or.kr/cms/resource/94/4072494_image2_1.jpg,0,,0,,0,,0,,0,,0,,0,,1,699946,0,,0,,0,,0,,0,,0,,0,,0,,0,,2b91c56fc7b5196bc828c9238081678ed31b26a21a318ac516580238a40ca35b,hank-place-field-audit-v1,Stage3 Firestore snapshot; live read blocked by RESOURCE_EXHAUSTED
471,kto-2661848,[한라산 둘레길 1구간] 천아숲길,JEJU_CITY,west,서부 (애월),28,레포츠,spot,UNKNOWN,7,0,7,7,24,29.17,,1,[한라산 둘레길 1구간] 천아숲길,1,28:레포츠,1,제주특별자치도 제주시 애월읍 광령리,1,천아숲길입구(천아계곡)~보림농장 삼거리,1,"33.397145,126.46",0,,1,https://tong.visitkorea.or.kr/cms/resource/38/3545738_image2_1.jpg,0,,0,,0,,0,,0,,0,,0,,1,63062,0,,0,,0,,0,,0,,0,,0,,0,,0,,2b91c56fc7b5196bc828c9238081678ed31b26a21a318ac516580238a40ca35b,hank-place-field-audit-v1,Stage3 Firestore snapshot; live read blocked by RESOURCE_EXHAUSTED
472,kto-2704703,당산봉,JEJU_CITY,west,서부 (한경),12,관광지,spot,UNKNOWN,7,0,7,7,24,29.17,,1,당산봉,1,12:관광지,1,제주특별자치도 제주시 한경면 고산리,1,산 15,1,"33.3078071658,126.1727968238",0,,1,https://tong.visitkorea.or.kr/cms/resource/84/3477884_image2_1.jpg,0,,0,,0,,0,,0,,0,,0,,1,63008,0,,0,,0,,0,,0,,0,,0,,0,,0,,2b91c56fc7b5196bc828c9238081678ed31b26a21a318ac516580238a40ca35b,hank-place-field-audit-v1,Stage3 Firestore snapshot; live read blocked by RESOURCE_EXHAUSTED
473,kto-2708336,제주관광공사 중문면세점,SEOGWIPO_CITY,seogwipo,서귀포시,38,쇼핑,spot,UNKNOWN,7,0,7,7,24,29.17,,1,제주관광공사 중문면세점,1,38:쇼핑,1,제주특별자치도 서귀포시 중문관광로 224,1,(중문동),1,"33.2413184576,126.4244653377",0,,1,https://tong.visitkorea.or.kr/cms/resource/13/3477413_image2_1.jpg,0,,0,,0,,0,,0,,0,,0,,1,63547,0,,0,,0,,0,,0,,0,,0,,0,,0,,2b91c56fc7b5196bc828c9238081678ed31b26a21a318ac516580238a40ca35b,hank-place-field-audit-v1,Stage3 Firestore snapshot; live read blocked by RESOURCE_EXHAUSTED
474,kto-2728613,귀몽 제주신화월드,SEOGWIPO_CITY,west,서부 (안덕),15,축제공연행사,spot,UNKNOWN,7,0,7,7,24,29.17,,1,귀몽 제주신화월드,1,15:축제공연행사,1,제주특별자치도 서귀포시 안덕면 신화역사로304번길 98,0,,1,"33.3049276506,126.3151497973",1,1670-1188,1,https://tong.visitkorea.or.kr/cms/resource/44/4108744_image2_1.png,0,,0,,0,,0,,0,,0,,0,,1,63521,0,,0,,0,,0,,0,,0,,0,,0,,0,,2b91c56fc7b5196bc828c9238081678ed31b26a21a318ac516580238a40ca35b,hank-place-field-audit-v1,Stage3 Firestore snapshot; live read blocked by RESOURCE_EXHAUSTED
475,kto-2738692,용연구름다리,JEJU_CITY,jeju_city,제주시,12,관광지,spot,UNKNOWN,7,0,7,7,24,29.17,,1,용연구름다리,1,12:관광지,1,제주특별자치도 제주시 용담이동,1,2581,1,"33.5149285237,126.5143124879",0,,1,https://tong.visitkorea.or.kr/cms/resource/81/3527081_image2_1.jpg,0,,0,,0,,0,,0,,0,,0,,1,63164,0,,0,,0,,0,,0,,0,,0,,0,,0,,2b91c56fc7b5196bc828c9238081678ed31b26a21a318ac516580238a40ca35b,hank-place-field-audit-v1,Stage3 Firestore snapshot; live read blocked by RESOURCE_EXHAUSTED
476,kto-2738712,큰노꼬메오름,JEJU_CITY,west,서부 (애월),12,관광지,spot,UNKNOWN,7,0,7,7,24,29.17,,1,큰노꼬메오름,1,12:관광지,1,제주특별자치도 제주시 애월읍 유수암리,1,산138,1,"33.38944,126.410403",0,,1,https://tong.visitkorea.or.kr/cms/resource/52/3527352_image2_1.jpg,0,,0,,0,,0,,0,,0,,0,,1,695910,0,,0,,0,,0,,0,,0,,0,,0,,0,,2b91c56fc7b5196bc828c9238081678ed31b26a21a318ac516580238a40ca35b,hank-place-field-audit-v1,Stage3 Firestore snapshot; live read blocked by RESOURCE_EXHAUSTED
477,kto-2738734,상효원수목원,SEOGWIPO_CITY,seogwipo,서귀포시,12,관광지,spot,UNKNOWN,7,0,7,7,24,29.17,,1,상효원수목원,1,12:관광지,1,제주특별자치도 서귀포시 산록남로 2847-37,1,(상효동),1,"33.3072442933,126.5860192949",0,,1,https://tong.visitkorea.or.kr/cms/resource/13/3533613_image2_1.jpg,0,,0,,0,,0,,0,,0,,0,,1,63577,0,,0,,0,,0,,0,,0,,0,,0,,0,,2b91c56fc7b5196bc828c9238081678ed31b26a21a318ac516580238a40ca35b,hank-place-field-audit-v1,Stage3 Firestore snapshot; live read blocked by RESOURCE_EXHAUSTED
478,kto-2742257,월평포구,SEOGWIPO_CITY,seogwipo,서귀포시,12,관광지,spot,UNKNOWN,7,0,7,7,24,29.17,,1,월평포구,1,12:관광지,1,제주특별자치도 서귀포시 말질로 462,1,(월평동),1,"33.234445,126.463459",0,,1,https://tong.visitkorea.or.kr/cms/resource/96/4073296_image2_1.jpg,0,,0,,0,,0,,0,,0,,0,,1,63562,0,,0,,0,,0,,0,,0,,0,,0,,0,,2b91c56fc7b5196bc828c9238081678ed31b26a21a318ac516580238a40ca35b,hank-place-field-audit-v1,Stage3 Firestore snapshot; live read blocked by RESOURCE_EXHAUSTED
479,kto-2742357,월령 선인장군락지,JEJU_CITY,west,서부 (한림),12,관광지,spot,UNKNOWN,7,0,7,7,24,29.17,,1,월령 선인장군락지,1,12:관광지,1,제주특별자치도 제주시 한림읍 월령리,1,359-3,1,"33.3780278479,126.2157082002",0,,1,https://tong.visitkorea.or.kr/cms/resource/84/3399984_image2_1.jpg,0,,0,,0,,0,,0,,0,,0,,1,63010,0,,0,,0,,0,,0,,0,,0,,0,,0,,2b91c56fc7b5196bc828c9238081678ed31b26a21a318ac516580238a40ca35b,hank-place-field-audit-v1,Stage3 Firestore snapshot; live read blocked by RESOURCE_EXHAUSTED
480,kto-2746268,삼다수숲길,JEJU_CITY,east,동부 (조천),28,레포츠,spot,UNKNOWN,7,0,7,7,24,29.17,,1,삼다수숲길,1,28:레포츠,1,제주특별자치도 제주시 조천읍 교래리,1,산70-24,1,"33.420904,126.66661",0,,1,https://tong.visitkorea.or.kr/cms/resource/08/4073008_image2_1.jpg,0,,0,,0,,0,,0,,0,,0,,1,63346,0,,0,,0,,0,,0,,0,,0,,0,,0,,2b91c56fc7b5196bc828c9238081678ed31b26a21a318ac516580238a40ca35b,hank-place-field-audit-v1,Stage3 Firestore snapshot; live read blocked by RESOURCE_EXHAUSTED
481,kto-2752730,바이제주,JEJU_CITY,jeju_city,제주시,38,쇼핑,spot,UNKNOWN,7,0,7,7,24,29.17,,1,바이제주,1,38:쇼핑,1,제주특별자치도 제주시 서해안로 626 (용담삼동),1,A동~B동,1,"33.5167164274,126.50403577",0,,1,https://tong.visitkorea.or.kr/cms/resource/98/3579098_image2_1.jpg,0,,0,,0,,0,,0,,0,,0,,1,63150,0,,0,,0,,0,,0,,0,,0,,0,,0,,2b91c56fc7b5196bc828c9238081678ed31b26a21a318ac516580238a40ca35b,hank-place-field-audit-v1,Stage3 Firestore snapshot; live read blocked by RESOURCE_EXHAUSTED
482,kto-2755000,돈이랑,SEOGWIPO_CITY,seogwipo,서귀포시,39,음식점,food,UNKNOWN,7,0,7,7,24,29.17,,1,돈이랑,1,39:음식점,1,제주특별자치도 서귀포시 일주서로 953,1,(색달동),1,"33.2577414031,126.4091024145",0,,1,https://tong.visitkorea.or.kr/cms/resource/26/2755126_image2_1.jpg,0,,0,,0,,0,,0,,0,,0,,1,63534,0,,0,,0,,0,,0,,0,,0,,0,,0,,2b91c56fc7b5196bc828c9238081678ed31b26a21a318ac516580238a40ca35b,hank-place-field-audit-v1,Stage3 Firestore snapshot; live read blocked by RESOURCE_EXHAUSTED
483,kto-2755444,난드르바당,SEOGWIPO_CITY,seogwipo,서귀포시,39,음식점,food,UNKNOWN,7,0,7,7,24,29.17,,1,난드르바당,1,39:음식점,1,제주특별자치도 서귀포시 하예하동로16번길 11-1,1,(하예동),1,"33.2346461302,126.370989569",0,,1,https://tong.visitkorea.or.kr/cms/resource/02/2755602_image2_1.jpg,0,,0,,0,,0,,0,,0,,0,,1,63538,0,,0,,0,,0,,0,,0,,0,,0,,0,,2b91c56fc7b5196bc828c9238081678ed31b26a21a318ac516580238a40ca35b,hank-place-field-audit-v1,Stage3 Firestore snapshot; live read blocked by RESOURCE_EXHAUSTED
484,kto-2755895,아트인명도암,JEJU_CITY,jeju_city,제주시,39,음식점,cafe,UNKNOWN,7,0,7,7,24,29.17,,1,아트인명도암,1,39:음식점,1,제주특별자치도 제주시 봉개동,1,290-1,1,"33.4677297391,126.6113106873",0,,1,https://tong.visitkorea.or.kr/cms/resource/27/2756027_image2_1.jpg,0,,0,,0,,0,,0,,0,,0,,1,63313,0,,0,,0,,0,,0,,0,,0,,0,,0,,2b91c56fc7b5196bc828c9238081678ed31b26a21a318ac516580238a40ca35b,hank-place-field-audit-v1,Stage3 Firestore snapshot; live read blocked by RESOURCE_EXHAUSTED
485,kto-2758844,중문해녀의집,SEOGWIPO_CITY,seogwipo,서귀포시,39,음식점,food,UNKNOWN,7,0,7,7,24,29.17,,1,중문해녀의집,1,39:음식점,1,제주특별자치도 서귀포시 중문관광로 194,1,(중문동),1,"33.2424043651,126.4191518851",0,,1,https://tong.visitkorea.or.kr/cms/resource/92/2758892_image2_1.jpg,0,,0,,0,,0,,0,,0,,0,,1,63547,0,,0,,0,,0,,0,,0,,0,,0,,0,,2b91c56fc7b5196bc828c9238081678ed31b26a21a318ac516580238a40ca35b,hank-place-field-audit-v1,Stage3 Firestore snapshot; live read blocked by RESOURCE_EXHAUSTED
486,kto-2759608,삼무국수,JEJU_CITY,jeju_city,제주시,39,음식점,food,UNKNOWN,7,0,7,7,24,29.17,,1,삼무국수,1,39:음식점,1,제주특별자치도 제주시 삼무로3길 46-1,1,(연동),1,"33.4905891798,126.4909789569",0,,1,https://tong.visitkorea.or.kr/cms/resource/07/2759707_image2_1.jpg,0,,0,,0,,0,,0,,0,,0,,1,63125,0,,0,,0,,0,,0,,0,,0,,0,,0,,2b91c56fc7b5196bc828c9238081678ed31b26a21a318ac516580238a40ca35b,hank-place-field-audit-v1,Stage3 Firestore snapshot; live read blocked by RESOURCE_EXHAUSTED
487,kto-2759849,임금님밥상,JEJU_CITY,jeju_city,제주시,39,음식점,food,UNKNOWN,7,0,7,7,24,29.17,,1,임금님밥상,1,39:음식점,1,제주특별자치도 제주시 오광로 128,1,(노형동),1,"33.4849337731,126.4609483627",0,,1,https://tong.visitkorea.or.kr/cms/resource/09/2760109_image2_1.jpg,0,,0,,0,,0,,0,,0,,0,,1,63106,0,,0,,0,,0,,0,,0,,0,,0,,0,,2b91c56fc7b5196bc828c9238081678ed31b26a21a318ac516580238a40ca35b,hank-place-field-audit-v1,Stage3 Firestore snapshot; live read blocked by RESOURCE_EXHAUSTED
488,kto-2763796,착한집,JEJU_CITY,jeju_city,제주시,39,음식점,food,UNKNOWN,7,0,7,7,24,29.17,,1,착한집,1,39:음식점,1,제주특별자치도 제주시 서광로 98,1,(오라삼동),1,"33.5000133921,126.5070162384",0,,1,https://tong.visitkorea.or.kr/cms/resource/60/2764060_image2_1.jpg,0,,0,,0,,0,,0,,0,,0,,1,63149,0,,0,,0,,0,,0,,0,,0,,0,,0,,2b91c56fc7b5196bc828c9238081678ed31b26a21a318ac516580238a40ca35b,hank-place-field-audit-v1,Stage3 Firestore snapshot; live read blocked by RESOURCE_EXHAUSTED
489,kto-2765319,서부두수산시장,JEJU_CITY,jeju_city,제주시,38,쇼핑,spot,UNKNOWN,7,0,7,7,24,29.17,,1,서부두수산시장,1,38:쇼핑,1,제주특별자치도 제주시 임항로 49,1,(건입동),1,"33.5170396509,126.5300138523",0,,1,https://tong.visitkorea.or.kr/cms/resource/68/3585668_image2_1.jpg,0,,0,,0,,0,,0,,0,,0,,1,63276,0,,0,,0,,0,,0,,0,,0,,0,,0,,2b91c56fc7b5196bc828c9238081678ed31b26a21a318ac516580238a40ca35b,hank-place-field-audit-v1,Stage3 Firestore snapshot; live read blocked by RESOURCE_EXHAUSTED
490,kto-2767627,새섬공원,SEOGWIPO_CITY,seogwipo,서귀포시,12,관광지,spot,UNKNOWN,7,0,7,7,24,29.17,,1,새섬공원,1,12:관광지,1,제주특별자치도 서귀포시 남성중로 43,1,(서홍동),1,"33.2397485318,126.5588092829",0,,1,https://tong.visitkorea.or.kr/cms/resource/05/3551805_image2_1.jpg,0,,0,,0,,0,,0,,0,,0,,1,63594,0,,0,,0,,0,,0,,0,,0,,0,,0,,2b91c56fc7b5196bc828c9238081678ed31b26a21a318ac516580238a40ca35b,hank-place-field-audit-v1,Stage3 Firestore snapshot; live read blocked by RESOURCE_EXHAUSTED
491,kto-2767778,황우지해안열두굴,SEOGWIPO_CITY,seogwipo,서귀포시,12,관광지,spot,UNKNOWN,7,0,7,7,24,29.17,,1,황우지해안열두굴,1,12:관광지,1,제주특별자치도 서귀포시 서홍동,1,764-1,1,"33.2420288662,126.5607118442",0,,1,https://tong.visitkorea.or.kr/cms/resource/37/3399937_image2_1.jpg,0,,0,,0,,0,,0,,0,,0,,1,63594,0,,0,,0,,0,,0,,0,,0,,0,,0,,2b91c56fc7b5196bc828c9238081678ed31b26a21a318ac516580238a40ca35b,hank-place-field-audit-v1,Stage3 Firestore snapshot; live read blocked by RESOURCE_EXHAUSTED
492,kto-2767799,중문카트체험장,SEOGWIPO_CITY,seogwipo,서귀포시,28,레포츠,spot,UNKNOWN,7,0,7,7,24,29.17,,1,중문카트체험장,1,28:레포츠,1,제주특별자치도 서귀포시 일주서로 1114,1,(상예동),1,"33.264181,126.39456",0,,1,https://tong.visitkorea.or.kr/cms/resource/19/4074619_image2_1.jpg,0,,0,,0,,0,,0,,0,,0,,1,63534,0,,0,,0,,0,,0,,0,,0,,0,,0,,2b91c56fc7b5196bc828c9238081678ed31b26a21a318ac516580238a40ca35b,hank-place-field-audit-v1,Stage3 Firestore snapshot; live read blocked by RESOURCE_EXHAUSTED
493,kto-2767900,용담공원,JEJU_CITY,jeju_city,제주시,12,관광지,spot,UNKNOWN,7,0,7,7,24,29.17,,1,용담공원,1,12:관광지,1,제주특별자치도 제주시 용담일동,1,373-5,1,"33.5081292873,126.5150125811",0,,1,https://tong.visitkorea.or.kr/cms/resource/60/3554960_image2_1.jpg,0,,0,,0,,0,,0,,0,,0,,1,63153,0,,0,,0,,0,,0,,0,,0,,0,,0,,2b91c56fc7b5196bc828c9238081678ed31b26a21a318ac516580238a40ca35b,hank-place-field-audit-v1,Stage3 Firestore snapshot; live read blocked by RESOURCE_EXHAUSTED
494,kto-2774868,영실국수,SEOGWIPO_CITY,seogwipo,서귀포시,39,음식점,food,UNKNOWN,7,0,7,7,24,29.17,,1,영실국수,1,39:음식점,1,제주특별자치도 서귀포시 일주서로 470,1,(하원동),1,"33.2544508767,126.4583815477",0,,1,https://tong.visitkorea.or.kr/cms/resource/38/2774938_image2_1.jpg,0,,0,,0,,0,,0,,0,,0,,1,63541,0,,0,,0,,0,,0,,0,,0,,0,,0,,2b91c56fc7b5196bc828c9238081678ed31b26a21a318ac516580238a40ca35b,hank-place-field-audit-v1,Stage3 Firestore snapshot; live read blocked by RESOURCE_EXHAUSTED
495,kto-2778809,제주 글라스하우스,SEOGWIPO_CITY,east,동부 (성산),12,관광지,spot,UNKNOWN,7,0,7,7,24,29.17,,1,제주 글라스하우스,1,12:관광지,1,제주특별자치도 서귀포시 성산읍 고성리,1,46,1,"33.4291280857,126.9340141417",0,,1,https://tong.visitkorea.or.kr/cms/resource/77/3096277_image2_1.jpg,0,,0,,0,,0,,0,,0,,0,,1,63640,0,,0,,0,,0,,0,,0,,0,,0,,0,,2b91c56fc7b5196bc828c9238081678ed31b26a21a318ac516580238a40ca35b,hank-place-field-audit-v1,Stage3 Firestore snapshot; live read blocked by RESOURCE_EXHAUSTED
496,kto-2779457,종달리해변,JEJU_CITY,east,동부 (구좌),12,관광지,spot,UNKNOWN,7,0,7,7,24,29.17,,1,종달리해변,1,12:관광지,1,제주특별자치도 제주시 구좌읍 종달리,1,565-72,1,"33.4963286013,126.9097146979",0,,1,https://tong.visitkorea.or.kr/cms/resource/36/3553836_image2_1.jpg,0,,0,,0,,0,,0,,0,,0,,1,63364,0,,0,,0,,0,,0,,0,,0,,0,,0,,2b91c56fc7b5196bc828c9238081678ed31b26a21a318ac516580238a40ca35b,hank-place-field-audit-v1,Stage3 Firestore snapshot; live read blocked by RESOURCE_EXHAUSTED
497,kto-2781422,대포해안,SEOGWIPO_CITY,seogwipo,서귀포시,12,관광지,spot,UNKNOWN,7,0,7,7,24,29.17,,1,대포해안,1,12:관광지,1,제주특별자치도 서귀포시 이어도로 36-30,1,(중문동),1,"33.2380216246,126.4260597168",0,,1,https://tong.visitkorea.or.kr/cms/resource/55/3550955_image2_1.jpg,0,,0,,0,,0,,0,,0,,0,,1,63547,0,,0,,0,,0,,0,,0,,0,,0,,0,,2b91c56fc7b5196bc828c9238081678ed31b26a21a318ac516580238a40ca35b,hank-place-field-audit-v1,Stage3 Firestore snapshot; live read blocked by RESOURCE_EXHAUSTED
498,kto-2791425,중문수두리보말칼국수,SEOGWIPO_CITY,seogwipo,서귀포시,39,음식점,food,UNKNOWN,7,0,7,7,24,29.17,,1,중문수두리보말칼국수,1,39:음식점,1,제주특별자치도 서귀포시 천제연로 192,1,(중문동),1,"33.2516062199,126.4250095051",0,,1,https://tong.visitkorea.or.kr/cms/resource/96/2800696_image2_1.jpg,0,,0,,0,,0,,0,,0,,0,,1,63546,0,,0,,0,,0,,0,,0,,0,,0,,0,,2b91c56fc7b5196bc828c9238081678ed31b26a21a318ac516580238a40ca35b,hank-place-field-audit-v1,Stage3 Firestore snapshot; live read blocked by RESOURCE_EXHAUSTED
499,kto-2791440,제주한라국수,SEOGWIPO_CITY,seogwipo,서귀포시,39,음식점,food,UNKNOWN,7,0,7,7,24,29.17,,1,제주한라국수,1,39:음식점,1,제주특별자치도 서귀포시 천제연로188번길 17,1,(중문동),1,"33.2503119092,126.4244290287",0,,1,https://tong.visitkorea.or.kr/cms/resource/76/2800476_image2_1.jpg,0,,0,,0,,0,,0,,0,,0,,1,63546,0,,0,,0,,0,,0,,0,,0,,0,,0,,2b91c56fc7b5196bc828c9238081678ed31b26a21a318ac516580238a40ca35b,hank-place-field-audit-v1,Stage3 Firestore snapshot; live read blocked by RESOURCE_EXHAUSTED
500,kto-2791450,성산세화해안도로,JEJU_CITY,east,동부 (구좌),12,관광지,spot,UNKNOWN,7,0,7,7,24,29.17,,1,성산세화해안도로,1,12:관광지,1,제주특별자치도 제주시 구좌읍 종달리 112-1,1,시작점,1,"33.510090917,126.9065285449",0,,1,https://tong.visitkorea.or.kr/cms/resource/31/3355631_image2_1.jpg,0,,0,,0,,0,,0,,0,,0,,1,63364,0,,0,,0,,0,,0,,0,,0,,0,,0,,2b91c56fc7b5196bc828c9238081678ed31b26a21a318ac516580238a40ca35b,hank-place-field-audit-v1,Stage3 Firestore snapshot; live read blocked by RESOURCE_EXHAUSTED
501,kto-2791505,서귀포항,SEOGWIPO_CITY,seogwipo,서귀포시,12,관광지,spot,UNKNOWN,7,0,7,7,24,29.17,,1,서귀포항,1,12:관광지,1,제주특별자치도 서귀포시 칠십리로72번길 14,1,(서귀동),1,"33.239159804,126.5648726592",0,,1,https://tong.visitkorea.or.kr/cms/resource/46/3550946_image2_1.jpg,0,,0,,0,,0,,0,,0,,0,,1,63596,0,,0,,0,,0,,0,,0,,0,,0,,0,,2b91c56fc7b5196bc828c9238081678ed31b26a21a318ac516580238a40ca35b,hank-place-field-audit-v1,Stage3 Firestore snapshot; live read blocked by RESOURCE_EXHAUSTED
502,kto-2791511,제주항,JEJU_CITY,jeju_city,제주시,12,관광지,spot,UNKNOWN,7,0,7,7,24,29.17,,1,제주항,1,12:관광지,1,제주특별자치도 제주시 임항로 111,1,(건입동),1,"33.5200699382,126.5342384162",0,,1,https://tong.visitkorea.or.kr/cms/resource/13/3554913_image2_1.jpg,0,,0,,0,,0,,0,,0,,0,,1,63280,0,,0,,0,,0,,0,,0,,0,,0,,0,,2b91c56fc7b5196bc828c9238081678ed31b26a21a318ac516580238a40ca35b,hank-place-field-audit-v1,Stage3 Firestore snapshot; live read blocked by RESOURCE_EXHAUSTED
503,kto-2794659,도두항,JEJU_CITY,jeju_city,제주시,12,관광지,spot,UNKNOWN,7,0,7,7,24,29.17,,1,도두항,1,12:관광지,1,제주특별자치도 제주시 도공로 2,1,(도두일동),1,"33.5061675974,126.4650003076",0,,1,https://tong.visitkorea.or.kr/cms/resource/41/3553941_image2_1.jpg,0,,0,,0,,0,,0,,0,,0,,1,63113,0,,0,,0,,0,,0,,0,,0,,0,,0,,2b91c56fc7b5196bc828c9238081678ed31b26a21a318ac516580238a40ca35b,hank-place-field-audit-v1,Stage3 Firestore snapshot; live read blocked by RESOURCE_EXHAUSTED
504,kto-2798027,전이수갤러리 걸어가는늑대들,JEJU_CITY,jeju_city,제주시,14,문화시설,spot,UNKNOWN,7,0,7,7,24,29.17,,1,전이수갤러리 걸어가는늑대들,1,14:문화시설,1,제주특별자치도 제주시 연북로 707 (이도이동),1,01-02,1,"33.4950007521436,126.551308069414",0,,1,https://tong.visitkorea.or.kr/cms/resource/53/3553053_image2_1.jpg,0,,0,,0,,0,,0,,0,,0,,1,63228,0,,0,,0,,0,,0,,0,,0,,0,,0,,2b91c56fc7b5196bc828c9238081678ed31b26a21a318ac516580238a40ca35b,hank-place-field-audit-v1,Stage3 Firestore snapshot; live read blocked by RESOURCE_EXHAUSTED
505,kto-2798036,숙성도 제주본점,JEJU_CITY,jeju_city,제주시,39,음식점,food,UNKNOWN,7,0,7,7,24,29.17,,1,숙성도 제주본점,1,39:음식점,1,제주특별자치도 제주시 제원길 30 (연동),1,"2, 3층",1,"33.4873145093,126.4888958794",0,,1,https://tong.visitkorea.or.kr/cms/resource/38/2800138_image2_1.jpg,0,,0,,0,,0,,0,,0,,0,,1,63131,0,,0,,0,,0,,0,,0,,0,,0,,0,,2b91c56fc7b5196bc828c9238081678ed31b26a21a318ac516580238a40ca35b,hank-place-field-audit-v1,Stage3 Firestore snapshot; live read blocked by RESOURCE_EXHAUSTED
506,kto-2819599,고배기동산,SEOGWIPO_CITY,west,서부 (안덕),12,관광지,spot,UNKNOWN,7,0,7,7,24,29.17,,1,고배기동산,1,12:관광지,1,제주특별자치도 서귀포시 안덕면 광평리,1,산67,1,"33.3307998722,126.381699714",0,,1,https://tong.visitkorea.or.kr/cms/resource/66/4073966_image2_1.jpg,0,,0,,0,,0,,0,,0,,0,,1,63524,0,,0,,0,,0,,0,,0,,0,,0,,0,,2b91c56fc7b5196bc828c9238081678ed31b26a21a318ac516580238a40ca35b,hank-place-field-audit-v1,Stage3 Firestore snapshot; live read blocked by RESOURCE_EXHAUSTED
507,kto-2830485,권가칼국수,JEJU_CITY,jeju_city,제주시,39,음식점,food,UNKNOWN,7,0,7,7,24,29.17,,1,권가칼국수,1,39:음식점,1,제주특별자치도 제주시 화삼북로 38,1,1층,1,"33.5171098365,126.5769319952",0,,1,https://tong.visitkorea.or.kr/cms/resource/81/2830481_image2_1.JPG,0,,0,,0,,0,,0,,0,,0,,1,63303,0,,0,,0,,0,,0,,0,,0,,0,,0,,2b91c56fc7b5196bc828c9238081678ed31b26a21a318ac516580238a40ca35b,hank-place-field-audit-v1,Stage3 Firestore snapshot; live read blocked by RESOURCE_EXHAUSTED
508,kto-2837222,코난해변,JEJU_CITY,east,동부 (구좌),12,관광지,spot,UNKNOWN,7,0,7,7,24,29.17,,1,코난해변,1,12:관광지,1,제주특별자치도 제주시 구좌읍 행원리,1,575-6,1,"33.5575720498,126.8111907275",0,,1,https://tong.visitkorea.or.kr/cms/resource/06/3408206_image2_1.png,0,,0,,0,,0,,0,,0,,0,,1,63358,0,,0,,0,,0,,0,,0,,0,,0,,0,,2b91c56fc7b5196bc828c9238081678ed31b26a21a318ac516580238a40ca35b,hank-place-field-audit-v1,Stage3 Firestore snapshot; live read blocked by RESOURCE_EXHAUSTED
509,kto-2839783,서서방숯불닭갈비 제주본점,JEJU_CITY,jeju_city,제주시,39,음식점,food,UNKNOWN,7,0,7,7,24,29.17,,1,서서방숯불닭갈비 제주본점,1,39:음식점,1,제주특별자치도 제주시 신광로 61,1,1층,1,"33.4866479357,126.4901152327",0,,1,https://tong.visitkorea.or.kr/cms/resource/79/2839779_image2_1.jpg,0,,0,,0,,0,,0,,0,,0,,1,63123,0,,0,,0,,0,,0,,0,,0,,0,,0,,2b91c56fc7b5196bc828c9238081678ed31b26a21a318ac516580238a40ca35b,hank-place-field-audit-v1,Stage3 Firestore snapshot; live read blocked by RESOURCE_EXHAUSTED
510,kto-2843766,김선장회센타,SEOGWIPO_CITY,seogwipo,서귀포시,39,음식점,food,UNKNOWN,7,0,7,7,24,29.17,,1,김선장회센타,1,39:음식점,1,제주특별자치도 서귀포시 최남단해안로 37 명품한우전문,1,1층,1,"33.2171777070881,126.252511482323",0,,1,https://tong.visitkorea.or.kr/cms/resource/62/2843762_image2_1.jpg,0,,0,,0,,0,,0,,0,,0,,1,63513,0,,0,,0,,0,,0,,0,,0,,0,,0,,2b91c56fc7b5196bc828c9238081678ed31b26a21a318ac516580238a40ca35b,hank-place-field-audit-v1,Stage3 Firestore snapshot; live read blocked by RESOURCE_EXHAUSTED
511,kto-2847703,샤이니숲길,JEJU_CITY,east,동부 (조천),12,관광지,spot,UNKNOWN,7,0,7,7,24,29.17,,1,샤이니숲길,1,12:관광지,1,제주특별자치도 제주시 조천읍 교래리,1,719-10,1,"33.4272792375,126.6617076193",0,,1,https://tong.visitkorea.or.kr/cms/resource/33/4073033_image2_1.jpg,0,,0,,0,,0,,0,,0,,0,,1,63346,0,,0,,0,,0,,0,,0,,0,,0,,0,,2b91c56fc7b5196bc828c9238081678ed31b26a21a318ac516580238a40ca35b,hank-place-field-audit-v1,Stage3 Firestore snapshot; live read blocked by RESOURCE_EXHAUSTED
512,kto-2850048,도두반점 제주사수점,JEJU_CITY,jeju_city,제주시,39,음식점,food,UNKNOWN,7,0,7,7,24,29.17,,1,도두반점 제주사수점,1,39:음식점,1,제주특별자치도 제주시 서해안로 317,1,2층,1,"33.5095952211,126.4791906626",0,,1,https://tong.visitkorea.or.kr/cms/resource/44/2850044_image2_1.JPG,0,,0,,0,,0,,0,,0,,0,,1,63112,0,,0,,0,,0,,0,,0,,0,,0,,0,,2b91c56fc7b5196bc828c9238081678ed31b26a21a318ac516580238a40ca35b,hank-place-field-audit-v1,Stage3 Firestore snapshot; live read blocked by RESOURCE_EXHAUSTED
513,kto-2852538,산방산랜드,SEOGWIPO_CITY,west,서부 (안덕),12,관광지,spot,UNKNOWN,7,0,7,7,24,29.17,,1,산방산랜드,1,12:관광지,1,제주특별자치도 서귀포시 안덕면 사계리,1,117-2,1,"33.2338,126.3118",0,,1,https://tong.visitkorea.or.kr/cms/resource/67/4072767_image2_1.jpg,0,,0,,0,,0,,0,,0,,0,,1,63528,0,,0,,0,,0,,0,,0,,0,,0,,0,,2b91c56fc7b5196bc828c9238081678ed31b26a21a318ac516580238a40ca35b,hank-place-field-audit-v1,Stage3 Firestore snapshot; live read blocked by RESOURCE_EXHAUSTED
514,kto-2852643,대왕수천예래생태공원,SEOGWIPO_CITY,seogwipo,서귀포시,12,관광지,spot,UNKNOWN,7,0,7,7,24,29.17,,1,대왕수천예래생태공원,1,12:관광지,1,제주 서귀포시 상예동,1,5002-26,1,"33.247745,126.396617",0,,1,https://tong.visitkorea.or.kr/cms/resource/15/4064115_image2_1.jpg,0,,0,,0,,0,,0,,0,,0,,1,697301,0,,0,,0,,0,,0,,0,,0,,0,,0,,2b91c56fc7b5196bc828c9238081678ed31b26a21a318ac516580238a40ca35b,hank-place-field-audit-v1,Stage3 Firestore snapshot; live read blocked by RESOURCE_EXHAUSTED
515,kto-2853471,안도르,JEJU_CITY,east,동부 (구좌),39,음식점,cafe,UNKNOWN,7,0,7,7,24,29.17,,1,안도르,1,39:음식점,1,제주특별자치도 제주시 구좌읍 송당리,1,May-48,1,"33.4553586672,126.7709498938",0,,1,https://tong.visitkorea.or.kr/cms/resource/62/2853462_image2_1.jpg,0,,0,,0,,0,,0,,0,,0,,1,63355,0,,0,,0,,0,,0,,0,,0,,0,,0,,2b91c56fc7b5196bc828c9238081678ed31b26a21a318ac516580238a40ca35b,hank-place-field-audit-v1,Stage3 Firestore snapshot; live read blocked by RESOURCE_EXHAUSTED
516,kto-2853658,잔물결,JEJU_CITY,jeju_city,제주시,39,음식점,cafe,UNKNOWN,7,0,7,7,24,29.17,,1,잔물결,1,39:음식점,1,제주특별자치도 제주시 금능길 58-1,1,1층,1,"33.3881213939,126.2296595393",0,,1,https://tong.visitkorea.or.kr/cms/resource/48/2853648_image2_1.jpg,0,,0,,0,,0,,0,,0,,0,,1,63010,0,,0,,0,,0,,0,,0,,0,,0,,0,,2b91c56fc7b5196bc828c9238081678ed31b26a21a318ac516580238a40ca35b,hank-place-field-audit-v1,Stage3 Firestore snapshot; live read blocked by RESOURCE_EXHAUSTED
517,kto-2854455,감따남,SEOGWIPO_CITY,seogwipo,서귀포시,39,음식점,cafe,UNKNOWN,7,0,7,7,24,29.17,,1,감따남,1,39:음식점,1,제주특별자치도 서귀포시 월산로 16,1,1층,1,"33.2620894948,126.4946032358",0,,1,https://tong.visitkorea.or.kr/cms/resource/54/2854454_image2_1.jpg,0,,0,,0,,0,,0,,0,,0,,1,63556,0,,0,,0,,0,,0,,0,,0,,0,,0,,2b91c56fc7b5196bc828c9238081678ed31b26a21a318ac516580238a40ca35b,hank-place-field-audit-v1,Stage3 Firestore snapshot; live read blocked by RESOURCE_EXHAUSTED
518,kto-2854521,산방산유채꽃밭,SEOGWIPO_CITY,west,서부 (안덕),12,관광지,spot,UNKNOWN,7,0,7,7,24,29.17,,1,산방산유채꽃밭,1,12:관광지,1,제주특별자치도 서귀포시 안덕면 사계리,1,산방산 일대,1,"33.2423868562,126.3139441027",0,,1,https://tong.visitkorea.or.kr/cms/resource/53/4055053_image2_1.jpg,0,,0,,0,,0,,0,,0,,0,,1,63528,0,,0,,0,,0,,0,,0,,0,,0,,0,,2b91c56fc7b5196bc828c9238081678ed31b26a21a318ac516580238a40ca35b,hank-place-field-audit-v1,Stage3 Firestore snapshot; live read blocked by RESOURCE_EXHAUSTED
519,kto-2860687,동문공설시장,JEJU_CITY,jeju_city,제주시,38,쇼핑,spot,UNKNOWN,7,0,7,7,24,29.17,,1,동문공설시장,1,38:쇼핑,1,제주특별자치도 제주시 일도일동,1,1144-28,1,"33.5125255009266,126.528198635012",0,,1,https://tong.visitkorea.or.kr/cms/resource/88/4068088_image2_1.jpg,0,,0,,0,,0,,0,,0,,0,,1,63264,0,,0,,0,,0,,0,,0,,0,,0,,0,,2b91c56fc7b5196bc828c9238081678ed31b26a21a318ac516580238a40ca35b,hank-place-field-audit-v1,Stage3 Firestore snapshot; live read blocked by RESOURCE_EXHAUSTED
520,kto-2860731,베메로 (BAKE MAKE ROAST),SEOGWIPO_CITY,seogwipo,서귀포시,39,음식점,cafe,UNKNOWN,7,0,7,7,24,29.17,,1,베메로 (BAKE MAKE ROAST),1,39:음식점,1,제주특별자치도 서귀포시 중문관광로72번길 29-9 신우성타운,1,라동,1,"33.2496534392,126.4111246414",0,,1,https://tong.visitkorea.or.kr/cms/resource/29/2860729_image2_1.JPG,0,,0,,0,,0,,0,,0,,0,,1,63535,0,,0,,0,,0,,0,,0,,0,,0,,0,,2b91c56fc7b5196bc828c9238081678ed31b26a21a318ac516580238a40ca35b,hank-place-field-audit-v1,Stage3 Firestore snapshot; live read blocked by RESOURCE_EXHAUSTED
521,kto-2863615,김녕 청굴물,JEJU_CITY,east,동부 (구좌),12,관광지,spot,UNKNOWN,7,0,7,7,24,29.17,,1,김녕 청굴물,1,12:관광지,1,제주특별자치도 제주시 구좌읍 김녕리,1,1296,1,"33.5583,126.7512",0,,1,https://tong.visitkorea.or.kr/cms/resource/46/4075446_image2_1.jpg,0,,0,,0,,0,,0,,0,,0,,1,63357,0,,0,,0,,0,,0,,0,,0,,0,,0,,2b91c56fc7b5196bc828c9238081678ed31b26a21a318ac516580238a40ca35b,hank-place-field-audit-v1,Stage3 Firestore snapshot; live read blocked by RESOURCE_EXHAUSTED
522,kto-2863882,나바론하늘길,JEJU_CITY,jeju_city,제주시,12,관광지,spot,UNKNOWN,7,0,7,7,24,29.17,,1,나바론하늘길,1,12:관광지,1,제주특별자치도 제주시 추자면 대서리,1,산186,1,"33.9612503055,126.2866221544",0,,1,https://tong.visitkorea.or.kr/cms/resource/68/2863868_image2_1.JPG,0,,0,,0,,0,,0,,0,,0,,1,63000,0,,0,,0,,0,,0,,0,,0,,0,,0,,2b91c56fc7b5196bc828c9238081678ed31b26a21a318ac516580238a40ca35b,hank-place-field-audit-v1,Stage3 Firestore snapshot; live read blocked by RESOURCE_EXHAUSTED
523,kto-2872927,신촌 4·3 성터,JEJU_CITY,east,동부 (조천),12,관광지,spot,UNKNOWN,7,0,7,7,24,29.17,,1,신촌 4·3 성터,1,12:관광지,1,제주특별자치도 제주시 조천읍 신촌리,1,-3403,1,"33.5376989336,126.6130984926",0,,1,https://tong.visitkorea.or.kr/cms/resource/79/3389779_image2_1.jpg,0,,0,,0,,0,,0,,0,,0,,1,63337,0,,0,,0,,0,,0,,0,,0,,0,,0,,2b91c56fc7b5196bc828c9238081678ed31b26a21a318ac516580238a40ca35b,hank-place-field-audit-v1,Stage3 Firestore snapshot; live read blocked by RESOURCE_EXHAUSTED
524,kto-2876704,중문 돌담흑돼지,SEOGWIPO_CITY,seogwipo,서귀포시,39,음식점,food,UNKNOWN,7,0,7,7,24,29.17,,1,중문 돌담흑돼지,1,39:음식점,1,제주특별자치도 서귀포시 일주서로 909,1,1층,1,"33.2577303589,126.4132881627",0,,1,https://tong.visitkorea.or.kr/cms/resource/96/2876696_image2_1.jpg,0,,0,,0,,0,,0,,0,,0,,1,63534,0,,0,,0,,0,,0,,0,,0,,0,,0,,2b91c56fc7b5196bc828c9238081678ed31b26a21a318ac516580238a40ca35b,hank-place-field-audit-v1,Stage3 Firestore snapshot; live read blocked by RESOURCE_EXHAUSTED
525,kto-2876814,육도담 제주시청본점,JEJU_CITY,jeju_city,제주시,39,음식점,food,UNKNOWN,7,0,7,7,24,29.17,,1,육도담 제주시청본점,1,39:음식점,1,제주특별자치도 제주시 도남로 59,1,1층,1,"33.4950753788,126.5276839983",0,,1,https://tong.visitkorea.or.kr/cms/resource/67/2876767_image2_1.JPG,0,,0,,0,,0,,0,,0,,0,,1,63205,0,,0,,0,,0,,0,,0,,0,,0,,0,,2b91c56fc7b5196bc828c9238081678ed31b26a21a318ac516580238a40ca35b,hank-place-field-audit-v1,Stage3 Firestore snapshot; live read blocked by RESOURCE_EXHAUSTED
526,kto-2876854,제주또시랑,JEJU_CITY,jeju_city,제주시,39,음식점,food,UNKNOWN,7,0,7,7,24,29.17,,1,제주또시랑,1,39:음식점,1,제주특별자치도 제주시 연북로 724,1,1층,1,"33.4956423901,126.5532484301",0,,1,https://tong.visitkorea.or.kr/cms/resource/46/2876846_image2_1.JPG,0,,0,,0,,0,,0,,0,,0,,1,63305,0,,0,,0,,0,,0,,0,,0,,0,,0,,2b91c56fc7b5196bc828c9238081678ed31b26a21a318ac516580238a40ca35b,hank-place-field-audit-v1,Stage3 Firestore snapshot; live read blocked by RESOURCE_EXHAUSTED
527,kto-2877612,두리둠비,SEOGWIPO_CITY,seogwipo,서귀포시,39,음식점,food,UNKNOWN,7,0,7,7,24,29.17,,1,두리둠비,1,39:음식점,1,제주특별자치도 서귀포시 중문관광로 16 (색달동),1,1층,1,"33.2567416016,126.414701951",0,,1,https://tong.visitkorea.or.kr/cms/resource/99/2877599_image2_1.jpg,0,,0,,0,,0,,0,,0,,0,,1,63534,0,,0,,0,,0,,0,,0,,0,,0,,0,,2b91c56fc7b5196bc828c9238081678ed31b26a21a318ac516580238a40ca35b,hank-place-field-audit-v1,Stage3 Firestore snapshot; live read blocked by RESOURCE_EXHAUSTED
528,kto-2877751,신왕,SEOGWIPO_CITY,seogwipo,서귀포시,39,음식점,food,UNKNOWN,7,0,7,7,24,29.17,,1,신왕,1,39:음식점,1,제주특별자치도 서귀포시 신양로 112,1,1층,1,"33.4364604082,126.9215622735",0,,1,https://tong.visitkorea.or.kr/cms/resource/44/2877744_image2_1.jpg,0,,0,,0,,0,,0,,0,,0,,1,63641,0,,0,,0,,0,,0,,0,,0,,0,,0,,2b91c56fc7b5196bc828c9238081678ed31b26a21a318ac516580238a40ca35b,hank-place-field-audit-v1,Stage3 Firestore snapshot; live read blocked by RESOURCE_EXHAUSTED
529,kto-2877807,M1971 카페 엠브릿지,SEOGWIPO_CITY,seogwipo,서귀포시,39,음식점,cafe,UNKNOWN,7,0,7,7,24,29.17,,1,M1971 카페 엠브릿지,1,39:음식점,1,제주특별자치도 서귀포시 최남단해안로 128,1,M1971 요트클럽하우스 1F,1,"33.2101442731,126.2571416578",0,,1,https://tong.visitkorea.or.kr/cms/resource/98/2877798_image2_1.jpg,0,,0,,0,,0,,0,,0,,0,,1,63513,0,,0,,0,,0,,0,,0,,0,,0,,0,,2b91c56fc7b5196bc828c9238081678ed31b26a21a318ac516580238a40ca35b,hank-place-field-audit-v1,Stage3 Firestore snapshot; live read blocked by RESOURCE_EXHAUSTED
530,kto-2877827,나이체,JEJU_CITY,jeju_city,제주시,39,음식점,cafe,UNKNOWN,7,0,7,7,24,29.17,,1,나이체,1,39:음식점,1,제주특별자치도 제주시 인다6길 35 아라힐링,1,1층,1,"33.4752001061,126.546832785",0,,1,https://tong.visitkorea.or.kr/cms/resource/08/2877808_image2_1.jpg,0,,0,,0,,0,,0,,0,,0,,1,63247,0,,0,,0,,0,,0,,0,,0,,0,,0,,2b91c56fc7b5196bc828c9238081678ed31b26a21a318ac516580238a40ca35b,hank-place-field-audit-v1,Stage3 Firestore snapshot; live read blocked by RESOURCE_EXHAUSTED
531,kto-2877847,머문,JEJU_CITY,jeju_city,제주시,39,음식점,cafe,UNKNOWN,7,0,7,7,24,29.17,,1,머문,1,39:음식점,1,제주특별자치도 제주시 해맞이해안로 460,1,2층,1,"33.5556035357,126.7957815474",0,,1,https://tong.visitkorea.or.kr/cms/resource/36/2877836_image2_1.jpg,0,,0,,0,,0,,0,,0,,0,,1,63358,0,,0,,0,,0,,0,,0,,0,,0,,0,,2b91c56fc7b5196bc828c9238081678ed31b26a21a318ac516580238a40ca35b,hank-place-field-audit-v1,Stage3 Firestore snapshot; live read blocked by RESOURCE_EXHAUSTED
532,kto-2892256,블리스풀,JEJU_CITY,west,서부 (애월),39,음식점,cafe,UNKNOWN,7,0,7,7,24,29.17,,1,블리스풀,1,39:음식점,1,제주특별자치도 제주시 애월읍 산록서로 383,1,1층,1,"33.4040863279,126.4081908825",0,,1,https://tong.visitkorea.or.kr/cms/resource/05/2891905_image2_1.jpg,0,,0,,0,,0,,0,,0,,0,,1,63066,0,,0,,0,,0,,0,,0,,0,,0,,0,,2b91c56fc7b5196bc828c9238081678ed31b26a21a318ac516580238a40ca35b,hank-place-field-audit-v1,Stage3 Firestore snapshot; live read blocked by RESOURCE_EXHAUSTED
533,kto-2892313,커피냅로스터스 제주,JEJU_CITY,jeju_city,제주시,39,음식점,cafe,UNKNOWN,7,0,7,7,24,29.17,,1,커피냅로스터스 제주,1,39:음식점,1,제주특별자치도 제주시 하귀2길 45,1,1층,1,"33.4893353163,126.4138690241",0,,1,https://tong.visitkorea.or.kr/cms/resource/44/2891944_image2_1.jpg,0,,0,,0,,0,,0,,0,,0,,1,63053,0,,0,,0,,0,,0,,0,,0,,0,,0,,2b91c56fc7b5196bc828c9238081678ed31b26a21a318ac516580238a40ca35b,hank-place-field-audit-v1,Stage3 Firestore snapshot; live read blocked by RESOURCE_EXHAUSTED
534,kto-2892380,홀츠 애월,JEJU_CITY,jeju_city,제주시,39,음식점,cafe,UNKNOWN,7,0,7,7,24,29.17,,1,홀츠 애월,1,39:음식점,1,제주특별자치도 제주시 하소로 681-13,1,나동,1,"33.4243616788,126.3965636592",0,,1,https://tong.visitkorea.or.kr/cms/resource/70/2891970_image2_1.jpg,0,,0,,0,,0,,0,,0,,0,,1,63067,0,,0,,0,,0,,0,,0,,0,,0,,0,,2b91c56fc7b5196bc828c9238081678ed31b26a21a318ac516580238a40ca35b,hank-place-field-audit-v1,Stage3 Firestore snapshot; live read blocked by RESOURCE_EXHAUSTED
535,kto-2899545,아베베베이커리,JEJU_CITY,jeju_city,제주시,39,음식점,cafe,UNKNOWN,7,0,7,7,24,29.17,,1,아베베베이커리,1,39:음식점,1,제주특별자치도 제주시 동문로6길 4,1,동문시장 12번 게이트 옆,1,"33.5126845582,126.5288029453",0,,1,https://tong.visitkorea.or.kr/cms/resource/38/2899538_image2_1.jpg,0,,0,,0,,0,,0,,0,,0,,1,63264,0,,0,,0,,0,,0,,0,,0,,0,,0,,2b91c56fc7b5196bc828c9238081678ed31b26a21a318ac516580238a40ca35b,hank-place-field-audit-v1,Stage3 Firestore snapshot; live read blocked by RESOURCE_EXHAUSTED
536,kto-2899605,반디파스타,JEJU_CITY,jeju_city,제주시,39,음식점,food,UNKNOWN,7,0,7,7,24,29.17,,1,반디파스타,1,39:음식점,1,제주특별자치도 제주시 조함해안로 528,1,3층,1,"33.5424881703155,126.669212607777",0,,1,https://tong.visitkorea.or.kr/cms/resource/00/2899600_image2_1.jpg,0,,0,,0,,0,,0,,0,,0,,1,63333,0,,0,,0,,0,,0,,0,,0,,0,,0,,2b91c56fc7b5196bc828c9238081678ed31b26a21a318ac516580238a40ca35b,hank-place-field-audit-v1,Stage3 Firestore snapshot; live read blocked by RESOURCE_EXHAUSTED
537,kto-2899746,라임오렌지카페앤플라워,SEOGWIPO_CITY,seogwipo,서귀포시,39,음식점,cafe,UNKNOWN,7,0,7,7,24,29.17,,1,라임오렌지카페앤플라워,1,39:음식점,1,제주특별자치도 서귀포시 칠십리로 330 (토평동),1,1층,1,"33.2464159216,126.5871089772",0,,1,https://tong.visitkorea.or.kr/cms/resource/30/2899730_image2_1.jpg,0,,0,,0,,0,,0,,0,,0,,1,63599,0,,0,,0,,0,,0,,0,,0,,0,,0,,2b91c56fc7b5196bc828c9238081678ed31b26a21a318ac516580238a40ca35b,hank-place-field-audit-v1,Stage3 Firestore snapshot; live read blocked by RESOURCE_EXHAUSTED
538,kto-2902737,바움하우스,JEJU_CITY,jeju_city,제주시,39,음식점,food,UNKNOWN,7,0,7,7,24,29.17,,1,바움하우스,1,39:음식점,1,제주특별자치도 제주시 서해안로 448,1,1층,1,"33.5177194543,126.4875064221",0,,1,https://tong.visitkorea.or.kr/cms/resource/29/2902729_image2_1.jpg,0,,0,,0,,0,,0,,0,,0,,1,63114,0,,0,,0,,0,,0,,0,,0,,0,,0,,2b91c56fc7b5196bc828c9238081678ed31b26a21a318ac516580238a40ca35b,hank-place-field-audit-v1,Stage3 Firestore snapshot; live read blocked by RESOURCE_EXHAUSTED
539,kto-2902757,카페오놀,SEOGWIPO_CITY,seogwipo,서귀포시,39,음식점,cafe,UNKNOWN,7,0,7,7,24,29.17,,1,카페오놀,1,39:음식점,1,제주특별자치도 서귀포시 대포로 174,1,2층,1,"33.23866,126.43965",0,,1,https://tong.visitkorea.or.kr/cms/resource/80/4058280_image2_1.png,0,,0,,0,,0,,0,,0,,0,,1,63543,0,,0,,0,,0,,0,,0,,0,,0,,0,,2b91c56fc7b5196bc828c9238081678ed31b26a21a318ac516580238a40ca35b,hank-place-field-audit-v1,Stage3 Firestore snapshot; live read blocked by RESOURCE_EXHAUSTED
540,kto-2903088,오스모시스,JEJU_CITY,jeju_city,제주시,39,음식점,cafe,UNKNOWN,7,0,7,7,24,29.17,,1,오스모시스,1,39:음식점,1,제주특별자치도 제주시 해맞이해안로 1026,1,주 1동 1층,1,"33.5407946303,126.830889953",0,,1,https://tong.visitkorea.or.kr/cms/resource/75/2903075_image2_1.jpg,0,,0,,0,,0,,0,,0,,0,,1,63359,0,,0,,0,,0,,0,,0,,0,,0,,0,,2b91c56fc7b5196bc828c9238081678ed31b26a21a318ac516580238a40ca35b,hank-place-field-audit-v1,Stage3 Firestore snapshot; live read blocked by RESOURCE_EXHAUSTED
541,kto-2903123,올드북촌,JEJU_CITY,jeju_city,제주시,39,음식점,cafe,UNKNOWN,7,0,7,7,24,29.17,,1,올드북촌,1,39:음식점,1,제주특별자치도 제주시 일주동로 1437,1,1층,1,"33.5455418078,126.6883438872",0,,1,https://tong.visitkorea.or.kr/cms/resource/94/2903094_image2_1.jpg,0,,0,,0,,0,,0,,0,,0,,1,63339,0,,0,,0,,0,,0,,0,,0,,0,,0,,2b91c56fc7b5196bc828c9238081678ed31b26a21a318ac516580238a40ca35b,hank-place-field-audit-v1,Stage3 Firestore snapshot; live read blocked by RESOURCE_EXHAUSTED
542,kto-2904375,오랑우탄면사무소,SEOGWIPO_CITY,seogwipo,서귀포시,39,음식점,food,UNKNOWN,7,0,7,7,24,29.17,,1,오랑우탄면사무소,1,39:음식점,1,제주특별자치도 서귀포시 산방로 367-1,1,1층,1,"33.2311675843,126.297571017",0,,1,https://tong.visitkorea.or.kr/cms/resource/72/2904372_image2_1.jpg,0,,0,,0,,0,,0,,0,,0,,1,63528,0,,0,,0,,0,,0,,0,,0,,0,,0,,2b91c56fc7b5196bc828c9238081678ed31b26a21a318ac516580238a40ca35b,hank-place-field-audit-v1,Stage3 Firestore snapshot; live read blocked by RESOURCE_EXHAUSTED
543,kto-2904488,88로스터즈,JEJU_CITY,jeju_city,제주시,39,음식점,food,UNKNOWN,7,0,7,7,24,29.17,,1,88로스터즈,1,39:음식점,1,제주특별자치도 제주시 금산5길 35-1,1,1층,1,"33.5258578478,126.5634867132",0,,1,https://tong.visitkorea.or.kr/cms/resource/74/2904474_image2_1.jpg,0,,0,,0,,0,,0,,0,,0,,1,63286,0,,0,,0,,0,,0,,0,,0,,0,,0,,2b91c56fc7b5196bc828c9238081678ed31b26a21a318ac516580238a40ca35b,hank-place-field-audit-v1,Stage3 Firestore snapshot; live read blocked by RESOURCE_EXHAUSTED
544,kto-2904549,고요산책,JEJU_CITY,jeju_city,제주시,39,음식점,food,UNKNOWN,7,0,7,7,24,29.17,,1,고요산책,1,39:음식점,1,제주특별자치도 제주시 중앙로12길 5,1,1층,1,"33.5118171806,126.5238629435",0,,1,https://tong.visitkorea.or.kr/cms/resource/38/2904538_image2_1.jpg,0,,0,,0,,0,,0,,0,,0,,1,63168,0,,0,,0,,0,,0,,0,,0,,0,,0,,2b91c56fc7b5196bc828c9238081678ed31b26a21a318ac516580238a40ca35b,hank-place-field-audit-v1,Stage3 Firestore snapshot; live read blocked by RESOURCE_EXHAUSTED
545,kto-2904656,딜레탕트,JEJU_CITY,jeju_city,제주시,39,음식점,cafe,UNKNOWN,7,0,7,7,24,29.17,,1,딜레탕트,1,39:음식점,1,제주특별자치도 제주시 신북로 144,1,"1층,2층",1,"33.5351197779,126.6284354411",0,,1,https://tong.visitkorea.or.kr/cms/resource/41/2904641_image2_1.jpg,0,,0,,0,,0,,0,,0,,0,,1,63331,0,,0,,0,,0,,0,,0,,0,,0,,0,,2b91c56fc7b5196bc828c9238081678ed31b26a21a318ac516580238a40ca35b,hank-place-field-audit-v1,Stage3 Firestore snapshot; live read blocked by RESOURCE_EXHAUSTED
546,kto-2904892,빵귿,JEJU_CITY,jeju_city,제주시,39,음식점,food,UNKNOWN,7,0,7,7,24,29.17,,1,빵귿,1,39:음식점,1,제주특별자치도 제주시 구남동6길 45-1,1,1층,1,"33.4870980184348,126.535134681941",0,,1,https://tong.visitkorea.or.kr/cms/resource/41/4053741_image2_1.jpg,0,,0,,0,,0,,0,,0,,0,,1,63233,0,,0,,0,,0,,0,,0,,0,,0,,0,,2b91c56fc7b5196bc828c9238081678ed31b26a21a318ac516580238a40ca35b,hank-place-field-audit-v1,Stage3 Firestore snapshot; live read blocked by RESOURCE_EXHAUSTED
547,kto-2904992,오만정성 제주협재점,JEJU_CITY,jeju_city,제주시,39,음식점,food,UNKNOWN,7,0,7,7,24,29.17,,1,오만정성 제주협재점,1,39:음식점,1,제주특별자치도 제주시 일주서로 5083,1,1층,1,"33.3890493505,126.2504411696",0,,1,https://tong.visitkorea.or.kr/cms/resource/88/2904988_image2_1.jpg,0,,0,,0,,0,,0,,0,,0,,1,63011,0,,0,,0,,0,,0,,0,,0,,0,,0,,2b91c56fc7b5196bc828c9238081678ed31b26a21a318ac516580238a40ca35b,hank-place-field-audit-v1,Stage3 Firestore snapshot; live read blocked by RESOURCE_EXHAUSTED
548,kto-2905025,옥란면옥,JEJU_CITY,jeju_city,제주시,39,음식점,food,UNKNOWN,7,0,7,7,24,29.17,,1,옥란면옥,1,39:음식점,1,제주특별자치도 제주시 신북로 163,1,1층,1,"33.535563357,126.6308191157",0,,1,https://tong.visitkorea.or.kr/cms/resource/19/2905019_image2_1.jpg,0,,0,,0,,0,,0,,0,,0,,1,63331,0,,0,,0,,0,,0,,0,,0,,0,,0,,2b91c56fc7b5196bc828c9238081678ed31b26a21a318ac516580238a40ca35b,hank-place-field-audit-v1,Stage3 Firestore snapshot; live read blocked by RESOURCE_EXHAUSTED
549,kto-2905409,애월 우니담,JEJU_CITY,jeju_city,제주시,39,음식점,food,UNKNOWN,7,0,7,7,24,29.17,,1,애월 우니담,1,39:음식점,1,제주특별자치도 제주시 고내로13길 107,1,2층,1,"33.4724995156,126.3484162796",0,,1,https://tong.visitkorea.or.kr/cms/resource/07/2905407_image2_1.jpg,0,,0,,0,,0,,0,,0,,0,,1,63046,0,,0,,0,,0,,0,,0,,0,,0,,0,,2b91c56fc7b5196bc828c9238081678ed31b26a21a318ac516580238a40ca35b,hank-place-field-audit-v1,Stage3 Firestore snapshot; live read blocked by RESOURCE_EXHAUSTED
550,kto-2906155,가람,JEJU_CITY,jeju_city,제주시,39,음식점,food,UNKNOWN,7,0,7,7,24,29.17,,1,가람,1,39:음식점,1,제주특별자치도 제주시 복지로북길 4,1,1층,1,"33.4888475823,126.5206443232",0,,1,https://tong.visitkorea.or.kr/cms/resource/52/2906152_image2_1.jpg,0,,0,,0,,0,,0,,0,,0,,1,63220,0,,0,,0,,0,,0,,0,,0,,0,,0,,2b91c56fc7b5196bc828c9238081678ed31b26a21a318ac516580238a40ca35b,hank-place-field-audit-v1,Stage3 Firestore snapshot; live read blocked by RESOURCE_EXHAUSTED
551,kto-2906163,구씨커피로스터스,JEJU_CITY,east,동부 (구좌),39,음식점,cafe,UNKNOWN,7,0,7,7,24,29.17,,1,구씨커피로스터스,1,39:음식점,1,제주특별자치도 제주시 구좌로 21,1,1층,1,"33.5236266977927,126.853951432481",0,,1,https://tong.visitkorea.or.kr/cms/resource/37/4069937_image2_1.JPG,0,,0,,0,,0,,0,,0,,0,,1,63361,0,,0,,0,,0,,0,,0,,0,,0,,0,,2b91c56fc7b5196bc828c9238081678ed31b26a21a318ac516580238a40ca35b,hank-place-field-audit-v1,Stage3 Firestore snapshot; live read blocked by RESOURCE_EXHAUSTED
552,kto-2906174,금돈가 제주본점,JEJU_CITY,jeju_city,제주시,39,음식점,food,UNKNOWN,7,0,7,7,24,29.17,,1,금돈가 제주본점,1,39:음식점,1,제주특별자치도 제주시 가문동남길 63,1,1층,1,"33.4842960429,126.3911259246",0,,1,https://tong.visitkorea.or.kr/cms/resource/71/2906171_image2_1.JPG,0,,0,,0,,0,,0,,0,,0,,1,63050,0,,0,,0,,0,,0,,0,,0,,0,,0,,2b91c56fc7b5196bc828c9238081678ed31b26a21a318ac516580238a40ca35b,hank-place-field-audit-v1,Stage3 Firestore snapshot; live read blocked by RESOURCE_EXHAUSTED
553,kto-2906322,항아리조림,JEJU_CITY,jeju_city,제주시,39,음식점,food,UNKNOWN,7,0,7,7,24,29.17,,1,항아리조림,1,39:음식점,1,제주특별자치도 제주시 세화3길 32,1,1층,1,"33.5261681085,126.8563955909",0,,1,https://tong.visitkorea.or.kr/cms/resource/06/4080406_image2_1.jpg,0,,0,,0,,0,,0,,0,,0,,1,63361,0,,0,,0,,0,,0,,0,,0,,0,,0,,2b91c56fc7b5196bc828c9238081678ed31b26a21a318ac516580238a40ca35b,hank-place-field-audit-v1,Stage3 Firestore snapshot; live read blocked by RESOURCE_EXHAUSTED
554,kto-2906375,해왕성반점본점,JEJU_CITY,jeju_city,제주시,39,음식점,food,UNKNOWN,7,0,7,7,24,29.17,,1,해왕성반점본점,1,39:음식점,1,제주특별자치도 제주시 우정로12길 10 (외도일동),1,1층,1,"33.487705608,126.4298184725",0,,1,https://tong.visitkorea.or.kr/cms/resource/43/2906343_image2_1.JPG,0,,0,,0,,0,,0,,0,,0,,1,63069,0,,0,,0,,0,,0,,0,,0,,0,,0,,2b91c56fc7b5196bc828c9238081678ed31b26a21a318ac516580238a40ca35b,hank-place-field-audit-v1,Stage3 Firestore snapshot; live read blocked by RESOURCE_EXHAUSTED
555,kto-2908746,파리게이츠 신제주점,JEJU_CITY,jeju_city,제주시,38,쇼핑,spot,UNKNOWN,7,0,7,7,24,29.17,,1,파리게이츠 신제주점,1,38:쇼핑,1,제주특별자치도 제주시 연북로 20 (노형동),1,에코퍼플,1,"33.4816896730468,126.483442572409",0,,1,https://tong.visitkorea.or.kr/cms/resource/44/4020344_image2_1.jpg,0,,0,,0,,0,,0,,0,,0,,1,63086,0,,0,,0,,0,,0,,0,,0,,0,,0,,2b91c56fc7b5196bc828c9238081678ed31b26a21a318ac516580238a40ca35b,hank-place-field-audit-v1,Stage3 Firestore snapshot; live read blocked by RESOURCE_EXHAUSTED
556,kto-2910031,청담루이성형외과의원,JEJU_CITY,jeju_city,제주시,38,쇼핑,spot,UNKNOWN,7,0,7,7,24,29.17,,1,청담루이성형외과의원,1,38:쇼핑,1,제주특별자치도 제주시 노형14길 14 (노형동),1,3층,1,"33.484497219176,126.479775295979",0,,1,https://tong.visitkorea.or.kr/cms/resource/41/4020141_image2_1.jpg,0,,0,,0,,0,,0,,0,,0,,1,63083,0,,0,,0,,0,,0,,0,,0,,0,,0,,2b91c56fc7b5196bc828c9238081678ed31b26a21a318ac516580238a40ca35b,hank-place-field-audit-v1,Stage3 Firestore snapshot; live read blocked by RESOURCE_EXHAUSTED
557,kto-2914248,파렌하이트 제주점,JEJU_CITY,jeju_city,제주시,38,쇼핑,spot,UNKNOWN,7,0,7,7,24,29.17,,1,파렌하이트 제주점,1,38:쇼핑,1,제주특별자치도 제주시 칠성로길 27 (일도일동),1,1층,1,"33.5145036587587,126.525776733938",0,,1,https://tong.visitkorea.or.kr/cms/resource/17/4043217_image2_1.jpg,0,,0,,0,,0,,0,,0,,0,,1,63277,0,,0,,0,,0,,0,,0,,0,,0,,0,,2b91c56fc7b5196bc828c9238081678ed31b26a21a318ac516580238a40ca35b,hank-place-field-audit-v1,Stage3 Firestore snapshot; live read blocked by RESOURCE_EXHAUSTED
558,kto-2925644,탑텐 이마트 신제주점,JEJU_CITY,jeju_city,제주시,38,쇼핑,spot,UNKNOWN,7,0,7,7,24,29.17,,1,탑텐 이마트 신제주점,1,38:쇼핑,1,제주특별자치도 제주시 1100로 3348 (노형동),1,1층,1,"33.4849650136857,126.480431633456",0,,1,https://tong.visitkorea.or.kr/cms/resource/68/4020368_image2_1.jpg,0,,0,,0,,0,,0,,0,,0,,1,63082,0,,0,,0,,0,,0,,0,,0,,0,,0,,2b91c56fc7b5196bc828c9238081678ed31b26a21a318ac516580238a40ca35b,hank-place-field-audit-v1,Stage3 Firestore snapshot; live read blocked by RESOURCE_EXHAUSTED
559,kto-3012012,석예원 본초 족욕 성산점,SEOGWIPO_CITY,east,동부 (성산),12,관광지,spot,UNKNOWN,7,0,7,7,24,29.17,,1,석예원 본초 족욕 성산점,1,12:관광지,1,제주특별자치도 서귀포시 성산읍 섭지코지로25번길 34,1,2층,1,"33.4420815357,126.9195588427",0,,1,https://tong.visitkorea.or.kr/cms/resource/69/3011969_image2_1.jpg,0,,0,,0,,0,,0,,0,,0,,1,63641,0,,0,,0,,0,,0,,0,,0,,0,,0,,2b91c56fc7b5196bc828c9238081678ed31b26a21a318ac516580238a40ca35b,hank-place-field-audit-v1,Stage3 Firestore snapshot; live read blocked by RESOURCE_EXHAUSTED
560,kto-3013310,황우지선녀탕,SEOGWIPO_CITY,seogwipo,서귀포시,12,관광지,spot,UNKNOWN,7,0,7,7,24,29.17,,1,황우지선녀탕,1,12:관광지,1,제주특별자치도 서귀포시 서홍동,1,795-5,1,"33.239452,126.548922",0,,1,https://tong.visitkorea.or.kr/cms/resource/36/3585236_image2_1.jpg,0,,0,,0,,0,,0,,0,,0,,1,63578,0,,0,,0,,0,,0,,0,,0,,0,,0,,2b91c56fc7b5196bc828c9238081678ed31b26a21a318ac516580238a40ca35b,hank-place-field-audit-v1,Stage3 Firestore snapshot; live read blocked by RESOURCE_EXHAUSTED
561,kto-3014969,문화의 달 행사,SEOGWIPO_CITY,seogwipo,서귀포시,15,축제공연행사,spot,UNKNOWN,7,0,7,7,24,29.17,,1,문화의 달 행사,1,15:축제공연행사,1,제주특별자치도 서귀포시 남성중로 2-9 (서홍동),0,,1,"33.2438675382,126.5598424335",1,064-760-0901,1,https://tong.visitkorea.or.kr/cms/resource/69/3562069_image2_1.jpg,0,,0,,0,,0,,0,,0,,0,,1,63594,0,,0,,0,,0,,0,,0,,0,,0,,0,,2b91c56fc7b5196bc828c9238081678ed31b26a21a318ac516580238a40ca35b,hank-place-field-audit-v1,Stage3 Firestore snapshot; live read blocked by RESOURCE_EXHAUSTED
562,kto-3015608,수망리 마흐니숲길,SEOGWIPO_CITY,seogwipo,서귀포시,12,관광지,spot,UNKNOWN,7,0,7,7,24,29.17,,1,수망리 마흐니숲길,1,12:관광지,1,제주특별자치도 서귀포시 남원읍 수망리,1,산203,1,"33.379987,126.658416",0,,1,https://tong.visitkorea.or.kr/cms/resource/92/3015592_image2_1.jpg,0,,0,,0,,0,,0,,0,,0,,1,63615,0,,0,,0,,0,,0,,0,,0,,0,,0,,2b91c56fc7b5196bc828c9238081678ed31b26a21a318ac516580238a40ca35b,hank-place-field-audit-v1,Stage3 Firestore snapshot; live read blocked by RESOURCE_EXHAUSTED
563,kto-3027466,달달미깡감귤밭,SEOGWIPO_CITY,west,서부 (애월),12,관광지,spot,UNKNOWN,7,0,7,7,24,29.17,,1,달달미깡감귤밭,1,12:관광지,1,제주 제주시 애월읍 광령리,1,May-99,1,"33.459298,126.421894",0,,1,https://tong.visitkorea.or.kr/cms/resource/54/3027454_image2_1.jpg,0,,0,,0,,0,,0,,0,,0,,1,695904,0,,0,,0,,0,,0,,0,,0,,0,,0,,2b91c56fc7b5196bc828c9238081678ed31b26a21a318ac516580238a40ca35b,hank-place-field-audit-v1,Stage3 Firestore snapshot; live read blocked by RESOURCE_EXHAUSTED
564,kto-3030250,온더스톤 브런치카페 제주성산점,SEOGWIPO_CITY,east,동부 (성산),39,음식점,food,UNKNOWN,7,0,7,7,24,29.17,,1,온더스톤 브런치카페 제주성산점,1,39:음식점,1,제주특별자치도 서귀포시 성산읍 해맞이해안로 2746,1,H동 1~2층,1,"33.4702982825,126.9182256717",0,,1,https://tong.visitkorea.or.kr/cms/resource/04/3030204_image2_1.jpg,0,,0,,0,,0,,0,,0,,0,,1,63639,0,,0,,0,,0,,0,,0,,0,,0,,0,,2b91c56fc7b5196bc828c9238081678ed31b26a21a318ac516580238a40ca35b,hank-place-field-audit-v1,Stage3 Firestore snapshot; live read blocked by RESOURCE_EXHAUSTED
565,kto-3030422,제주아리랑 혼,SEOGWIPO_CITY,east,동부 (표선),14,문화시설,spot,UNKNOWN,7,0,7,7,24,29.17,,1,제주아리랑 혼,1,14:문화시설,1,제주특별자치도 서귀포시 표선면 번영로 2564-21,1,제주아리랑,1,"33.402513952034916,126.77842221078322",0,,1,https://tong.visitkorea.or.kr/cms/resource/67/3030367_image2_1.jpg,0,,0,,0,,0,,0,,0,,0,,1,63624,0,,0,,0,,0,,0,,0,,0,,0,,0,,2b91c56fc7b5196bc828c9238081678ed31b26a21a318ac516580238a40ca35b,hank-place-field-audit-v1,Stage3 Firestore snapshot; live read blocked by RESOURCE_EXHAUSTED
566,kto-3031541,하모체육공원,SEOGWIPO_CITY,west,서부 (대정),12,관광지,spot,UNKNOWN,7,0,7,7,24,29.17,,1,하모체육공원,1,12:관광지,1,제주특별자치도 서귀포시 대정읍 하모리,1,Mar-39,1,"33.218625,126.252426",0,,1,https://tong.visitkorea.or.kr/cms/resource/26/3031526_image2_1.jpg,0,,0,,0,,0,,0,,0,,0,,1,63507,0,,0,,0,,0,,0,,0,,0,,0,,0,,2b91c56fc7b5196bc828c9238081678ed31b26a21a318ac516580238a40ca35b,hank-place-field-audit-v1,Stage3 Firestore snapshot; live read blocked by RESOURCE_EXHAUSTED
567,kto-3031571,서광카트체험장,SEOGWIPO_CITY,west,서부 (안덕),28,레포츠,spot,UNKNOWN,7,0,7,7,24,29.17,,1,서광카트체험장,1,28:레포츠,1,제주특별자치도 서귀포시 안덕면 서광리,1,771,1,"33.288638,126.321626",0,,1,https://tong.visitkorea.or.kr/cms/resource/55/3031555_image2_1.jpg,0,,0,,0,,0,,0,,0,,0,,1,63521,0,,0,,0,,0,,0,,0,,0,,0,,0,,2b91c56fc7b5196bc828c9238081678ed31b26a21a318ac516580238a40ca35b,hank-place-field-audit-v1,Stage3 Firestore snapshot; live read blocked by RESOURCE_EXHAUSTED
568,kto-3035057,구팔일 댕댕이 대잔치！,JEJU_CITY,west,서부 (애월),15,축제공연행사,spot,UNKNOWN,7,0,7,7,24,29.17,,1,구팔일 댕댕이 대잔치！,1,15:축제공연행사,1,제주특별자치도 제주시 애월읍 천덕로 880-24,0,,1,"33.39087381270927,126.36737929508537",1,1833-9810,1,https://tong.visitkorea.or.kr/cms/resource/36/4063736_image2_1.jpg,0,,0,,0,,0,,0,,0,,0,,1,63038,0,,0,,0,,0,,0,,0,,0,,0,,0,,2b91c56fc7b5196bc828c9238081678ed31b26a21a318ac516580238a40ca35b,hank-place-field-audit-v1,Stage3 Firestore snapshot; live read blocked by RESOURCE_EXHAUSTED
569,kto-3037574,[한라산 둘레길 9구간] 숫모르편백숲길,JEJU_CITY,jeju_city,제주시,28,레포츠,spot,UNKNOWN,7,0,7,7,24,29.17,,1,[한라산 둘레길 9구간] 숫모르편백숲길,1,28:레포츠,1,제주특별자치도 제주시 명림로 584 (봉개동),1,절물자연휴양림입구~한라생태숲,1,"33.43942555847447,126.62999593753408",0,,1,https://tong.visitkorea.or.kr/cms/resource/71/3037571_image2_1.jpg,0,,0,,0,,0,,0,,0,,0,,1,63313,0,,0,,0,,0,,0,,0,,0,,0,,0,,2b91c56fc7b5196bc828c9238081678ed31b26a21a318ac516580238a40ca35b,hank-place-field-audit-v1,Stage3 Firestore snapshot; live read blocked by RESOURCE_EXHAUSTED
570,kto-3037925,스페이스제로,JEJU_CITY,west,서부 (애월),39,음식점,food,UNKNOWN,7,0,7,7,24,29.17,,1,스페이스제로,1,39:음식점,1,제주특별자치도 제주시 애월읍 천덕로 880-24,1,에이동 3층,1,"33.390063,126.366562",0,,1,https://tong.visitkorea.or.kr/cms/resource/09/3037909_image2_1.jpg,0,,0,,0,,0,,0,,0,,0,,1,63038,0,,0,,0,,0,,0,,0,,0,,0,,0,,2b91c56fc7b5196bc828c9238081678ed31b26a21a318ac516580238a40ca35b,hank-place-field-audit-v1,Stage3 Firestore snapshot; live read blocked by RESOURCE_EXHAUSTED
571,kto-3037977,청아투명카약,JEJU_CITY,west,서부 (애월),28,레포츠,spot,UNKNOWN,7,0,7,7,24,29.17,,1,청아투명카약,1,28:레포츠,1,제주특별자치도 제주시 애월읍 애월로 11,1,한담공원,1,"33.460272,126.310542",0,,1,https://tong.visitkorea.or.kr/cms/resource/43/3037943_image2_1.jpg,0,,0,,0,,0,,0,,0,,0,,1,63043,0,,0,,0,,0,,0,,0,,0,,0,,0,,2b91c56fc7b5196bc828c9238081678ed31b26a21a318ac516580238a40ca35b,hank-place-field-audit-v1,Stage3 Firestore snapshot; live read blocked by RESOURCE_EXHAUSTED
572,kto-3038062,제주이호랜드,JEJU_CITY,jeju_city,제주시,12,관광지,spot,UNKNOWN,7,0,7,7,24,29.17,,1,제주이호랜드,1,12:관광지,1,제주특별자치도 제주시 이호일동,1,374-1,1,"33.499659,126.455058",0,,1,https://tong.visitkorea.or.kr/cms/resource/39/3038039_image2_1.jpg,0,,0,,0,,0,,0,,0,,0,,1,63108,0,,0,,0,,0,,0,,0,,0,,0,,0,,2b91c56fc7b5196bc828c9238081678ed31b26a21a318ac516580238a40ca35b,hank-place-field-audit-v1,Stage3 Firestore snapshot; live read blocked by RESOURCE_EXHAUSTED
573,kto-3056356,카페술도가제주바당,JEJU_CITY,east,동부 (구좌),39,음식점,cafe,UNKNOWN,7,0,7,7,24,29.17,,1,카페술도가제주바당,1,39:음식점,1,제주특별자치도 제주시 구좌읍 한동로 27,1,1층,1,"33.537237942,126.8245257246",0,,1,https://tong.visitkorea.or.kr/cms/resource/55/3056355_image2_1.jpg,0,,0,,0,,0,,0,,0,,0,,1,63359,0,,0,,0,,0,,0,,0,,0,,0,,0,,2b91c56fc7b5196bc828c9238081678ed31b26a21a318ac516580238a40ca35b,hank-place-field-audit-v1,Stage3 Firestore snapshot; live read blocked by RESOURCE_EXHAUSTED
574,kto-3057219,두산봉,SEOGWIPO_CITY,east,동부 (성산),12,관광지,spot,UNKNOWN,7,0,7,7,24,29.17,,1,두산봉,1,12:관광지,1,제주특별자치도 서귀포시 성산읍 시흥리,1,산1-5,1,"33.480384,126.885832",0,,1,https://tong.visitkorea.or.kr/cms/resource/16/3057216_image2_1.jpg,0,,0,,0,,0,,0,,0,,0,,1,63638,0,,0,,0,,0,,0,,0,,0,,0,,0,,2b91c56fc7b5196bc828c9238081678ed31b26a21a318ac516580238a40ca35b,hank-place-field-audit-v1,Stage3 Firestore snapshot; live read blocked by RESOURCE_EXHAUSTED
575,kto-3057244,조천만세동산,JEJU_CITY,east,동부 (조천),12,관광지,spot,UNKNOWN,7,0,7,7,24,29.17,,1,조천만세동산,1,12:관광지,1,제주특별자치도 제주시 조천읍 조천리,1,1142-1,1,"33.540496,126.642205",0,,1,https://tong.visitkorea.or.kr/cms/resource/35/3057235_image2_1.jpg,0,,0,,0,,0,,0,,0,,0,,1,63335,0,,0,,0,,0,,0,,0,,0,,0,,0,,2b91c56fc7b5196bc828c9238081678ed31b26a21a318ac516580238a40ca35b,hank-place-field-audit-v1,Stage3 Firestore snapshot; live read blocked by RESOURCE_EXHAUSTED
576,kto-3069080,유채꽃재배단지,SEOGWIPO_CITY,east,동부 (성산),12,관광지,spot,UNKNOWN,7,0,7,7,24,29.17,,1,유채꽃재배단지,1,12:관광지,1,제주특별자치도 서귀포시 성산읍 고성리,1,270-1,1,"33.454952,126.924974",0,,1,https://tong.visitkorea.or.kr/cms/resource/09/4064209_image2_1.jpg,0,,0,,0,,0,,0,,0,,0,,1,63640,0,,0,,0,,0,,0,,0,,0,,0,,0,,2b91c56fc7b5196bc828c9238081678ed31b26a21a318ac516580238a40ca35b,hank-place-field-audit-v1,Stage3 Firestore snapshot; live read blocked by RESOURCE_EXHAUSTED
577,kto-3071744,속골유원지,SEOGWIPO_CITY,seogwipo,서귀포시,12,관광지,spot,UNKNOWN,7,0,7,7,24,29.17,,1,속골유원지,1,12:관광지,1,제주특별자치도 서귀포시 호근동,1,1645,1,"33.2405340402,126.5262315324",0,,1,https://tong.visitkorea.or.kr/cms/resource/19/3071719_image2_1.jpg,0,,0,,0,,0,,0,,0,,0,,1,63569,0,,0,,0,,0,,0,,0,,0,,0,,0,,2b91c56fc7b5196bc828c9238081678ed31b26a21a318ac516580238a40ca35b,hank-place-field-audit-v1,Stage3 Firestore snapshot; live read blocked by RESOURCE_EXHAUSTED
578,kto-3071875,제주송정농원,JEJU_CITY,jeju_city,제주시,12,관광지,spot,UNKNOWN,7,0,7,7,24,29.17,,1,제주송정농원,1,12:관광지,1,제주특별자치도 제주시 영평동,1,May-70,1,"33.48018,126.564215",0,,1,https://tong.visitkorea.or.kr/cms/resource/42/3071842_image2_1.jpg,0,,0,,0,,0,,0,,0,,0,,1,63308,0,,0,,0,,0,,0,,0,,0,,0,,0,,2b91c56fc7b5196bc828c9238081678ed31b26a21a318ac516580238a40ca35b,hank-place-field-audit-v1,Stage3 Firestore snapshot; live read blocked by RESOURCE_EXHAUSTED
579,kto-3081317,일출봉유채밭,SEOGWIPO_CITY,east,동부 (성산),12,관광지,spot,UNKNOWN,7,0,7,7,24,29.17,,1,일출봉유채밭,1,12:관광지,1,제주특별자치도 서귀포시 성산읍 성산리,1,397,1,"33.460248,126.928174",0,,1,https://tong.visitkorea.or.kr/cms/resource/41/4064241_image2_1.jpg,0,,0,,0,,0,,0,,0,,0,,1,63643,0,,0,,0,,0,,0,,0,,0,,0,,0,,2b91c56fc7b5196bc828c9238081678ed31b26a21a318ac516580238a40ca35b,hank-place-field-audit-v1,Stage3 Firestore snapshot; live read blocked by RESOURCE_EXHAUSTED
580,kto-3097814,세기알해변,JEJU_CITY,east,동부 (구좌),12,관광지,spot,UNKNOWN,7,0,7,7,24,29.17,,1,세기알해변,1,12:관광지,1,제주특별자치도 제주시 구좌읍 김녕리,1,1200-5,1,"33.5577,126.7563",0,,1,https://tong.visitkorea.or.kr/cms/resource/71/3535971_image2_1.jpg,0,,0,,0,,0,,0,,0,,0,,1,63357,0,,0,,0,,0,,0,,0,,0,,0,,0,,2b91c56fc7b5196bc828c9238081678ed31b26a21a318ac516580238a40ca35b,hank-place-field-audit-v1,Stage3 Firestore snapshot; live read blocked by RESOURCE_EXHAUSTED
581,kto-3306117,와인피부과의원,JEJU_CITY,jeju_city,제주시,38,쇼핑,spot,UNKNOWN,7,0,7,7,24,29.17,,1,와인피부과의원,1,38:쇼핑,1,제주특별자치도 제주시 1100로 3178 (노형동),1,3-4층,1,"33.46981155562,126.485332189237",0,,1,https://tong.visitkorea.or.kr/cms/resource/65/4042365_image2_1.jpg,0,,0,,0,,0,,0,,0,,0,,1,63091,0,,0,,0,,0,,0,,0,,0,,0,,0,,2b91c56fc7b5196bc828c9238081678ed31b26a21a318ac516580238a40ca35b,hank-place-field-audit-v1,Stage3 Firestore snapshot; live read blocked by RESOURCE_EXHAUSTED
582,kto-3306392,올리브영 제주나인몰점,JEJU_CITY,jeju_city,제주시,38,쇼핑,spot,UNKNOWN,7,0,7,7,24,29.17,,1,올리브영 제주나인몰점,1,38:쇼핑,1,제주특별자치도 제주시 과원로 128 (연동),1,나인몰 1층,1,"33.4806759540066,126.49473584539",0,,1,https://tong.visitkorea.or.kr/cms/resource/61/4029061_image2_1.jpg,0,,0,,0,,0,,0,,0,,0,,1,63142,0,,0,,0,,0,,0,,0,,0,,0,,0,,2b91c56fc7b5196bc828c9238081678ed31b26a21a318ac516580238a40ca35b,hank-place-field-audit-v1,Stage3 Firestore snapshot; live read blocked by RESOURCE_EXHAUSTED
583,kto-3306704,질스튜어트 신세계사이먼프리미엄아울렛 제주점,SEOGWIPO_CITY,west,서부 (안덕),38,쇼핑,spot,UNKNOWN,7,0,7,7,24,29.17,,1,질스튜어트 신세계사이먼프리미엄아울렛 제주점,1,38:쇼핑,1,제주특별자치도 서귀포시 안덕면 신화역사로304번길 38,1,B1층,1,"33.3049726791712,126.31635202613",0,,1,https://tong.visitkorea.or.kr/cms/resource/70/4042070_image2_1.jpg,0,,0,,0,,0,,0,,0,,0,,1,63522,0,,0,,0,,0,,0,,0,,0,,0,,0,,2b91c56fc7b5196bc828c9238081678ed31b26a21a318ac516580238a40ca35b,hank-place-field-audit-v1,Stage3 Firestore snapshot; live read blocked by RESOURCE_EXHAUSTED
584,kto-3318880,제8회 농촌융복합산업 제주국제박람회,SEOGWIPO_CITY,seogwipo,서귀포시,15,축제공연행사,spot,UNKNOWN,7,0,7,7,24,29.17,,1,제8회 농촌융복합산업 제주국제박람회,1,15:축제공연행사,1,제주특별자치도 서귀포시 중문관광로 191 (중문동),0,,1,"33.2440353493,126.4207718907",1,064-722-7915,1,https://tong.visitkorea.or.kr/cms/resource/10/4066710_image2_1.jpg,0,,0,,0,,0,,0,,0,,0,,1,63546,0,,0,,0,,0,,0,,0,,0,,0,,0,,2b91c56fc7b5196bc828c9238081678ed31b26a21a318ac516580238a40ca35b,hank-place-field-audit-v1,Stage3 Firestore snapshot; live read blocked by RESOURCE_EXHAUSTED
585,kto-3344437,가파도 소망전망대,SEOGWIPO_CITY,west,서부 (대정),12,관광지,spot,UNKNOWN,7,0,7,7,24,29.17,,1,가파도 소망전망대,1,12:관광지,1,제주특별자치도 서귀포시 대정읍 가파리,1,513,1,"33.169011,126.268899",0,,1,https://tong.visitkorea.or.kr/cms/resource/99/3344399_image2_1.jpg,0,,0,,0,,0,,0,,0,,0,,1,63514,0,,0,,0,,0,,0,,0,,0,,0,,0,,2b91c56fc7b5196bc828c9238081678ed31b26a21a318ac516580238a40ca35b,hank-place-field-audit-v1,Stage3 Firestore snapshot; live read blocked by RESOURCE_EXHAUSTED
586,kto-3349628,제주독서대전,JEJU_CITY,jeju_city,제주시,15,축제공연행사,spot,UNKNOWN,7,0,7,7,24,29.17,,1,제주독서대전,1,15:축제공연행사,1,제주특별자치도 제주시 사라봉동길 30 (건입동),0,,1,"33.5149873859,126.5478984552",1,064-728-8342,1,https://tong.visitkorea.or.kr/cms/resource/29/3560629_image2_1.jpg,0,,0,,0,,0,,0,,0,,0,,1,63284,0,,0,,0,,0,,0,,0,,0,,0,,0,,2b91c56fc7b5196bc828c9238081678ed31b26a21a318ac516580238a40ca35b,hank-place-field-audit-v1,Stage3 Firestore snapshot; live read blocked by RESOURCE_EXHAUSTED
587,kto-3399432,2026 제5회 제주비엔날레 허끄곡 모닥치곡 이야홍 : 변용의 기술,JEJU_CITY,jeju_city,제주시,15,축제공연행사,spot,UNKNOWN,7,0,7,7,24,29.17,,1,2026 제5회 제주비엔날레 허끄곡 모닥치곡 이야홍 : 변용의 기술,1,15:축제공연행사,1,제주특별자치도 제주시 1100로 2894-78 (연동),0,,1,"33.4525500193,126.489686091",1,064-710-4300,1,https://tong.visitkorea.or.kr/cms/resource/77/4073777_image2_1.jpg,0,,0,,0,,0,,0,,0,,0,,1,63079,0,,0,,0,,0,,0,,0,,0,,0,,0,,2b91c56fc7b5196bc828c9238081678ed31b26a21a318ac516580238a40ca35b,hank-place-field-audit-v1,Stage3 Firestore snapshot; live read blocked by RESOURCE_EXHAUSTED
588,kto-3443241,코리코카페 제주점,JEJU_CITY,east,동부 (구좌),39,음식점,cafe,UNKNOWN,7,0,7,7,24,29.17,,1,코리코카페 제주점,1,39:음식점,1,제주특별자치도 제주시 구좌읍 비자림로 1199,1,제주동화마을,1,"33.4365434621,126.7325203236",0,,1,https://tong.visitkorea.or.kr/cms/resource/64/3443264_image2_1.jpg,0,,0,,0,,0,,0,,0,,0,,1,63355,0,,0,,0,,0,,0,,0,,0,,0,,0,,2b91c56fc7b5196bc828c9238081678ed31b26a21a318ac516580238a40ca35b,hank-place-field-audit-v1,Stage3 Firestore snapshot; live read blocked by RESOURCE_EXHAUSTED
589,kto-3444948,부부요리단,SEOGWIPO_CITY,seogwipo,서귀포시,39,음식점,food,UNKNOWN,7,0,7,7,24,29.17,,1,부부요리단,1,39:음식점,1,제주특별자치도 서귀포시 월드컵로 63 (법환동),1,1층,1,"33.2437000371,126.5059832166",0,,1,https://tong.visitkorea.or.kr/cms/resource/90/3444890_image2_1.jpg,0,,0,,0,,0,,0,,0,,0,,1,63572,0,,0,,0,,0,,0,,0,,0,,0,,0,,2b91c56fc7b5196bc828c9238081678ed31b26a21a318ac516580238a40ca35b,hank-place-field-audit-v1,Stage3 Firestore snapshot; live read blocked by RESOURCE_EXHAUSTED
590,kto-3512205,2026 서귀포 원도심 문화페스티벌,SEOGWIPO_CITY,seogwipo,서귀포시,15,축제공연행사,spot,UNKNOWN,7,0,7,7,24,29.17,,1,2026 서귀포 원도심 문화페스티벌,1,15:축제공연행사,1,제주특별자치도 서귀포시 이중섭로 11 (서귀동),0,,1,"33.24708081676599,126.56445889201075",1,064-760-2572,1,https://tong.visitkorea.or.kr/cms/resource/17/4044417_image2_1.jpg,0,,0,,0,,0,,0,,0,,0,,1,63595,0,,0,,0,,0,,0,,0,,0,,0,,0,,2b91c56fc7b5196bc828c9238081678ed31b26a21a318ac516580238a40ca35b,hank-place-field-audit-v1,Stage3 Firestore snapshot; live read blocked by RESOURCE_EXHAUSTED
591,kto-3530351,샛도리물,JEJU_CITY,jeju_city,제주시,12,관광지,spot,UNKNOWN,7,0,7,7,24,29.17,,1,샛도리물,1,12:관광지,1,제주특별자치도 제주시 삼양일동,1,Sep-38,1,"33.5291,126.5892",0,,1,https://tong.visitkorea.or.kr/cms/resource/57/3530357_image2_1.jpg,0,,0,,0,,0,,0,,0,,0,,1,63326,0,,0,,0,,0,,0,,0,,0,,0,,0,,2b91c56fc7b5196bc828c9238081678ed31b26a21a318ac516580238a40ca35b,hank-place-field-audit-v1,Stage3 Firestore snapshot; live read blocked by RESOURCE_EXHAUSTED
592,kto-3543626,몽라브,JEJU_CITY,jeju_city,제주시,39,음식점,food,UNKNOWN,7,0,7,7,24,29.17,,1,몽라브,1,39:음식점,1,제주특별자치도 제주시 오등6길 55 (오등동),1,"제1, 2동 1층",1,"33.46679448043981,126.52760640895447",0,,1,https://tong.visitkorea.or.kr/cms/resource/19/3543619_image2_1.jpg,0,,0,,0,,0,,0,,0,,0,,1,63240,0,,0,,0,,0,,0,,0,,0,,0,,0,,2b91c56fc7b5196bc828c9238081678ed31b26a21a318ac516580238a40ca35b,hank-place-field-audit-v1,Stage3 Firestore snapshot; live read blocked by RESOURCE_EXHAUSTED
593,kto-3545110,메르시제주소품샵,JEJU_CITY,jeju_city,제주시,38,쇼핑,spot,UNKNOWN,7,0,7,7,24,29.17,,1,메르시제주소품샵,1,38:쇼핑,1,제주특별자치도 제주시 용두암길 20 (용담이동),1,1층,1,"33.51455797525212,126.51263432804139",0,,1,https://tong.visitkorea.or.kr/cms/resource/09/3545109_image2_1.jpg,0,,0,,0,,0,,0,,0,,0,,1,63152,0,,0,,0,,0,,0,,0,,0,,0,,0,,2b91c56fc7b5196bc828c9238081678ed31b26a21a318ac516580238a40ca35b,hank-place-field-audit-v1,Stage3 Firestore snapshot; live read blocked by RESOURCE_EXHAUSTED
594,kto-3545698,[제주올레 18-2코스] 하추자 올레,JEJU_CITY,jeju_city,제주시,28,레포츠,spot,UNKNOWN,7,0,7,7,24,29.17,,1,[제주올레 18-2코스] 하추자 올레,1,28:레포츠,1,제주특별자치도 제주시 추자면 신양2길 28-8,1,(신양항~추자면사무소),1,"33.944600691683846,126.32903711792602",0,,1,https://tong.visitkorea.or.kr/cms/resource/05/3545605_image2_1.jpg,0,,0,,0,,0,,0,,0,,0,,1,63001,0,,0,,0,,0,,0,,0,,0,,0,,0,,2b91c56fc7b5196bc828c9238081678ed31b26a21a318ac516580238a40ca35b,hank-place-field-audit-v1,Stage3 Firestore snapshot; live read blocked by RESOURCE_EXHAUSTED
595,kto-3545966,갈치바다 애월,JEJU_CITY,west,서부 (애월),39,음식점,food,UNKNOWN,7,0,7,7,24,29.17,,1,갈치바다 애월,1,39:음식점,1,제주특별자치도 제주시 애월읍 애월로 15-1,1,1~2층 갈치바다 애월,1,"33.460415216807874,126.31099269269497",0,,1,https://tong.visitkorea.or.kr/cms/resource/31/3545931_image2_1.jpg,0,,0,,0,,0,,0,,0,,0,,1,63043,0,,0,,0,,0,,0,,0,,0,,0,,0,,2b91c56fc7b5196bc828c9238081678ed31b26a21a318ac516580238a40ca35b,hank-place-field-audit-v1,Stage3 Firestore snapshot; live read blocked by RESOURCE_EXHAUSTED
596,kto-3546746,백가네제주한상 함덕본점,JEJU_CITY,east,동부 (조천),39,음식점,food,UNKNOWN,7,0,7,7,24,29.17,,1,백가네제주한상 함덕본점,1,39:음식점,1,제주특별자치도 제주시 조천읍 함덕로 40,1,"1층 102호, 103호",1,"33.54239550146812,126.67113275161599",0,,1,https://tong.visitkorea.or.kr/cms/resource/37/3546737_image2_1.jpg,0,,0,,0,,0,,0,,0,,0,,1,63333,0,,0,,0,,0,,0,,0,,0,,0,,0,,2b91c56fc7b5196bc828c9238081678ed31b26a21a318ac516580238a40ca35b,hank-place-field-audit-v1,Stage3 Firestore snapshot; live read blocked by RESOURCE_EXHAUSTED
597,kto-3546882,2025 음악실연자 페스티벌,JEJU_CITY,jeju_city,제주시,15,축제공연행사,spot,UNKNOWN,7,0,7,7,24,29.17,,1,2025 음악실연자 페스티벌,1,15:축제공연행사,1,제주특별자치도 제주시 중앙로 2 (삼도이동),0,,1,"33.5181838831,126.5246670689",1,070-4242-0838,1,https://tong.visitkorea.or.kr/cms/resource/81/3546881_image2_1.jpg,0,,0,,0,,0,,0,,0,,0,,1,63165,0,,0,,0,,0,,0,,0,,0,,0,,0,,2b91c56fc7b5196bc828c9238081678ed31b26a21a318ac516580238a40ca35b,hank-place-field-audit-v1,Stage3 Firestore snapshot; live read blocked by RESOURCE_EXHAUSTED
598,kto-3554702,원도심 야간여행 ‘섬夜시즌’ 운영,SEOGWIPO_CITY,seogwipo,서귀포시,15,축제공연행사,spot,UNKNOWN,7,0,7,7,24,29.17,,1,원도심 야간여행 ‘섬夜시즌’ 운영,1,15:축제공연행사,1,제주특별자치도 서귀포시 칠십리로 120-12 (서귀동),0,,1,"33.241942872,126.5675084795",1,064-741-8754,1,https://tong.visitkorea.or.kr/cms/resource/00/3554700_image2_1.jpg,0,,0,,0,,0,,0,,0,,0,,1,63596,0,,0,,0,,0,,0,,0,,0,,0,,0,,2b91c56fc7b5196bc828c9238081678ed31b26a21a318ac516580238a40ca35b,hank-place-field-audit-v1,Stage3 Firestore snapshot; live read blocked by RESOURCE_EXHAUSTED
599,kto-3559559,두머니물공원,SEOGWIPO_CITY,seogwipo,서귀포시,12,관광지,spot,UNKNOWN,7,0,7,7,24,29.17,,1,두머니물공원,1,12:관광지,1,제주특별자치도 서귀포시 법환동,1,1534,1,"33.231,126.5073",0,,1,https://tong.visitkorea.or.kr/cms/resource/54/3559554_image2_1.jpg,0,,0,,0,,0,,0,,0,,0,,1,63573,0,,0,,0,,0,,0,,0,,0,,0,,0,,2b91c56fc7b5196bc828c9238081678ed31b26a21a318ac516580238a40ca35b,hank-place-field-audit-v1,Stage3 Firestore snapshot; live read blocked by RESOURCE_EXHAUSTED
600,kto-4002242,소랑아시,SEOGWIPO_CITY,seogwipo,서귀포시,38,쇼핑,spot,UNKNOWN,7,0,7,7,24,29.17,,1,소랑아시,1,38:쇼핑,1,제주특별자치도 서귀포시 중문관광로 27 (색달동),1,1층,1,"33.255586,126.414881",0,,1,https://tong.visitkorea.or.kr/cms/resource/40/4002240_image2_1.jpg,0,,0,,0,,0,,0,,0,,0,,1,63534,0,,0,,0,,0,,0,,0,,0,,0,,0,,2b91c56fc7b5196bc828c9238081678ed31b26a21a318ac516580238a40ca35b,hank-place-field-audit-v1,Stage3 Firestore snapshot; live read blocked by RESOURCE_EXHAUSTED
601,kto-4009615,로이드 제주점,JEJU_CITY,jeju_city,제주시,38,쇼핑,spot,UNKNOWN,7,0,7,7,24,29.17,,1,로이드 제주점,1,38:쇼핑,1,제주특별자치도 제주시 중앙로 74 (이도일동),1,1층,1,"33.5116614371945,126.52432966243",0,,1,https://tong.visitkorea.or.kr/cms/resource/42/4024242_image2_1.jpeg,0,,0,,0,,0,,0,,0,,0,,1,63168,0,,0,,0,,0,,0,,0,,0,,0,,0,,2b91c56fc7b5196bc828c9238081678ed31b26a21a318ac516580238a40ca35b,hank-place-field-audit-v1,Stage3 Firestore snapshot; live read blocked by RESOURCE_EXHAUSTED
602,kto-4013209,마운티아 신제주점,JEJU_CITY,jeju_city,제주시,38,쇼핑,spot,UNKNOWN,7,0,7,7,24,29.17,,1,마운티아 신제주점,1,38:쇼핑,1,제주특별자치도 제주시 노연로 112 (연동),1,1층,1,"33.485597901067,126.492103849564",0,,1,https://tong.visitkorea.or.kr/cms/resource/67/4024267_image2_1.jpeg,0,,0,,0,,0,,0,,0,,0,,1,63133,0,,0,,0,,0,,0,,0,,0,,0,,0,,2b91c56fc7b5196bc828c9238081678ed31b26a21a318ac516580238a40ca35b,hank-place-field-audit-v1,Stage3 Firestore snapshot; live read blocked by RESOURCE_EXHAUSTED
603,kto-4013210,안녕제주,JEJU_CITY,jeju_city,제주시,38,쇼핑,spot,UNKNOWN,7,0,7,7,24,29.17,,1,안녕제주,1,38:쇼핑,1,제주특별자치도 제주시 노연로 42 (노형동),1,1층,1,"33.485807217804,126.484561996402",0,,1,https://tong.visitkorea.or.kr/cms/resource/25/4022325_image2_1.jpg,0,,0,,0,,0,,0,,0,,0,,1,63082,0,,0,,0,,0,,0,,0,,0,,0,,0,,2b91c56fc7b5196bc828c9238081678ed31b26a21a318ac516580238a40ca35b,hank-place-field-audit-v1,Stage3 Firestore snapshot; live read blocked by RESOURCE_EXHAUSTED
604,kto-4013215,휠라언더웨어 신제주점,JEJU_CITY,jeju_city,제주시,38,쇼핑,spot,UNKNOWN,7,0,7,7,24,29.17,,1,휠라언더웨어 신제주점,1,38:쇼핑,1,"제주특별자치도 제주시 도령로 73 (연동, 연동 펠리체)",1,1층,1,"33.4901161837273,126.485948322561",0,,1,https://tong.visitkorea.or.kr/cms/resource/19/4024319_image2_1.jpeg,0,,0,,0,,0,,0,,0,,0,,1,63127,0,,0,,0,,0,,0,,0,,0,,0,,0,,2b91c56fc7b5196bc828c9238081678ed31b26a21a318ac516580238a40ca35b,hank-place-field-audit-v1,Stage3 Firestore snapshot; live read blocked by RESOURCE_EXHAUSTED
605,kto-4013240,테일러메이드 구제주점,JEJU_CITY,jeju_city,제주시,38,쇼핑,spot,UNKNOWN,7,0,7,7,24,29.17,,1,테일러메이드 구제주점,1,38:쇼핑,1,제주특별자치도 제주시 중앙로 50 (일도일동),1,1층,1,"33.5139028914264,126.52452028354",0,,1,https://tong.visitkorea.or.kr/cms/resource/15/4024315_image2_1.jpeg,0,,0,,0,,0,,0,,0,,0,,1,63166,0,,0,,0,,0,,0,,0,,0,,0,,0,,2b91c56fc7b5196bc828c9238081678ed31b26a21a318ac516580238a40ca35b,hank-place-field-audit-v1,Stage3 Firestore snapshot; live read blocked by RESOURCE_EXHAUSTED
606,kto-4026805,조안테디베어 제주신화월드점,SEOGWIPO_CITY,west,서부 (안덕),38,쇼핑,spot,UNKNOWN,7,0,7,7,24,29.17,,1,조안테디베어 제주신화월드점,1,38:쇼핑,1,제주특별자치도 서귀포시 안덕면 신화역사로304번길 38,1,B1층,1,"33.3049726791712,126.31635202613",0,,1,https://tong.visitkorea.or.kr/cms/resource/25/4045025_image2_1.png,0,,0,,0,,0,,0,,0,,0,,1,63522,0,,0,,0,,0,,0,,0,,0,,0,,0,,2b91c56fc7b5196bc828c9238081678ed31b26a21a318ac516580238a40ca35b,hank-place-field-audit-v1,Stage3 Firestore snapshot; live read blocked by RESOURCE_EXHAUSTED
607,kto-4026833,조랑말을탄돈키호테제주소품샵 노형점,JEJU_CITY,jeju_city,제주시,38,쇼핑,spot,UNKNOWN,7,0,7,7,24,29.17,,1,조랑말을탄돈키호테제주소품샵 노형점,1,38:쇼핑,1,제주특별자치도 제주시 노연로 33 (노형동),1,1층,1,"33.4862556653545,126.483672949369",0,,1,https://tong.visitkorea.or.kr/cms/resource/22/4045022_image2_1.png,0,,0,,0,,0,,0,,0,,0,,1,63081,0,,0,,0,,0,,0,,0,,0,,0,,0,,2b91c56fc7b5196bc828c9238081678ed31b26a21a318ac516580238a40ca35b,hank-place-field-audit-v1,Stage3 Firestore snapshot; live read blocked by RESOURCE_EXHAUSTED
608,kto-4026846,CU 도두항점,JEJU_CITY,jeju_city,제주시,38,쇼핑,spot,UNKNOWN,7,0,7,7,24,29.17,,1,CU 도두항점,1,38:쇼핑,1,제주특별자치도 제주시 서해안로 164 (도두일동),1,1층,1,"33.5040124922716,126.466415539058",0,,1,https://tong.visitkorea.or.kr/cms/resource/99/4045199_image2_1.png,0,,0,,0,,0,,0,,0,,0,,1,63112,0,,0,,0,,0,,0,,0,,0,,0,,0,,2b91c56fc7b5196bc828c9238081678ed31b26a21a318ac516580238a40ca35b,hank-place-field-audit-v1,Stage3 Firestore snapshot; live read blocked by RESOURCE_EXHAUSTED
609,kto-4026848,구호 신제주점,JEJU_CITY,jeju_city,제주시,38,쇼핑,spot,UNKNOWN,7,0,7,7,24,29.17,,1,구호 신제주점,1,38:쇼핑,1,제주특별자치도 제주시 신광로 37 (연동),1,1층,1,"33.4887237059125,126.490321271529",0,,1,https://tong.visitkorea.or.kr/cms/resource/64/4045064_image2_1.png,0,,0,,0,,0,,0,,0,,0,,1,63124,0,,0,,0,,0,,0,,0,,0,,0,,0,,2b91c56fc7b5196bc828c9238081678ed31b26a21a318ac516580238a40ca35b,hank-place-field-audit-v1,Stage3 Firestore snapshot; live read blocked by RESOURCE_EXHAUSTED
610,kto-4026860,종종제주,JEJU_CITY,east,동부 (조천),38,쇼핑,spot,UNKNOWN,7,0,7,7,24,29.17,,1,종종제주,1,38:쇼핑,1,제주특별자치도 제주시 조천읍 선교로 66,1,1층,1,"33.4879241166427,126.712477988887",0,,1,https://tong.visitkorea.or.kr/cms/resource/68/4045068_image2_1.png,0,,0,,0,,0,,0,,0,,0,,1,63340,0,,0,,0,,0,,0,,0,,0,,0,,0,,2b91c56fc7b5196bc828c9238081678ed31b26a21a318ac516580238a40ca35b,hank-place-field-audit-v1,Stage3 Firestore snapshot; live read blocked by RESOURCE_EXHAUSTED
611,kto-4026865,마뗑킴 하고하우스 제주점,JEJU_CITY,jeju_city,제주시,38,쇼핑,spot,UNKNOWN,7,0,7,7,24,29.17,,1,마뗑킴 하고하우스 제주점,1,38:쇼핑,1,제주특별자치도 제주시 중앙로 27-5 (일도일동),1,1-2층,1,"33.51566251305,126.525269480507",0,,1,https://tong.visitkorea.or.kr/cms/resource/65/4045065_image2_1.png,0,,0,,0,,0,,0,,0,,0,,1,63277,0,,0,,0,,0,,0,,0,,0,,0,,0,,2b91c56fc7b5196bc828c9238081678ed31b26a21a318ac516580238a40ca35b,hank-place-field-audit-v1,Stage3 Firestore snapshot; live read blocked by RESOURCE_EXHAUSTED
612,kto-4026867,탑동보룡약국,JEJU_CITY,jeju_city,제주시,38,쇼핑,spot,UNKNOWN,7,0,7,7,24,29.17,,1,탑동보룡약국,1,38:쇼핑,1,제주특별자치도 제주시 탑동로 24 (삼도이동),1,형화빌딩,1,"33.517560202795,126.522460881414",0,,1,https://tong.visitkorea.or.kr/cms/resource/81/4045881_image2_1.png,0,,0,,0,,0,,0,,0,,0,,1,63165,0,,0,,0,,0,,0,,0,,0,,0,,0,,2b91c56fc7b5196bc828c9238081678ed31b26a21a318ac516580238a40ca35b,hank-place-field-audit-v1,Stage3 Firestore snapshot; live read blocked by RESOURCE_EXHAUSTED
613,kto-4026868,헬리녹스 크리에이티브 센터 제주,JEJU_CITY,jeju_city,제주시,38,쇼핑,spot,UNKNOWN,7,0,7,7,24,29.17,,1,헬리녹스 크리에이티브 센터 제주,1,38:쇼핑,1,제주특별자치도 제주시 탑동로 5 (삼도이동),1,B1층,1,"33.5167693484119,126.524176420811",0,,1,https://tong.visitkorea.or.kr/cms/resource/37/4045737_image2_1.jpg,0,,0,,0,,0,,0,,0,,0,,1,63166,0,,0,,0,,0,,0,,0,,0,,0,,0,,2b91c56fc7b5196bc828c9238081678ed31b26a21a318ac516580238a40ca35b,hank-place-field-audit-v1,Stage3 Firestore snapshot; live read blocked by RESOURCE_EXHAUSTED
614,kto-4033076,미스터밀크 송당점,JEJU_CITY,east,동부 (구좌),39,음식점,food,UNKNOWN,7,0,7,7,24,29.17,,1,미스터밀크 송당점,1,39:음식점,1,제주특별자치도 제주시 구좌읍 비자림로 1195,1,1층,1,"33.4354388577167,126.732793923897",0,,1,https://tong.visitkorea.or.kr/cms/resource/36/4033036_image2_1.jpg,0,,0,,0,,0,,0,,0,,0,,1,63355,0,,0,,0,,0,,0,,0,,0,,0,,0,,2b91c56fc7b5196bc828c9238081678ed31b26a21a318ac516580238a40ca35b,hank-place-field-audit-v1,Stage3 Firestore snapshot; live read blocked by RESOURCE_EXHAUSTED
615,kto-4057071,적점 제주,JEJU_CITY,jeju_city,제주시,39,음식점,food,UNKNOWN,7,0,7,7,24,29.17,,1,적점 제주,1,39:음식점,1,제주특별자치도 제주시 산지로 17 (건입동),1,나동 1층,1,"33.5153134737439,126.529633040597",0,,1,https://tong.visitkorea.or.kr/cms/resource/14/4057014_image2_1.jpg,0,,0,,0,,0,,0,,0,,0,,1,63278,0,,0,,0,,0,,0,,0,,0,,0,,0,,2b91c56fc7b5196bc828c9238081678ed31b26a21a318ac516580238a40ca35b,hank-place-field-audit-v1,Stage3 Firestore snapshot; live read blocked by RESOURCE_EXHAUSTED
616,kto-4057123,종이잡지클럽 제주,JEJU_CITY,jeju_city,제주시,38,쇼핑,spot,UNKNOWN,7,0,7,7,24,29.17,,1,종이잡지클럽 제주,1,38:쇼핑,1,제주특별자치도 제주시 산지로 17 (건입동),1,2층,1,"33.5153134737439,126.529633040597",0,,1,https://tong.visitkorea.or.kr/cms/resource/03/4057103_image2_1.jpg,0,,0,,0,,0,,0,,0,,0,,1,63278,0,,0,,0,,0,,0,,0,,0,,0,,0,,2b91c56fc7b5196bc828c9238081678ed31b26a21a318ac516580238a40ca35b,hank-place-field-audit-v1,Stage3 Firestore snapshot; live read blocked by RESOURCE_EXHAUSTED
617,kto-4058075,사슴책방,JEJU_CITY,east,동부 (조천),38,쇼핑,spot,UNKNOWN,7,0,7,7,24,29.17,,1,사슴책방,1,38:쇼핑,1,제주특별자치도 제주시 조천읍 중산간동로 698-73,1,1층,1,"33.4959833104175,126.657981835069",0,,1,https://tong.visitkorea.or.kr/cms/resource/18/4058018_image2_1.jpg,0,,0,,0,,0,,0,,0,,0,,1,63343,0,,0,,0,,0,,0,,0,,0,,0,,0,,2b91c56fc7b5196bc828c9238081678ed31b26a21a318ac516580238a40ca35b,hank-place-field-audit-v1,Stage3 Firestore snapshot; live read blocked by RESOURCE_EXHAUSTED
618,kto-4060475,엄마국수,SEOGWIPO_CITY,seogwipo,서귀포시,39,음식점,food,UNKNOWN,7,0,7,7,24,29.17,,1,엄마국수,1,39:음식점,1,제주특별자치도 서귀포시 천제연로 274 (중문동),1,A동,1,"33.2509774072758,126.433913510818",0,,1,https://tong.visitkorea.or.kr/cms/resource/60/4060460_image2_1.jpg,0,,0,,0,,0,,0,,0,,0,,1,63544,0,,0,,0,,0,,0,,0,,0,,0,,0,,2b91c56fc7b5196bc828c9238081678ed31b26a21a318ac516580238a40ca35b,hank-place-field-audit-v1,Stage3 Firestore snapshot; live read blocked by RESOURCE_EXHAUSTED
619,kto-4071129,코바라멘,SEOGWIPO_CITY,west,서부 (안덕),39,음식점,food,UNKNOWN,7,0,7,7,24,29.17,,1,코바라멘,1,39:음식점,1,제주특별자치도 서귀포시 안덕면 사계남로216번길 29,1,A동 107호,1,"33.2338148223,126.3103562507",0,,1,https://tong.visitkorea.or.kr/cms/resource/13/4070613_image2_1.jpg,0,,0,,0,,0,,0,,0,,0,,1,63528,0,,0,,0,,0,,0,,0,,0,,0,,0,,2b91c56fc7b5196bc828c9238081678ed31b26a21a318ac516580238a40ca35b,hank-place-field-audit-v1,Stage3 Firestore snapshot; live read blocked by RESOURCE_EXHAUSTED
620,kto-4083815,고국수,JEJU_CITY,jeju_city,제주시,39,음식점,food,UNKNOWN,7,0,7,7,24,29.17,,1,고국수,1,39:음식점,1,제주특별자치도 제주시 용문로14길 4 (용담이동),1,1층,1,"33.5063657934,126.5091061058",0,,1,https://tong.visitkorea.or.kr/cms/resource/20/4083820_image2_1.jpg,0,,0,,0,,0,,0,,0,,0,,1,63161,0,,0,,0,,0,,0,,0,,0,,0,,0,,2b91c56fc7b5196bc828c9238081678ed31b26a21a318ac516580238a40ca35b,hank-place-field-audit-v1,Stage3 Firestore snapshot; live read blocked by RESOURCE_EXHAUSTED
621,kto-4092010,남매네왕갈치,SEOGWIPO_CITY,seogwipo,서귀포시,39,음식점,food,UNKNOWN,7,0,7,7,24,29.17,,1,남매네왕갈치,1,39:음식점,1,제주특별자치도 서귀포시 중정로73번길 20 (서귀동),1,지하 1층,1,"33.2498913802,126.5639754324",0,,1,https://tong.visitkorea.or.kr/cms/resource/19/4092019_image2_1.jpg,0,,0,,0,,0,,0,,0,,0,,1,63591,0,,0,,0,,0,,0,,0,,0,,0,,0,,2b91c56fc7b5196bc828c9238081678ed31b26a21a318ac516580238a40ca35b,hank-place-field-audit-v1,Stage3 Firestore snapshot; live read blocked by RESOURCE_EXHAUSTED
622,kto-4092698,이상한선물가게앨리스,JEJU_CITY,jeju_city,제주시,38,쇼핑,spot,UNKNOWN,7,0,7,7,24,29.17,,1,이상한선물가게앨리스,1,38:쇼핑,1,제주특별자치도 제주시 1100로 3045 (노형동),1,블루동,1,"33.4578981799,126.4844723872",0,,1,https://tong.visitkorea.or.kr/cms/resource/04/4092704_image2_1.jpg,0,,0,,0,,0,,0,,0,,0,,1,63078,0,,0,,0,,0,,0,,0,,0,,0,,0,,2b91c56fc7b5196bc828c9238081678ed31b26a21a318ac516580238a40ca35b,hank-place-field-audit-v1,Stage3 Firestore snapshot; live read blocked by RESOURCE_EXHAUSTED
623,kto-4094553,용오름stay,JEJU_CITY,west,서부 (한림),32,숙박,stay,UNKNOWN,7,0,7,7,24,29.17,,1,용오름stay,1,32:숙박,1,제주특별자치도 제주시 한림읍 일주서로 5834,1,2층,1,"33.4418269217,126.2897663186",0,,1,https://tong.visitkorea.or.kr/cms/resource/58/4094558_image2_1.jpg,0,,0,,0,,0,,0,,0,,0,,1,63024,0,,0,,0,,0,,0,,0,,0,,0,,0,,2b91c56fc7b5196bc828c9238081678ed31b26a21a318ac516580238a40ca35b,hank-place-field-audit-v1,Stage3 Firestore snapshot; live read blocked by RESOURCE_EXHAUSTED
624,kto-4105765,에르미타주,SEOGWIPO_CITY,seogwipo,서귀포시,39,음식점,food,UNKNOWN,7,0,7,7,24,29.17,,1,에르미타주,1,39:음식점,1,제주특별자치도 서귀포시 신서로52번길 3-8 (강정동),1,1층,1,"33.2550685512,126.5058991542",0,,1,https://tong.visitkorea.or.kr/cms/resource/66/4105766_image2_1.jpg,0,,0,,0,,0,,0,,0,,0,,1,63566,0,,0,,0,,0,,0,,0,,0,,0,,0,,2b91c56fc7b5196bc828c9238081678ed31b26a21a318ac516580238a40ca35b,hank-place-field-audit-v1,Stage3 Firestore snapshot; live read blocked by RESOURCE_EXHAUSTED
625,kto-126434,수월봉,JEJU_CITY,west,서부 (한경),12,관광지,spot,UNKNOWN,6,0,6,6,24,25,,1,수월봉,1,12:관광지,1,제주특별자치도 제주시 한경면 고산리 3760,0,,1,"33.2947890147,126.1634201497",0,,1,https://tong.visitkorea.or.kr/cms/resource/12/3354312_image2_1.jpg,0,,0,,0,,0,,0,,0,,0,,1,63008,0,,0,,0,,0,,0,,0,,0,,0,,0,,2b91c56fc7b5196bc828c9238081678ed31b26a21a318ac516580238a40ca35b,hank-place-field-audit-v1,Stage3 Firestore snapshot; live read blocked by RESOURCE_EXHAUSTED
626,kto-126435,성산일출봉 [유네스코 세계자연유산],SEOGWIPO_CITY,east,동부 (성산),12,관광지,spot,UNKNOWN,6,0,6,6,24,25,,1,성산일출봉 [유네스코 세계자연유산],1,12:관광지,1,제주특별자치도 서귀포시 성산읍 일출로 284-12,0,,1,"33.4580801942,126.9415003865",0,,1,https://tong.visitkorea.or.kr/cms/resource_photo/26/3052926_image2_1.jpg,0,,0,,0,,0,,0,,0,,0,,1,63643,0,,0,,0,,0,,0,,0,,0,,0,,0,,2b91c56fc7b5196bc828c9238081678ed31b26a21a318ac516580238a40ca35b,hank-place-field-audit-v1,Stage3 Firestore snapshot; live read blocked by RESOURCE_EXHAUSTED
627,kto-126436,성판악,SEOGWIPO_CITY,east,동부 (조천),12,관광지,spot,UNKNOWN,6,0,6,6,24,25,,1,성판악,1,12:관광지,1,제주특별자치도 제주시 조천읍 516로 1865,0,,1,"33.3848945984,126.6203951135",0,,1,https://tong.visitkorea.or.kr/cms/resource/04/3077604_image2_1.jpg,0,,0,,0,,0,,0,,0,,0,,1,63345,0,,0,,0,,0,,0,,0,,0,,0,,0,,2b91c56fc7b5196bc828c9238081678ed31b26a21a318ac516580238a40ca35b,hank-place-field-audit-v1,Stage3 Firestore snapshot; live read blocked by RESOURCE_EXHAUSTED
628,kto-126437,정방폭포,SEOGWIPO_CITY,seogwipo,서귀포시,12,관광지,spot,UNKNOWN,6,0,6,6,24,25,,1,정방폭포,1,12:관광지,1,제주특별자치도 서귀포시 칠십리로214번길 37 (동홍동),0,,1,"33.2447479529,126.5730501303",0,,1,https://tong.visitkorea.or.kr/cms/resource_photo/32/3052932_image2_1.jpg,0,,0,,0,,0,,0,,0,,0,,1,63599,0,,0,,0,,0,,0,,0,,0,,0,,0,,2b91c56fc7b5196bc828c9238081678ed31b26a21a318ac516580238a40ca35b,hank-place-field-audit-v1,Stage3 Firestore snapshot; live read blocked by RESOURCE_EXHAUSTED
629,kto-126438,천지연폭포,SEOGWIPO_CITY,seogwipo,서귀포시,12,관광지,spot,UNKNOWN,6,0,6,6,24,25,,1,천지연폭포,1,12:관광지,1,제주특별자치도 서귀포시 서홍동 666-1,0,,1,"33.2447166744,126.559550845",0,,1,https://tong.visitkorea.or.kr/cms/resource/43/4094043_image2_1.jpg,0,,0,,0,,0,,0,,0,,0,,1,63594,0,,0,,0,,0,,0,,0,,0,,0,,0,,2b91c56fc7b5196bc828c9238081678ed31b26a21a318ac516580238a40ca35b,hank-place-field-audit-v1,Stage3 Firestore snapshot; live read blocked by RESOURCE_EXHAUSTED
630,kto-126444,차귀도,JEJU_CITY,west,서부 (한경),12,관광지,spot,UNKNOWN,6,0,6,6,24,25,,1,차귀도,1,12:관광지,1,제주특별자치도 제주시 한경면 고락로 200-52,0,,1,"33.3116,126.1485",0,,1,https://tong.visitkorea.or.kr/cms/resource/54/3555354_image2_1.jpg,0,,0,,0,,0,,0,,0,,0,,1,63008,0,,0,,0,,0,,0,,0,,0,,0,,0,,2b91c56fc7b5196bc828c9238081678ed31b26a21a318ac516580238a40ca35b,hank-place-field-audit-v1,Stage3 Firestore snapshot; live read blocked by RESOURCE_EXHAUSTED
631,kto-126446,가파도,SEOGWIPO_CITY,west,서부 (대정),12,관광지,spot,UNKNOWN,6,0,6,6,24,25,,1,가파도,1,12:관광지,1,제주특별자치도 서귀포시 대정읍 가파로,0,,1,"33.1664033797,126.2735773211",0,,1,https://tong.visitkorea.or.kr/cms/resource/68/3543168_image2_1.jpg,0,,0,,0,,0,,0,,0,,0,,1,63514,0,,0,,0,,0,,0,,0,,0,,0,,0,,2b91c56fc7b5196bc828c9238081678ed31b26a21a318ac516580238a40ca35b,hank-place-field-audit-v1,Stage3 Firestore snapshot; live read blocked by RESOURCE_EXHAUSTED
632,kto-126447,신양섭지해수욕장,SEOGWIPO_CITY,east,동부 (성산),12,관광지,spot,UNKNOWN,6,0,6,6,24,25,,1,신양섭지해수욕장,1,12:관광지,1,제주특별자치도 서귀포시 성산읍 섭지코지로 107,0,,1,"33.430250088,126.9280674087",0,,1,https://tong.visitkorea.or.kr/cms/resource/02/3024202_image2_1.jpg,0,,0,,0,,0,,0,,0,,0,,1,63642,0,,0,,0,,0,,0,,0,,0,,0,,0,,2b91c56fc7b5196bc828c9238081678ed31b26a21a318ac516580238a40ca35b,hank-place-field-audit-v1,Stage3 Firestore snapshot; live read blocked by RESOURCE_EXHAUSTED
633,kto-126449,중문색달해수욕장,SEOGWIPO_CITY,seogwipo,서귀포시,12,관광지,spot,UNKNOWN,6,0,6,6,24,25,,1,중문색달해수욕장,1,12:관광지,1,제주특별자치도 서귀포시 색달동,0,,1,"33.2454289066,126.4112108397",0,,1,https://tong.visitkorea.or.kr/cms/resource/13/3552513_image2_1.jpg,0,,0,,0,,0,,0,,0,,0,,1,63535,0,,0,,0,,0,,0,,0,,0,,0,,0,,2b91c56fc7b5196bc828c9238081678ed31b26a21a318ac516580238a40ca35b,hank-place-field-audit-v1,Stage3 Firestore snapshot; live read blocked by RESOURCE_EXHAUSTED
634,kto-126451,함덕해수욕장 (함덕 서우봉 해변),JEJU_CITY,east,동부 (조천),12,관광지,spot,UNKNOWN,6,0,6,6,24,25,,1,함덕해수욕장 (함덕 서우봉 해변),1,12:관광지,1,제주특별자치도 제주시 조천읍 조함해안로 519-10,0,,1,"33.5439000013,126.668356772",0,,1,https://tong.visitkorea.or.kr/cms/resource/00/3354600_image2_1.jpg,0,,0,,0,,0,,0,,0,,0,,1,63333,0,,0,,0,,0,,0,,0,,0,,0,,0,,2b91c56fc7b5196bc828c9238081678ed31b26a21a318ac516580238a40ca35b,hank-place-field-audit-v1,Stage3 Firestore snapshot; live read blocked by RESOURCE_EXHAUSTED
635,kto-126454,사라봉공원,JEJU_CITY,jeju_city,제주시,12,관광지,spot,UNKNOWN,6,0,6,6,24,25,,1,사라봉공원,1,12:관광지,1,제주특별자치도 제주시 사라봉길 75 (건입동),0,,1,"33.5160372422,126.5462013564",0,,1,https://tong.visitkorea.or.kr/cms/resource/84/3026884_image2_1.jpg,0,,0,,0,,0,,0,,0,,0,,1,63284,0,,0,,0,,0,,0,,0,,0,,0,,0,,2b91c56fc7b5196bc828c9238081678ed31b26a21a318ac516580238a40ca35b,hank-place-field-audit-v1,Stage3 Firestore snapshot; live read blocked by RESOURCE_EXHAUSTED
636,kto-126456,관음사(제주),JEJU_CITY,jeju_city,제주시,12,관광지,spot,UNKNOWN,6,0,6,6,24,25,,1,관음사(제주),1,12:관광지,1,제주특별자치도 제주시 산록북로 660,0,,1,"33.4237307637,126.558131212",0,,1,https://tong.visitkorea.or.kr/cms/resource/84/4094984_image2_1.jpg,0,,0,,0,,0,,0,,0,,0,,1,63244,0,,0,,0,,0,,0,,0,,0,,0,,0,,2b91c56fc7b5196bc828c9238081678ed31b26a21a318ac516580238a40ca35b,hank-place-field-audit-v1,Stage3 Firestore snapshot; live read blocked by RESOURCE_EXHAUSTED
637,kto-126457,산방굴사(제주),SEOGWIPO_CITY,west,서부 (안덕),12,관광지,spot,UNKNOWN,6,0,6,6,24,25,,1,산방굴사(제주),1,12:관광지,1,제주특별자치도 서귀포시 안덕면 산방로 218-12,0,,1,"33.2372560486,126.3133472902",0,,1,https://tong.visitkorea.or.kr/cms/resource/60/3384460_image2_1.jpg,0,,0,,0,,0,,0,,0,,0,,1,63528,0,,0,,0,,0,,0,,0,,0,,0,,0,,2b91c56fc7b5196bc828c9238081678ed31b26a21a318ac516580238a40ca35b,hank-place-field-audit-v1,Stage3 Firestore snapshot; live read blocked by RESOURCE_EXHAUSTED
638,kto-126460,관덕정(제주),JEJU_CITY,jeju_city,제주시,12,관광지,spot,UNKNOWN,6,0,6,6,24,25,,1,관덕정(제주),1,12:관광지,1,제주특별자치도 제주시 관덕로 19,0,,1,"33.5132642036,126.5219575322",0,,1,https://tong.visitkorea.or.kr/cms/resource/84/4074284_image2_1.jpg,0,,0,,0,,0,,0,,0,,0,,1,63166,0,,0,,0,,0,,0,,0,,0,,0,,0,,2b91c56fc7b5196bc828c9238081678ed31b26a21a318ac516580238a40ca35b,hank-place-field-audit-v1,Stage3 Firestore snapshot; live read blocked by RESOURCE_EXHAUSTED
639,kto-126465,혼인지,SEOGWIPO_CITY,east,동부 (성산),12,관광지,spot,UNKNOWN,6,0,6,6,24,25,,1,혼인지,1,12:관광지,1,제주특별자치도 서귀포시 성산읍 혼인지로 39-14,0,,1,"33.4147546599,126.8948368625",0,,1,https://tong.visitkorea.or.kr/cms/resource/52/3543052_image2_1.jpg,0,,0,,0,,0,,0,,0,,0,,1,63633,0,,0,,0,,0,,0,,0,,0,,0,,0,,2b91c56fc7b5196bc828c9238081678ed31b26a21a318ac516580238a40ca35b,hank-place-field-audit-v1,Stage3 Firestore snapshot; live read blocked by RESOURCE_EXHAUSTED
640,kto-126466,퍼시픽 리솜,SEOGWIPO_CITY,seogwipo,서귀포시,12,관광지,spot,UNKNOWN,6,0,6,6,24,25,,1,퍼시픽 리솜,1,12:관광지,1,제주특별자치도 서귀포시 중문관광로 154-17,0,,1,"33.244988161814,126.415640156538",0,,1,https://tong.visitkorea.or.kr/cms/resource/60/2587960_image2_1.bmp,0,,0,,0,,0,,0,,0,,0,,1,63535,0,,0,,0,,0,,0,,0,,0,,0,,0,,2b91c56fc7b5196bc828c9238081678ed31b26a21a318ac516580238a40ca35b,hank-place-field-audit-v1,Stage3 Firestore snapshot; live read blocked by RESOURCE_EXHAUSTED
641,kto-126469,한라산 영실,SEOGWIPO_CITY,seogwipo,서귀포시,12,관광지,spot,UNKNOWN,6,0,6,6,24,25,,1,한라산 영실,1,12:관광지,1,제주특별자치도 서귀포시 영실로 246,0,,1,"33.3402306397,126.4803110551",0,,1,https://tong.visitkorea.or.kr/cms/resource/15/3552115_image2_1.jpg,0,,0,,0,,0,,0,,0,,0,,1,63554,0,,0,,0,,0,,0,,0,,0,,0,,0,,2b91c56fc7b5196bc828c9238081678ed31b26a21a318ac516580238a40ca35b,hank-place-field-audit-v1,Stage3 Firestore snapshot; live read blocked by RESOURCE_EXHAUSTED
642,kto-126472,비자림,JEJU_CITY,east,동부 (구좌),12,관광지,spot,UNKNOWN,6,0,6,6,24,25,,1,비자림,1,12:관광지,1,제주특별자치도 제주시 구좌읍 비자숲길 55,0,,1,"33.4862219608,126.8074760594",0,,1,https://tong.visitkorea.or.kr/cms/resource/06/4075306_image2_1.jpg,0,,0,,0,,0,,0,,0,,0,,1,63351,0,,0,,0,,0,,0,,0,,0,,0,,0,,2b91c56fc7b5196bc828c9238081678ed31b26a21a318ac516580238a40ca35b,hank-place-field-audit-v1,Stage3 Firestore snapshot; live read blocked by RESOURCE_EXHAUSTED
643,kto-126473,연화못(하가못),JEJU_CITY,west,서부 (애월),12,관광지,spot,UNKNOWN,6,0,6,6,24,25,,1,연화못(하가못),1,12:관광지,1,제주특별자치도 제주시 애월읍 하가로,0,,1,"33.4547464297,126.3475200185",0,,1,https://tong.visitkorea.or.kr/cms/resource/92/3396892_image2_1.jpg,0,,0,,0,,0,,0,,0,,0,,1,63036,0,,0,,0,,0,,0,,0,,0,,0,,0,,2b91c56fc7b5196bc828c9238081678ed31b26a21a318ac516580238a40ca35b,hank-place-field-audit-v1,Stage3 Firestore snapshot; live read blocked by RESOURCE_EXHAUSTED
644,kto-126474,산굼부리,JEJU_CITY,east,동부 (조천),12,관광지,spot,UNKNOWN,6,0,6,6,24,25,,1,산굼부리,1,12:관광지,1,제주특별자치도 제주시 조천읍 비자림로 768,0,,1,"33.4323127375,126.6928183084",0,,1,https://tong.visitkorea.or.kr/cms/resource/55/3354255_image2_1.jpg,0,,0,,0,,0,,0,,0,,0,,1,63346,0,,0,,0,,0,,0,,0,,0,,0,,0,,2b91c56fc7b5196bc828c9238081678ed31b26a21a318ac516580238a40ca35b,hank-place-field-audit-v1,Stage3 Firestore snapshot; live read blocked by RESOURCE_EXHAUSTED
645,kto-126672,송악산,SEOGWIPO_CITY,west,서부 (대정),12,관광지,spot,UNKNOWN,6,0,6,6,24,25,,1,송악산,1,12:관광지,1,제주특별자치도 서귀포시 대정읍 송악관광로 421-1,0,,1,"33.1989,126.2903",0,,1,https://tong.visitkorea.or.kr/cms/resource/55/3400255_image2_1.jpg,0,,0,,0,,0,,0,,0,,0,,1,63512,0,,0,,0,,0,,0,,0,,0,,0,,0,,2b91c56fc7b5196bc828c9238081678ed31b26a21a318ac516580238a40ca35b,hank-place-field-audit-v1,Stage3 Firestore snapshot; live read blocked by RESOURCE_EXHAUSTED
646,kto-127046,김녕미로공원,JEJU_CITY,east,동부 (구좌),12,관광지,spot,UNKNOWN,6,0,6,6,24,25,,1,김녕미로공원,1,12:관광지,1,제주특별자치도 제주시 구좌읍 만장굴길 122,0,,1,"33.5363247299,126.7720396084",0,,1,https://tong.visitkorea.or.kr/cms/resource/69/3556269_image2_1.jpg,0,,0,,0,,0,,0,,0,,0,,1,63348,0,,0,,0,,0,,0,,0,,0,,0,,0,,2b91c56fc7b5196bc828c9238081678ed31b26a21a318ac516580238a40ca35b,hank-place-field-audit-v1,Stage3 Firestore snapshot; live read blocked by RESOURCE_EXHAUSTED
647,kto-127048,문섬·섶섬·범섬·새섬,SEOGWIPO_CITY,seogwipo,서귀포시,12,관광지,spot,UNKNOWN,6,0,6,6,24,25,,1,문섬·섶섬·범섬·새섬,1,12:관광지,1,제주특별자치도 서귀포시 남성중로 43 (서홍동),0,,1,"33.23979255217772,126.55826631161925",0,,1,https://tong.visitkorea.or.kr/cms/resource/33/4065833_image2_1.jpg,0,,0,,0,,0,,0,,0,,0,,1,63594,0,,0,,0,,0,,0,,0,,0,,0,,0,,2b91c56fc7b5196bc828c9238081678ed31b26a21a318ac516580238a40ca35b,hank-place-field-audit-v1,Stage3 Firestore snapshot; live read blocked by RESOURCE_EXHAUSTED
648,kto-127050,강정천,SEOGWIPO_CITY,seogwipo,서귀포시,12,관광지,spot,UNKNOWN,6,0,6,6,24,25,,1,강정천,1,12:관광지,1,제주특별자치도 서귀포시 강정동,0,,1,"33.2325,126.489",0,,1,https://tong.visitkorea.or.kr/cms/resource_photo/33/3392633_image2_1.jpg,0,,0,,0,,0,,0,,0,,0,,1,63564,0,,0,,0,,0,,0,,0,,0,,0,,0,,2b91c56fc7b5196bc828c9238081678ed31b26a21a318ac516580238a40ca35b,hank-place-field-audit-v1,Stage3 Firestore snapshot; live read blocked by RESOURCE_EXHAUSTED
649,kto-127052,엉또폭포,SEOGWIPO_CITY,seogwipo,서귀포시,12,관광지,spot,UNKNOWN,6,0,6,6,24,25,,1,엉또폭포,1,12:관광지,1,제주특별자치도 서귀포시 엉또로 104 (강정동),0,,1,"33.2672723157,126.4984055673",0,,1,https://tong.visitkorea.or.kr/cms/resource/58/3536058_image2_1.jpg,0,,0,,0,,0,,0,,0,,0,,1,63556,0,,0,,0,,0,,0,,0,,0,,0,,0,,2b91c56fc7b5196bc828c9238081678ed31b26a21a318ac516580238a40ca35b,hank-place-field-audit-v1,Stage3 Firestore snapshot; live read blocked by RESOURCE_EXHAUSTED
650,kto-127053,대포주상절리,SEOGWIPO_CITY,seogwipo,서귀포시,12,관광지,spot,UNKNOWN,6,0,6,6,24,25,,1,대포주상절리,1,12:관광지,1,제주특별자치도 서귀포시 이어도로 36-24 (중문동),0,,1,"33.2389326421,126.4264985478",0,,1,https://tong.visitkorea.or.kr/cms/resource/61/3535261_image2_1.jpg,0,,0,,0,,0,,0,,0,,0,,1,63547,0,,0,,0,,0,,0,,0,,0,,0,,0,,2b91c56fc7b5196bc828c9238081678ed31b26a21a318ac516580238a40ca35b,hank-place-field-audit-v1,Stage3 Firestore snapshot; live read blocked by RESOURCE_EXHAUSTED
651,kto-127055,사라봉(모충사) 의병항쟁기념탑,JEJU_CITY,jeju_city,제주시,12,관광지,spot,UNKNOWN,6,0,6,6,24,25,,1,사라봉(모충사) 의병항쟁기념탑,1,12:관광지,1,제주특별자치도 제주시 사라봉길 75,0,,1,"33.5161733522,126.5470457247",0,,1,https://tong.visitkorea.or.kr/cms/resource/89/3400689_image2_1.jpg,0,,0,,0,,0,,0,,0,,0,,1,63284,0,,0,,0,,0,,0,,0,,0,,0,,0,,2b91c56fc7b5196bc828c9238081678ed31b26a21a318ac516580238a40ca35b,hank-place-field-audit-v1,Stage3 Firestore snapshot; live read blocked by RESOURCE_EXHAUSTED
652,kto-127310,금산공원(납읍난대림지대),JEJU_CITY,west,서부 (애월),12,관광지,spot,UNKNOWN,6,0,6,6,24,25,,1,금산공원(납읍난대림지대),1,12:관광지,1,제주특별자치도 제주시 애월읍 납읍리,0,,1,"33.4338648460439,126.330699357454",0,,1,https://tong.visitkorea.or.kr/cms/resource/69/3396869_image2_1.jpg,0,,0,,0,,0,,0,,0,,0,,1,63035,0,,0,,0,,0,,0,,0,,0,,0,,0,,2b91c56fc7b5196bc828c9238081678ed31b26a21a318ac516580238a40ca35b,hank-place-field-audit-v1,Stage3 Firestore snapshot; live read blocked by RESOURCE_EXHAUSTED
653,kto-127336,우도,JEJU_CITY,jeju_city,제주시,12,관광지,spot,UNKNOWN,6,0,6,6,24,25,,1,우도,1,12:관광지,1,제주특별자치도 제주시 삼양고수물길 1,0,,1,"33.5194704331,126.9510147412",0,,1,https://tong.visitkorea.or.kr/cms/resource/71/3554771_image2_1.jpg,0,,0,,0,,0,,0,,0,,0,,1,63365,0,,0,,0,,0,,0,,0,,0,,0,,0,,2b91c56fc7b5196bc828c9238081678ed31b26a21a318ac516580238a40ca35b,hank-place-field-audit-v1,Stage3 Firestore snapshot; live read blocked by RESOURCE_EXHAUSTED
654,kto-127363,우도잠수함,SEOGWIPO_CITY,east,동부 (성산),12,관광지,spot,UNKNOWN,6,0,6,6,24,25,,1,우도잠수함,1,12:관광지,1,제주특별자치도 서귀포시 성산읍 성산등용로 130-21,0,,1,"33.4729279934,126.9345061434",0,,1,https://tong.visitkorea.or.kr/cms/resource/07/4104107_image2_1.jpg,0,,0,,0,,0,,0,,0,,0,,1,63643,0,,0,,0,,0,,0,,0,,0,,0,,0,,2b91c56fc7b5196bc828c9238081678ed31b26a21a318ac516580238a40ca35b,hank-place-field-audit-v1,Stage3 Firestore snapshot; live read blocked by RESOURCE_EXHAUSTED
655,kto-127490,협재해수욕장,JEJU_CITY,west,서부 (한림),12,관광지,spot,UNKNOWN,6,0,6,6,24,25,,1,협재해수욕장,1,12:관광지,1,제주특별자치도 제주시 한림읍 한림로 329-10,0,,1,"33.393776477,126.239441896",0,,1,https://tong.visitkorea.or.kr/cms/resource/66/3096066_image2_1.jpg,0,,0,,0,,0,,0,,0,,0,,1,63011,0,,0,,0,,0,,0,,0,,0,,0,,0,,2b91c56fc7b5196bc828c9238081678ed31b26a21a318ac516580238a40ca35b,hank-place-field-audit-v1,Stage3 Firestore snapshot; live read blocked by RESOURCE_EXHAUSTED
656,kto-127514,한라수목원,JEJU_CITY,jeju_city,제주시,12,관광지,spot,UNKNOWN,6,0,6,6,24,25,,1,한라수목원,1,12:관광지,1,제주특별자치도 제주시 수목원길 72 (연동),0,,1,"33.469586747,126.4932439937",0,,1,https://tong.visitkorea.or.kr/cms/resource/97/3541997_image2_1.jpg,0,,0,,0,,0,,0,,0,,0,,1,63143,0,,0,,0,,0,,0,,0,,0,,0,,0,,2b91c56fc7b5196bc828c9238081678ed31b26a21a318ac516580238a40ca35b,hank-place-field-audit-v1,Stage3 Firestore snapshot; live read blocked by RESOURCE_EXHAUSTED
657,kto-127520,서귀포 김정희 유배지,SEOGWIPO_CITY,west,서부 (대정),12,관광지,spot,UNKNOWN,6,0,6,6,24,25,,1,서귀포 김정희 유배지,1,12:관광지,1,제주특별자치도 서귀포시 대정읍 추사로 44,0,,1,"33.2499354176354,126.278322243599",0,,1,https://tong.visitkorea.or.kr/cms/resource/00/3552000_image2_1.jpg,0,,0,,0,,0,,0,,0,,0,,1,63517,0,,0,,0,,0,,0,,0,,0,,0,,0,,2b91c56fc7b5196bc828c9238081678ed31b26a21a318ac516580238a40ca35b,hank-place-field-audit-v1,Stage3 Firestore snapshot; live read blocked by RESOURCE_EXHAUSTED
658,kto-127529,비양도,JEJU_CITY,west,서부 (한림),12,관광지,spot,UNKNOWN,6,0,6,6,24,25,,1,비양도,1,12:관광지,1,제주특별자치도 제주시 한림읍 한림해안로 146,0,,1,"33.4154196613,126.2621096355",0,,1,https://tong.visitkorea.or.kr/cms/resource/98/3556298_image2_1.jpg,0,,0,,0,,0,,0,,0,,0,,1,63032,0,,0,,0,,0,,0,,0,,0,,0,,0,,2b91c56fc7b5196bc828c9238081678ed31b26a21a318ac516580238a40ca35b,hank-place-field-audit-v1,Stage3 Firestore snapshot; live read blocked by RESOURCE_EXHAUSTED
659,kto-127743,제주향교,JEJU_CITY,jeju_city,제주시,12,관광지,spot,UNKNOWN,6,0,6,6,24,25,,1,제주향교,1,12:관광지,1,제주특별자치도 제주시 서문로 43,0,,1,"33.511128243,126.5158220408",0,,1,https://tong.visitkorea.or.kr/cms/resource/43/4072143_image2_1.jpeg,0,,0,,0,,0,,0,,0,,0,,1,63153,0,,0,,0,,0,,0,,0,,0,,0,,0,,2b91c56fc7b5196bc828c9238081678ed31b26a21a318ac516580238a40ca35b,hank-place-field-audit-v1,Stage3 Firestore snapshot; live read blocked by RESOURCE_EXHAUSTED
660,kto-127745,용연,JEJU_CITY,jeju_city,제주시,12,관광지,spot,UNKNOWN,6,0,6,6,24,25,,1,용연,1,12:관광지,1,제주특별자치도 제주시 흥운길 73 (용담이동),0,,1,"33.5152118184,126.5139125156",0,,1,https://tong.visitkorea.or.kr/cms/resource/11/3555211_image2_1.jpg,0,,0,,0,,0,,0,,0,,0,,1,63152,0,,0,,0,,0,,0,,0,,0,,0,,0,,2b91c56fc7b5196bc828c9238081678ed31b26a21a318ac516580238a40ca35b,hank-place-field-audit-v1,Stage3 Firestore snapshot; live read blocked by RESOURCE_EXHAUSTED
661,kto-127860,금능석물원,JEJU_CITY,west,서부 (한림),12,관광지,spot,UNKNOWN,6,0,6,6,24,25,,1,금능석물원,1,12:관광지,1,제주특별자치도 제주시 한림읍 한림로 176,0,,1,"33.3854910837,126.2267487402",0,,1,https://tong.visitkorea.or.kr/cms/resource/73/3053373_image2_1.jpg,0,,0,,0,,0,,0,,0,,0,,1,63010,0,,0,,0,,0,,0,,0,,0,,0,,0,,2b91c56fc7b5196bc828c9238081678ed31b26a21a318ac516580238a40ca35b,hank-place-field-audit-v1,Stage3 Firestore snapshot; live read blocked by RESOURCE_EXHAUSTED
662,kto-127862,약천사(제주),SEOGWIPO_CITY,seogwipo,서귀포시,12,관광지,spot,UNKNOWN,6,0,6,6,24,25,,1,약천사(제주),1,12:관광지,1,제주특별자치도 서귀포시 이어도로 293-28 (대포동),0,,1,"33.246208,126.449555",0,,1,https://tong.visitkorea.or.kr/cms/resource/17/3034717_image2_1.jpg,0,,0,,0,,0,,0,,0,,0,,1,63543,0,,0,,0,,0,,0,,0,,0,,0,,0,,2b91c56fc7b5196bc828c9238081678ed31b26a21a318ac516580238a40ca35b,hank-place-field-audit-v1,Stage3 Firestore snapshot; live read blocked by RESOURCE_EXHAUSTED
663,kto-127863,추자도,JEJU_CITY,jeju_city,제주시,12,관광지,spot,UNKNOWN,6,0,6,6,24,25,,1,추자도,1,12:관광지,1,제주특별자치도 제주시 추자면,0,,1,"33.9518128033,126.3076233112",0,,1,https://tong.visitkorea.or.kr/cms/resource/00/3539200_image2_1.jpg,0,,0,,0,,0,,0,,0,,0,,1,63001,0,,0,,0,,0,,0,,0,,0,,0,,0,,2b91c56fc7b5196bc828c9238081678ed31b26a21a318ac516580238a40ca35b,hank-place-field-audit-v1,Stage3 Firestore snapshot; live read blocked by RESOURCE_EXHAUSTED
664,kto-127870,곽지해수욕장,JEJU_CITY,west,서부 (애월),12,관광지,spot,UNKNOWN,6,0,6,6,24,25,,1,곽지해수욕장,1,12:관광지,1,제주특별자치도 제주시 애월읍 곽지리 1565,0,,1,"33.4485353054,126.3031045774",0,,1,https://tong.visitkorea.or.kr/cms/resource/30/3053130_image2_1.jpg,0,,0,,0,,0,,0,,0,,0,,1,63034,0,,0,,0,,0,,0,,0,,0,,0,,0,,2b91c56fc7b5196bc828c9238081678ed31b26a21a318ac516580238a40ca35b,hank-place-field-audit-v1,Stage3 Firestore snapshot; live read blocked by RESOURCE_EXHAUSTED
665,kto-127909,명월대,JEJU_CITY,west,서부 (한림),12,관광지,spot,UNKNOWN,6,0,6,6,24,25,,1,명월대,1,12:관광지,1,제주특별자치도 제주시 한림읍 명월리,0,,1,"33.3890302004,126.2662091182",0,,1,https://tong.visitkorea.or.kr/cms/resource/63/3477863_image2_1.jpg,0,,0,,0,,0,,0,,0,,0,,1,63014,0,,0,,0,,0,,0,,0,,0,,0,,0,,2b91c56fc7b5196bc828c9238081678ed31b26a21a318ac516580238a40ca35b,hank-place-field-audit-v1,Stage3 Firestore snapshot; live read blocked by RESOURCE_EXHAUSTED
666,kto-128049,제주 센트럴파크,JEJU_CITY,east,동부 (조천),12,관광지,spot,UNKNOWN,6,0,6,6,24,25,,1,제주 센트럴파크,1,12:관광지,1,제주특별자치도 제주시 조천읍 비자림로 606,0,,1,"33.4332262333,126.6745670935",0,,1,https://tong.visitkorea.or.kr/cms/resource/45/3034545_image2_1.jpg,0,,0,,0,,0,,0,,0,,0,,1,63346,0,,0,,0,,0,,0,,0,,0,,0,,0,,2b91c56fc7b5196bc828c9238081678ed31b26a21a318ac516580238a40ca35b,hank-place-field-audit-v1,Stage3 Firestore snapshot; live read blocked by RESOURCE_EXHAUSTED
667,kto-128050,제주 항파두리 항몽 유적,JEJU_CITY,west,서부 (애월),12,관광지,spot,UNKNOWN,6,0,6,6,24,25,,1,제주 항파두리 항몽 유적,1,12:관광지,1,제주특별자치도 제주시 애월읍 항파두리로 50,0,,1,"33.4523056089,126.4089499911",0,,1,https://tong.visitkorea.or.kr/cms/resource/80/4096680_image2_1.jpg,0,,0,,0,,0,,0,,0,,0,,1,63057,0,,0,,0,,0,,0,,0,,0,,0,,0,,2b91c56fc7b5196bc828c9238081678ed31b26a21a318ac516580238a40ca35b,hank-place-field-audit-v1,Stage3 Firestore snapshot; live read blocked by RESOURCE_EXHAUSTED
668,kto-128154,성산포유람선,SEOGWIPO_CITY,east,동부 (성산),12,관광지,spot,UNKNOWN,6,0,6,6,24,25,,1,성산포유람선,1,12:관광지,1,제주특별자치도 서귀포시 성산읍 성산등용로 130-21,0,,1,"33.4729843609,126.9345186424",0,,1,https://tong.visitkorea.or.kr/cms/resource/16/3396216_image2_1.jpg,0,,0,,0,,0,,0,,0,,0,,1,63643,0,,0,,0,,0,,0,,0,,0,,0,,0,,2b91c56fc7b5196bc828c9238081678ed31b26a21a318ac516580238a40ca35b,hank-place-field-audit-v1,Stage3 Firestore snapshot; live read blocked by RESOURCE_EXHAUSTED
669,kto-128175,서귀포자연휴양림,SEOGWIPO_CITY,seogwipo,서귀포시,12,관광지,spot,UNKNOWN,6,0,6,6,24,25,,1,서귀포자연휴양림,1,12:관광지,1,제주특별자치도 서귀포시 1100로 882,0,,1,"33.3108197268,126.4630826543",0,,1,https://tong.visitkorea.or.kr/cms/resource/27/3023727_image2_1.jpg,0,,0,,0,,0,,0,,0,,0,,1,63554,0,,0,,0,,0,,0,,0,,0,,0,,0,,2b91c56fc7b5196bc828c9238081678ed31b26a21a318ac516580238a40ca35b,hank-place-field-audit-v1,Stage3 Firestore snapshot; live read blocked by RESOURCE_EXHAUSTED
670,kto-128326,신풍리체험휴양마을,SEOGWIPO_CITY,east,동부 (성산),12,관광지,spot,UNKNOWN,6,0,6,6,24,25,,1,신풍리체험휴양마을,1,12:관광지,1,제주특별자치도 서귀포시 성산읍 신풍하동로 39,0,,1,"33.3619201078,126.8405571105",0,,1,https://tong.visitkorea.or.kr/cms/resource/30/3401530_image2_1.jpg,0,,0,,0,,0,,0,,0,,0,,1,63636,0,,0,,0,,0,,0,,0,,0,,0,,0,,2b91c56fc7b5196bc828c9238081678ed31b26a21a318ac516580238a40ca35b,hank-place-field-audit-v1,Stage3 Firestore snapshot; live read blocked by RESOURCE_EXHAUSTED
671,kto-128330,위미1리어촌체험마을,SEOGWIPO_CITY,seogwipo,서귀포시,12,관광지,spot,UNKNOWN,6,0,6,6,24,25,,1,위미1리어촌체험마을,1,12:관광지,1,제주특별자치도 서귀포시 남원읍 위미해안로 43,0,,1,"33.2710355577,126.6587526977",0,,1,https://tong.visitkorea.or.kr/cms/resource/18/3400618_image2_1.jpg,0,,0,,0,,0,,0,,0,,0,,1,63611,0,,0,,0,,0,,0,,0,,0,,0,,0,,2b91c56fc7b5196bc828c9238081678ed31b26a21a318ac516580238a40ca35b,hank-place-field-audit-v1,Stage3 Firestore snapshot; live read blocked by RESOURCE_EXHAUSTED
672,kto-128443,교래 삼다수마을,JEJU_CITY,east,동부 (조천),12,관광지,spot,UNKNOWN,6,0,6,6,24,25,,1,교래 삼다수마을,1,12:관광지,1,제주특별자치도 제주시 조천읍 교래3길 98,0,,1,"33.4315819724,126.6746449016",0,,1,https://tong.visitkorea.or.kr/cms/resource/18/3586318_image2_1.jpg,0,,0,,0,,0,,0,,0,,0,,1,63346,0,,0,,0,,0,,0,,0,,0,,0,,0,,2b91c56fc7b5196bc828c9238081678ed31b26a21a318ac516580238a40ca35b,hank-place-field-audit-v1,Stage3 Firestore snapshot; live read blocked by RESOURCE_EXHAUSTED
673,kto-128444,낙천아홉굿마을,JEJU_CITY,west,서부 (한경),12,관광지,spot,UNKNOWN,6,0,6,6,24,25,,1,낙천아홉굿마을,1,12:관광지,1,제주특별자치도 제주시 한경면 낙수로 97,0,,1,"33.3278474553,126.226422273",0,,1,https://tong.visitkorea.or.kr/cms/resource/76/3553876_image2_1.jpg,0,,0,,0,,0,,0,,0,,0,,1,63004,0,,0,,0,,0,,0,,0,,0,,0,,0,,2b91c56fc7b5196bc828c9238081678ed31b26a21a318ac516580238a40ca35b,hank-place-field-audit-v1,Stage3 Firestore snapshot; live read blocked by RESOURCE_EXHAUSTED
674,kto-128555,제주 산방산탄산온천,SEOGWIPO_CITY,west,서부 (안덕),12,관광지,spot,UNKNOWN,6,0,6,6,24,25,,1,제주 산방산탄산온천,1,12:관광지,1,제주특별자치도 서귀포시 안덕면 사계북로41번길 192,0,,1,"33.2489330795627,126.298837026576",0,,1,https://tong.visitkorea.or.kr/cms/resource/24/3569424_image2_1.jpg,0,,0,,0,,0,,0,,0,,0,,1,63528,0,,0,,0,,0,,0,,0,,0,,0,,0,,2b91c56fc7b5196bc828c9238081678ed31b26a21a318ac516580238a40ca35b,hank-place-field-audit-v1,Stage3 Firestore snapshot; live read blocked by RESOURCE_EXHAUSTED
675,kto-128640,알뜨르비행장 및 일본군 비행기 격납고,SEOGWIPO_CITY,west,서부 (대정),12,관광지,spot,UNKNOWN,6,0,6,6,24,25,,1,알뜨르비행장 및 일본군 비행기 격납고,1,12:관광지,1,제주특별자치도 서귀포시 대정읍 상모리,0,,1,"33.2091,126.2785",0,,1,https://tong.visitkorea.or.kr/cms/resource/62/3024362_image2_1.jpg,0,,0,,0,,0,,0,,0,,0,,1,63513,0,,0,,0,,0,,0,,0,,0,,0,,0,,2b91c56fc7b5196bc828c9238081678ed31b26a21a318ac516580238a40ca35b,hank-place-field-audit-v1,Stage3 Firestore snapshot; live read blocked by RESOURCE_EXHAUSTED
676,kto-128641,제주목 관아,JEJU_CITY,jeju_city,제주시,12,관광지,spot,UNKNOWN,6,0,6,6,24,25,,1,제주목 관아,1,12:관광지,1,제주특별자치도 제주시 관덕로 25,0,,1,"33.5136724909,126.5220519585",0,,1,https://tong.visitkorea.or.kr/cms/resource/65/4074265_image2_1.jpg,0,,0,,0,,0,,0,,0,,0,,1,63166,0,,0,,0,,0,,0,,0,,0,,0,,0,,2b91c56fc7b5196bc828c9238081678ed31b26a21a318ac516580238a40ca35b,hank-place-field-audit-v1,Stage3 Firestore snapshot; live read blocked by RESOURCE_EXHAUSTED
677,kto-128665,워터월드 제주,SEOGWIPO_CITY,seogwipo,서귀포시,12,관광지,spot,UNKNOWN,6,0,6,6,24,25,,1,워터월드 제주,1,12:관광지,1,제주특별자치도 서귀포시 월드컵로 33 (법환동),0,,1,"33.24648032376472,126.50681699336153",0,,1,https://tong.visitkorea.or.kr/cms/resource/50/3480450_image2_1.jpg,0,,0,,0,,0,,0,,0,,0,,1,63572,0,,0,,0,,0,,0,,0,,0,,0,,0,,2b91c56fc7b5196bc828c9238081678ed31b26a21a318ac516580238a40ca35b,hank-place-field-audit-v1,Stage3 Firestore snapshot; live read blocked by RESOURCE_EXHAUSTED
678,kto-128794,표선해수욕장,SEOGWIPO_CITY,east,동부 (표선),12,관광지,spot,UNKNOWN,6,0,6,6,24,25,,1,표선해수욕장,1,12:관광지,1,제주특별자치도 서귀포시 표선면 민속해안로 592,0,,1,"33.3256630271,126.8424244429",0,,1,https://tong.visitkorea.or.kr/cms/resource/01/3034601_image2_1.jpg,0,,0,,0,,0,,0,,0,,0,,1,63629,0,,0,,0,,0,,0,,0,,0,,0,,0,,2b91c56fc7b5196bc828c9238081678ed31b26a21a318ac516580238a40ca35b,hank-place-field-audit-v1,Stage3 Firestore snapshot; live read blocked by RESOURCE_EXHAUSTED
679,kto-128795,남원 큰엉해안,SEOGWIPO_CITY,seogwipo,서귀포시,12,관광지,spot,UNKNOWN,6,0,6,6,24,25,,1,남원 큰엉해안,1,12:관광지,1,제주특별자치도 서귀포시 남원읍 태위로 522-17,0,,1,"33.2733776834,126.7037237502",0,,1,https://tong.visitkorea.or.kr/cms/resource/25/3550525_image2_1.jpg,0,,0,,0,,0,,0,,0,,0,,1,63620,0,,0,,0,,0,,0,,0,,0,,0,,0,,2b91c56fc7b5196bc828c9238081678ed31b26a21a318ac516580238a40ca35b,hank-place-field-audit-v1,Stage3 Firestore snapshot; live read blocked by RESOURCE_EXHAUSTED
680,kto-128802,마라도가는여객선,SEOGWIPO_CITY,west,서부 (대정),12,관광지,spot,UNKNOWN,6,0,6,6,24,25,,1,마라도가는여객선,1,12:관광지,1,제주특별자치도 서귀포시 대정읍 송악관광로 424,0,,1,"33.2073983777,126.290519826",0,,1,https://tong.visitkorea.or.kr/cms/resource/82/3405582_image2_1.jpg,0,,0,,0,,0,,0,,0,,0,,1,63513,0,,0,,0,,0,,0,,0,,0,,0,,0,,2b91c56fc7b5196bc828c9238081678ed31b26a21a318ac516580238a40ca35b,hank-place-field-audit-v1,Stage3 Firestore snapshot; live read blocked by RESOURCE_EXHAUSTED
681,kto-129072,신양마을,SEOGWIPO_CITY,east,동부 (성산),12,관광지,spot,UNKNOWN,6,0,6,6,24,25,,1,신양마을,1,12:관광지,1,제주특별자치도 서귀포시 성산읍 신양로 13,0,,1,"33.438517,126.917515",0,,1,https://tong.visitkorea.or.kr/cms/resource/49/4068849_image2_1.jpg,0,,0,,0,,0,,0,,0,,0,,1,63641,0,,0,,0,,0,,0,,0,,0,,0,,0,,2b91c56fc7b5196bc828c9238081678ed31b26a21a318ac516580238a40ca35b,hank-place-field-audit-v1,Stage3 Firestore snapshot; live read blocked by RESOURCE_EXHAUSTED
682,kto-129073,구엄어촌체험마을,JEJU_CITY,west,서부 (애월),12,관광지,spot,UNKNOWN,6,0,6,6,24,25,,1,구엄어촌체험마을,1,12:관광지,1,제주특별자치도 제주시 애월읍 애월해안로 713,0,,1,"33.4839964391,126.3772556628",0,,1,https://tong.visitkorea.or.kr/cms/resource/79/3384779_image2_1.jpg,0,,0,,0,,0,,0,,0,,0,,1,63049,0,,0,,0,,0,,0,,0,,0,,0,,0,,2b91c56fc7b5196bc828c9238081678ed31b26a21a318ac516580238a40ca35b,hank-place-field-audit-v1,Stage3 Firestore snapshot; live read blocked by RESOURCE_EXHAUSTED
683,kto-129074,우도마을,JEJU_CITY,jeju_city,제주시,12,관광지,spot,UNKNOWN,6,0,6,6,24,25,,1,우도마을,1,12:관광지,1,제주특별자치도 제주시 우도면 우도비양길 119,0,,1,"33.51192218763324,126.96480936059389",0,,1,https://tong.visitkorea.or.kr/cms/resource/50/3411150_image2_1.jpg,0,,0,,0,,0,,0,,0,,0,,1,63365,0,,0,,0,,0,,0,,0,,0,,0,,0,,2b91c56fc7b5196bc828c9238081678ed31b26a21a318ac516580238a40ca35b,hank-place-field-audit-v1,Stage3 Firestore snapshot; live read blocked by RESOURCE_EXHAUSTED
684,kto-129076,보목마을,SEOGWIPO_CITY,seogwipo,서귀포시,12,관광지,spot,UNKNOWN,6,0,6,6,24,25,,1,보목마을,1,12:관광지,1,제주특별자치도 서귀포시 보목포로 46 (보목동),0,,1,"33.2392180254,126.6067615686",0,,1,https://tong.visitkorea.or.kr/cms/resource/82/4073982_image2_1.jpg,0,,0,,0,,0,,0,,0,,0,,1,63599,0,,0,,0,,0,,0,,0,,0,,0,,0,,2b91c56fc7b5196bc828c9238081678ed31b26a21a318ac516580238a40ca35b,hank-place-field-audit-v1,Stage3 Firestore snapshot; live read blocked by RESOURCE_EXHAUSTED
685,kto-129145,마라도 등대,SEOGWIPO_CITY,west,서부 (대정),12,관광지,spot,UNKNOWN,6,0,6,6,24,25,,1,마라도 등대,1,12:관광지,1,"제주특별자치도 서귀포시 대정읍 마라로 (165, 마라도항로표지관리소)",0,,1,"33.1170102919,126.2692287758",0,,1,https://tong.visitkorea.or.kr/cms/resource/90/3400790_image2_1.jpg,0,,0,,0,,0,,0,,0,,0,,1,63515,0,,0,,0,,0,,0,,0,,0,,0,,0,,2b91c56fc7b5196bc828c9238081678ed31b26a21a318ac516580238a40ca35b,hank-place-field-audit-v1,Stage3 Firestore snapshot; live read blocked by RESOURCE_EXHAUSTED
686,kto-129146,추자도 등대,JEJU_CITY,jeju_city,제주시,12,관광지,spot,UNKNOWN,6,0,6,6,24,25,,1,추자도 등대,1,12:관광지,1,제주특별자치도 제주시 추자면 영흥리,0,,1,"33.9554316656,126.2964103208",0,,1,https://tong.visitkorea.or.kr/cms/resource/97/3528997_image2_1.jpg,0,,0,,0,,0,,0,,0,,0,,1,63000,0,,0,,0,,0,,0,,0,,0,,0,,0,,2b91c56fc7b5196bc828c9238081678ed31b26a21a318ac516580238a40ca35b,hank-place-field-audit-v1,Stage3 Firestore snapshot; live read blocked by RESOURCE_EXHAUSTED
687,kto-129326,서귀포 예래생태마을,SEOGWIPO_CITY,seogwipo,서귀포시,12,관광지,spot,UNKNOWN,6,0,6,6,24,25,,1,서귀포 예래생태마을,1,12:관광지,1,제주특별자치도 서귀포시 예래로 82 (상예동),0,,1,"33.2542809792679,126.39786991057",0,,1,https://tong.visitkorea.or.kr/cms/resource/50/4039350_image2_1.jpg,0,,0,,0,,0,,0,,0,,0,,1,63537,0,,0,,0,,0,,0,,0,,0,,0,,0,,2b91c56fc7b5196bc828c9238081678ed31b26a21a318ac516580238a40ca35b,hank-place-field-audit-v1,Stage3 Firestore snapshot; live read blocked by RESOURCE_EXHAUSTED
688,kto-129327,서귀포 용왕난드르마을,SEOGWIPO_CITY,west,서부 (안덕),12,관광지,spot,UNKNOWN,6,0,6,6,24,25,,1,서귀포 용왕난드르마을,1,12:관광지,1,제주특별자치도 서귀포시 안덕면 대평감산로 8,0,,1,"33.2354376484,126.3670621143",0,,1,https://tong.visitkorea.or.kr/cms/resource/62/3401762_image2_1.jpg,0,,0,,0,,0,,0,,0,,0,,1,63533,0,,0,,0,,0,,0,,0,,0,,0,,0,,2b91c56fc7b5196bc828c9238081678ed31b26a21a318ac516580238a40ca35b,hank-place-field-audit-v1,Stage3 Firestore snapshot; live read blocked by RESOURCE_EXHAUSTED
689,kto-129381,서귀포 알토산마을,SEOGWIPO_CITY,east,동부 (표선),12,관광지,spot,UNKNOWN,6,0,6,6,24,25,,1,서귀포 알토산마을,1,12:관광지,1,제주특별자치도 서귀포시 표선면 토산중앙로16번길 1,0,,1,"33.3085528077,126.7803857597",0,,1,https://tong.visitkorea.or.kr/cms/resource/70/3477470_image2_1.jpg,0,,0,,0,,0,,0,,0,,0,,1,63626,0,,0,,0,,0,,0,,0,,0,,0,,0,,2b91c56fc7b5196bc828c9238081678ed31b26a21a318ac516580238a40ca35b,hank-place-field-audit-v1,Stage3 Firestore snapshot; live read blocked by RESOURCE_EXHAUSTED
690,kto-129395,천지연 걸매생태공원,SEOGWIPO_CITY,seogwipo,서귀포시,12,관광지,spot,UNKNOWN,6,0,6,6,24,25,,1,천지연 걸매생태공원,1,12:관광지,1,제주특별자치도 서귀포시 서홍로 4-42,0,,1,"33.2499640127,126.5551177065",0,,1,https://tong.visitkorea.or.kr/cms/resource/02/3391902_image2_1.jpg,0,,0,,0,,0,,0,,0,,0,,1,63594,0,,0,,0,,0,,0,,0,,0,,0,,0,,2b91c56fc7b5196bc828c9238081678ed31b26a21a318ac516580238a40ca35b,hank-place-field-audit-v1,Stage3 Firestore snapshot; live read blocked by RESOURCE_EXHAUSTED
691,kto-129401,삼양해수욕장,JEJU_CITY,jeju_city,제주시,12,관광지,spot,UNKNOWN,6,0,6,6,24,25,,1,삼양해수욕장,1,12:관광지,1,제주특별자치도 제주시 삼양이동,0,,1,"33.5255284819,126.5852560795",0,,1,https://tong.visitkorea.or.kr/cms/resource/20/3039520_image2_1.jpeg,0,,0,,0,,0,,0,,0,,0,,1,63314,0,,0,,0,,0,,0,,0,,0,,0,,0,,2b91c56fc7b5196bc828c9238081678ed31b26a21a318ac516580238a40ca35b,hank-place-field-audit-v1,Stage3 Firestore snapshot; live read blocked by RESOURCE_EXHAUSTED
692,kto-129402,방사탑(제주),JEJU_CITY,east,동부 (조천),12,관광지,spot,UNKNOWN,6,0,6,6,24,25,,1,방사탑(제주),1,12:관광지,1,제주특별자치도 제주시 조천읍 신흥로1길 25,0,,1,"33.54749654,126.650530461",0,,1,https://tong.visitkorea.or.kr/cms/resource/40/3384840_image2_1.jpg,0,,0,,0,,0,,0,,0,,0,,1,63332,0,,0,,0,,0,,0,,0,,0,,0,,0,,2b91c56fc7b5196bc828c9238081678ed31b26a21a318ac516580238a40ca35b,hank-place-field-audit-v1,Stage3 Firestore snapshot; live read blocked by RESOURCE_EXHAUSTED
693,kto-129403,복신미륵,JEJU_CITY,jeju_city,제주시,12,관광지,spot,UNKNOWN,6,0,6,6,24,25,,1,복신미륵,1,12:관광지,1,제주특별자치도 제주시 동한두기길 7-6 (용담일동),0,,1,"33.5155645816,126.5154401529",0,,1,https://tong.visitkorea.or.kr/cms/resource/42/3555142_image2_1.jpg,0,,0,,0,,0,,0,,0,,0,,1,63153,0,,0,,0,,0,,0,,0,,0,,0,,0,,2b91c56fc7b5196bc828c9238081678ed31b26a21a318ac516580238a40ca35b,hank-place-field-audit-v1,Stage3 Firestore snapshot; live read blocked by RESOURCE_EXHAUSTED
694,kto-129405,소정방폭포,SEOGWIPO_CITY,seogwipo,서귀포시,12,관광지,spot,UNKNOWN,6,0,6,6,24,25,,1,소정방폭포,1,12:관광지,1,제주특별자치도 서귀포시 칠십리로214번길 17-17 (동홍동),0,,1,"33.2452065509,126.5769659202",0,,1,https://tong.visitkorea.or.kr/cms/resource/77/3384477_image2_1.jpg,0,,0,,0,,0,,0,,0,,0,,1,63599,0,,0,,0,,0,,0,,0,,0,,0,,0,,2b91c56fc7b5196bc828c9238081678ed31b26a21a318ac516580238a40ca35b,hank-place-field-audit-v1,Stage3 Firestore snapshot; live read blocked by RESOURCE_EXHAUSTED
695,kto-129620,쌍용굴(한림공원),JEJU_CITY,west,서부 (한림),12,관광지,spot,UNKNOWN,6,0,6,6,24,25,,1,쌍용굴(한림공원),1,12:관광지,1,제주특별자치도 제주시 한림읍 한림로 300,0,,1,"33.3878715738572,126.241825331312",0,,1,https://tong.visitkorea.or.kr/cms/resource/47/3481247_image2_1.jpg,0,,0,,0,,0,,0,,0,,0,,1,63011,0,,0,,0,,0,,0,,0,,0,,0,,0,,2b91c56fc7b5196bc828c9238081678ed31b26a21a318ac516580238a40ca35b,hank-place-field-audit-v1,Stage3 Firestore snapshot; live read blocked by RESOURCE_EXHAUSTED
696,kto-129767,서귀포시립기당미술관,SEOGWIPO_CITY,seogwipo,서귀포시,14,문화시설,spot,UNKNOWN,6,0,6,6,24,25,,1,서귀포시립기당미술관,1,14:문화시설,1,제주특별자치도 서귀포시 남성중로153번길 15,0,,1,"33.2447978549,126.5512403807",0,,1,https://tong.visitkorea.or.kr/cms/resource/41/3548141_image2_1.jpg,0,,0,,0,,0,,0,,0,,0,,1,63594,0,,0,,0,,0,,0,,0,,0,,0,,0,,2b91c56fc7b5196bc828c9238081678ed31b26a21a318ac516580238a40ca35b,hank-place-field-audit-v1,Stage3 Firestore snapshot; live read blocked by RESOURCE_EXHAUSTED
697,kto-129895,제주 탑동해변공연장,JEJU_CITY,jeju_city,제주시,14,문화시설,spot,UNKNOWN,6,0,6,6,24,25,,1,제주 탑동해변공연장,1,14:문화시설,1,제주특별자치도 제주시 중앙로 2,0,,1,"33.5179061303,126.5243032176",0,,1,https://tong.visitkorea.or.kr/cms/resource/44/3411244_image2_1.jpg,0,,0,,0,,0,,0,,0,,0,,1,63165,0,,0,,0,,0,,0,,0,,0,,0,,0,,2b91c56fc7b5196bc828c9238081678ed31b26a21a318ac516580238a40ca35b,hank-place-field-audit-v1,Stage3 Firestore snapshot; live read blocked by RESOURCE_EXHAUSTED
698,kto-130308,제주항일기념관,JEJU_CITY,east,동부 (조천),14,문화시설,spot,UNKNOWN,6,0,6,6,24,25,,1,제주항일기념관,1,14:문화시설,1,제주특별자치도 제주시 조천읍 신북로 303,0,,1,"33.5410109898,126.6407703457",0,,1,https://tong.visitkorea.or.kr/cms/resource/29/3333429_image2_1.jpg,0,,0,,0,,0,,0,,0,,0,,1,63331,0,,0,,0,,0,,0,,0,,0,,0,,0,,2b91c56fc7b5196bc828c9238081678ed31b26a21a318ac516580238a40ca35b,hank-place-field-audit-v1,Stage3 Firestore snapshot; live read blocked by RESOURCE_EXHAUSTED
699,kto-130363,초콜릿 박물관,SEOGWIPO_CITY,west,서부 (대정),14,문화시설,spot,UNKNOWN,6,0,6,6,24,25,,1,초콜릿 박물관,1,14:문화시설,1,제주특별자치도 서귀포시 대정읍 일주서로3000번길 144,0,,1,"33.2569921707361,126.230012687173",0,,1,https://tong.visitkorea.or.kr/cms/resource/28/3548628_image2_1.jpg,0,,0,,0,,0,,0,,0,,0,,1,63504,0,,0,,0,,0,,0,,0,,0,,0,,0,,2b91c56fc7b5196bc828c9238081678ed31b26a21a318ac516580238a40ca35b,hank-place-field-audit-v1,Stage3 Firestore snapshot; live read blocked by RESOURCE_EXHAUSTED
700,kto-130461,국립제주박물관,JEJU_CITY,jeju_city,제주시,14,문화시설,spot,UNKNOWN,6,0,6,6,24,25,,1,국립제주박물관,1,14:문화시설,1,제주특별자치도 제주시 일주동로 17 (건입동),0,,1,"33.513375,126.54886",0,,1,https://tong.visitkorea.or.kr/cms/resource/63/3562163_image2_1.jpg,0,,0,,0,,0,,0,,0,,0,,1,63284,0,,0,,0,,0,,0,,0,,0,,0,,0,,2b91c56fc7b5196bc828c9238081678ed31b26a21a318ac516580238a40ca35b,hank-place-field-audit-v1,Stage3 Firestore snapshot; live read blocked by RESOURCE_EXHAUSTED
701,kto-130494,이중섭 미술관,SEOGWIPO_CITY,seogwipo,서귀포시,14,문화시설,spot,UNKNOWN,6,0,6,6,24,25,,1,이중섭 미술관,1,14:문화시설,1,제주특별자치도 서귀포시 이중섭로 33 (서귀동),0,,1,"33.245159269694526,126.56447048522864",0,,1,https://tong.visitkorea.or.kr/cms/resource/93/3533493_image2_1.jpg,0,,0,,0,,0,,0,,0,,0,,1,63595,0,,0,,0,,0,,0,,0,,0,,0,,0,,2b91c56fc7b5196bc828c9238081678ed31b26a21a318ac516580238a40ca35b,hank-place-field-audit-v1,Stage3 Firestore snapshot; live read blocked by RESOURCE_EXHAUSTED
702,kto-130512,제주아트서커스,SEOGWIPO_CITY,west,서부 (안덕),14,문화시설,spot,UNKNOWN,6,0,6,6,24,25,,1,제주아트서커스,1,14:문화시설,1,제주특별자치도 서귀포시 안덕면 동광로 214,0,,1,"33.3143650897646,126.344922945991",0,,1,https://tong.visitkorea.or.kr/cms/resource/62/3034562_image2_1.jpg,0,,0,,0,,0,,0,,0,,0,,1,63524,0,,0,,0,,0,,0,,0,,0,,0,,0,,2b91c56fc7b5196bc828c9238081678ed31b26a21a318ac516580238a40ca35b,hank-place-field-audit-v1,Stage3 Firestore snapshot; live read blocked by RESOURCE_EXHAUSTED
703,kto-130723,김영갑갤러리두모악,SEOGWIPO_CITY,east,동부 (성산),14,문화시설,spot,UNKNOWN,6,0,6,6,24,25,,1,김영갑갤러리두모악,1,14:문화시설,1,제주특별자치도 서귀포시 성산읍 삼달로 137,0,,1,"33.37240806,126.8542667942",0,,1,https://tong.visitkorea.or.kr/cms/resource/57/3548157_image2_1.jpg,0,,0,,0,,0,,0,,0,,0,,1,63635,0,,0,,0,,0,,0,,0,,0,,0,,0,,2b91c56fc7b5196bc828c9238081678ed31b26a21a318ac516580238a40ca35b,hank-place-field-audit-v1,Stage3 Firestore snapshot; live read blocked by RESOURCE_EXHAUSTED
704,kto-130745,제주통일관,JEJU_CITY,jeju_city,제주시,14,문화시설,spot,UNKNOWN,6,0,6,6,24,25,,1,제주통일관,1,14:문화시설,1,제주특별자치도 제주시 삼성로 46 (일도이동),0,,1,"33.5068796745,126.5306251413",0,,1,https://tong.visitkorea.or.kr/cms/resource/56/3552956_image2_1.jpg,0,,0,,0,,0,,0,,0,,0,,1,63270,0,,0,,0,,0,,0,,0,,0,,0,,0,,2b91c56fc7b5196bc828c9238081678ed31b26a21a318ac516580238a40ca35b,hank-place-field-audit-v1,Stage3 Firestore snapshot; live read blocked by RESOURCE_EXHAUSTED
705,kto-130853,건강과 성 박물관(제주),SEOGWIPO_CITY,west,서부 (안덕),14,문화시설,spot,UNKNOWN,6,0,6,6,24,25,,1,건강과 성 박물관(제주),1,14:문화시설,1,제주특별자치도 서귀포시 안덕면 일주서로 1611,0,,1,"33.2549,126.3467",0,,1,https://tong.visitkorea.or.kr/cms/resource/99/2996899_image2_1.JPG,0,,0,,0,,0,,0,,0,,0,,1,63531,0,,0,,0,,0,,0,,0,,0,,0,,0,,2b91c56fc7b5196bc828c9238081678ed31b26a21a318ac516580238a40ca35b,hank-place-field-audit-v1,Stage3 Firestore snapshot; live read blocked by RESOURCE_EXHAUSTED
706,kto-130857,제주해녀박물관,JEJU_CITY,east,동부 (구좌),14,문화시설,spot,UNKNOWN,6,0,6,6,24,25,,1,제주해녀박물관,1,14:문화시설,1,제주특별자치도 제주시 구좌읍 해녀박물관길 26,0,,1,"33.5235518611,126.8634366646",0,,1,https://tong.visitkorea.or.kr/cms/resource/05/4073405_image2_1.jpg,0,,0,,0,,0,,0,,0,,0,,1,63362,0,,0,,0,,0,,0,,0,,0,,0,,0,,2b91c56fc7b5196bc828c9238081678ed31b26a21a318ac516580238a40ca35b,hank-place-field-audit-v1,Stage3 Firestore snapshot; live read blocked by RESOURCE_EXHAUSTED
707,kto-130872,제주국제평화센터,SEOGWIPO_CITY,seogwipo,서귀포시,14,문화시설,spot,UNKNOWN,6,0,6,6,24,25,,1,제주국제평화센터,1,14:문화시설,1,제주특별자치도 서귀포시 중문관광로 227-24,0,,1,"33.2443708606,126.4220626997",0,,1,https://tong.visitkorea.or.kr/cms/resource/36/3577136_image2_1.jpg,0,,0,,0,,0,,0,,0,,0,,1,63546,0,,0,,0,,0,,0,,0,,0,,0,,0,,2b91c56fc7b5196bc828c9238081678ed31b26a21a318ac516580238a40ca35b,hank-place-field-audit-v1,Stage3 Firestore snapshot; live read blocked by RESOURCE_EXHAUSTED
708,kto-130877,제주국제컨벤션센터,SEOGWIPO_CITY,seogwipo,서귀포시,14,문화시설,spot,UNKNOWN,6,0,6,6,24,25,,1,제주국제컨벤션센터,1,14:문화시설,1,제주특별자치도 서귀포시 중문관광로 224,0,,1,"33.2412740186,126.4244958917",0,,1,https://tong.visitkorea.or.kr/cms/resource/10/3582910_image2_1.jpg,0,,0,,0,,0,,0,,0,,0,,1,63547,0,,0,,0,,0,,0,,0,,0,,0,,0,,2b91c56fc7b5196bc828c9238081678ed31b26a21a318ac516580238a40ca35b,hank-place-field-audit-v1,Stage3 Firestore snapshot; live read blocked by RESOURCE_EXHAUSTED
709,kto-131103,추자군도,JEJU_CITY,jeju_city,제주시,28,레포츠,spot,UNKNOWN,6,0,6,6,24,25,,1,추자군도,1,28:레포츠,1,제주특별자치도 제주시 추자면 추자로,0,,1,"33.9501296887,126.3095287389",0,,1,https://tong.visitkorea.or.kr/cms/resource/63/3411263_image2_1.jpg,0,,0,,0,,0,,0,,0,,0,,1,63000,0,,0,,0,,0,,0,,0,,0,,0,,0,,2b91c56fc7b5196bc828c9238081678ed31b26a21a318ac516580238a40ca35b,hank-place-field-audit-v1,Stage3 Firestore snapshot; live read blocked by RESOURCE_EXHAUSTED
710,kto-131106,제주항 서부두방파제,JEJU_CITY,jeju_city,제주시,28,레포츠,spot,UNKNOWN,6,0,6,6,24,25,,1,제주항 서부두방파제,1,28:레포츠,1,제주특별자치도 제주시 서부두길 22,0,,1,"33.5181617247,126.5284806266",0,,1,https://tong.visitkorea.or.kr/cms/resource/30/3396830_image2_1.jpg,0,,0,,0,,0,,0,,0,,0,,1,63276,0,,0,,0,,0,,0,,0,,0,,0,,0,,2b91c56fc7b5196bc828c9238081678ed31b26a21a318ac516580238a40ca35b,hank-place-field-audit-v1,Stage3 Firestore snapshot; live read blocked by RESOURCE_EXHAUSTED
711,kto-131107,차귀도 바다낚시,JEJU_CITY,west,서부 (한경),28,레포츠,spot,UNKNOWN,6,0,6,6,24,25,,1,차귀도 바다낚시,1,28:레포츠,1,제주특별자치도 제주시 한경면 고락로 200-52,0,,1,"33.3011472996,126.2053163667",0,,1,https://tong.visitkorea.or.kr/cms/resource/31/3477931_image2_1.jpg,0,,0,,0,,0,,0,,0,,0,,1,63008,0,,0,,0,,0,,0,,0,,0,,0,,0,,2b91c56fc7b5196bc828c9238081678ed31b26a21a318ac516580238a40ca35b,hank-place-field-audit-v1,Stage3 Firestore snapshot; live read blocked by RESOURCE_EXHAUSTED
712,kto-131222,제주청소년수련원,JEJU_CITY,west,서부 (한림),28,레포츠,spot,UNKNOWN,6,0,6,6,24,25,,1,제주청소년수련원,1,28:레포츠,1,제주특별자치도 제주시 한림읍 금능남로 128,0,,1,"33.3776143276,126.2363341931",0,,1,https://tong.visitkorea.or.kr/cms/resource/96/3396996_image2_1.jpg,0,,0,,0,,0,,0,,0,,0,,1,63016,0,,0,,0,,0,,0,,0,,0,,0,,0,,2b91c56fc7b5196bc828c9238081678ed31b26a21a318ac516580238a40ca35b,hank-place-field-audit-v1,Stage3 Firestore snapshot; live read blocked by RESOURCE_EXHAUSTED
713,kto-131268,골프존카운티 오라,JEJU_CITY,jeju_city,제주시,28,레포츠,spot,UNKNOWN,6,0,6,6,24,25,,1,골프존카운티 오라,1,28:레포츠,1,제주특별자치도 제주시 오라남로 130-16 (오라이동),0,,1,"33.4482225483,126.5131904451",0,,1,https://tong.visitkorea.or.kr/cms/resource/74/2476674_image2_1.jpg,0,,0,,0,,0,,0,,0,,0,,1,63144,0,,0,,0,,0,,0,,0,,0,,0,,0,,2b91c56fc7b5196bc828c9238081678ed31b26a21a318ac516580238a40ca35b,hank-place-field-audit-v1,Stage3 Firestore snapshot; live read blocked by RESOURCE_EXHAUSTED
714,kto-131269,캐슬렉스제주 골프클럽,SEOGWIPO_CITY,west,서부 (안덕),28,레포츠,spot,UNKNOWN,6,0,6,6,24,25,,1,캐슬렉스제주 골프클럽,1,28:레포츠,1,제주특별자치도 서귀포시 안덕면 평화로 1241,0,,1,"33.3402563388,126.3488696895",0,,1,https://tong.visitkorea.or.kr/cms/resource/07/3402907_image2_1.jpg,0,,0,,0,,0,,0,,0,,0,,1,63523,0,,0,,0,,0,,0,,0,,0,,0,,0,,2b91c56fc7b5196bc828c9238081678ed31b26a21a318ac516580238a40ca35b,hank-place-field-audit-v1,Stage3 Firestore snapshot; live read blocked by RESOURCE_EXHAUSTED
715,kto-131546,어승생승마장,JEJU_CITY,jeju_city,제주시,28,레포츠,spot,UNKNOWN,6,0,6,6,24,25,,1,어승생승마장,1,28:레포츠,1,제주특별자치도 제주시 1100로 2659,0,,1,"33.4257572217,126.4904069057",0,,1,https://tong.visitkorea.or.kr/cms/resource/86/4073686_image2_1.jpg,0,,0,,0,,0,,0,,0,,0,,1,63078,0,,0,,0,,0,,0,,0,,0,,0,,0,,2b91c56fc7b5196bc828c9238081678ed31b26a21a318ac516580238a40ca35b,hank-place-field-audit-v1,Stage3 Firestore snapshot; live read blocked by RESOURCE_EXHAUSTED
716,kto-131549,오케이 승마장,SEOGWIPO_CITY,east,동부 (표선),28,레포츠,spot,UNKNOWN,6,0,6,6,24,25,,1,오케이 승마장,1,28:레포츠,1,제주특별자치도 서귀포시 표선면 번영로 2595,0,,1,"33.4027729378101,126.783191349657",0,,1,https://tong.visitkorea.or.kr/cms/resource/75/1618175_image2_1.jpg,0,,0,,0,,0,,0,,0,,0,,1,63624,0,,0,,0,,0,,0,,0,,0,,0,,0,,2b91c56fc7b5196bc828c9238081678ed31b26a21a318ac516580238a40ca35b,hank-place-field-audit-v1,Stage3 Firestore snapshot; live read blocked by RESOURCE_EXHAUSTED
717,kto-131589,알프스제주,SEOGWIPO_CITY,east,동부 (표선),28,레포츠,spot,UNKNOWN,6,0,6,6,24,25,,1,알프스제주,1,28:레포츠,1,제주특별자치도 서귀포시 표선면 서성일로 73,0,,1,"33.3984265364081,126.802681308353",0,,1,https://tong.visitkorea.or.kr/cms/resource/82/1618182_image2_1.jpg,0,,0,,0,,0,,0,,0,,0,,1,63624,0,,0,,0,,0,,0,,0,,0,,0,,0,,2b91c56fc7b5196bc828c9238081678ed31b26a21a318ac516580238a40ca35b,hank-place-field-audit-v1,Stage3 Firestore snapshot; live read blocked by RESOURCE_EXHAUSTED
718,kto-131596,송당승마장,JEJU_CITY,east,동부 (구좌),28,레포츠,spot,UNKNOWN,6,0,6,6,24,25,,1,송당승마장,1,28:레포츠,1,제주특별자치도 제주시 구좌읍 번영로 2015,0,,1,"33.4364488497,126.7381780858",0,,1,https://tong.visitkorea.or.kr/cms/resource/45/4109645_image2_1.jpg,0,,0,,0,,0,,0,,0,,0,,1,63355,0,,0,,0,,0,,0,,0,,0,,0,,0,,2b91c56fc7b5196bc828c9238081678ed31b26a21a318ac516580238a40ca35b,hank-place-field-audit-v1,Stage3 Firestore snapshot; live read blocked by RESOURCE_EXHAUSTED
719,kto-131604,탐라승마장,JEJU_CITY,east,동부 (조천),28,레포츠,spot,UNKNOWN,6,0,6,6,24,25,,1,탐라승마장,1,28:레포츠,1,제주특별자치도 제주시 조천읍 비자림로 1044,0,,1,"33.4330602647,126.7169550866",0,,1,https://tong.visitkorea.or.kr/cms/resource/93/1618393_image2_1.jpg,0,,0,,0,,0,,0,,0,,0,,1,63346,0,,0,,0,,0,,0,,0,,0,,0,,0,,2b91c56fc7b5196bc828c9238081678ed31b26a21a318ac516580238a40ca35b,hank-place-field-audit-v1,Stage3 Firestore snapshot; live read blocked by RESOURCE_EXHAUSTED
720,kto-131623,제주해양레저,SEOGWIPO_CITY,seogwipo,서귀포시,28,레포츠,spot,UNKNOWN,6,0,6,6,24,25,,1,제주해양레저,1,28:레포츠,1,제주특별자치도 서귀포시 중문관광로 192,0,,1,"33.2432598241,126.4190129892",0,,1,https://tong.visitkorea.or.kr/cms/resource/63/1930963_image2_1.jpg,0,,0,,0,,0,,0,,0,,0,,1,63547,0,,0,,0,,0,,0,,0,,0,,0,,0,,2b91c56fc7b5196bc828c9238081678ed31b26a21a318ac516580238a40ca35b,hank-place-field-audit-v1,Stage3 Firestore snapshot; live read blocked by RESOURCE_EXHAUSTED
721,kto-131649,크라운컨트리클럽,JEJU_CITY,east,동부 (조천),28,레포츠,spot,UNKNOWN,6,0,6,6,24,25,,1,크라운컨트리클럽,1,28:레포츠,1,제주특별자치도 제주시 조천읍 북선로 125,0,,1,"33.5284188131,126.6952159042",0,,1,https://tong.visitkorea.or.kr/cms/resource/90/3577190_image2_1.jpg,0,,0,,0,,0,,0,,0,,0,,1,63339,0,,0,,0,,0,,0,,0,,0,,0,,0,,2b91c56fc7b5196bc828c9238081678ed31b26a21a318ac516580238a40ca35b,hank-place-field-audit-v1,Stage3 Firestore snapshot; live read blocked by RESOURCE_EXHAUSTED
722,kto-131708,중문골프클럽,SEOGWIPO_CITY,seogwipo,서귀포시,28,레포츠,spot,UNKNOWN,6,0,6,6,24,25,,1,중문골프클럽,1,28:레포츠,1,제주특별자치도 서귀포시 중문관광로72번길 60 (색달동),0,,1,"33.250131273382394,126.40629116795587",0,,1,https://tong.visitkorea.or.kr/cms/resource/92/2607292_image2_1.bmp,0,,0,,0,,0,,0,,0,,0,,1,63535,0,,0,,0,,0,,0,,0,,0,,0,,0,,2b91c56fc7b5196bc828c9238081678ed31b26a21a318ac516580238a40ca35b,hank-place-field-audit-v1,Stage3 Firestore snapshot; live read blocked by RESOURCE_EXHAUSTED
723,kto-131949,성읍승마장,SEOGWIPO_CITY,east,동부 (표선),28,레포츠,spot,UNKNOWN,6,0,6,6,24,25,,1,성읍승마장,1,28:레포츠,1,제주특별자치도 서귀포시 표선면 번영로 2650,0,,1,"33.3985429374896,126.787118860408",0,,1,https://tong.visitkorea.or.kr/cms/resource/57/1618157_image2_1.jpg,0,,0,,0,,0,,0,,0,,0,,1,63624,0,,0,,0,,0,,0,,0,,0,,0,,0,,2b91c56fc7b5196bc828c9238081678ed31b26a21a318ac516580238a40ca35b,hank-place-field-audit-v1,Stage3 Firestore snapshot; live read blocked by RESOURCE_EXHAUSTED
724,kto-132159,고성오일시장,SEOGWIPO_CITY,east,동부 (성산),38,쇼핑,spot,UNKNOWN,6,0,6,6,24,25,,1,고성오일시장,1,38:쇼핑,1,제주특별자치도 서귀포시 성산읍 고성오조로 93,0,,1,"33.4518891163,126.9127293498",0,,1,https://tong.visitkorea.or.kr/cms/resource/92/2947292_image2_1.jpg,0,,0,,0,,0,,0,,0,,0,,1,63640,0,,0,,0,,0,,0,,0,,0,,0,,0,,2b91c56fc7b5196bc828c9238081678ed31b26a21a318ac516580238a40ca35b,hank-place-field-audit-v1,Stage3 Firestore snapshot; live read blocked by RESOURCE_EXHAUSTED
725,kto-132160,표선오일시장,SEOGWIPO_CITY,east,동부 (표선),38,쇼핑,spot,UNKNOWN,6,0,6,6,24,25,,1,표선오일시장,1,38:쇼핑,1,제주특별자치도 서귀포시 표선면 표선동서로 203-1,0,,1,"33.3225437337,126.8304061108",0,,1,https://tong.visitkorea.or.kr/cms/resource/86/3077586_image2_1.jpg,0,,0,,0,,0,,0,,0,,0,,1,63629,0,,0,,0,,0,,0,,0,,0,,0,,0,,2b91c56fc7b5196bc828c9238081678ed31b26a21a318ac516580238a40ca35b,hank-place-field-audit-v1,Stage3 Firestore snapshot; live read blocked by RESOURCE_EXHAUSTED
726,kto-132556,서귀포향토오일시장,SEOGWIPO_CITY,seogwipo,서귀포시,38,쇼핑,spot,UNKNOWN,6,0,6,6,24,25,,1,서귀포향토오일시장,1,38:쇼핑,1,제주특별자치도 서귀포시 중산간동로7894번길 18-5 (동홍동),0,,1,"33.2669040864,126.5724963753",0,,1,https://tong.visitkorea.or.kr/cms/resource/24/3477324_image2_1.jpg,0,,0,,0,,0,,0,,0,,0,,1,63579,0,,0,,0,,0,,0,,0,,0,,0,,0,,2b91c56fc7b5196bc828c9238081678ed31b26a21a318ac516580238a40ca35b,hank-place-field-audit-v1,Stage3 Firestore snapshot; live read blocked by RESOURCE_EXHAUSTED
727,kto-132595,중문향토오일시장,SEOGWIPO_CITY,seogwipo,서귀포시,38,쇼핑,spot,UNKNOWN,6,0,6,6,24,25,,1,중문향토오일시장,1,38:쇼핑,1,제주특별자치도 서귀포시 천제연로188번길 12,0,,1,"33.2507951855,126.4242345901",0,,1,https://tong.visitkorea.or.kr/cms/resource/50/3477250_image2_1.jpg,0,,0,,0,,0,,0,,0,,0,,1,63546,0,,0,,0,,0,,0,,0,,0,,0,,0,,2b91c56fc7b5196bc828c9238081678ed31b26a21a318ac516580238a40ca35b,hank-place-field-audit-v1,Stage3 Firestore snapshot; live read blocked by RESOURCE_EXHAUSTED
728,kto-133974,옹포별장가든,JEJU_CITY,west,서부 (한림),39,음식점,food,UNKNOWN,6,0,6,6,24,25,,1,옹포별장가든,1,39:음식점,1,제주특별자치도 제주시 한림읍 한림상로 24,0,,1,"33.404992056144,126.257895673425",0,,1,https://tong.visitkorea.or.kr/cms/resource/47/1937147_image2_1.jpg,0,,0,,0,,0,,0,,0,,0,,1,63012,0,,0,,0,,0,,0,,0,,0,,0,,0,,2b91c56fc7b5196bc828c9238081678ed31b26a21a318ac516580238a40ca35b,hank-place-field-audit-v1,Stage3 Firestore snapshot; live read blocked by RESOURCE_EXHAUSTED
729,kto-133976,초원흑돼지,JEJU_CITY,east,동부 (조천),39,음식점,food,UNKNOWN,6,0,6,6,24,25,,1,초원흑돼지,1,39:음식점,1,제주특별자치도 제주시 조천읍 신북로 598,0,,1,"33.5396445295174,126.673245887736",0,,1,https://tong.visitkorea.or.kr/cms/resource/83/1937183_image2_1.jpg,0,,0,,0,,0,,0,,0,,0,,1,63333,0,,0,,0,,0,,0,,0,,0,,0,,0,,2b91c56fc7b5196bc828c9238081678ed31b26a21a318ac516580238a40ca35b,hank-place-field-audit-v1,Stage3 Firestore snapshot; live read blocked by RESOURCE_EXHAUSTED
730,kto-134977,보영반점,JEJU_CITY,west,서부 (한림),39,음식점,food,UNKNOWN,6,0,6,6,24,25,,1,보영반점,1,39:음식점,1,제주특별자치도 제주시 한림읍 한림로 692-1,0,,1,"33.4165463810277,126.265172514177",0,,1,https://tong.visitkorea.or.kr/cms/resource/39/1934539_image2_1.jpg,0,,0,,0,,0,,0,,0,,0,,1,63030,0,,0,,0,,0,,0,,0,,0,,0,,0,,2b91c56fc7b5196bc828c9238081678ed31b26a21a318ac516580238a40ca35b,hank-place-field-audit-v1,Stage3 Firestore snapshot; live read blocked by RESOURCE_EXHAUSTED
731,kto-134980,성산해촌,SEOGWIPO_CITY,east,동부 (성산),39,음식점,food,UNKNOWN,6,0,6,6,24,25,,1,성산해촌,1,39:음식점,1,제주특별자치도 서귀포시 성산읍 일출로 220,0,,1,"33.4592802468,126.9300249033",0,,1,https://tong.visitkorea.or.kr/cms/resource/66/3401566_image2_1.jpg,0,,0,,0,,0,,0,,0,,0,,1,63643,0,,0,,0,,0,,0,,0,,0,,0,,0,,2b91c56fc7b5196bc828c9238081678ed31b26a21a318ac516580238a40ca35b,hank-place-field-audit-v1,Stage3 Firestore snapshot; live read blocked by RESOURCE_EXHAUSTED
732,kto-135288,고우니가든,JEJU_CITY,east,동부 (조천),39,음식점,food,UNKNOWN,6,0,6,6,24,25,,1,고우니가든,1,39:음식점,1,제주특별자치도 제주시 조천읍 남조로 2625,0,,1,"33.495947,126.652007",0,,1,https://tong.visitkorea.or.kr/cms/resource/69/1934469_image2_1.jpg,0,,0,,0,,0,,0,,0,,0,,1,63343,0,,0,,0,,0,,0,,0,,0,,0,,0,,2b91c56fc7b5196bc828c9238081678ed31b26a21a318ac516580238a40ca35b,hank-place-field-audit-v1,Stage3 Firestore snapshot; live read blocked by RESOURCE_EXHAUSTED
733,kto-136453,썬랜드 호텔,JEJU_CITY,jeju_city,제주시,32,숙박,stay,UNKNOWN,6,0,6,6,24,25,,1,썬랜드 호텔,1,32:숙박,1,제주특별자치도 제주시 신광로 92,0,,1,"33.4839670973,126.4895584377",0,,1,https://tong.visitkorea.or.kr/cms/resource/40/4073940_image2_1.jpg,0,,0,,0,,0,,0,,0,,0,,1,63132,0,,0,,0,,0,,0,,0,,0,,0,,0,,2b91c56fc7b5196bc828c9238081678ed31b26a21a318ac516580238a40ca35b,hank-place-field-audit-v1,Stage3 Firestore snapshot; live read blocked by RESOURCE_EXHAUSTED
734,kto-137348,신세계호텔,SEOGWIPO_CITY,seogwipo,서귀포시,32,숙박,stay,UNKNOWN,6,0,6,6,24,25,,1,신세계호텔,1,32:숙박,1,제주특별자치도 서귀포시 중앙로 2-2,0,,1,"33.244684973855,126.562304332725",0,,1,https://tong.visitkorea.or.kr/cms/resource/25/1933425_image2_1.jpg,0,,0,,0,,0,,0,,0,,0,,1,63595,0,,0,,0,,0,,0,,0,,0,,0,,0,,2b91c56fc7b5196bc828c9238081678ed31b26a21a318ac516580238a40ca35b,hank-place-field-audit-v1,Stage3 Firestore snapshot; live read blocked by RESOURCE_EXHAUSTED
735,kto-137369,켄싱턴리조트 서귀포,SEOGWIPO_CITY,seogwipo,서귀포시,32,숙박,stay,UNKNOWN,6,0,6,6,24,25,,1,켄싱턴리조트 서귀포,1,32:숙박,1,제주특별자치도 서귀포시 이어도로 684,0,,1,"33.2335128811774,126.489000273124",0,,1,https://tong.visitkorea.or.kr/cms/resource/40/1341140_image2_1.jpg,0,,0,,0,,0,,0,,0,,0,,1,63564,0,,0,,0,,0,,0,,0,,0,,0,,0,,2b91c56fc7b5196bc828c9238081678ed31b26a21a318ac516580238a40ca35b,hank-place-field-audit-v1,Stage3 Firestore snapshot; live read blocked by RESOURCE_EXHAUSTED
736,kto-137476,토비스콘도 제주,JEJU_CITY,west,서부 (애월),32,숙박,stay,UNKNOWN,6,0,6,6,24,25,,1,토비스콘도 제주,1,32:숙박,1,제주특별자치도 제주시 애월읍 애월로1길 8,0,,1,"33.4631305801,126.3117199084",0,,1,https://tong.visitkorea.or.kr/cms/resource/08/2650208_image2_1.jpg,0,,0,,0,,0,,0,,0,,0,,1,63043,0,,0,,0,,0,,0,,0,,0,,0,,0,,2b91c56fc7b5196bc828c9238081678ed31b26a21a318ac516580238a40ca35b,hank-place-field-audit-v1,Stage3 Firestore snapshot; live read blocked by RESOURCE_EXHAUSTED
737,kto-137788,서귀포 귤림성,SEOGWIPO_CITY,seogwipo,서귀포시,32,숙박,stay,UNKNOWN,6,0,6,6,24,25,,1,서귀포 귤림성,1,32:숙박,1,제주특별자치도 서귀포시 일주동로 8941 (호근동),0,,1,"33.2503192271,126.5360193536",0,,1,https://tong.visitkorea.or.kr/cms/resource/45/3569245_image2_1.jpg,0,,0,,0,,0,,0,,0,,0,,1,63571,0,,0,,0,,0,,0,,0,,0,,0,,0,,2b91c56fc7b5196bc828c9238081678ed31b26a21a318ac516580238a40ca35b,hank-place-field-audit-v1,Stage3 Firestore snapshot; live read blocked by RESOURCE_EXHAUSTED
738,kto-137814,제주 금강산콘도,JEJU_CITY,west,서부 (한림),32,숙박,stay,UNKNOWN,6,0,6,6,24,25,,1,제주 금강산콘도,1,32:숙박,1,제주특별자치도 제주시 한림읍 협재로 210-18,0,,1,"33.3795560084,126.2502552886",0,,1,https://tong.visitkorea.or.kr/cms/resource/65/1341265_image2_1.jpg,0,,0,,0,,0,,0,,0,,0,,1,63015,0,,0,,0,,0,,0,,0,,0,,0,,0,,2b91c56fc7b5196bc828c9238081678ed31b26a21a318ac516580238a40ca35b,hank-place-field-audit-v1,Stage3 Firestore snapshot; live read blocked by RESOURCE_EXHAUSTED
739,kto-137826,라운지하우스 제주다,SEOGWIPO_CITY,west,서부 (안덕),32,숙박,stay,UNKNOWN,6,0,6,6,24,25,,1,라운지하우스 제주다,1,32:숙박,1,제주특별자치도 서귀포시 안덕면 사계남로50번길 60,0,,1,"33.2232498556,126.2926715056",0,,1,https://tong.visitkorea.or.kr/cms/resource/06/4105706_image2_1.png,0,,0,,0,,0,,0,,0,,0,,1,63528,0,,0,,0,,0,,0,,0,,0,,0,,0,,2b91c56fc7b5196bc828c9238081678ed31b26a21a318ac516580238a40ca35b,hank-place-field-audit-v1,Stage3 Firestore snapshot; live read blocked by RESOURCE_EXHAUSTED
740,kto-137957,티파니에서 아침을,SEOGWIPO_CITY,seogwipo,서귀포시,32,숙박,stay,UNKNOWN,6,0,6,6,24,25,,1,티파니에서 아침을,1,32:숙박,1,제주특별자치도 서귀포시 남원읍 서의로154번길 12,0,,1,"33.304986580430615,126.71214882942543",0,,1,https://tong.visitkorea.or.kr/cms/resource/40/3516140_image2_1.jpg,0,,0,,0,,0,,0,,0,,0,,1,63618,0,,0,,0,,0,,0,,0,,0,,0,,0,,2b91c56fc7b5196bc828c9238081678ed31b26a21a318ac516580238a40ca35b,hank-place-field-audit-v1,Stage3 Firestore snapshot; live read blocked by RESOURCE_EXHAUSTED
741,kto-138017,청재설헌,SEOGWIPO_CITY,seogwipo,서귀포시,32,숙박,stay,UNKNOWN,6,0,6,6,24,25,,1,청재설헌,1,32:숙박,1,제주특별자치도 서귀포시 인정오름로 135-18,0,,1,"33.2891299633588,126.571744118034",0,,1,https://tong.visitkorea.or.kr/cms/resource/41/1933841_image2_1.jpg,0,,0,,0,,0,,0,,0,,0,,1,63580,0,,0,,0,,0,,0,,0,,0,,0,,0,,2b91c56fc7b5196bc828c9238081678ed31b26a21a318ac516580238a40ca35b,hank-place-field-audit-v1,Stage3 Firestore snapshot; live read blocked by RESOURCE_EXHAUSTED
742,kto-138019,소노캄 제주,SEOGWIPO_CITY,east,동부 (표선),32,숙박,stay,UNKNOWN,6,0,6,6,24,25,,1,소노캄 제주,1,32:숙박,1,제주특별자치도 서귀포시 표선면 일주동로 6347-17,0,,1,"33.3060121123,126.7928926718",0,,1,https://tong.visitkorea.or.kr/cms/resource/93/3096493_image2_1.jpg,0,,0,,0,,0,,0,,0,,0,,1,63626,0,,0,,0,,0,,0,,0,,0,,0,,0,,2b91c56fc7b5196bc828c9238081678ed31b26a21a318ac516580238a40ca35b,hank-place-field-audit-v1,Stage3 Firestore snapshot; live read blocked by RESOURCE_EXHAUSTED
743,kto-138184,해비치 호텔&리조트 제주,SEOGWIPO_CITY,east,동부 (표선),32,숙박,stay,UNKNOWN,6,0,6,6,24,25,,1,해비치 호텔&리조트 제주,1,32:숙박,1,제주특별자치도 서귀포시 표선면 민속해안로 537,0,,1,"33.3214833771132,126.844731957908",0,,1,https://tong.visitkorea.or.kr/cms/resource/58/3520858_image2_1.jpg,0,,0,,0,,0,,0,,0,,0,,1,63629,0,,0,,0,,0,,0,,0,,0,,0,,0,,2b91c56fc7b5196bc828c9238081678ed31b26a21a318ac516580238a40ca35b,hank-place-field-audit-v1,Stage3 Firestore snapshot; live read blocked by RESOURCE_EXHAUSTED
744,kto-138185,금호리조트 제주,SEOGWIPO_CITY,seogwipo,서귀포시,32,숙박,stay,UNKNOWN,6,0,6,6,24,25,,1,금호리조트 제주,1,32:숙박,1,제주특별자치도 서귀포시 남원읍 태위로 522-12,0,,1,"33.2740041171,126.7030721472",0,,1,https://tong.visitkorea.or.kr/cms/resource/67/3024967_image2_1.jpg,0,,0,,0,,0,,0,,0,,0,,1,63620,0,,0,,0,,0,,0,,0,,0,,0,,0,,2b91c56fc7b5196bc828c9238081678ed31b26a21a318ac516580238a40ca35b,hank-place-field-audit-v1,Stage3 Firestore snapshot; live read blocked by RESOURCE_EXHAUSTED
745,kto-138195,한화리조트 제주,JEJU_CITY,jeju_city,제주시,32,숙박,stay,UNKNOWN,6,0,6,6,24,25,,1,한화리조트 제주,1,32:숙박,1,제주특별자치도 제주시 명림로 575-107,0,,1,"33.4488263498,126.6380537674",0,,1,https://tong.visitkorea.or.kr/cms/resource/23/4073123_image2_1.jpg,0,,0,,0,,0,,0,,0,,0,,1,63330,0,,0,,0,,0,,0,,0,,0,,0,,0,,2b91c56fc7b5196bc828c9238081678ed31b26a21a318ac516580238a40ca35b,hank-place-field-audit-v1,Stage3 Firestore snapshot; live read blocked by RESOURCE_EXHAUSTED
746,kto-138494,귤익는마을,SEOGWIPO_CITY,east,동부 (성산),32,숙박,stay,UNKNOWN,6,0,6,6,24,25,,1,귤익는마을,1,32:숙박,1,제주특별자치도 서귀포시 성산읍 신천서로 11,0,,1,"33.3440808405667,126.850105940226",0,,1,https://tong.visitkorea.or.kr/cms/resource/68/1933168_image2_1.jpg,0,,0,,0,,0,,0,,0,,0,,1,63637,0,,0,,0,,0,,0,,0,,0,,0,,0,,2b91c56fc7b5196bc828c9238081678ed31b26a21a318ac516580238a40ca35b,hank-place-field-audit-v1,Stage3 Firestore snapshot; live read blocked by RESOURCE_EXHAUSTED
747,kto-138597,그림리조트,JEJU_CITY,jeju_city,제주시,32,숙박,stay,UNKNOWN,6,0,6,6,24,25,,1,그림리조트,1,32:숙박,1,제주특별자치도 제주시 서해안로 620-1,0,,1,"33.516183011757,126.503481407088",0,,1,https://tong.visitkorea.or.kr/cms/resource/76/1933276_image2_1.jpg,0,,0,,0,,0,,0,,0,,0,,1,63150,0,,0,,0,,0,,0,,0,,0,,0,,0,,2b91c56fc7b5196bc828c9238081678ed31b26a21a318ac516580238a40ca35b,hank-place-field-audit-v1,Stage3 Firestore snapshot; live read blocked by RESOURCE_EXHAUSTED
748,kto-138935,이어도성 펜션,SEOGWIPO_CITY,seogwipo,서귀포시,32,숙박,stay,UNKNOWN,6,0,6,6,24,25,,1,이어도성 펜션,1,32:숙박,1,제주특별자치도 서귀포시 천제연로 113,0,,1,"33.25504814049,126.417923052089",0,,1,https://tong.visitkorea.or.kr/cms/resource/81/1933481_image2_1.jpg,0,,0,,0,,0,,0,,0,,0,,1,63534,0,,0,,0,,0,,0,,0,,0,,0,,0,,2b91c56fc7b5196bc828c9238081678ed31b26a21a318ac516580238a40ca35b,hank-place-field-audit-v1,Stage3 Firestore snapshot; live read blocked by RESOURCE_EXHAUSTED
749,kto-139008,비치스토리호텔,JEJU_CITY,east,동부 (조천),32,숙박,stay,UNKNOWN,6,0,6,6,24,25,,1,비치스토리호텔,1,32:숙박,1,제주특별자치도 제주시 조천읍 조함해안로 492-5,0,,1,"33.5421529255,126.6654098459",0,,1,https://tong.visitkorea.or.kr/cms/resource/86/2596486_image2_1.jpg,0,,0,,0,,0,,0,,0,,0,,1,63333,0,,0,,0,,0,,0,,0,,0,,0,,0,,2b91c56fc7b5196bc828c9238081678ed31b26a21a318ac516580238a40ca35b,hank-place-field-audit-v1,Stage3 Firestore snapshot; live read blocked by RESOURCE_EXHAUSTED
750,kto-139854,제주 라임오렌지빌,SEOGWIPO_CITY,seogwipo,서귀포시,32,숙박,stay,UNKNOWN,6,0,6,6,24,25,,1,제주 라임오렌지빌,1,32:숙박,1,제주특별자치도 서귀포시 칠십리로 332,0,,1,"33.2462018625888,126.587240874821",0,,1,https://tong.visitkorea.or.kr/cms/resource/17/1933517_image2_1.jpg,0,,0,,0,,0,,0,,0,,0,,1,63599,0,,0,,0,,0,,0,,0,,0,,0,,0,,2b91c56fc7b5196bc828c9238081678ed31b26a21a318ac516580238a40ca35b,hank-place-field-audit-v1,Stage3 Firestore snapshot; live read blocked by RESOURCE_EXHAUSTED
751,kto-139855,그랑빌펜션,SEOGWIPO_CITY,seogwipo,서귀포시,32,숙박,stay,UNKNOWN,6,0,6,6,24,25,,1,그랑빌펜션,1,32:숙박,1,제주특별자치도 서귀포시 중문관광로 17,0,,1,"33.2563896091287,126.415262157895",0,,1,https://tong.visitkorea.or.kr/cms/resource/73/1933173_image2_1.jpg,0,,0,,0,,0,,0,,0,,0,,1,63534,0,,0,,0,,0,,0,,0,,0,,0,,0,,2b91c56fc7b5196bc828c9238081678ed31b26a21a318ac516580238a40ca35b,hank-place-field-audit-v1,Stage3 Firestore snapshot; live read blocked by RESOURCE_EXHAUSTED
752,kto-139856,JJ하우스,SEOGWIPO_CITY,seogwipo,서귀포시,32,숙박,stay,UNKNOWN,6,0,6,6,24,25,,1,JJ하우스,1,32:숙박,1,제주특별자치도 서귀포시 중산간서로 241,0,,1,"33.2605180249098,126.485638865721",0,,1,https://tong.visitkorea.or.kr/cms/resource/02/561502_image2_1.jpg,0,,0,,0,,0,,0,,0,,0,,1,63558,0,,0,,0,,0,,0,,0,,0,,0,,0,,2b91c56fc7b5196bc828c9238081678ed31b26a21a318ac516580238a40ca35b,hank-place-field-audit-v1,Stage3 Firestore snapshot; live read blocked by RESOURCE_EXHAUSTED
753,kto-139860,마레보 비치호텔,JEJU_CITY,jeju_city,제주시,32,숙박,stay,UNKNOWN,6,0,6,6,24,25,,1,마레보 비치호텔,1,32:숙박,1,제주특별자치도 제주시 곽지1길 23 마레보비치호텔,0,,1,"33.4481853609,126.304137829",0,,1,https://tong.visitkorea.or.kr/cms/resource/46/3505946_image2_1.JPG,0,,0,,0,,0,,0,,0,,0,,1,63034,0,,0,,0,,0,,0,,0,,0,,0,,0,,2b91c56fc7b5196bc828c9238081678ed31b26a21a318ac516580238a40ca35b,hank-place-field-audit-v1,Stage3 Firestore snapshot; live read blocked by RESOURCE_EXHAUSTED
754,kto-142713,제주 스위트호텔,SEOGWIPO_CITY,seogwipo,서귀포시,32,숙박,stay,UNKNOWN,6,0,6,6,24,25,,1,제주 스위트호텔,1,32:숙박,1,제주특별자치도 서귀포시 중문관광로72번길 67,0,,1,"33.2490784581,126.4083582278",0,,1,https://tong.visitkorea.or.kr/cms/resource/05/2848605_image2_1.jpg,0,,0,,0,,0,,0,,0,,0,,1,63535,0,,0,,0,,0,,0,,0,,0,,0,,0,,2b91c56fc7b5196bc828c9238081678ed31b26a21a318ac516580238a40ca35b,hank-place-field-audit-v1,Stage3 Firestore snapshot; live read blocked by RESOURCE_EXHAUSTED
755,kto-142946,제주신라호텔,SEOGWIPO_CITY,seogwipo,서귀포시,32,숙박,stay,UNKNOWN,6,0,6,6,24,25,,1,제주신라호텔,1,32:숙박,1,제주특별자치도 서귀포시 중문관광로72번길 75,0,,1,"33.2480035829,126.4087304418",0,,1,https://tong.visitkorea.or.kr/cms/resource/93/3538893_image2_1.jpg,0,,0,,0,,0,,0,,0,,0,,1,63535,0,,0,,0,,0,,0,,0,,0,,0,,0,,2b91c56fc7b5196bc828c9238081678ed31b26a21a318ac516580238a40ca35b,hank-place-field-audit-v1,Stage3 Firestore snapshot; live read blocked by RESOURCE_EXHAUSTED
756,kto-142948,씨에스 호텔 앤 리조트,SEOGWIPO_CITY,seogwipo,서귀포시,32,숙박,stay,UNKNOWN,6,0,6,6,24,25,,1,씨에스 호텔 앤 리조트,1,32:숙박,1,제주특별자치도 서귀포시 중문관광로 198 (중문동),0,,1,"33.2429159184,126.4202933203",0,,1,https://tong.visitkorea.or.kr/cms/resource/09/4074209_image2_1.jpg,0,,0,,0,,0,,0,,0,,0,,1,63547,0,,0,,0,,0,,0,,0,,0,,0,,0,,2b91c56fc7b5196bc828c9238081678ed31b26a21a318ac516580238a40ca35b,hank-place-field-audit-v1,Stage3 Firestore snapshot; live read blocked by RESOURCE_EXHAUSTED
757,kto-142957,메종 글래드 제주,JEJU_CITY,jeju_city,제주시,32,숙박,stay,UNKNOWN,6,0,6,6,24,25,,1,메종 글래드 제주,1,32:숙박,1,제주특별자치도 제주시 노연로 80,0,,1,"33.4856030073996,126.488902905838",0,,1,https://tong.visitkorea.or.kr/cms/resource/39/3512239_image2_1.jpg,0,,0,,0,,0,,0,,0,,0,,1,63132,0,,0,,0,,0,,0,,0,,0,,0,,0,,2b91c56fc7b5196bc828c9238081678ed31b26a21a318ac516580238a40ca35b,hank-place-field-audit-v1,Stage3 Firestore snapshot; live read blocked by RESOURCE_EXHAUSTED
758,kto-142965,서귀포칼호텔 (서귀포KAL호텔),SEOGWIPO_CITY,seogwipo,서귀포시,32,숙박,stay,UNKNOWN,6,0,6,6,24,25,,1,서귀포칼호텔 (서귀포KAL호텔),1,32:숙박,1,제주특별자치도 서귀포시 칠십리로 242,0,,1,"33.2443539282,126.5808072727",0,,1,https://tong.visitkorea.or.kr/cms/resource/06/3564306_image2_1.jpg,0,,0,,0,,0,,0,,0,,0,,1,63599,0,,0,,0,,0,,0,,0,,0,,0,,0,,2b91c56fc7b5196bc828c9238081678ed31b26a21a318ac516580238a40ca35b,hank-place-field-audit-v1,Stage3 Firestore snapshot; live read blocked by RESOURCE_EXHAUSTED
759,kto-142968,제주로얄호텔,JEJU_CITY,jeju_city,제주시,32,숙박,stay,UNKNOWN,6,0,6,6,24,25,,1,제주로얄호텔,1,32:숙박,1,제주특별자치도 제주시 신대로12길 45,0,,1,"33.488486049,126.4916581393",0,,1,https://tong.visitkorea.or.kr/cms/resource/88/1339888_image2_1.jpg,0,,0,,0,,0,,0,,0,,0,,1,63124,0,,0,,0,,0,,0,,0,,0,,0,,0,,2b91c56fc7b5196bc828c9238081678ed31b26a21a318ac516580238a40ca35b,hank-place-field-audit-v1,Stage3 Firestore snapshot; live read blocked by RESOURCE_EXHAUSTED
760,kto-142970,제주팔레스호텔,JEJU_CITY,jeju_city,제주시,32,숙박,stay,UNKNOWN,6,0,6,6,24,25,,1,제주팔레스호텔,1,32:숙박,1,제주특별자치도 제주시 탑동로 9,0,,1,"33.5168749217,126.5236822892",0,,1,https://tong.visitkorea.or.kr/cms/resource/18/4073718_image2_1.jpg,0,,0,,0,,0,,0,,0,,0,,1,63166,0,,0,,0,,0,,0,,0,,0,,0,,0,,2b91c56fc7b5196bc828c9238081678ed31b26a21a318ac516580238a40ca35b,hank-place-field-audit-v1,Stage3 Firestore snapshot; live read blocked by RESOURCE_EXHAUSTED
761,kto-142972,제주 오리엔탈 호텔,JEJU_CITY,jeju_city,제주시,32,숙박,stay,UNKNOWN,6,0,6,6,24,25,,1,제주 오리엔탈 호텔,1,32:숙박,1,제주특별자치도 제주시 탑동로 47,0,,1,"33.5175858876821,126.519796523382",0,,1,https://tong.visitkorea.or.kr/cms/resource/58/3522858_image2_1.jpg,0,,0,,0,,0,,0,,0,,0,,1,63166,0,,0,,0,,0,,0,,0,,0,,0,,0,,2b91c56fc7b5196bc828c9238081678ed31b26a21a318ac516580238a40ca35b,hank-place-field-audit-v1,Stage3 Firestore snapshot; live read blocked by RESOURCE_EXHAUSTED
762,kto-142976,펄호텔제주,JEJU_CITY,jeju_city,제주시,32,숙박,stay,UNKNOWN,6,0,6,6,24,25,,1,펄호텔제주,1,32:숙박,1,제주특별자치도 제주시 신대로20길 49,0,,1,"33.4835616102,126.4908861012",0,,1,https://tong.visitkorea.or.kr/cms/resource/11/4073811_image2_1.jpg,0,,0,,0,,0,,0,,0,,0,,1,63136,0,,0,,0,,0,,0,,0,,0,,0,,0,,2b91c56fc7b5196bc828c9238081678ed31b26a21a318ac516580238a40ca35b,hank-place-field-audit-v1,Stage3 Firestore snapshot; live read blocked by RESOURCE_EXHAUSTED
763,kto-143025,롯데호텔 제주,SEOGWIPO_CITY,seogwipo,서귀포시,32,숙박,stay,UNKNOWN,6,0,6,6,24,25,,1,롯데호텔 제주,1,32:숙박,1,제주특별자치도 서귀포시 중문관광로72번길 35,0,,1,"33.2486848734,126.4105127718",0,,1,https://tong.visitkorea.or.kr/cms/resource/46/3538946_image2_1.jpg,0,,0,,0,,0,,0,,0,,0,,1,63535,0,,0,,0,,0,,0,,0,,0,,0,,0,,2b91c56fc7b5196bc828c9238081678ed31b26a21a318ac516580238a40ca35b,hank-place-field-audit-v1,Stage3 Firestore snapshot; live read blocked by RESOURCE_EXHAUSTED
764,kto-143036,스타즈호텔 헤리티지,JEJU_CITY,jeju_city,제주시,32,숙박,stay,UNKNOWN,6,0,6,6,24,25,,1,스타즈호텔 헤리티지,1,32:숙박,1,제주특별자치도 제주시 관덕로 26 (삼도이동),0,,1,"33.5128580444,126.5219449008",0,,1,https://tong.visitkorea.or.kr/cms/resource/52/4077852_image2_1.png,0,,0,,0,,0,,0,,0,,0,,1,63168,0,,0,,0,,0,,0,,0,,0,,0,,0,,2b91c56fc7b5196bc828c9238081678ed31b26a21a318ac516580238a40ca35b,hank-place-field-audit-v1,Stage3 Firestore snapshot; live read blocked by RESOURCE_EXHAUSTED
765,kto-143120,오션그랜드호텔제주,JEJU_CITY,east,동부 (조천),32,숙박,stay,UNKNOWN,6,0,6,6,24,25,,1,오션그랜드호텔제주,1,32:숙박,1,제주특별자치도 제주시 조천읍 조함해안로 490,0,,1,"33.5425575414,126.6651740929",0,,1,https://tong.visitkorea.or.kr/cms/resource/33/4073833_image2_1.jpg,0,,0,,0,,0,,0,,0,,0,,1,63333,0,,0,,0,,0,,0,,0,,0,,0,,0,,2b91c56fc7b5196bc828c9238081678ed31b26a21a318ac516580238a40ca35b,hank-place-field-audit-v1,Stage3 Firestore snapshot; live read blocked by RESOURCE_EXHAUSTED
766,kto-228853,용두암,JEJU_CITY,jeju_city,제주시,12,관광지,spot,UNKNOWN,6,0,6,6,24,25,,1,용두암,1,12:관광지,1,제주특별자치도 제주시 용두암길 15 (용담이동),0,,1,"33.5147812884,126.5125098697",0,,1,https://tong.visitkorea.or.kr/cms/resource/68/3011868_image2_1.jpg,0,,0,,0,,0,,0,,0,,0,,1,63152,0,,0,,0,,0,,0,,0,,0,,0,,0,,2b91c56fc7b5196bc828c9238081678ed31b26a21a318ac516580238a40ca35b,hank-place-field-audit-v1,Stage3 Firestore snapshot; live read blocked by RESOURCE_EXHAUSTED
767,kto-228859,수월봉과 차귀해안,JEJU_CITY,west,서부 (한경),12,관광지,spot,UNKNOWN,6,0,6,6,24,25,,1,수월봉과 차귀해안,1,12:관광지,1,제주특별자치도 제주시 한경면 노을해안로 1013-70,0,,1,"33.2941224154,126.1630063111",0,,1,https://tong.visitkorea.or.kr/cms/resource/38/3556238_image2_1.jpg,0,,0,,0,,0,,0,,0,,0,,1,63008,0,,0,,0,,0,,0,,0,,0,,0,,0,,2b91c56fc7b5196bc828c9238081678ed31b26a21a318ac516580238a40ca35b,hank-place-field-audit-v1,Stage3 Firestore snapshot; live read blocked by RESOURCE_EXHAUSTED
768,kto-231986,세리월드,SEOGWIPO_CITY,seogwipo,서귀포시,28,레포츠,spot,UNKNOWN,6,0,6,6,24,25,,1,세리월드,1,28:레포츠,1,제주특별자치도 서귀포시 법환상로2번길 97-17 (법환동),0,,1,"33.2470442084,126.5120270623",0,,1,https://tong.visitkorea.or.kr/cms/resource/46/3024846_image2_1.jpg,0,,0,,0,,0,,0,,0,,0,,1,63572,0,,0,,0,,0,,0,,0,,0,,0,,0,,2b91c56fc7b5196bc828c9238081678ed31b26a21a318ac516580238a40ca35b,hank-place-field-audit-v1,Stage3 Firestore snapshot; live read blocked by RESOURCE_EXHAUSTED
769,kto-232287,소노벨 제주,JEJU_CITY,jeju_city,제주시,32,숙박,stay,UNKNOWN,6,0,6,6,24,25,,1,소노벨 제주,1,32:숙박,1,제주특별자치도 제주시 신북로 577 대명리조트,0,,1,"33.541313,126.671924",0,,1,https://tong.visitkorea.or.kr/cms/resource/16/4071016_image2_1.jpg,0,,0,,0,,0,,0,,0,,0,,1,63333,0,,0,,0,,0,,0,,0,,0,,0,,0,,2b91c56fc7b5196bc828c9238081678ed31b26a21a318ac516580238a40ca35b,hank-place-field-audit-v1,Stage3 Firestore snapshot; live read blocked by RESOURCE_EXHAUSTED
770,kto-250412,용두암해수랜드,JEJU_CITY,jeju_city,제주시,12,관광지,spot,UNKNOWN,6,0,6,6,24,25,,1,용두암해수랜드,1,12:관광지,1,제주특별자치도 제주시 서해안로 630,0,,1,"33.5158588206,126.504568869",0,,1,https://tong.visitkorea.or.kr/cms/resource/49/3055849_image2_1.jpg,0,,0,,0,,0,,0,,0,,0,,1,63150,0,,0,,0,,0,,0,,0,,0,,0,,0,,2b91c56fc7b5196bc828c9238081678ed31b26a21a318ac516580238a40ca35b,hank-place-field-audit-v1,Stage3 Firestore snapshot; live read blocked by RESOURCE_EXHAUSTED
771,kto-264590,한라산 백록담,SEOGWIPO_CITY,seogwipo,서귀포시,12,관광지,spot,UNKNOWN,6,0,6,6,24,25,,1,한라산 백록담,1,12:관광지,1,제주특별자치도 서귀포시 산록남로 2847-37 (상효동),0,,1,"33.3072442933,126.5860192949",0,,1,https://tong.visitkorea.or.kr/cms/resource/95/3035595_image2_1.jpg,0,,0,,0,,0,,0,,0,,0,,1,63577,0,,0,,0,,0,,0,,0,,0,,0,,0,,2b91c56fc7b5196bc828c9238081678ed31b26a21a318ac516580238a40ca35b,hank-place-field-audit-v1,Stage3 Firestore snapshot; live read blocked by RESOURCE_EXHAUSTED
772,kto-309943,법화사,SEOGWIPO_CITY,seogwipo,서귀포시,12,관광지,spot,UNKNOWN,6,0,6,6,24,25,,1,법화사,1,12:관광지,1,제주특별자치도 서귀포시 하원북로35번길 15-28 법화사,0,,1,"33.2652385684,126.4580035612",0,,1,https://tong.visitkorea.or.kr/cms/resource/72/3384572_image2_1.jpg,0,,0,,0,,0,,0,,0,,0,,1,63553,0,,0,,0,,0,,0,,0,,0,,0,,0,,2b91c56fc7b5196bc828c9238081678ed31b26a21a318ac516580238a40ca35b,hank-place-field-audit-v1,Stage3 Firestore snapshot; live read blocked by RESOURCE_EXHAUSTED
773,kto-315926,보덕사(제주),JEJU_CITY,jeju_city,제주시,12,관광지,spot,UNKNOWN,6,0,6,6,24,25,,1,보덕사(제주),1,12:관광지,1,제주특별자치도 제주시 독짓골8길 26,0,,1,"33.4917036061,126.5324919902",0,,1,https://tong.visitkorea.or.kr/cms/resource/66/3407066_image2_1.jpg,0,,0,,0,,0,,0,,0,,0,,1,63222,0,,0,,0,,0,,0,,0,,0,,0,,0,,2b91c56fc7b5196bc828c9238081678ed31b26a21a318ac516580238a40ca35b,hank-place-field-audit-v1,Stage3 Firestore snapshot; live read blocked by RESOURCE_EXHAUSTED
774,kto-316058,보림사(제주),JEJU_CITY,jeju_city,제주시,12,관광지,spot,UNKNOWN,6,0,6,6,24,25,,1,보림사(제주),1,12:관광지,1,제주특별자치도 제주시 사라봉동길 61,0,,1,"33.5175093027,126.5462929822",0,,1,https://tong.visitkorea.or.kr/cms/resource/12/3477912_image2_1.jpg,0,,0,,0,,0,,0,,0,,0,,1,63284,0,,0,,0,,0,,0,,0,,0,,0,,0,,2b91c56fc7b5196bc828c9238081678ed31b26a21a318ac516580238a40ca35b,hank-place-field-audit-v1,Stage3 Firestore snapshot; live read blocked by RESOURCE_EXHAUSTED
775,kto-318339,선광사(제주),SEOGWIPO_CITY,seogwipo,서귀포시,12,관광지,spot,UNKNOWN,6,0,6,6,24,25,,1,선광사(제주),1,12:관광지,1,제주특별자치도 서귀포시 남원읍 태위로510번길 42,0,,1,"33.2727088904,126.6995590489",0,,1,https://tong.visitkorea.or.kr/cms/resource/29/3477329_image2_1.jpg,0,,0,,0,,0,,0,,0,,0,,1,63620,0,,0,,0,,0,,0,,0,,0,,0,,0,,2b91c56fc7b5196bc828c9238081678ed31b26a21a318ac516580238a40ca35b,hank-place-field-audit-v1,Stage3 Firestore snapshot; live read blocked by RESOURCE_EXHAUSTED
776,kto-347233,월영사(제주),JEJU_CITY,west,서부 (애월),12,관광지,spot,UNKNOWN,6,0,6,6,24,25,,1,월영사(제주),1,12:관광지,1,제주특별자치도 제주시 애월읍 하귀동남2길 40-16,0,,1,"33.4778338147,126.4140192709",0,,1,https://tong.visitkorea.or.kr/cms/resource/11/3477811_image2_1.jpg,0,,0,,0,,0,,0,,0,,0,,1,63057,0,,0,,0,,0,,0,,0,,0,,0,,0,,2b91c56fc7b5196bc828c9238081678ed31b26a21a318ac516580238a40ca35b,hank-place-field-audit-v1,Stage3 Firestore snapshot; live read blocked by RESOURCE_EXHAUSTED
777,kto-397635,씨오르리조트,SEOGWIPO_CITY,seogwipo,서귀포시,32,숙박,stay,UNKNOWN,6,0,6,6,24,25,,1,씨오르리조트,1,32:숙박,1,제주특별자치도 서귀포시 이어도로 989,0,,1,"33.2424650896,126.5185445528",0,,1,https://tong.visitkorea.or.kr/cms/resource/95/4072895_image2_1.jpg,0,,0,,0,,0,,0,,0,,0,,1,63572,0,,0,,0,,0,,0,,0,,0,,0,,0,,2b91c56fc7b5196bc828c9238081678ed31b26a21a318ac516580238a40ca35b,hank-place-field-audit-v1,Stage3 Firestore snapshot; live read blocked by RESOURCE_EXHAUSTED
778,kto-397643,C&P리조트,SEOGWIPO_CITY,east,동부 (성산),32,숙박,stay,UNKNOWN,6,0,6,6,24,25,,1,C&P리조트,1,32:숙박,1,제주특별자치도 서귀포시 성산읍 중산간동로 4328-63,0,,1,"33.3899196479708,126.830831671286",0,,1,https://tong.visitkorea.or.kr/cms/resource/55/1933155_image2_1.jpg,0,,0,,0,,0,,0,,0,,0,,1,63635,0,,0,,0,,0,,0,,0,,0,,0,,0,,2b91c56fc7b5196bc828c9238081678ed31b26a21a318ac516580238a40ca35b,hank-place-field-audit-v1,Stage3 Firestore snapshot; live read blocked by RESOURCE_EXHAUSTED
779,kto-404121,서귀포괸당네,SEOGWIPO_CITY,seogwipo,서귀포시,39,음식점,food,UNKNOWN,6,0,6,6,24,25,,1,서귀포괸당네,1,39:음식점,1,제주특별자치도 서귀포시 칠십리로 123,0,,1,"33.2430769108982,126.567548327187",0,,1,https://tong.visitkorea.or.kr/cms/resource/07/401407_image2_1.jpg,0,,0,,0,,0,,0,,0,,0,,1,63596,0,,0,,0,,0,,0,,0,,0,,0,,0,,2b91c56fc7b5196bc828c9238081678ed31b26a21a318ac516580238a40ca35b,hank-place-field-audit-v1,Stage3 Firestore snapshot; live read blocked by RESOURCE_EXHAUSTED
780,kto-404126,굼부리식당,SEOGWIPO_CITY,east,동부 (표선),39,음식점,food,UNKNOWN,6,0,6,6,24,25,,1,굼부리식당,1,39:음식점,1,제주특별자치도 서귀포시 표선면 중산간동로 4589,0,,1,"33.3885208456916,126.804733257643",0,,1,https://tong.visitkorea.or.kr/cms/resource/15/401415_image2_1.jpg,0,,0,,0,,0,,0,,0,,0,,1,63624,0,,0,,0,,0,,0,,0,,0,,0,,0,,2b91c56fc7b5196bc828c9238081678ed31b26a21a318ac516580238a40ca35b,hank-place-field-audit-v1,Stage3 Firestore snapshot; live read blocked by RESOURCE_EXHAUSTED
781,kto-404139,등경돌식당,SEOGWIPO_CITY,east,동부 (성산),39,음식점,food,UNKNOWN,6,0,6,6,24,25,,1,등경돌식당,1,39:음식점,1,제주특별자치도 서귀포시 성산읍 일출로 279,0,,1,"33.4626101102991,126.934587033489",0,,1,https://tong.visitkorea.or.kr/cms/resource/14/1934514_image2_1.jpg,0,,0,,0,,0,,0,,0,,0,,1,63643,0,,0,,0,,0,,0,,0,,0,,0,,0,,2b91c56fc7b5196bc828c9238081678ed31b26a21a318ac516580238a40ca35b,hank-place-field-audit-v1,Stage3 Firestore snapshot; live read blocked by RESOURCE_EXHAUSTED
782,kto-404141,명원가든,SEOGWIPO_CITY,east,동부 (성산),39,음식점,food,UNKNOWN,6,0,6,6,24,25,,1,명원가든,1,39:음식점,1,제주특별자치도 서귀포시 성산읍 성산등용로 8,0,,1,"33.4646876314932,126.933664848513",0,,1,https://tong.visitkorea.or.kr/cms/resource/49/401449_image2_1.jpg,0,,0,,0,,0,,0,,0,,0,,1,63643,0,,0,,0,,0,,0,,0,,0,,0,,0,,2b91c56fc7b5196bc828c9238081678ed31b26a21a318ac516580238a40ca35b,hank-place-field-audit-v1,Stage3 Firestore snapshot; live read blocked by RESOURCE_EXHAUSTED
783,kto-404151,생원전복,SEOGWIPO_CITY,west,서부 (안덕),39,음식점,food,UNKNOWN,6,0,6,6,24,25,,1,생원전복,1,39:음식점,1,제주특별자치도 서귀포시 안덕면 산방로 7,0,,1,"33.2458450530539,126.330759130206",0,,1,https://tong.visitkorea.or.kr/cms/resource/64/401464_image2_1.jpg,0,,0,,0,,0,,0,,0,,0,,1,63530,0,,0,,0,,0,,0,,0,,0,,0,,0,,2b91c56fc7b5196bc828c9238081678ed31b26a21a318ac516580238a40ca35b,hank-place-field-audit-v1,Stage3 Firestore snapshot; live read blocked by RESOURCE_EXHAUSTED
784,kto-404156,성읍칠십리식당,SEOGWIPO_CITY,east,동부 (표선),39,음식점,food,UNKNOWN,6,0,6,6,24,25,,1,성읍칠십리식당,1,39:음식점,1,제주특별자치도 서귀포시 표선면 성읍정의현로 74,0,,1,"33.3893025655,126.8013682122",0,,1,https://tong.visitkorea.or.kr/cms/resource/21/3400321_image2_1.jpg,0,,0,,0,,0,,0,,0,,0,,1,63624,0,,0,,0,,0,,0,,0,,0,,0,,0,,2b91c56fc7b5196bc828c9238081678ed31b26a21a318ac516580238a40ca35b,hank-place-field-audit-v1,Stage3 Firestore snapshot; live read blocked by RESOURCE_EXHAUSTED
785,kto-404158,표선세화해녀의집,SEOGWIPO_CITY,east,동부 (표선),39,음식점,food,UNKNOWN,6,0,6,6,24,25,,1,표선세화해녀의집,1,39:음식점,1,제주특별자치도 서귀포시 표선면 민속해안로 40,0,,1,"33.3036426522,126.8062030805",0,,1,https://tong.visitkorea.or.kr/cms/resource/63/3024863_image2_1.jpg,0,,0,,0,,0,,0,,0,,0,,1,63625,0,,0,,0,,0,,0,,0,,0,,0,,0,,2b91c56fc7b5196bc828c9238081678ed31b26a21a318ac516580238a40ca35b,hank-place-field-audit-v1,Stage3 Firestore snapshot; live read blocked by RESOURCE_EXHAUSTED
786,kto-404165,왕일번지식당,SEOGWIPO_CITY,east,동부 (표선),39,음식점,food,UNKNOWN,6,0,6,6,24,25,,1,왕일번지식당,1,39:음식점,1,제주특별자치도 서귀포시 표선면 중산간동로 4610,0,,1,"33.3900830635,126.8031597057",0,,1,https://tong.visitkorea.or.kr/cms/resource/17/3024417_image2_1.jpg,0,,0,,0,,0,,0,,0,,0,,1,63624,0,,0,,0,,0,,0,,0,,0,,0,,0,,2b91c56fc7b5196bc828c9238081678ed31b26a21a318ac516580238a40ca35b,hank-place-field-audit-v1,Stage3 Firestore snapshot; live read blocked by RESOURCE_EXHAUSTED
787,kto-404168,오조해녀의집,SEOGWIPO_CITY,east,동부 (성산),39,음식점,food,UNKNOWN,6,0,6,6,24,25,,1,오조해녀의집,1,39:음식점,1,제주특별자치도 서귀포시 성산읍 한도로 141-13,0,,1,"33.4697761845,126.9223003307",0,,1,https://tong.visitkorea.or.kr/cms/resource/35/3382135_image2_1.jpg,0,,0,,0,,0,,0,,0,,0,,1,63639,0,,0,,0,,0,,0,,0,,0,,0,,0,,2b91c56fc7b5196bc828c9238081678ed31b26a21a318ac516580238a40ca35b,hank-place-field-audit-v1,Stage3 Firestore snapshot; live read blocked by RESOURCE_EXHAUSTED
788,kto-404175,제주뚝배기,SEOGWIPO_CITY,east,동부 (성산),39,음식점,food,UNKNOWN,6,0,6,6,24,25,,1,제주뚝배기,1,39:음식점,1,제주특별자치도 서귀포시 성산읍 일출로 255,0,,1,"33.4611967513,126.9330912603",0,,1,https://tong.visitkorea.or.kr/cms/resource/07/3024707_image2_1.jpg,0,,0,,0,,0,,0,,0,,0,,1,63643,0,,0,,0,,0,,0,,0,,0,,0,,0,,2b91c56fc7b5196bc828c9238081678ed31b26a21a318ac516580238a40ca35b,hank-place-field-audit-v1,Stage3 Firestore snapshot; live read blocked by RESOURCE_EXHAUSTED
789,kto-404180,진미명가,SEOGWIPO_CITY,west,서부 (안덕),39,음식점,food,UNKNOWN,6,0,6,6,24,25,,1,진미명가,1,39:음식점,1,제주특별자치도 서귀포시 안덕면 사계남로 167,0,,1,"33.2283513861,126.3076174292",0,,1,https://tong.visitkorea.or.kr/cms/resource/66/3024766_image2_1.jpg,0,,0,,0,,0,,0,,0,,0,,1,63528,0,,0,,0,,0,,0,,0,,0,,0,,0,,2b91c56fc7b5196bc828c9238081678ed31b26a21a318ac516580238a40ca35b,hank-place-field-audit-v1,Stage3 Firestore snapshot; live read blocked by RESOURCE_EXHAUSTED
790,kto-404182,천제연토속,SEOGWIPO_CITY,seogwipo,서귀포시,39,음식점,food,UNKNOWN,6,0,6,6,24,25,,1,천제연토속,1,39:음식점,1,제주특별자치도 서귀포시 천제연로 45,0,,1,"33.2566950594593,126.410862559514",0,,1,https://tong.visitkorea.or.kr/cms/resource/28/401528_image2_1.jpg,0,,0,,0,,0,,0,,0,,0,,1,63534,0,,0,,0,,0,,0,,0,,0,,0,,0,,2b91c56fc7b5196bc828c9238081678ed31b26a21a318ac516580238a40ca35b,hank-place-field-audit-v1,Stage3 Firestore snapshot; live read blocked by RESOURCE_EXHAUSTED
791,kto-404185,하르방밀면,SEOGWIPO_CITY,west,서부 (대정),39,음식점,food,UNKNOWN,6,0,6,6,24,25,,1,하르방밀면,1,39:음식점,1,제주특별자치도 서귀포시 대정읍 동일하모로 229,0,,1,"33.225848973466,126.255799872805",0,,1,https://tong.visitkorea.or.kr/cms/resource/29/401529_image2_1.jpg,0,,0,,0,,0,,0,,0,,0,,1,63508,0,,0,,0,,0,,0,,0,,0,,0,,0,,2b91c56fc7b5196bc828c9238081678ed31b26a21a318ac516580238a40ca35b,hank-place-field-audit-v1,Stage3 Firestore snapshot; live read blocked by RESOURCE_EXHAUSTED
792,kto-404187,한성식당,SEOGWIPO_CITY,east,동부 (성산),39,음식점,food,UNKNOWN,6,0,6,6,24,25,,1,한성식당,1,39:음식점,1,제주특별자치도 서귀포시 성산읍 일출로 287,0,,1,"33.4631767178067,126.934998093307",0,,1,https://tong.visitkorea.or.kr/cms/resource/34/401534_image2_1.jpg,0,,0,,0,,0,,0,,0,,0,,1,63643,0,,0,,0,,0,,0,,0,,0,,0,,0,,2b91c56fc7b5196bc828c9238081678ed31b26a21a318ac516580238a40ca35b,hank-place-field-audit-v1,Stage3 Firestore snapshot; live read blocked by RESOURCE_EXHAUSTED
793,kto-404193,고관심해장국,JEJU_CITY,west,서부 (한경),39,음식점,food,UNKNOWN,6,0,6,6,24,25,,1,고관심해장국,1,39:음식점,1,제주특별자치도 제주시 한경면 용고로 86,0,,1,"33.3011695738899,126.17954972989",0,,1,https://tong.visitkorea.or.kr/cms/resource/42/401542_image2_1.jpg,0,,0,,0,,0,,0,,0,,0,,1,63008,0,,0,,0,,0,,0,,0,,0,,0,,0,,2b91c56fc7b5196bc828c9238081678ed31b26a21a318ac516580238a40ca35b,hank-place-field-audit-v1,Stage3 Firestore snapshot; live read blocked by RESOURCE_EXHAUSTED
794,kto-404202,삼대국수회관,JEJU_CITY,jeju_city,제주시,39,음식점,food,UNKNOWN,6,0,6,6,24,25,,1,삼대국수회관,1,39:음식점,1,제주특별자치도 제주시 삼성로 41,0,,1,"33.5068657788,126.5301029645",0,,1,https://tong.visitkorea.or.kr/cms/resource/22/3396822_image2_1.jpg,0,,0,,0,,0,,0,,0,,0,,1,63269,0,,0,,0,,0,,0,,0,,0,,0,,0,,2b91c56fc7b5196bc828c9238081678ed31b26a21a318ac516580238a40ca35b,hank-place-field-audit-v1,Stage3 Firestore snapshot; live read blocked by RESOURCE_EXHAUSTED
795,kto-404214,유빈,JEJU_CITY,jeju_city,제주시,39,음식점,food,UNKNOWN,6,0,6,6,24,25,,1,유빈,1,39:음식점,1,제주특별자치도 제주시 탑동로 55,0,,1,"33.5180108254298,126.519002143147",0,,1,https://tong.visitkorea.or.kr/cms/resource/80/401580_image2_1.jpg,0,,0,,0,,0,,0,,0,,0,,1,63167,0,,0,,0,,0,,0,,0,,0,,0,,0,,2b91c56fc7b5196bc828c9238081678ed31b26a21a318ac516580238a40ca35b,hank-place-field-audit-v1,Stage3 Firestore snapshot; live read blocked by RESOURCE_EXHAUSTED
796,kto-482093,천왕사(제주),JEJU_CITY,jeju_city,제주시,12,관광지,spot,UNKNOWN,6,0,6,6,24,25,,1,천왕사(제주),1,12:관광지,1,제주특별자치도 제주시 1100로 2528-111 (노형동),0,,1,"33.4082872226,126.4939972225",0,,1,https://tong.visitkorea.or.kr/cms/resource/37/3034437_image2_1.jpg,0,,0,,0,,0,,0,,0,,0,,1,63080,0,,0,,0,,0,,0,,0,,0,,0,,0,,2b91c56fc7b5196bc828c9238081678ed31b26a21a318ac516580238a40ca35b,hank-place-field-audit-v1,Stage3 Firestore snapshot; live read blocked by RESOURCE_EXHAUSTED
797,kto-572968,따라비 오름,SEOGWIPO_CITY,east,동부 (표선),12,관광지,spot,UNKNOWN,6,0,6,6,24,25,,1,따라비 오름,1,12:관광지,1,제주특별자치도 서귀포시 표선면 가시리 산62,0,,1,"33.3871,126.7534",0,,1,https://tong.visitkorea.or.kr/cms/resource/05/3535905_image2_1.jpg,0,,0,,0,,0,,0,,0,,0,,1,63622,0,,0,,0,,0,,0,,0,,0,,0,,0,,2b91c56fc7b5196bc828c9238081678ed31b26a21a318ac516580238a40ca35b,hank-place-field-audit-v1,Stage3 Firestore snapshot; live read blocked by RESOURCE_EXHAUSTED
798,kto-583141,휘닉스 아일랜드,SEOGWIPO_CITY,east,동부 (성산),32,숙박,stay,UNKNOWN,6,0,6,6,24,25,,1,휘닉스 아일랜드,1,32:숙박,1,제주특별자치도 서귀포시 성산읍 섭지코지로 107,0,,1,"33.4301729194,126.9293445634",0,,1,https://tong.visitkorea.or.kr/cms/resource/51/4076251_image2_1.jpg,0,,0,,0,,0,,0,,0,,0,,1,63642,0,,0,,0,,0,,0,,0,,0,,0,,0,,2b91c56fc7b5196bc828c9238081678ed31b26a21a318ac516580238a40ca35b,hank-place-field-audit-v1,Stage3 Firestore snapshot; live read blocked by RESOURCE_EXHAUSTED
799,kto-590415,감귤박물관,SEOGWIPO_CITY,seogwipo,서귀포시,14,문화시설,spot,UNKNOWN,6,0,6,6,24,25,,1,감귤박물관,1,14:문화시설,1,제주특별자치도 서귀포시 효돈순환로 441,0,,1,"33.2711520767709,126.608077266292",0,,1,https://tong.visitkorea.or.kr/cms/resource/33/4001333_image2_1.jpeg,0,,0,,0,,0,,0,,0,,0,,1,63605,0,,0,,0,,0,,0,,0,,0,,0,,0,,2b91c56fc7b5196bc828c9238081678ed31b26a21a318ac516580238a40ca35b,hank-place-field-audit-v1,Stage3 Firestore snapshot; live read blocked by RESOURCE_EXHAUSTED
800,kto-591798,하고수동해변,JEJU_CITY,jeju_city,제주시,12,관광지,spot,UNKNOWN,6,0,6,6,24,25,,1,하고수동해변,1,12:관광지,1,제주특별자치도 제주시 우도면 연평리,0,,1,"33.5142746145,126.9574573668",0,,1,https://tong.visitkorea.or.kr/cms/resource/64/3555264_image2_1.jpg,0,,0,,0,,0,,0,,0,,0,,1,63365,0,,0,,0,,0,,0,,0,,0,,0,,0,,2b91c56fc7b5196bc828c9238081678ed31b26a21a318ac516580238a40ca35b,hank-place-field-audit-v1,Stage3 Firestore snapshot; live read blocked by RESOURCE_EXHAUSTED
801,kto-591866,금능해수욕장,JEJU_CITY,west,서부 (한림),12,관광지,spot,UNKNOWN,6,0,6,6,24,25,,1,금능해수욕장,1,12:관광지,1,제주특별자치도 제주시 한림읍 금능길 119-10,0,,1,"33.3903137402,126.2360240519",0,,1,https://tong.visitkorea.or.kr/cms/resource_photo/09/3515409_image2_1.jpg,0,,0,,0,,0,,0,,0,,0,,1,63010,0,,0,,0,,0,,0,,0,,0,,0,,0,,2b91c56fc7b5196bc828c9238081678ed31b26a21a318ac516580238a40ca35b,hank-place-field-audit-v1,Stage3 Firestore snapshot; live read blocked by RESOURCE_EXHAUSTED
802,kto-594065,방림원,JEJU_CITY,west,서부 (한경),14,문화시설,spot,UNKNOWN,6,0,6,6,24,25,,1,방림원,1,14:문화시설,1,제주특별자치도 제주시 한경면 용금로 864,0,,1,"33.3372862173506,126.268585085705",0,,1,https://tong.visitkorea.or.kr/cms/resource/74/3553174_image2_1.jpg,0,,0,,0,,0,,0,,0,,0,,1,63005,0,,0,,0,,0,,0,,0,,0,,0,,0,,2b91c56fc7b5196bc828c9238081678ed31b26a21a318ac516580238a40ca35b,hank-place-field-audit-v1,Stage3 Firestore snapshot; live read blocked by RESOURCE_EXHAUSTED
803,kto-596964,세계자동차&피아노 박물관,SEOGWIPO_CITY,west,서부 (안덕),14,문화시설,spot,UNKNOWN,6,0,6,6,24,25,,1,세계자동차&피아노 박물관,1,14:문화시설,1,제주특별자치도 서귀포시 안덕면 중산간서로 1610,0,,1,"33.2834376347,126.3499458641",0,,1,https://tong.visitkorea.or.kr/cms/resource/03/3548503_image2_1.jpg,0,,0,,0,,0,,0,,0,,0,,1,63526,0,,0,,0,,0,,0,,0,,0,,0,,0,,2b91c56fc7b5196bc828c9238081678ed31b26a21a318ac516580238a40ca35b,hank-place-field-audit-v1,Stage3 Firestore snapshot; live read blocked by RESOURCE_EXHAUSTED
804,kto-597562,제주현대미술관,JEJU_CITY,west,서부 (한경),14,문화시설,spot,UNKNOWN,6,0,6,6,24,25,,1,제주현대미술관,1,14:문화시설,1,제주특별자치도 제주시 한경면 저지14길 35,0,,1,"33.3398442069,126.2656603005",0,,1,https://tong.visitkorea.or.kr/cms/resource/78/4088678_image2_1.jpg,0,,0,,0,,0,,0,,0,,0,,1,63005,0,,0,,0,,0,,0,,0,,0,,0,,0,,2b91c56fc7b5196bc828c9238081678ed31b26a21a318ac516580238a40ca35b,hank-place-field-audit-v1,Stage3 Firestore snapshot; live read blocked by RESOURCE_EXHAUSTED
805,kto-598558,우도산호해변 홍조단괴 서빈백사,JEJU_CITY,jeju_city,제주시,12,관광지,spot,UNKNOWN,6,0,6,6,24,25,,1,우도산호해변 홍조단괴 서빈백사,1,12:관광지,1,제주특별자치도 제주시 우도면 우도해안길 252,0,,1,"33.5026812286,126.9437532672",0,,1,https://tong.visitkorea.or.kr/cms/resource/74/3011874_image2_1.jpg,0,,0,,0,,0,,0,,0,,0,,1,63365,0,,0,,0,,0,,0,,0,,0,,0,,0,,2b91c56fc7b5196bc828c9238081678ed31b26a21a318ac516580238a40ca35b,hank-place-field-audit-v1,Stage3 Firestore snapshot; live read blocked by RESOURCE_EXHAUSTED
806,kto-598635,검멀레해변,JEJU_CITY,jeju_city,제주시,12,관광지,spot,UNKNOWN,6,0,6,6,24,25,,1,검멀레해변,1,12:관광지,1,제주 제주시 우도면 연평리,0,,1,"33.497279,126.967248",0,,1,https://tong.visitkorea.or.kr/cms/resource/91/3481291_image2_1.jpg,0,,0,,0,,0,,0,,0,,0,,1,63365,0,,0,,0,,0,,0,,0,,0,,0,,0,,2b91c56fc7b5196bc828c9238081678ed31b26a21a318ac516580238a40ca35b,hank-place-field-audit-v1,Stage3 Firestore snapshot; live read blocked by RESOURCE_EXHAUSTED
807,kto-600584,금호리조트 제주아쿠아나,SEOGWIPO_CITY,seogwipo,서귀포시,12,관광지,spot,UNKNOWN,6,0,6,6,24,25,,1,금호리조트 제주아쿠아나,1,12:관광지,1,제주특별자치도 서귀포시 남원읍 태위로 522-12,0,,1,"33.2737526275,126.7028238197",0,,1,https://tong.visitkorea.or.kr/cms/resource/67/3024967_image2_1.jpg,0,,0,,0,,0,,0,,0,,0,,1,63620,0,,0,,0,,0,,0,,0,,0,,0,,0,,2b91c56fc7b5196bc828c9238081678ed31b26a21a318ac516580238a40ca35b,hank-place-field-audit-v1,Stage3 Firestore snapshot; live read blocked by RESOURCE_EXHAUSTED
808,kto-601489,서귀포해양도립공원,SEOGWIPO_CITY,seogwipo,서귀포시,12,관광지,spot,UNKNOWN,6,0,6,6,24,25,,1,서귀포해양도립공원,1,12:관광지,1,제주특별자치도 서귀포시 남성중로 43 (서홍동),0,,1,"33.2398207377,126.5582787717",0,,1,https://tong.visitkorea.or.kr/cms/resource/87/3035387_image2_1.jpg,0,,0,,0,,0,,0,,0,,0,,1,63594,0,,0,,0,,0,,0,,0,,0,,0,,0,,2b91c56fc7b5196bc828c9238081678ed31b26a21a318ac516580238a40ca35b,hank-place-field-audit-v1,Stage3 Firestore snapshot; live read blocked by RESOURCE_EXHAUSTED
809,kto-635460,제주도예촌,SEOGWIPO_CITY,west,서부 (대정),12,관광지,spot,UNKNOWN,6,0,6,6,24,25,,1,제주도예촌,1,12:관광지,1,제주특별자치도 서귀포시 대정읍 암반수마농로 433,0,,1,"33.2650781575,126.2353801057",0,,1,https://tong.visitkorea.or.kr/cms/resource/75/3390175_image2_1.jpg,0,,0,,0,,0,,0,,0,,0,,1,63502,0,,0,,0,,0,,0,,0,,0,,0,,0,,2b91c56fc7b5196bc828c9238081678ed31b26a21a318ac516580238a40ca35b,hank-place-field-audit-v1,Stage3 Firestore snapshot; live read blocked by RESOURCE_EXHAUSTED
810,kto-635593,갈중이(천연염색체험),SEOGWIPO_CITY,seogwipo,서귀포시,12,관광지,spot,UNKNOWN,6,0,6,6,24,25,,1,갈중이(천연염색체험),1,12:관광지,1,제주특별자치도 서귀포시 사계남로216번길 24-61 갈중이,0,,1,"33.2351126968,126.3136470705",0,,1,https://tong.visitkorea.or.kr/cms/resource/95/3552495_image2_1.jpg,0,,0,,0,,0,,0,,0,,0,,1,63528,0,,0,,0,,0,,0,,0,,0,,0,,0,,2b91c56fc7b5196bc828c9238081678ed31b26a21a318ac516580238a40ca35b,hank-place-field-audit-v1,Stage3 Firestore snapshot; live read blocked by RESOURCE_EXHAUSTED
811,kto-635701,신풍 신천 바다목장,SEOGWIPO_CITY,east,동부 (성산),12,관광지,spot,UNKNOWN,6,0,6,6,24,25,,1,신풍 신천 바다목장,1,12:관광지,1,제주특별자치도 서귀포시 성산읍 일주동로 5417,0,,1,"33.3559713485,126.8637960644",0,,1,https://tong.visitkorea.or.kr/cms/resource/48/3401548_image2_1.jpg,0,,0,,0,,0,,0,,0,,0,,1,63636,0,,0,,0,,0,,0,,0,,0,,0,,0,,2b91c56fc7b5196bc828c9238081678ed31b26a21a318ac516580238a40ca35b,hank-place-field-audit-v1,Stage3 Firestore snapshot; live read blocked by RESOURCE_EXHAUSTED
812,kto-635928,최남단체험감귤농장,SEOGWIPO_CITY,seogwipo,서귀포시,12,관광지,spot,UNKNOWN,6,0,6,6,24,25,,1,최남단체험감귤농장,1,12:관광지,1,제주특별자치도 서귀포시 남원읍 남위남성로 164,0,,1,"33.2899166171,126.6937536953",0,,1,https://tong.visitkorea.or.kr/cms/resource/74/3077574_image2_1.jpg,0,,0,,0,,0,,0,,0,,0,,1,63619,0,,0,,0,,0,,0,,0,,0,,0,,0,,2b91c56fc7b5196bc828c9238081678ed31b26a21a318ac516580238a40ca35b,hank-place-field-audit-v1,Stage3 Firestore snapshot; live read blocked by RESOURCE_EXHAUSTED
813,kto-636073,다이브랜드,SEOGWIPO_CITY,seogwipo,서귀포시,28,레포츠,spot,UNKNOWN,6,0,6,6,24,25,,1,다이브랜드,1,28:레포츠,1,제주특별자치도 서귀포시 보목포로 29 (보목동),0,,1,"33.2408005072,126.6059699818",0,,1,https://tong.visitkorea.or.kr/cms/resource/67/3477467_image2_1.jpg,0,,0,,0,,0,,0,,0,,0,,1,63599,0,,0,,0,,0,,0,,0,,0,,0,,0,,2b91c56fc7b5196bc828c9238081678ed31b26a21a318ac516580238a40ca35b,hank-place-field-audit-v1,Stage3 Firestore snapshot; live read blocked by RESOURCE_EXHAUSTED
814,kto-636266,거문오름,JEJU_CITY,east,동부 (조천),12,관광지,spot,UNKNOWN,6,0,6,6,24,25,,1,거문오름,1,12:관광지,1,제주특별자치도 제주시 조천읍 선교로 569-36,0,,1,"33.4547,126.7179",0,,1,https://tong.visitkorea.or.kr/cms/resource/85/4074785_image2_1.jpg,0,,0,,0,,0,,0,,0,,0,,1,63341,0,,0,,0,,0,,0,,0,,0,,0,,0,,2b91c56fc7b5196bc828c9238081678ed31b26a21a318ac516580238a40ca35b,hank-place-field-audit-v1,Stage3 Firestore snapshot; live read blocked by RESOURCE_EXHAUSTED
815,kto-636393,제주선인장마을,JEJU_CITY,west,서부 (한림),12,관광지,spot,UNKNOWN,6,0,6,6,24,25,,1,제주선인장마을,1,12:관광지,1,제주특별자치도 제주시 한림읍 금능남로 418,0,,1,"33.354236595,126.2529225533",0,,1,https://tong.visitkorea.or.kr/cms/resource/12/3397012_image2_1.jpg,0,,0,,0,,0,,0,,0,,0,,1,63016,0,,0,,0,,0,,0,,0,,0,,0,,0,,2b91c56fc7b5196bc828c9238081678ed31b26a21a318ac516580238a40ca35b,hank-place-field-audit-v1,Stage3 Firestore snapshot; live read blocked by RESOURCE_EXHAUSTED
816,kto-637212,제주마방목지,JEJU_CITY,jeju_city,제주시,12,관광지,spot,UNKNOWN,6,0,6,6,24,25,,1,제주마방목지,1,12:관광지,1,제주특별자치도 제주시 516로 2480,0,,1,"33.4275893792,126.6036880018",0,,1,https://tong.visitkorea.or.kr/cms/resource/18/3053118_image2_1.jpg,0,,0,,0,,0,,0,,0,,0,,1,63312,0,,0,,0,,0,,0,,0,,0,,0,,0,,2b91c56fc7b5196bc828c9238081678ed31b26a21a318ac516580238a40ca35b,hank-place-field-audit-v1,Stage3 Firestore snapshot; live read blocked by RESOURCE_EXHAUSTED
817,kto-653140,엘리시안 제주 컨트리클럽,JEJU_CITY,west,서부 (애월),28,레포츠,spot,UNKNOWN,6,0,6,6,24,25,,1,엘리시안 제주 컨트리클럽,1,28:레포츠,1,제주특별자치도 제주시 애월읍 평화로 1738-116,0,,1,"33.37249,126.381153",0,,1,https://tong.visitkorea.or.kr/cms/resource/41/4073641_image2_1.jpg,0,,0,,0,,0,,0,,0,,0,,1,63041,0,,0,,0,,0,,0,,0,,0,,0,,0,,2b91c56fc7b5196bc828c9238081678ed31b26a21a318ac516580238a40ca35b,hank-place-field-audit-v1,Stage3 Firestore snapshot; live read blocked by RESOURCE_EXHAUSTED
818,kto-655015,한라식당,JEJU_CITY,jeju_city,제주시,39,음식점,food,UNKNOWN,6,0,6,6,24,25,,1,한라식당,1,39:음식점,1,제주특별자치도 제주시 광양9길 19,0,,1,"33.5004630751,126.5318096859",0,,1,https://tong.visitkorea.or.kr/cms/resource/08/1937208_image2_1.jpg,0,,0,,0,,0,,0,,0,,0,,1,63208,0,,0,,0,,0,,0,,0,,0,,0,,0,,2b91c56fc7b5196bc828c9238081678ed31b26a21a318ac516580238a40ca35b,hank-place-field-audit-v1,Stage3 Firestore snapshot; live read blocked by RESOURCE_EXHAUSTED
819,kto-655543,서울뚝배기,JEJU_CITY,jeju_city,제주시,39,음식점,food,UNKNOWN,6,0,6,6,24,25,,1,서울뚝배기,1,39:음식점,1,제주특별자치도 제주시 아연로 10,0,,1,"33.4807037018467,126.496638408926",0,,1,https://tong.visitkorea.or.kr/cms/resource/87/1935187_image2_1.jpg,0,,0,,0,,0,,0,,0,,0,,1,63142,0,,0,,0,,0,,0,,0,,0,,0,,0,,2b91c56fc7b5196bc828c9238081678ed31b26a21a318ac516580238a40ca35b,hank-place-field-audit-v1,Stage3 Firestore snapshot; live read blocked by RESOURCE_EXHAUSTED
820,kto-655553,신제주삼보식당,JEJU_CITY,jeju_city,제주시,39,음식점,food,UNKNOWN,6,0,6,6,24,25,,1,신제주삼보식당,1,39:음식점,1,제주특별자치도 제주시 신대로16길 10 (연동),0,,1,"33.4869190713,126.4952980592",0,,1,https://tong.visitkorea.or.kr/cms/resource/93/3057693_image2_1.jpg,0,,0,,0,,0,,0,,0,,0,,1,63123,0,,0,,0,,0,,0,,0,,0,,0,,0,,2b91c56fc7b5196bc828c9238081678ed31b26a21a318ac516580238a40ca35b,hank-place-field-audit-v1,Stage3 Firestore snapshot; live read blocked by RESOURCE_EXHAUSTED
821,kto-660876,다인리조트,JEJU_CITY,west,서부 (애월),32,숙박,stay,UNKNOWN,6,0,6,6,24,25,,1,다인리조트,1,32:숙박,1,제주특별자치도 제주시 애월읍 애월해안로 400-9,0,,1,"33.4714441280706,126.35125215049",0,,1,https://tong.visitkorea.or.kr/cms/resource/77/666077_image2_1.jpg,0,,0,,0,,0,,0,,0,,0,,1,63046,0,,0,,0,,0,,0,,0,,0,,0,,0,,2b91c56fc7b5196bc828c9238081678ed31b26a21a318ac516580238a40ca35b,hank-place-field-audit-v1,Stage3 Firestore snapshot; live read blocked by RESOURCE_EXHAUSTED
822,kto-660972,하도리 철새도래지,JEJU_CITY,east,동부 (구좌),12,관광지,spot,UNKNOWN,6,0,6,6,24,25,,1,하도리 철새도래지,1,12:관광지,1,제주특별자치도 제주시 구좌읍 하도리 53-2,0,,1,"33.504012,126.891953",0,,1,https://tong.visitkorea.or.kr/cms/resource/79/4067779_image2_1.jpg,0,,0,,0,,0,,0,,0,,0,,1,695976,0,,0,,0,,0,,0,,0,,0,,0,,0,,2b91c56fc7b5196bc828c9238081678ed31b26a21a318ac516580238a40ca35b,hank-place-field-audit-v1,Stage3 Firestore snapshot; live read blocked by RESOURCE_EXHAUSTED
823,kto-664081,삼성혈해물탕,JEJU_CITY,jeju_city,제주시,39,음식점,food,UNKNOWN,6,0,6,6,24,25,,1,삼성혈해물탕,1,39:음식점,1,제주특별자치도 제주시 선덕로5길 20,0,,1,"33.4912225503,126.4977255785",0,,1,https://tong.visitkorea.or.kr/cms/resource/45/656845_image2_1.jpg,0,,0,,0,,0,,0,,0,,0,,1,63122,0,,0,,0,,0,,0,,0,,0,,0,,0,,2b91c56fc7b5196bc828c9238081678ed31b26a21a318ac516580238a40ca35b,hank-place-field-audit-v1,Stage3 Firestore snapshot; live read blocked by RESOURCE_EXHAUSTED
824,kto-664154,옛날옛적 성산본점,SEOGWIPO_CITY,east,동부 (성산),39,음식점,food,UNKNOWN,6,0,6,6,24,25,,1,옛날옛적 성산본점,1,39:음식점,1,제주특별자치도 서귀포시 성산읍 일주동로 4660,0,,1,"33.4143707081,126.8999635852",0,,1,https://tong.visitkorea.or.kr/cms/resource/64/1935264_image2_1.jpg,0,,0,,0,,0,,0,,0,,0,,1,63633,0,,0,,0,,0,,0,,0,,0,,0,,0,,2b91c56fc7b5196bc828c9238081678ed31b26a21a318ac516580238a40ca35b,hank-place-field-audit-v1,Stage3 Firestore snapshot; live read blocked by RESOURCE_EXHAUSTED
825,kto-664204,해오름,SEOGWIPO_CITY,east,동부 (성산),39,음식점,food,UNKNOWN,6,0,6,6,24,25,,1,해오름,1,39:음식점,1,제주특별자치도 서귀포시 성산읍 일출로 260,0,,1,"33.4643320822,126.9315178337",0,,1,https://tong.visitkorea.or.kr/cms/resource/37/3034737_image2_1.jpg,0,,0,,0,,0,,0,,0,,0,,1,63643,0,,0,,0,,0,,0,,0,,0,,0,,0,,2b91c56fc7b5196bc828c9238081678ed31b26a21a318ac516580238a40ca35b,hank-place-field-audit-v1,Stage3 Firestore snapshot; live read blocked by RESOURCE_EXHAUSTED
826,kto-664982,서귀포흑돼지명가,SEOGWIPO_CITY,seogwipo,서귀포시,39,음식점,food,UNKNOWN,6,0,6,6,24,25,,1,서귀포흑돼지명가,1,39:음식점,1,제주특별자치도 서귀포시 태평로 122 (호근동),0,,1,"33.2440797906,126.5363506678",0,,1,https://tong.visitkorea.or.kr/cms/resource/82/3466482_image2_1.jpg,0,,0,,0,,0,,0,,0,,0,,1,63571,0,,0,,0,,0,,0,,0,,0,,0,,0,,2b91c56fc7b5196bc828c9238081678ed31b26a21a318ac516580238a40ca35b,hank-place-field-audit-v1,Stage3 Firestore snapshot; live read blocked by RESOURCE_EXHAUSTED
827,kto-665594,더마파크,JEJU_CITY,west,서부 (한림),12,관광지,spot,UNKNOWN,6,0,6,6,24,25,,1,더마파크,1,12:관광지,1,제주특별자치도 제주시 한림읍 월림7길 155,0,,1,"33.3549226516,126.2430787305",0,,1,https://tong.visitkorea.or.kr/cms/resource/60/3556260_image2_1.jpg,0,,0,,0,,0,,0,,0,,0,,1,63017,0,,0,,0,,0,,0,,0,,0,,0,,0,,2b91c56fc7b5196bc828c9238081678ed31b26a21a318ac516580238a40ca35b,hank-place-field-audit-v1,Stage3 Firestore snapshot; live read blocked by RESOURCE_EXHAUSTED
828,kto-696841,테디베어하우스 테지움,JEJU_CITY,west,서부 (애월),14,문화시설,spot,UNKNOWN,6,0,6,6,24,25,,1,테디베어하우스 테지움,1,14:문화시설,1,제주특별자치도 제주시 애월읍 평화로 2159,0,,1,"33.41204355,126.3935836397",0,,1,https://tong.visitkorea.or.kr/cms/resource/98/3034398_image2_1.jpg,0,,0,,0,,0,,0,,0,,0,,1,63037,0,,0,,0,,0,,0,,0,,0,,0,,0,,2b91c56fc7b5196bc828c9238081678ed31b26a21a318ac516580238a40ca35b,hank-place-field-audit-v1,Stage3 Firestore snapshot; live read blocked by RESOURCE_EXHAUSTED
829,kto-719643,담앤루리조트,SEOGWIPO_CITY,seogwipo,서귀포시,32,숙박,stay,UNKNOWN,6,0,6,6,24,25,,1,담앤루리조트,1,32:숙박,1,제주특별자치도 서귀포시 이어도로343번길 63,0,,1,"33.2458552972805,126.451545137685",0,,1,https://tong.visitkorea.or.kr/cms/resource/84/1341384_image2_1.jpg,0,,0,,0,,0,,0,,0,,0,,1,63543,0,,0,,0,,0,,0,,0,,0,,0,,0,,2b91c56fc7b5196bc828c9238081678ed31b26a21a318ac516580238a40ca35b,hank-place-field-audit-v1,Stage3 Firestore snapshot; live read blocked by RESOURCE_EXHAUSTED
830,kto-733422,롱비치펜션,SEOGWIPO_CITY,seogwipo,서귀포시,32,숙박,stay,UNKNOWN,6,0,6,6,24,25,,1,롱비치펜션,1,32:숙박,1,제주특별자치도 서귀포시 남태해안로 11-16 롱비치펜션,0,,1,"33.2753532364,126.7107648725",0,,1,https://tong.visitkorea.or.kr/cms/resource/94/4105994_image2_1.jpg,0,,0,,0,,0,,0,,0,,0,,1,63621,0,,0,,0,,0,,0,,0,,0,,0,,0,,2b91c56fc7b5196bc828c9238081678ed31b26a21a318ac516580238a40ca35b,hank-place-field-audit-v1,Stage3 Firestore snapshot; live read blocked by RESOURCE_EXHAUSTED
831,kto-733516,바다에누워 펜션,SEOGWIPO_CITY,seogwipo,서귀포시,32,숙박,stay,UNKNOWN,6,0,6,6,24,25,,1,바다에누워 펜션,1,32:숙박,1,제주특별자치도 서귀포시 남원읍 위미해안로 60,0,,1,"33.2696884696,126.6578361411",0,,1,https://tong.visitkorea.or.kr/cms/resource/97/3477297_image2_1.jpg,0,,0,,0,,0,,0,,0,,0,,1,63611,0,,0,,0,,0,,0,,0,,0,,0,,0,,2b91c56fc7b5196bc828c9238081678ed31b26a21a318ac516580238a40ca35b,hank-place-field-audit-v1,Stage3 Firestore snapshot; live read blocked by RESOURCE_EXHAUSTED
832,kto-733540,보물섬펜션,SEOGWIPO_CITY,east,동부 (성산),32,숙박,stay,UNKNOWN,6,0,6,6,24,25,,1,보물섬펜션,1,32:숙박,1,제주특별자치도 서귀포시 성산읍 한도로242번길 10-11,0,,1,"33.4664517038,126.931705148",0,,1,https://tong.visitkorea.or.kr/cms/resource/71/3477371_image2_1.jpg,0,,0,,0,,0,,0,,0,,0,,1,63643,0,,0,,0,,0,,0,,0,,0,,0,,0,,2b91c56fc7b5196bc828c9238081678ed31b26a21a318ac516580238a40ca35b,hank-place-field-audit-v1,Stage3 Firestore snapshot; live read blocked by RESOURCE_EXHAUSTED
833,kto-733594,제주 써니데이,SEOGWIPO_CITY,seogwipo,서귀포시,32,숙박,stay,UNKNOWN,6,0,6,6,24,25,,1,제주 써니데이,1,32:숙박,1,제주특별자치도 서귀포시 대포로 131,0,,1,"33.239600218665,126.43581896003",0,,1,https://tong.visitkorea.or.kr/cms/resource/10/1933710_image2_1.jpg,0,,0,,0,,0,,0,,0,,0,,1,63544,0,,0,,0,,0,,0,,0,,0,,0,,0,,2b91c56fc7b5196bc828c9238081678ed31b26a21a318ac516580238a40ca35b,hank-place-field-audit-v1,Stage3 Firestore snapshot; live read blocked by RESOURCE_EXHAUSTED
834,kto-733613,아망뜨펜션(제주),SEOGWIPO_CITY,east,동부 (표선),32,숙박,stay,UNKNOWN,6,0,6,6,24,25,,1,아망뜨펜션(제주),1,32:숙박,1,제주특별자치도 서귀포시 표선면 민속해안로 11,0,,1,"33.3060923857,126.806436338",0,,1,https://tong.visitkorea.or.kr/cms/resource/19/729219_image2_1.jpg,0,,0,,0,,0,,0,,0,,0,,1,63625,0,,0,,0,,0,,0,,0,,0,,0,,0,,2b91c56fc7b5196bc828c9238081678ed31b26a21a318ac516580238a40ca35b,hank-place-field-audit-v1,Stage3 Firestore snapshot; live read blocked by RESOURCE_EXHAUSTED
835,kto-733622,앙끄리에펜션,SEOGWIPO_CITY,seogwipo,서귀포시,32,숙박,stay,UNKNOWN,6,0,6,6,24,25,,1,앙끄리에펜션,1,32:숙박,1,제주특별자치도 서귀포시 색달로61번길 59-8,0,,1,"33.2632769775,126.4138213265",0,,1,https://tong.visitkorea.or.kr/cms/resource/80/3477380_image2_1.jpg,0,,0,,0,,0,,0,,0,,0,,1,63534,0,,0,,0,,0,,0,,0,,0,,0,,0,,2b91c56fc7b5196bc828c9238081678ed31b26a21a318ac516580238a40ca35b,hank-place-field-audit-v1,Stage3 Firestore snapshot; live read blocked by RESOURCE_EXHAUSTED
836,kto-733684,제주바다산책,SEOGWIPO_CITY,seogwipo,서귀포시,32,숙박,stay,UNKNOWN,6,0,6,6,24,25,,1,제주바다산책,1,32:숙박,1,제주특별자치도 서귀포시 남원읍 남태해안로 11-14,0,,1,"33.2752365777767,126.710426017694",0,,1,https://tong.visitkorea.or.kr/cms/resource/11/729311_image2_1.jpg,0,,0,,0,,0,,0,,0,,0,,1,63621,0,,0,,0,,0,,0,,0,,0,,0,,0,,2b91c56fc7b5196bc828c9238081678ed31b26a21a318ac516580238a40ca35b,hank-place-field-audit-v1,Stage3 Firestore snapshot; live read blocked by RESOURCE_EXHAUSTED
837,kto-733799,제주 지삿개풍경,SEOGWIPO_CITY,seogwipo,서귀포시,32,숙박,stay,UNKNOWN,6,0,6,6,24,25,,1,제주 지삿개풍경,1,32:숙박,1,제주특별자치도 서귀포시 이어도로 150,0,,1,"33.239822453362,126.43823261991",0,,1,https://tong.visitkorea.or.kr/cms/resource/52/1933752_image2_1.jpg,0,,0,,0,,0,,0,,0,,0,,1,63544,0,,0,,0,,0,,0,,0,,0,,0,,0,,2b91c56fc7b5196bc828c9238081678ed31b26a21a318ac516580238a40ca35b,hank-place-field-audit-v1,Stage3 Firestore snapshot; live read blocked by RESOURCE_EXHAUSTED
838,kto-733924,해뜨는집 펜션,SEOGWIPO_CITY,east,동부 (성산),32,숙박,stay,UNKNOWN,6,0,6,6,24,25,,1,해뜨는집 펜션,1,32:숙박,1,제주특별자치도 서귀포시 성산읍 한도로 137,0,,1,"33.4690980480006,126.922526890225",0,,1,https://tong.visitkorea.or.kr/cms/resource/50/733350_image2_1.jpg,0,,0,,0,,0,,0,,0,,0,,1,63639,0,,0,,0,,0,,0,,0,,0,,0,,0,,2b91c56fc7b5196bc828c9238081678ed31b26a21a318ac516580238a40ca35b,hank-place-field-audit-v1,Stage3 Firestore snapshot; live read blocked by RESOURCE_EXHAUSTED
839,kto-735314,까델아스,JEJU_CITY,west,서부 (애월),32,숙박,stay,UNKNOWN,6,0,6,6,24,25,,1,까델아스,1,32:숙박,1,제주특별자치도 제주시 애월읍 신엄9길 46,0,,1,"33.4753472289,126.3666540021",0,,1,https://tong.visitkorea.or.kr/cms/resource/63/2848463_image2_1.jpg,0,,0,,0,,0,,0,,0,,0,,1,63047,0,,0,,0,,0,,0,,0,,0,,0,,0,,2b91c56fc7b5196bc828c9238081678ed31b26a21a318ac516580238a40ca35b,hank-place-field-audit-v1,Stage3 Firestore snapshot; live read blocked by RESOURCE_EXHAUSTED
840,kto-735781,꼬뜨도르 호텔,JEJU_CITY,east,동부 (구좌),32,숙박,stay,UNKNOWN,6,0,6,6,24,25,,1,꼬뜨도르 호텔,1,32:숙박,1,제주특별자치도 제주시 구좌읍 일주동로 1724,0,,1,"33.5521572596486,126.716863509389",0,,1,https://tong.visitkorea.or.kr/cms/resource/47/1618247_image2_1.jpg,0,,0,,0,,0,,0,,0,,0,,1,63347,0,,0,,0,,0,,0,,0,,0,,0,,0,,2b91c56fc7b5196bc828c9238081678ed31b26a21a318ac516580238a40ca35b,hank-place-field-audit-v1,Stage3 Firestore snapshot; live read blocked by RESOURCE_EXHAUSTED
841,kto-745313,제주별빛누리공원,JEJU_CITY,jeju_city,제주시,12,관광지,spot,UNKNOWN,6,0,6,6,24,25,,1,제주별빛누리공원,1,12:관광지,1,제주특별자치도 제주시 선돌목동길 60 (오등동),0,,1,"33.4446063059,126.5491971626",0,,1,https://tong.visitkorea.or.kr/cms/resource/20/3308520_image2_1.jpg,0,,0,,0,,0,,0,,0,,0,,1,63242,0,,0,,0,,0,,0,,0,,0,,0,,0,,2b91c56fc7b5196bc828c9238081678ed31b26a21a318ac516580238a40ca35b,hank-place-field-audit-v1,Stage3 Firestore snapshot; live read blocked by RESOURCE_EXHAUSTED
842,kto-745449,다희연,JEJU_CITY,east,동부 (조천),12,관광지,spot,UNKNOWN,6,0,6,6,24,25,,1,다희연,1,12:관광지,1,제주특별자치도 제주시 조천읍 선교로 266-4,0,,1,"33.4789799258,126.700663785",0,,1,https://tong.visitkorea.or.kr/cms/resource/02/3411202_image2_1.jpg,0,,0,,0,,0,,0,,0,,0,,1,63341,0,,0,,0,,0,,0,,0,,0,,0,,0,,2b91c56fc7b5196bc828c9238081678ed31b26a21a318ac516580238a40ca35b,hank-place-field-audit-v1,Stage3 Firestore snapshot; live read blocked by RESOURCE_EXHAUSTED
843,kto-759595,제주특별자치도립미술관,JEJU_CITY,jeju_city,제주시,14,문화시설,spot,UNKNOWN,6,0,6,6,24,25,,1,제주특별자치도립미술관,1,14:문화시설,1,제주특별자치도 제주시 1100로 2894-78,0,,1,"33.4525179848,126.4897396925",0,,1,https://tong.visitkorea.or.kr/cms/resource/20/4098420_image2_1.JPG,0,,0,,0,,0,,0,,0,,0,,1,63079,0,,0,,0,,0,,0,,0,,0,,0,,0,,2b91c56fc7b5196bc828c9238081678ed31b26a21a318ac516580238a40ca35b,hank-place-field-audit-v1,Stage3 Firestore snapshot; live read blocked by RESOURCE_EXHAUSTED
844,kto-770036,성산포 해녀물질공연장,SEOGWIPO_CITY,east,동부 (성산),14,문화시설,spot,UNKNOWN,6,0,6,6,24,25,,1,성산포 해녀물질공연장,1,14:문화시설,1,제주특별자치도 서귀포시 성산읍 일출로 284-34,0,,1,"33.4628688824,126.9388907191",0,,1,https://tong.visitkorea.or.kr/cms/resource/46/3024646_image2_1.jpg,0,,0,,0,,0,,0,,0,,0,,1,63643,0,,0,,0,,0,,0,,0,,0,,0,,0,,2b91c56fc7b5196bc828c9238081678ed31b26a21a318ac516580238a40ca35b,hank-place-field-audit-v1,Stage3 Firestore snapshot; live read blocked by RESOURCE_EXHAUSTED
845,kto-778296,광명사(제주),SEOGWIPO_CITY,seogwipo,서귀포시,12,관광지,spot,UNKNOWN,6,0,6,6,24,25,,1,광명사(제주),1,12:관광지,1,제주특별자치도 서귀포시 중문상로17번길 51,0,,1,"33.2490155255,126.4190286405",0,,1,https://tong.visitkorea.or.kr/cms/resource/36/3477436_image2_1.jpg,0,,0,,0,,0,,0,,0,,0,,1,63546,0,,0,,0,,0,,0,,0,,0,,0,,0,,2b91c56fc7b5196bc828c9238081678ed31b26a21a318ac516580238a40ca35b,hank-place-field-audit-v1,Stage3 Firestore snapshot; live read blocked by RESOURCE_EXHAUSTED
846,kto-780778,이상한나라의 앨리스,SEOGWIPO_CITY,west,서부 (안덕),12,관광지,spot,UNKNOWN,6,0,6,6,24,25,,1,이상한나라의 앨리스,1,12:관광지,1,제주특별자치도 서귀포시 안덕면 중산간서로 1881,0,,1,"33.2889726923,126.3218259602",0,,1,https://tong.visitkorea.or.kr/cms/resource/22/3024622_image2_1.jpg,0,,0,,0,,0,,0,,0,,0,,1,63522,0,,0,,0,,0,,0,,0,,0,,0,,0,,2b91c56fc7b5196bc828c9238081678ed31b26a21a318ac516580238a40ca35b,hank-place-field-audit-v1,Stage3 Firestore snapshot; live read blocked by RESOURCE_EXHAUSTED
847,kto-782905,한라산컨트리클럽,JEJU_CITY,jeju_city,제주시,28,레포츠,spot,UNKNOWN,6,0,6,6,24,25,,1,한라산컨트리클럽,1,28:레포츠,1,제주특별자치도 제주시 선돌목동길 56-46,0,,1,"33.4441837258157,126.544829204325",0,,1,https://tong.visitkorea.or.kr/cms/resource/50/1950650_image2_1.jpg,0,,0,,0,,0,,0,,0,,0,,1,63242,0,,0,,0,,0,,0,,0,,0,,0,,0,,2b91c56fc7b5196bc828c9238081678ed31b26a21a318ac516580238a40ca35b,hank-place-field-audit-v1,Stage3 Firestore snapshot; live read blocked by RESOURCE_EXHAUSTED
848,kto-801097,제주 명도암참살이마을,JEJU_CITY,jeju_city,제주시,12,관광지,spot,UNKNOWN,6,0,6,6,24,25,,1,제주 명도암참살이마을,1,12:관광지,1,제주특별자치도 제주시 명림로 268-71,0,,1,"33.4916790001,126.5948706883",0,,1,https://tong.visitkorea.or.kr/cms/resource/39/3400739_image2_1.jpg,0,,0,,0,,0,,0,,0,,0,,1,63313,0,,0,,0,,0,,0,,0,,0,,0,,0,,2b91c56fc7b5196bc828c9238081678ed31b26a21a318ac516580238a40ca35b,hank-place-field-audit-v1,Stage3 Firestore snapshot; live read blocked by RESOURCE_EXHAUSTED
849,kto-802844,한라생태숲,JEJU_CITY,jeju_city,제주시,12,관광지,spot,UNKNOWN,6,0,6,6,24,25,,1,한라생태숲,1,12:관광지,1,제주특별자치도 제주시 516로 2596,0,,1,"33.431941822,126.598232081",0,,1,https://tong.visitkorea.or.kr/cms/resource/23/3027023_image2_1.jpg,0,,0,,0,,0,,0,,0,,0,,1,63312,0,,0,,0,,0,,0,,0,,0,,0,,0,,2b91c56fc7b5196bc828c9238081678ed31b26a21a318ac516580238a40ca35b,hank-place-field-audit-v1,Stage3 Firestore snapshot; live read blocked by RESOURCE_EXHAUSTED
850,kto-820822,돌하르방식당,JEJU_CITY,west,서부 (한림),39,음식점,food,UNKNOWN,6,0,6,6,24,25,,1,돌하르방식당,1,39:음식점,1,제주특별자치도 제주시 한림읍 한림로 300,0,,1,"33.3901712730352,126.239731030268",0,,1,https://tong.visitkorea.or.kr/cms/resource/03/818803_image2_1.jpg,0,,0,,0,,0,,0,,0,,0,,1,63011,0,,0,,0,,0,,0,,0,,0,,0,,0,,2b91c56fc7b5196bc828c9238081678ed31b26a21a318ac516580238a40ca35b,hank-place-field-audit-v1,Stage3 Firestore snapshot; live read blocked by RESOURCE_EXHAUSTED
851,kto-820903,대관원,JEJU_CITY,jeju_city,제주시,39,음식점,food,UNKNOWN,6,0,6,6,24,25,,1,대관원,1,39:음식점,1,제주특별자치도 제주시 신대로13길 3,0,,1,"33.4877556712491,126.497449283825",0,,1,https://tong.visitkorea.or.kr/cms/resource/95/818995_image2_1.jpg,0,,0,,0,,0,,0,,0,,0,,1,63122,0,,0,,0,,0,,0,,0,,0,,0,,0,,2b91c56fc7b5196bc828c9238081678ed31b26a21a318ac516580238a40ca35b,hank-place-field-audit-v1,Stage3 Firestore snapshot; live read blocked by RESOURCE_EXHAUSTED
852,kto-824619,한라산 트레킹,JEJU_CITY,jeju_city,제주시,28,레포츠,spot,UNKNOWN,6,0,6,6,24,25,,1,한라산 트레킹,1,28:레포츠,1,제주특별자치도 제주시 1100로 2070-61,0,,1,"33.3927306237,126.4948724979",0,,1,https://tong.visitkorea.or.kr/cms/resource/32/3034532_image2_1.jpg,0,,0,,0,,0,,0,,0,,0,,1,63077,0,,0,,0,,0,,0,,0,,0,,0,,0,,2b91c56fc7b5196bc828c9238081678ed31b26a21a318ac516580238a40ca35b,hank-place-field-audit-v1,Stage3 Firestore snapshot; live read blocked by RESOURCE_EXHAUSTED
853,kto-824811,늘송파크텔,JEJU_CITY,jeju_city,제주시,32,숙박,stay,UNKNOWN,6,0,6,6,24,25,,1,늘송파크텔,1,32:숙박,1,제주특별자치도 제주시 원노형5길 22 (노형동),0,,1,"33.48756381446048,126.48317097304901",0,,1,https://tong.visitkorea.or.kr/cms/resource/23/824923_image2_1.jpg,0,,0,,0,,0,,0,,0,,0,,1,63081,0,,0,,0,,0,,0,,0,,0,,0,,0,,2b91c56fc7b5196bc828c9238081678ed31b26a21a318ac516580238a40ca35b,hank-place-field-audit-v1,Stage3 Firestore snapshot; live read blocked by RESOURCE_EXHAUSTED
854,kto-879234,새연교,SEOGWIPO_CITY,seogwipo,서귀포시,12,관광지,spot,UNKNOWN,6,0,6,6,24,25,,1,새연교,1,12:관광지,1,제주특별자치도 서귀포시 서홍동,0,,1,"33.2378293118,126.559612034",0,,1,https://tong.visitkorea.or.kr/cms/resource/09/3011809_image2_1.jpg,0,,0,,0,,0,,0,,0,,0,,1,63578,0,,0,,0,,0,,0,,0,,0,,0,,0,,2b91c56fc7b5196bc828c9238081678ed31b26a21a318ac516580238a40ca35b,hank-place-field-audit-v1,Stage3 Firestore snapshot; live read blocked by RESOURCE_EXHAUSTED
855,kto-879633,물드리네,JEJU_CITY,west,서부 (한경),12,관광지,spot,UNKNOWN,6,0,6,6,24,25,,1,물드리네,1,12:관광지,1,제주특별자치도 제주시 한경면 낙산로 4-28,0,,1,"33.3227424721,126.2269445635",0,,1,https://tong.visitkorea.or.kr/cms/resource/15/3556215_image2_1.jpg,0,,0,,0,,0,,0,,0,,0,,1,63004,0,,0,,0,,0,,0,,0,,0,,0,,0,,2b91c56fc7b5196bc828c9238081678ed31b26a21a318ac516580238a40ca35b,hank-place-field-audit-v1,Stage3 Firestore snapshot; live read blocked by RESOURCE_EXHAUSTED
856,kto-904802,제주 추억여행,SEOGWIPO_CITY,seogwipo,서귀포시,32,숙박,stay,UNKNOWN,6,0,6,6,24,25,,1,제주 추억여행,1,32:숙박,1,제주특별자치도 서귀포시 태평로92번길 21,0,,1,"33.2423764293297,126.53225161668",0,,1,https://tong.visitkorea.or.kr/cms/resource/56/1933756_image2_1.jpg,0,,0,,0,,0,,0,,0,,0,,1,63571,0,,0,,0,,0,,0,,0,,0,,0,,0,,2b91c56fc7b5196bc828c9238081678ed31b26a21a318ac516580238a40ca35b,hank-place-field-audit-v1,Stage3 Firestore snapshot; live read blocked by RESOURCE_EXHAUSTED
857,kto-935073,라헨느리조트,JEJU_CITY,jeju_city,제주시,32,숙박,stay,UNKNOWN,6,0,6,6,24,25,,1,라헨느리조트,1,32:숙박,1,제주특별자치도 제주시 명림로 384,0,,1,"33.4522505840842,126.615233587256",0,,1,https://tong.visitkorea.or.kr/cms/resource/97/1994497_image2_1.jpg,0,,0,,0,,0,,0,,0,,0,,1,63313,0,,0,,0,,0,,0,,0,,0,,0,,0,,2b91c56fc7b5196bc828c9238081678ed31b26a21a318ac516580238a40ca35b,hank-place-field-audit-v1,Stage3 Firestore snapshot; live read blocked by RESOURCE_EXHAUSTED
858,kto-970675,스프링힐 리조트,SEOGWIPO_CITY,seogwipo,서귀포시,32,숙박,stay,UNKNOWN,6,0,6,6,24,25,,1,스프링힐 리조트,1,32:숙박,1,제주특별자치도 서귀포시 천제연로 292,0,,1,"33.2508989224841,126.436838056051",0,,1,https://tong.visitkorea.or.kr/cms/resource/29/1341429_image2_1.jpg,0,,0,,0,,0,,0,,0,,0,,1,63544,0,,0,,0,,0,,0,,0,,0,,0,,0,,2b91c56fc7b5196bc828c9238081678ed31b26a21a318ac516580238a40ca35b,hank-place-field-audit-v1,Stage3 Firestore snapshot; live read blocked by RESOURCE_EXHAUSTED
859,kto-971331,오션하우스,SEOGWIPO_CITY,west,서부 (안덕),32,숙박,stay,UNKNOWN,6,0,6,6,24,25,,1,오션하우스,1,32:숙박,1,제주특별자치도 서귀포시 안덕면 사계남로216번길 42,0,,1,"33.2348043445519,126.31017795513",0,,1,https://tong.visitkorea.or.kr/cms/resource/99/1620199_image2_1.jpg,0,,0,,0,,0,,0,,0,,0,,1,63528,0,,0,,0,,0,,0,,0,,0,,0,,0,,2b91c56fc7b5196bc828c9238081678ed31b26a21a318ac516580238a40ca35b,hank-place-field-audit-v1,Stage3 Firestore snapshot; live read blocked by RESOURCE_EXHAUSTED
860,kto-972415,밀레니엄빌,SEOGWIPO_CITY,seogwipo,서귀포시,32,숙박,stay,UNKNOWN,6,0,6,6,24,25,,1,밀레니엄빌,1,32:숙박,1,제주특별자치도 서귀포시 보목로64번길 196,0,,1,"33.245163137418,126.589940647982",0,,1,https://tong.visitkorea.or.kr/cms/resource/43/1933343_image2_1.jpg,0,,0,,0,,0,,0,,0,,0,,1,63599,0,,0,,0,,0,,0,,0,,0,,0,,0,,2b91c56fc7b5196bc828c9238081678ed31b26a21a318ac516580238a40ca35b,hank-place-field-audit-v1,Stage3 Firestore snapshot; live read blocked by RESOURCE_EXHAUSTED
861,kto-973990,씨에나펜션,SEOGWIPO_CITY,seogwipo,서귀포시,32,숙박,stay,UNKNOWN,6,0,6,6,24,25,,1,씨에나펜션,1,32:숙박,1,제주특별자치도 서귀포시 예래로 267,0,,1,"33.242110244525,126.385720776512",0,,1,https://tong.visitkorea.or.kr/cms/resource/35/1933435_image2_1.jpg,0,,0,,0,,0,,0,,0,,0,,1,63538,0,,0,,0,,0,,0,,0,,0,,0,,0,,2b91c56fc7b5196bc828c9238081678ed31b26a21a318ac516580238a40ca35b,hank-place-field-audit-v1,Stage3 Firestore snapshot; live read blocked by RESOURCE_EXHAUSTED
862,kto-976820,"제주시민속오일시장 (2, 7일)",JEJU_CITY,jeju_city,제주시,38,쇼핑,spot,UNKNOWN,6,0,6,6,24,25,,1,"제주시민속오일시장 (2, 7일)",1,38:쇼핑,1,제주특별자치도 제주시 오일장서길 26,0,,1,"33.4969271258,126.4758023552",0,,1,https://tong.visitkorea.or.kr/cms/resource/08/3585608_image2_1.jpg,0,,0,,0,,0,,0,,0,,0,,1,63116,0,,0,,0,,0,,0,,0,,0,,0,,0,,2b91c56fc7b5196bc828c9238081678ed31b26a21a318ac516580238a40ca35b,hank-place-field-audit-v1,Stage3 Firestore snapshot; live read blocked by RESOURCE_EXHAUSTED
863,kto-977101,애월해안누리(구 하얀둥지),JEJU_CITY,west,서부 (애월),32,숙박,stay,UNKNOWN,6,0,6,6,24,25,,1,애월해안누리(구 하얀둥지),1,32:숙박,1,제주특별자치도 제주시 애월읍 애월해안로 298,0,,1,"33.4705668076,126.3416562839",0,,1,https://tong.visitkorea.or.kr/cms/resource/75/2611075_image2_1.JPG,0,,0,,0,,0,,0,,0,,0,,1,63046,0,,0,,0,,0,,0,,0,,0,,0,,0,,2b91c56fc7b5196bc828c9238081678ed31b26a21a318ac516580238a40ca35b,hank-place-field-audit-v1,Stage3 Firestore snapshot; live read blocked by RESOURCE_EXHAUSTED
864,kto-978165,포시즌펜션,SEOGWIPO_CITY,seogwipo,서귀포시,32,숙박,stay,UNKNOWN,6,0,6,6,24,25,,1,포시즌펜션,1,32:숙박,1,제주특별자치도 서귀포시 칠십리로285번길 3,0,,1,"33.2485848594624,126.583496723658",0,,1,https://tong.visitkorea.or.kr/cms/resource/07/3521707_image2_1.jpg,0,,0,,0,,0,,0,,0,,0,,1,63598,0,,0,,0,,0,,0,,0,,0,,0,,0,,2b91c56fc7b5196bc828c9238081678ed31b26a21a318ac516580238a40ca35b,hank-place-field-audit-v1,Stage3 Firestore snapshot; live read blocked by RESOURCE_EXHAUSTED
865,kto-978214,제주썬레이크빌,SEOGWIPO_CITY,east,동부 (성산),32,숙박,stay,UNKNOWN,6,0,6,6,24,25,,1,제주썬레이크빌,1,32:숙박,1,제주특별자치도 서귀포시 성산읍 한도로 49,0,,1,"33.4674925294132,126.913352778529",0,,1,https://tong.visitkorea.or.kr/cms/resource/27/1933427_image2_1.jpg,0,,0,,0,,0,,0,,0,,0,,1,63639,0,,0,,0,,0,,0,,0,,0,,0,,0,,2b91c56fc7b5196bc828c9238081678ed31b26a21a318ac516580238a40ca35b,hank-place-field-audit-v1,Stage3 Firestore snapshot; live read blocked by RESOURCE_EXHAUSTED
866,kto-978343,샤뜰레 펜션,SEOGWIPO_CITY,seogwipo,서귀포시,32,숙박,stay,UNKNOWN,6,0,6,6,24,25,,1,샤뜰레 펜션,1,32:숙박,1,제주특별자치도 서귀포시 서호호근로46번길 68,0,,1,"33.2483617913023,126.528851796991",0,,1,https://tong.visitkorea.or.kr/cms/resource/87/1933387_image2_1.jpg,0,,0,,0,,0,,0,,0,,0,,1,63569,0,,0,,0,,0,,0,,0,,0,,0,,0,,2b91c56fc7b5196bc828c9238081678ed31b26a21a318ac516580238a40ca35b,hank-place-field-audit-v1,Stage3 Firestore snapshot; live read blocked by RESOURCE_EXHAUSTED
867,kto-980356,제주펜션 향림원,SEOGWIPO_CITY,seogwipo,서귀포시,32,숙박,stay,UNKNOWN,6,0,6,6,24,25,,1,제주펜션 향림원,1,32:숙박,1,제주특별자치도 서귀포시 칠십리로394번길 8-3,0,,1,"33.243727245052,126.593198711708",0,,1,https://tong.visitkorea.or.kr/cms/resource/83/1933783_image2_1.jpg,0,,0,,0,,0,,0,,0,,0,,1,63599,0,,0,,0,,0,,0,,0,,0,,0,,0,,2b91c56fc7b5196bc828c9238081678ed31b26a21a318ac516580238a40ca35b,hank-place-field-audit-v1,Stage3 Firestore snapshot; live read blocked by RESOURCE_EXHAUSTED
868,kto-983958,엘리시안 제주,JEJU_CITY,west,서부 (애월),32,숙박,stay,UNKNOWN,6,0,6,6,24,25,,1,엘리시안 제주,1,32:숙박,1,제주특별자치도 제주시 애월읍 평화로 1738-116,0,,1,"33.37307,126.382571",0,,1,https://tong.visitkorea.or.kr/cms/resource/89/4073889_image2_1.jpg,0,,0,,0,,0,,0,,0,,0,,1,63041,0,,0,,0,,0,,0,,0,,0,,0,,0,,2b91c56fc7b5196bc828c9238081678ed31b26a21a318ac516580238a40ca35b,hank-place-field-audit-v1,Stage3 Firestore snapshot; live read blocked by RESOURCE_EXHAUSTED
869,kto-984523,제주 블랙스톤,JEJU_CITY,west,서부 (한림),32,숙박,stay,UNKNOWN,6,0,6,6,24,25,,1,제주 블랙스톤,1,32:숙박,1,제주특별자치도 제주시 한림읍 한창로 925-122,0,,1,"33.3377949264,126.3124118005",0,,1,https://tong.visitkorea.or.kr/cms/resource/85/3478185_image2_1.jpg,0,,0,,0,,0,,0,,0,,0,,1,63020,0,,0,,0,,0,,0,,0,,0,,0,,0,,2b91c56fc7b5196bc828c9238081678ed31b26a21a318ac516580238a40ca35b,hank-place-field-audit-v1,Stage3 Firestore snapshot; live read blocked by RESOURCE_EXHAUSTED
870,kto-984562,타미우스골프&빌리지,JEJU_CITY,west,서부 (애월),32,숙박,stay,UNKNOWN,6,0,6,6,24,25,,1,타미우스골프&빌리지,1,32:숙박,1,제주특별자치도 제주시 애월읍 화전길 201,0,,1,"33.3469894223,126.3802668112",0,,1,https://tong.visitkorea.or.kr/cms/resource/34/3478034_image2_1.jpg,0,,0,,0,,0,,0,,0,,0,,1,63040,0,,0,,0,,0,,0,,0,,0,,0,,0,,2b91c56fc7b5196bc828c9238081678ed31b26a21a318ac516580238a40ca35b,hank-place-field-audit-v1,Stage3 Firestore snapshot; live read blocked by RESOURCE_EXHAUSTED
871,kto-984611,라온호텔 앤 리조트,JEJU_CITY,west,서부 (한림),32,숙박,stay,UNKNOWN,6,0,6,6,24,25,,1,라온호텔 앤 리조트,1,32:숙박,1,제주특별자치도 제주시 한림읍 금능남로 127,0,,1,"33.379675271,126.2396062771",0,,1,https://tong.visitkorea.or.kr/cms/resource/66/4074866_image2_1.jpg,0,,0,,0,,0,,0,,0,,0,,1,63015,0,,0,,0,,0,,0,,0,,0,,0,,0,,2b91c56fc7b5196bc828c9238081678ed31b26a21a318ac516580238a40ca35b,hank-place-field-audit-v1,Stage3 Firestore snapshot; live read blocked by RESOURCE_EXHAUSTED
872,kto-985385,아침의향기,SEOGWIPO_CITY,seogwipo,서귀포시,32,숙박,stay,UNKNOWN,6,0,6,6,24,25,,1,아침의향기,1,32:숙박,1,제주특별자치도 서귀포시 색달중앙로 122,0,,1,"33.2655663080959,126.414464803593",0,,1,https://tong.visitkorea.or.kr/cms/resource/42/1933442_image2_1.jpg,0,,0,,0,,0,,0,,0,,0,,1,63534,0,,0,,0,,0,,0,,0,,0,,0,,0,,2b91c56fc7b5196bc828c9238081678ed31b26a21a318ac516580238a40ca35b,hank-place-field-audit-v1,Stage3 Firestore snapshot; live read blocked by RESOURCE_EXHAUSTED
873,kto-987913,점보빌리지,SEOGWIPO_CITY,west,서부 (안덕),12,관광지,spot,UNKNOWN,6,0,6,6,24,25,,1,점보빌리지,1,12:관광지,1,제주특별자치도 서귀포시 안덕면 평화로319번길 31-11,0,,1,"33.2763404987,126.3055443214",0,,1,https://tong.visitkorea.or.kr/cms/resource/43/3402943_image2_1.jpg,0,,0,,0,,0,,0,,0,,0,,1,63521,0,,0,,0,,0,,0,,0,,0,,0,,0,,2b91c56fc7b5196bc828c9238081678ed31b26a21a318ac516580238a40ca35b,hank-place-field-audit-v1,Stage3 Firestore snapshot; live read blocked by RESOURCE_EXHAUSTED
874,kto-988207,서귀포천문과학문화관,SEOGWIPO_CITY,seogwipo,서귀포시,14,문화시설,spot,UNKNOWN,6,0,6,6,24,25,,1,서귀포천문과학문화관,1,14:문화시설,1,제주특별자치도 서귀포시 1100로 506-1 천문과학문화관,0,,1,"33.2888776636,126.460411156",0,,1,https://tong.visitkorea.or.kr/cms/resource/54/3477154_image2_1.jpg,0,,0,,0,,0,,0,,0,,0,,1,63553,0,,0,,0,,0,,0,,0,,0,,0,,0,,2b91c56fc7b5196bc828c9238081678ed31b26a21a318ac516580238a40ca35b,hank-place-field-audit-v1,Stage3 Firestore snapshot; live read blocked by RESOURCE_EXHAUSTED
875,kto-988441,선임교,SEOGWIPO_CITY,seogwipo,서귀포시,12,관광지,spot,UNKNOWN,6,0,6,6,24,25,,1,선임교,1,12:관광지,1,제주특별자치도 서귀포시 중문로105번길 37,0,,1,"33.247055995,126.5547483594",0,,1,https://tong.visitkorea.or.kr/cms/resource/47/3477147_image2_1.jpg,0,,0,,0,,0,,0,,0,,0,,1,63539,0,,0,,0,,0,,0,,0,,0,,0,,0,,2b91c56fc7b5196bc828c9238081678ed31b26a21a318ac516580238a40ca35b,hank-place-field-audit-v1,Stage3 Firestore snapshot; live read blocked by RESOURCE_EXHAUSTED
876,kto-989025,라온골프클럽,JEJU_CITY,west,서부 (한경),28,레포츠,spot,UNKNOWN,6,0,6,6,24,25,,1,라온골프클럽,1,28:레포츠,1,제주특별자치도 제주시 한경면 용금로 998,0,,1,"33.3394666091849,126.27428728426",0,,1,https://tong.visitkorea.or.kr/cms/resource/90/1950490_image2_1.jpg,0,,0,,0,,0,,0,,0,,0,,1,63005,0,,0,,0,,0,,0,,0,,0,,0,,0,,2b91c56fc7b5196bc828c9238081678ed31b26a21a318ac516580238a40ca35b,hank-place-field-audit-v1,Stage3 Firestore snapshot; live read blocked by RESOURCE_EXHAUSTED
877,kto-989242,에버리스골프리조트,JEJU_CITY,west,서부 (애월),28,레포츠,spot,UNKNOWN,6,0,6,6,24,25,,1,에버리스골프리조트,1,28:레포츠,1,제주특별자치도 제주시 애월읍 평화로 1693-75,0,,1,"33.3782245995623,126.362092135678",0,,1,https://tong.visitkorea.or.kr/cms/resource/64/1950564_image2_1.jpg,0,,0,,0,,0,,0,,0,,0,,1,63038,0,,0,,0,,0,,0,,0,,0,,0,,0,,2b91c56fc7b5196bc828c9238081678ed31b26a21a318ac516580238a40ca35b,hank-place-field-audit-v1,Stage3 Firestore snapshot; live read blocked by RESOURCE_EXHAUSTED
878,kto-992261,"세화민속오일시장(5일, 0일)",JEJU_CITY,east,동부 (구좌),38,쇼핑,spot,UNKNOWN,6,0,6,6,24,25,,1,"세화민속오일시장(5일, 0일)",1,38:쇼핑,1,제주특별자치도 제주시 구좌읍 해맞이해안로 1412,0,,1,"33.5261772305,126.8573407727",0,,1,https://tong.visitkorea.or.kr/cms/resource/52/3410552_image2_1.jpg,0,,0,,0,,0,,0,,0,,0,,1,63361,0,,0,,0,,0,,0,,0,,0,,0,,0,,2b91c56fc7b5196bc828c9238081678ed31b26a21a318ac516580238a40ca35b,hank-place-field-audit-v1,Stage3 Firestore snapshot; live read blocked by RESOURCE_EXHAUSTED
879,kto-992309,보성시장,JEJU_CITY,jeju_city,제주시,38,쇼핑,spot,UNKNOWN,6,0,6,6,24,25,,1,보성시장,1,38:쇼핑,1,제주특별자치도 제주시 동광로1길 32,0,,1,"33.5032716982,126.5279698982",0,,1,https://tong.visitkorea.or.kr/cms/resource/50/3053550_image2_1.jpg,0,,0,,0,,0,,0,,0,,0,,1,63197,0,,0,,0,,0,,0,,0,,0,,0,,0,,2b91c56fc7b5196bc828c9238081678ed31b26a21a318ac516580238a40ca35b,hank-place-field-audit-v1,Stage3 Firestore snapshot; live read blocked by RESOURCE_EXHAUSTED
880,kto-993224,한림민속오일시장,JEJU_CITY,west,서부 (한림),38,쇼핑,spot,UNKNOWN,6,0,6,6,24,25,,1,한림민속오일시장,1,38:쇼핑,1,제주특별자치도 제주시 한림읍 한수풀로4길 10,0,,1,"33.4198102588,126.2745604816",0,,1,https://tong.visitkorea.or.kr/cms/resource/29/3477729_image2_1.jpg,0,,0,,0,,0,,0,,0,,0,,1,63026,0,,0,,0,,0,,0,,0,,0,,0,,0,,2b91c56fc7b5196bc828c9238081678ed31b26a21a318ac516580238a40ca35b,hank-place-field-audit-v1,Stage3 Firestore snapshot; live read blocked by RESOURCE_EXHAUSTED
881,kto-993261,서문공설시장,JEJU_CITY,jeju_city,제주시,38,쇼핑,spot,UNKNOWN,6,0,6,6,24,25,,1,서문공설시장,1,38:쇼핑,1,제주특별자치도 제주시 서문로4길 13-2,0,,1,"33.5113734195,126.5179483634",0,,1,https://tong.visitkorea.or.kr/cms/resource/49/3477949_image2_1.jpg,0,,0,,0,,0,,0,,0,,0,,1,63154,0,,0,,0,,0,,0,,0,,0,,0,,0,,2b91c56fc7b5196bc828c9238081678ed31b26a21a318ac516580238a40ca35b,hank-place-field-audit-v1,Stage3 Firestore snapshot; live read blocked by RESOURCE_EXHAUSTED
882,kto-1013246,동문재래시장,JEJU_CITY,jeju_city,제주시,38,쇼핑,spot,UNKNOWN,6,0,6,6,24,25,,1,동문재래시장,1,38:쇼핑,1,제주특별자치도 제주시 관덕로14길 20,0,,1,"33.5115624162,126.5260587646",0,,1,https://tong.visitkorea.or.kr/cms/resource/38/2678438_image2_1.jpg,0,,0,,0,,0,,0,,0,,0,,1,63192,0,,0,,0,,0,,0,,0,,0,,0,,0,,2b91c56fc7b5196bc828c9238081678ed31b26a21a318ac516580238a40ca35b,hank-place-field-audit-v1,Stage3 Firestore snapshot; live read blocked by RESOURCE_EXHAUSTED
883,kto-1013289,이제주숍,JEJU_CITY,jeju_city,제주시,38,쇼핑,spot,UNKNOWN,6,0,6,6,24,25,,1,이제주숍,1,38:쇼핑,1,제주특별자치도 제주시 연삼로 473,0,,1,"33.4993528886,126.5405800026",0,,1,https://tong.visitkorea.or.kr/cms/resource/21/3396921_image2_1.jpg,0,,0,,0,,0,,0,,0,,0,,1,63217,0,,0,,0,,0,,0,,0,,0,,0,,0,,2b91c56fc7b5196bc828c9238081678ed31b26a21a318ac516580238a40ca35b,hank-place-field-audit-v1,Stage3 Firestore snapshot; live read blocked by RESOURCE_EXHAUSTED
884,kto-1014672,제주 중앙지하상가,JEJU_CITY,jeju_city,제주시,38,쇼핑,spot,UNKNOWN,6,0,6,6,24,25,,1,제주 중앙지하상가,1,38:쇼핑,1,제주특별자치도 제주시 중앙로 60,0,,1,"33.5129,126.5248",0,,1,https://tong.visitkorea.or.kr/cms/resource/22/3527922_image2_1.jpg,0,,0,,0,,0,,0,,0,,0,,1,63168,0,,0,,0,,0,,0,,0,,0,,0,,0,,2b91c56fc7b5196bc828c9238081678ed31b26a21a318ac516580238a40ca35b,hank-place-field-audit-v1,Stage3 Firestore snapshot; live read blocked by RESOURCE_EXHAUSTED
885,kto-1018723,하영 흑돼지구이집,SEOGWIPO_CITY,seogwipo,서귀포시,39,음식점,food,UNKNOWN,6,0,6,6,24,25,,1,하영 흑돼지구이집,1,39:음식점,1,제주특별자치도 서귀포시 천제연로 101,0,,1,"33.2550751487,126.4165962685",0,,1,https://tong.visitkorea.or.kr/cms/resource/12/3477212_image2_1.jpg,0,,0,,0,,0,,0,,0,,0,,1,63534,0,,0,,0,,0,,0,,0,,0,,0,,0,,2b91c56fc7b5196bc828c9238081678ed31b26a21a318ac516580238a40ca35b,hank-place-field-audit-v1,Stage3 Firestore snapshot; live read blocked by RESOURCE_EXHAUSTED
886,kto-1019521,진주식당,SEOGWIPO_CITY,seogwipo,서귀포시,39,음식점,food,UNKNOWN,6,0,6,6,24,25,,1,진주식당,1,39:음식점,1,제주특별자치도 서귀포시 태평로 353,0,,1,"33.2466152550036,126.559151803706",0,,1,https://tong.visitkorea.or.kr/cms/resource/37/1023937_image2_1.jpg,0,,0,,0,,0,,0,,0,,0,,1,63592,0,,0,,0,,0,,0,,0,,0,,0,,0,,2b91c56fc7b5196bc828c9238081678ed31b26a21a318ac516580238a40ca35b,hank-place-field-audit-v1,Stage3 Firestore snapshot; live read blocked by RESOURCE_EXHAUSTED
887,kto-1069144,사라봉,JEJU_CITY,jeju_city,제주시,12,관광지,spot,UNKNOWN,6,0,6,6,24,25,,1,사라봉,1,12:관광지,1,제주특별자치도 제주시 사라봉동길 61,0,,1,"33.5175946428,126.5461385165",0,,1,https://tong.visitkorea.or.kr/cms/resource/54/4105454_image2_1.jpg,0,,0,,0,,0,,0,,0,,0,,1,63284,0,,0,,0,,0,,0,,0,,0,,0,,0,,2b91c56fc7b5196bc828c9238081678ed31b26a21a318ac516580238a40ca35b,hank-place-field-audit-v1,Stage3 Firestore snapshot; live read blocked by RESOURCE_EXHAUSTED
888,kto-1069292,별도봉,JEJU_CITY,jeju_city,제주시,12,관광지,spot,UNKNOWN,6,0,6,6,24,25,,1,별도봉,1,12:관광지,1,제주특별자치도 제주시 화북일동,0,,1,"33.5192286663,126.5531117946",0,,1,https://tong.visitkorea.or.kr/cms/resource/05/3527105_image2_1.jpg,0,,0,,0,,0,,0,,0,,0,,1,63296,0,,0,,0,,0,,0,,0,,0,,0,,0,,2b91c56fc7b5196bc828c9238081678ed31b26a21a318ac516580238a40ca35b,hank-place-field-audit-v1,Stage3 Firestore snapshot; live read blocked by RESOURCE_EXHAUSTED
889,kto-1069322,산지천,JEJU_CITY,jeju_city,제주시,12,관광지,spot,UNKNOWN,6,0,6,6,24,25,,1,산지천,1,12:관광지,1,제주특별자치도 제주시 건입동,0,,1,"33.5161751038,126.5299483887",0,,1,https://tong.visitkorea.or.kr/cms/resource/75/4074275_image2_1.jpg,0,,0,,0,,0,,0,,0,,0,,1,"690-050,1",0,,0,,0,,0,,0,,0,,0,,0,,0,,2b91c56fc7b5196bc828c9238081678ed31b26a21a318ac516580238a40ca35b,hank-place-field-audit-v1,Stage3 Firestore snapshot; live read blocked by RESOURCE_EXHAUSTED
890,kto-1146121,에코랜드테마파크,JEJU_CITY,east,동부 (조천),12,관광지,spot,UNKNOWN,6,0,6,6,24,25,,1,에코랜드테마파크,1,12:관광지,1,제주특별자치도 제주시 조천읍 번영로 1278-169,0,,1,"33.4553485145,126.6688527655",0,,1,https://tong.visitkorea.or.kr/cms/resource/43/3396943_image2_1.jpg,0,,0,,0,,0,,0,,0,,0,,1,63346,0,,0,,0,,0,,0,,0,,0,,0,,0,,2b91c56fc7b5196bc828c9238081678ed31b26a21a318ac516580238a40ca35b,hank-place-field-audit-v1,Stage3 Firestore snapshot; live read blocked by RESOURCE_EXHAUSTED
891,kto-1162240,제주도 국가지질공원,JEJU_CITY,east,동부 (조천),12,관광지,spot,UNKNOWN,6,0,6,6,24,25,,1,제주도 국가지질공원,1,12:관광지,1,제주특별자치도 제주시 조천읍 선교로 569-36,0,,1,"33.4569020299,126.7142575546",0,,1,https://tong.visitkorea.or.kr/cms/resource/85/3433085_image2_1.jpg,0,,0,,0,,0,,0,,0,,0,,1,63341,0,,0,,0,,0,,0,,0,,0,,0,,0,,2b91c56fc7b5196bc828c9238081678ed31b26a21a318ac516580238a40ca35b,hank-place-field-audit-v1,Stage3 Firestore snapshot; live read blocked by RESOURCE_EXHAUSTED
892,kto-1206420,제주힐링명상테마파크,JEJU_CITY,west,서부 (애월),12,관광지,spot,UNKNOWN,6,0,6,6,24,25,,1,제주힐링명상테마파크,1,12:관광지,1,제주특별자치도 제주시 애월읍 어음13길 196,0,,1,"33.3955670091,126.36105573",0,,1,https://tong.visitkorea.or.kr/cms/resource/58/4073358_image2_1.jpg,0,,0,,0,,0,,0,,0,,0,,1,63038,0,,0,,0,,0,,0,,0,,0,,0,,0,,2b91c56fc7b5196bc828c9238081678ed31b26a21a318ac516580238a40ca35b,hank-place-field-audit-v1,Stage3 Firestore snapshot; live read blocked by RESOURCE_EXHAUSTED
893,kto-1215292,사라오름,SEOGWIPO_CITY,seogwipo,서귀포시,12,관광지,spot,UNKNOWN,6,0,6,6,24,25,,1,사라오름,1,12:관광지,1,제주특별자치도 서귀포시 남원읍 신례리 산 2-1,0,,1,"33.3642521899,126.6050441353",0,,1,https://tong.visitkorea.or.kr/cms/resource/60/3523460_image2_1.jpg,0,,0,,0,,0,,0,,0,,0,,1,63608,0,,0,,0,,0,,0,,0,,0,,0,,0,,2b91c56fc7b5196bc828c9238081678ed31b26a21a318ac516580238a40ca35b,hank-place-field-audit-v1,Stage3 Firestore snapshot; live read blocked by RESOURCE_EXHAUSTED
894,kto-1220821,세계조가비박물관,SEOGWIPO_CITY,seogwipo,서귀포시,14,문화시설,spot,UNKNOWN,6,0,6,6,24,25,,1,세계조가비박물관,1,14:문화시설,1,제주특별자치도 서귀포시 태평로 284,0,,1,"33.2474447916,126.5516736169",0,,1,https://tong.visitkorea.or.kr/cms/resource/10/3548310_image2_1.jpg,0,,0,,0,,0,,0,,0,,0,,1,63594,0,,0,,0,,0,,0,,0,,0,,0,,0,,2b91c56fc7b5196bc828c9238081678ed31b26a21a318ac516580238a40ca35b,hank-place-field-audit-v1,Stage3 Firestore snapshot; live read blocked by RESOURCE_EXHAUSTED
895,kto-1308810,해진횟집,JEJU_CITY,jeju_city,제주시,39,음식점,food,UNKNOWN,6,0,6,6,24,25,,1,해진횟집,1,39:음식점,1,제주특별자치도 제주시 서부두길 22-1,0,,1,"33.5183581593197,126.52848458614",0,,1,https://tong.visitkorea.or.kr/cms/resource/26/1937226_image2_1.jpg,0,,0,,0,,0,,0,,0,,0,,1,63276,0,,0,,0,,0,,0,,0,,0,,0,,0,,2b91c56fc7b5196bc828c9238081678ed31b26a21a318ac516580238a40ca35b,hank-place-field-audit-v1,Stage3 Firestore snapshot; live read blocked by RESOURCE_EXHAUSTED
896,kto-1351196,"저지오름(닥몰오름,새오름)",JEJU_CITY,west,서부 (한경),12,관광지,spot,UNKNOWN,6,0,6,6,24,25,,1,"저지오름(닥몰오름,새오름)",1,12:관광지,1,제주특별자치도 제주시 한경면 중산간서로,0,,1,"33.3338221918,126.2517754921",0,,1,https://tong.visitkorea.or.kr/cms/resource/30/3400730_image2_1.jpg,0,,0,,0,,0,,0,,0,,0,,1,63007,0,,0,,0,,0,,0,,0,,0,,0,,0,,2b91c56fc7b5196bc828c9238081678ed31b26a21a318ac516580238a40ca35b,hank-place-field-audit-v1,Stage3 Firestore snapshot; live read blocked by RESOURCE_EXHAUSTED
897,kto-1544730,제주돌문화공원,JEJU_CITY,east,동부 (조천),14,문화시설,spot,UNKNOWN,6,0,6,6,24,25,,1,제주돌문화공원,1,14:문화시설,1,제주특별자치도 제주시 조천읍 남조로 2023,0,,1,"33.446621402,126.663992872",0,,1,https://tong.visitkorea.or.kr/cms/resource/94/4094994_image2_1.jpg,0,,0,,0,,0,,0,,0,,0,,1,63345,0,,0,,0,,0,,0,,0,,0,,0,,0,,2b91c56fc7b5196bc828c9238081678ed31b26a21a318ac516580238a40ca35b,hank-place-field-audit-v1,Stage3 Firestore snapshot; live read blocked by RESOURCE_EXHAUSTED
898,kto-1556005,그리스신화박물관,JEJU_CITY,west,서부 (한림),14,문화시설,spot,UNKNOWN,6,0,6,6,24,25,,1,그리스신화박물관,1,14:문화시설,1,제주특별자치도 제주시 한림읍 광산로 942,0,,1,"33.3480724819537,126.357654338361",0,,1,https://tong.visitkorea.or.kr/cms/resource/71/3053171_image2_1.jpg,0,,0,,0,,0,,0,,0,,0,,1,63021,0,,0,,0,,0,,0,,0,,0,,0,,0,,2b91c56fc7b5196bc828c9238081678ed31b26a21a318ac516580238a40ca35b,hank-place-field-audit-v1,Stage3 Firestore snapshot; live read blocked by RESOURCE_EXHAUSTED
899,kto-1620936,이중섭거리,SEOGWIPO_CITY,seogwipo,서귀포시,12,관광지,spot,UNKNOWN,6,0,6,6,24,25,,1,이중섭거리,1,12:관광지,1,제주특별자치도 서귀포시 이중섭로 29 (서귀동),0,,1,"33.2455202067,126.5644697732",0,,1,https://tong.visitkorea.or.kr/cms/resource/36/3403036_image2_1.jpg,0,,0,,0,,0,,0,,0,,0,,1,63595,0,,0,,0,,0,,0,,0,,0,,0,,0,,2b91c56fc7b5196bc828c9238081678ed31b26a21a318ac516580238a40ca35b,hank-place-field-audit-v1,Stage3 Firestore snapshot; live read blocked by RESOURCE_EXHAUSTED
900,kto-1620997,하멜기념비,SEOGWIPO_CITY,west,서부 (안덕),12,관광지,spot,UNKNOWN,6,0,6,6,24,25,,1,하멜기념비,1,12:관광지,1,제주특별자치도 서귀포시 안덕면 사계리 112-3,0,,1,"33.2337481229,126.3146500324",0,,1,https://tong.visitkorea.or.kr/cms/resource/24/3551524_image2_1.jpg,0,,0,,0,,0,,0,,0,,0,,1,63528,0,,0,,0,,0,,0,,0,,0,,0,,0,,2b91c56fc7b5196bc828c9238081678ed31b26a21a318ac516580238a40ca35b,hank-place-field-audit-v1,Stage3 Firestore snapshot; live read blocked by RESOURCE_EXHAUSTED
901,kto-1621045,신촌향사,JEJU_CITY,east,동부 (조천),12,관광지,spot,UNKNOWN,6,0,6,6,24,25,,1,신촌향사,1,12:관광지,1,제주특별자치도 제주시 조천읍 신촌5길 27,0,,1,"33.5365417182,126.620683305",0,,1,https://tong.visitkorea.or.kr/cms/resource/44/3555044_image2_1.jpg,0,,0,,0,,0,,0,,0,,0,,1,63337,0,,0,,0,,0,,0,,0,,0,,0,,0,,2b91c56fc7b5196bc828c9238081678ed31b26a21a318ac516580238a40ca35b,hank-place-field-audit-v1,Stage3 Firestore snapshot; live read blocked by RESOURCE_EXHAUSTED
902,kto-1621118,제주해녀항일운동기념탑,JEJU_CITY,east,동부 (구좌),12,관광지,spot,UNKNOWN,6,0,6,6,24,25,,1,제주해녀항일운동기념탑,1,12:관광지,1,제주특별자치도 제주시 구좌읍 해녀박물관길 26,0,,1,"33.5225027447,126.8639930584",0,,1,https://tong.visitkorea.or.kr/cms/resource/07/3384607_image2_1.jpg,0,,0,,0,,0,,0,,0,,0,,1,63362,0,,0,,0,,0,,0,,0,,0,,0,,0,,2b91c56fc7b5196bc828c9238081678ed31b26a21a318ac516580238a40ca35b,hank-place-field-audit-v1,Stage3 Firestore snapshot; live read blocked by RESOURCE_EXHAUSTED
903,kto-1621147,정의향교,SEOGWIPO_CITY,east,동부 (표선),12,관광지,spot,UNKNOWN,6,0,6,6,24,25,,1,정의향교,1,12:관광지,1,제주특별자치도 서귀포시 표선면 성읍서문로 14,0,,1,"33.3869055872,126.8000850448",0,,1,https://tong.visitkorea.or.kr/cms/resource/53/3384553_image2_1.jpg,0,,0,,0,,0,,0,,0,,0,,1,63624,0,,0,,0,,0,,0,,0,,0,,0,,0,,2b91c56fc7b5196bc828c9238081678ed31b26a21a318ac516580238a40ca35b,hank-place-field-audit-v1,Stage3 Firestore snapshot; live read blocked by RESOURCE_EXHAUSTED
904,kto-1621155,제주 성읍마을 고평오 고택,SEOGWIPO_CITY,east,동부 (표선),12,관광지,spot,UNKNOWN,6,0,6,6,24,25,,1,제주 성읍마을 고평오 고택,1,12:관광지,1,제주특별자치도 서귀포시 표선면 성읍정의현로34번길 5-3,0,,1,"33.3859918271,126.8018154715",0,,1,https://tong.visitkorea.or.kr/cms/resource/37/3551937_image2_1.jpg,0,,0,,0,,0,,0,,0,,0,,1,63624,0,,0,,0,,0,,0,,0,,0,,0,,0,,2b91c56fc7b5196bc828c9238081678ed31b26a21a318ac516580238a40ca35b,hank-place-field-audit-v1,Stage3 Firestore snapshot; live read blocked by RESOURCE_EXHAUSTED
905,kto-1621161,제주 성읍마을 고창환 고택,SEOGWIPO_CITY,east,동부 (표선),12,관광지,spot,UNKNOWN,6,0,6,6,24,25,,1,제주 성읍마을 고창환 고택,1,12:관광지,1,제주특별자치도 서귀포시 표선면 성읍서문로 4-7,0,,1,"33.387294434,126.8001350317",0,,1,https://tong.visitkorea.or.kr/cms/resource/93/3552193_image2_1.jpg,0,,0,,0,,0,,0,,0,,0,,1,63624,0,,0,,0,,0,,0,,0,,0,,0,,0,,2b91c56fc7b5196bc828c9238081678ed31b26a21a318ac516580238a40ca35b,hank-place-field-audit-v1,Stage3 Firestore snapshot; live read blocked by RESOURCE_EXHAUSTED
906,kto-1621175,대정향교,SEOGWIPO_CITY,west,서부 (안덕),12,관광지,spot,UNKNOWN,6,0,6,6,24,25,,1,대정향교,1,12:관광지,1,제주특별자치도 서귀포시 안덕면 향교로 165-17,0,,1,"33.2395439887,126.2883840008",0,,1,https://tong.visitkorea.or.kr/cms/resource/27/4078327_image2_1.jpg,0,,0,,0,,0,,0,,0,,0,,1,63528,0,,0,,0,,0,,0,,0,,0,,0,,0,,2b91c56fc7b5196bc828c9238081678ed31b26a21a318ac516580238a40ca35b,hank-place-field-audit-v1,Stage3 Firestore snapshot; live read blocked by RESOURCE_EXHAUSTED
907,kto-1672315,제주 노루생태관찰원,JEJU_CITY,jeju_city,제주시,12,관광지,spot,UNKNOWN,6,0,6,6,24,25,,1,제주 노루생태관찰원,1,12:관광지,1,제주특별자치도 제주시 명림로 520,0,,1,"33.4444547805,126.6266209993",0,,1,https://tong.visitkorea.or.kr/cms/resource/67/3389767_image2_1.jpg,0,,0,,0,,0,,0,,0,,0,,1,63313,0,,0,,0,,0,,0,,0,,0,,0,,0,,2b91c56fc7b5196bc828c9238081678ed31b26a21a318ac516580238a40ca35b,hank-place-field-audit-v1,Stage3 Firestore snapshot; live read blocked by RESOURCE_EXHAUSTED
908,kto-1737497,초콜릿랜드,SEOGWIPO_CITY,seogwipo,서귀포시,14,문화시설,spot,UNKNOWN,6,0,6,6,24,25,,1,초콜릿랜드,1,14:문화시설,1,제주특별자치도 서귀포시 중문관광로110번길 15,0,,1,"33.24976735,126.4133188934",0,,1,https://tong.visitkorea.or.kr/cms/resource/17/3023917_image2_1.jpg,0,,0,,0,,0,,0,,0,,0,,1,63535,0,,0,,0,,0,,0,,0,,0,,0,,0,,2b91c56fc7b5196bc828c9238081678ed31b26a21a318ac516580238a40ca35b,hank-place-field-audit-v1,Stage3 Firestore snapshot; live read blocked by RESOURCE_EXHAUSTED
909,kto-1755101,제주승마공원,JEJU_CITY,west,서부 (애월),28,레포츠,spot,UNKNOWN,6,0,6,6,24,25,,1,제주승마공원,1,28:레포츠,1,제주특별자치도 제주시 애월읍 녹고메길 152-1,0,,1,"33.4051126503,126.406064378",0,,1,https://tong.visitkorea.or.kr/cms/resource/65/3477665_image2_1.jpg,0,,0,,0,,0,,0,,0,,0,,1,63066,0,,0,,0,,0,,0,,0,,0,,0,,0,,2b91c56fc7b5196bc828c9238081678ed31b26a21a318ac516580238a40ca35b,hank-place-field-audit-v1,Stage3 Firestore snapshot; live read blocked by RESOURCE_EXHAUSTED
910,kto-1755350,탑 승마클럽,JEJU_CITY,jeju_city,제주시,28,레포츠,spot,UNKNOWN,6,0,6,6,24,25,,1,탑 승마클럽,1,28:레포츠,1,제주특별자치도 제주시 명림로 278 (봉개동),0,,1,"33.4627301141,126.6118198072",0,,1,https://tong.visitkorea.or.kr/cms/resource/70/3477770_image2_1.jpg,0,,0,,0,,0,,0,,0,,0,,1,63313,0,,0,,0,,0,,0,,0,,0,,0,,0,,2b91c56fc7b5196bc828c9238081678ed31b26a21a318ac516580238a40ca35b,hank-place-field-audit-v1,Stage3 Firestore snapshot; live read blocked by RESOURCE_EXHAUSTED
911,kto-1755806,제주아트센터,JEJU_CITY,jeju_city,제주시,14,문화시설,spot,UNKNOWN,6,0,6,6,24,25,,1,제주아트센터,1,14:문화시설,1,제주특별자치도 제주시 오남로 231 제주아트센터,0,,1,"33.4750796592,126.515520114",0,,1,https://tong.visitkorea.or.kr/cms/resource/56/3400756_image2_1.jpg,0,,0,,0,,0,,0,,0,,0,,1,63147,0,,0,,0,,0,,0,,0,,0,,0,,0,,2b91c56fc7b5196bc828c9238081678ed31b26a21a318ac516580238a40ca35b,hank-place-field-audit-v1,Stage3 Firestore snapshot; live read blocked by RESOURCE_EXHAUSTED
912,kto-1769266,제주 세계자연유산센터,JEJU_CITY,east,동부 (조천),14,문화시설,spot,UNKNOWN,6,0,6,6,24,25,,1,제주 세계자연유산센터,1,14:문화시설,1,제주특별자치도 제주시 조천읍 선교로 569-36,0,,1,"33.4568849822,126.714718683",0,,1,https://tong.visitkorea.or.kr/cms/resource/97/4073497_image2_1.jpg,0,,0,,0,,0,,0,,0,,0,,1,63341,0,,0,,0,,0,,0,,0,,0,,0,,0,,2b91c56fc7b5196bc828c9238081678ed31b26a21a318ac516580238a40ca35b,hank-place-field-audit-v1,Stage3 Firestore snapshot; live read blocked by RESOURCE_EXHAUSTED
913,kto-1812994,조랑말체험공원,SEOGWIPO_CITY,east,동부 (표선),12,관광지,spot,UNKNOWN,6,0,6,6,24,25,,1,조랑말체험공원,1,12:관광지,1,제주특별자치도 서귀포시 표선면 녹산로 381-17,0,,1,"33.383477154,126.7356684832",0,,1,https://tong.visitkorea.or.kr/cms/resource/62/3071962_image2_1.jpg,0,,0,,0,,0,,0,,0,,0,,1,63622,0,,0,,0,,0,,0,,0,,0,,0,,0,,2b91c56fc7b5196bc828c9238081678ed31b26a21a318ac516580238a40ca35b,hank-place-field-audit-v1,Stage3 Firestore snapshot; live read blocked by RESOURCE_EXHAUSTED
914,kto-1821483,제주올레하우스,JEJU_CITY,east,동부 (구좌),32,숙박,stay,UNKNOWN,6,0,6,6,24,25,,1,제주올레하우스,1,32:숙박,1,제주특별자치도 제주시 구좌읍 덕행로 450-23,0,,1,"33.5133329329,126.7784506914",0,,1,https://tong.visitkorea.or.kr/cms/resource/88/3546888_image2_1.jpg,0,,0,,0,,0,,0,,0,,0,,1,63349,0,,0,,0,,0,,0,,0,,0,,0,,0,,2b91c56fc7b5196bc828c9238081678ed31b26a21a318ac516580238a40ca35b,hank-place-field-audit-v1,Stage3 Firestore snapshot; live read blocked by RESOURCE_EXHAUSTED
915,kto-1823088,서귀포시축협 축산물플라자,SEOGWIPO_CITY,seogwipo,서귀포시,39,음식점,food,UNKNOWN,6,0,6,6,24,25,,1,서귀포시축협 축산물플라자,1,39:음식점,1,제주특별자치도 서귀포시 일주동로 8421,0,,1,"33.2571978278387,126.588468289905",0,,1,https://tong.visitkorea.or.kr/cms/resource/94/1786494_image2_1.jpg,0,,0,,0,,0,,0,,0,,0,,1,63598,0,,0,,0,,0,,0,,0,,0,,0,,0,,2b91c56fc7b5196bc828c9238081678ed31b26a21a318ac516580238a40ca35b,hank-place-field-audit-v1,Stage3 Firestore snapshot; live read blocked by RESOURCE_EXHAUSTED
916,kto-1828308,소라횟집,JEJU_CITY,east,동부 (구좌),39,음식점,food,UNKNOWN,6,0,6,6,24,25,,1,소라횟집,1,39:음식점,1,제주특별자치도 제주시 구좌읍 해맞이해안로 1240-3,0,,1,"33.5325096853,126.8463054731",0,,1,https://tong.visitkorea.or.kr/cms/resource/21/1827421_image2_1.jpg,0,,0,,0,,0,,0,,0,,0,,1,63360,0,,0,,0,,0,,0,,0,,0,,0,,0,,2b91c56fc7b5196bc828c9238081678ed31b26a21a318ac516580238a40ca35b,hank-place-field-audit-v1,Stage3 Firestore snapshot; live read blocked by RESOURCE_EXHAUSTED
917,kto-1846473,신신호텔 제주오션,SEOGWIPO_CITY,seogwipo,서귀포시,32,숙박,stay,UNKNOWN,6,0,6,6,24,25,,1,신신호텔 제주오션,1,32:숙박,1,제주특별자치도 서귀포시 중앙로 14 (서귀동),0,,1,"33.24595724709794,126.56233627717475",0,,1,https://tong.visitkorea.or.kr/cms/resource/49/3521549_image2_1.jpg,0,,0,,0,,0,,0,,0,,0,,1,63595,0,,0,,0,,0,,0,,0,,0,,0,,0,,2b91c56fc7b5196bc828c9238081678ed31b26a21a318ac516580238a40ca35b,hank-place-field-audit-v1,Stage3 Firestore snapshot; live read blocked by RESOURCE_EXHAUSTED
918,kto-1847757,해녀촌,JEJU_CITY,east,동부 (구좌),39,음식점,food,UNKNOWN,6,0,6,6,24,25,,1,해녀촌,1,39:음식점,1,제주특별자치도 제주시 구좌읍 동복로 33,0,,1,"33.5536587445,126.7098816771",0,,1,https://tong.visitkorea.or.kr/cms/resource/09/3466509_image2_1.jpg,0,,0,,0,,0,,0,,0,,0,,1,63347,0,,0,,0,,0,,0,,0,,0,,0,,0,,2b91c56fc7b5196bc828c9238081678ed31b26a21a318ac516580238a40ca35b,hank-place-field-audit-v1,Stage3 Firestore snapshot; live read blocked by RESOURCE_EXHAUSTED
919,kto-1853848,바다하우스,JEJU_CITY,west,서부 (애월),32,숙박,stay,UNKNOWN,6,0,6,6,24,25,,1,바다하우스,1,32:숙박,1,제주특별자치도 제주시 애월읍 애월해안로 218,0,,1,"33.4665921534,126.3356596732",0,,1,https://tong.visitkorea.or.kr/cms/resource/20/3478020_image2_1.jpg,0,,0,,0,,0,,0,,0,,0,,1,63045,0,,0,,0,,0,,0,,0,,0,,0,,0,,2b91c56fc7b5196bc828c9238081678ed31b26a21a318ac516580238a40ca35b,hank-place-field-audit-v1,Stage3 Firestore snapshot; live read blocked by RESOURCE_EXHAUSTED
920,kto-1861336,광양해장국집,JEJU_CITY,jeju_city,제주시,39,음식점,food,UNKNOWN,6,0,6,6,24,25,,1,광양해장국집,1,39:음식점,1,제주특별자치도 제주시 광양13길 25 (이도이동),0,,1,"33.4999166086,126.5326128422",0,,1,https://tong.visitkorea.or.kr/cms/resource/83/3408083_image2_1.jpg,0,,0,,0,,0,,0,,0,,0,,1,63209,0,,0,,0,,0,,0,,0,,0,,0,,0,,2b91c56fc7b5196bc828c9238081678ed31b26a21a318ac516580238a40ca35b,hank-place-field-audit-v1,Stage3 Firestore snapshot; live read blocked by RESOURCE_EXHAUSTED
921,kto-1861360,모이세해장국,JEJU_CITY,jeju_city,제주시,39,음식점,food,UNKNOWN,6,0,6,6,24,25,,1,모이세해장국,1,39:음식점,1,제주특별자치도 제주시 연북로 221,0,,1,"33.4817126104,126.5051390387",0,,1,https://tong.visitkorea.or.kr/cms/resource/99/3396899_image2_1.jpg,0,,0,,0,,0,,0,,0,,0,,1,63145,0,,0,,0,,0,,0,,0,,0,,0,,0,,2b91c56fc7b5196bc828c9238081678ed31b26a21a318ac516580238a40ca35b,hank-place-field-audit-v1,Stage3 Firestore snapshot; live read blocked by RESOURCE_EXHAUSTED
922,kto-1861656,1100고지습지,SEOGWIPO_CITY,seogwipo,서귀포시,12,관광지,spot,UNKNOWN,6,0,6,6,24,25,,1,1100고지습지,1,12:관광지,1,제주특별자치도 서귀포시 1100로 1555,0,,1,"33.3576728826,126.463014942",0,,1,https://tong.visitkorea.or.kr/cms/resource/07/3314907_image2_1.jpg,0,,0,,0,,0,,0,,0,,0,,1,63554,0,,0,,0,,0,,0,,0,,0,,0,,0,,2b91c56fc7b5196bc828c9238081678ed31b26a21a318ac516580238a40ca35b,hank-place-field-audit-v1,Stage3 Firestore snapshot; live read blocked by RESOURCE_EXHAUSTED
923,kto-1862763,더 아일랜더,JEJU_CITY,jeju_city,제주시,38,쇼핑,spot,UNKNOWN,6,0,6,6,24,25,,1,더 아일랜더,1,38:쇼핑,1,제주특별자치도 제주시 관덕로4길 7,0,,1,"33.5123948509,126.5213603854",0,,1,https://tong.visitkorea.or.kr/cms/resource/49/4074849_image2_1.jpg,0,,0,,0,,0,,0,,0,,0,,1,63168,0,,0,,0,,0,,0,,0,,0,,0,,0,,2b91c56fc7b5196bc828c9238081678ed31b26a21a318ac516580238a40ca35b,hank-place-field-audit-v1,Stage3 Firestore snapshot; live read blocked by RESOURCE_EXHAUSTED
924,kto-1863246,바당수산,JEJU_CITY,jeju_city,제주시,38,쇼핑,spot,UNKNOWN,6,0,6,6,24,25,,1,바당수산,1,38:쇼핑,1,제주특별자치도 제주시 임항로 49,0,,1,"33.5169924336,126.5300249638",0,,1,https://tong.visitkorea.or.kr/cms/resource/35/3396935_image2_1.jpg,0,,0,,0,,0,,0,,0,,0,,1,63276,0,,0,,0,,0,,0,,0,,0,,0,,0,,2b91c56fc7b5196bc828c9238081678ed31b26a21a318ac516580238a40ca35b,hank-place-field-audit-v1,Stage3 Firestore snapshot; live read blocked by RESOURCE_EXHAUSTED
925,kto-1865762,삼다도횟집,JEJU_CITY,jeju_city,제주시,39,음식점,food,UNKNOWN,6,0,6,6,24,25,,1,삼다도횟집,1,39:음식점,1,제주특별자치도 제주시 서해안로 572,0,,1,"33.5189945013,126.4993275871",0,,1,https://tong.visitkorea.or.kr/cms/resource/49/3396849_image2_1.jpg,0,,0,,0,,0,,0,,0,,0,,1,63114,0,,0,,0,,0,,0,,0,,0,,0,,0,,2b91c56fc7b5196bc828c9238081678ed31b26a21a318ac516580238a40ca35b,hank-place-field-audit-v1,Stage3 Firestore snapshot; live read blocked by RESOURCE_EXHAUSTED
926,kto-1866904,가시식당,SEOGWIPO_CITY,east,동부 (표선),39,음식점,food,UNKNOWN,6,0,6,6,24,25,,1,가시식당,1,39:음식점,1,제주특별자치도 서귀포시 표선면 가시로565번길 24,0,,1,"33.3529880508,126.7713500101",0,,1,https://tong.visitkorea.or.kr/cms/resource/90/3389990_image2_1.jpg,0,,0,,0,,0,,0,,0,,0,,1,63623,0,,0,,0,,0,,0,,0,,0,,0,,0,,2b91c56fc7b5196bc828c9238081678ed31b26a21a318ac516580238a40ca35b,hank-place-field-audit-v1,Stage3 Firestore snapshot; live read blocked by RESOURCE_EXHAUSTED
927,kto-1867998,애월고불락,JEJU_CITY,west,서부 (애월),39,음식점,food,UNKNOWN,6,0,6,6,24,25,,1,애월고불락,1,39:음식점,1,제주특별자치도 제주시 애월읍 고내로7길 45-12,0,,1,"33.4667583301,126.3365980654",0,,1,https://tong.visitkorea.or.kr/cms/resource/50/3396850_image2_1.jpg,0,,0,,0,,0,,0,,0,,0,,1,63045,0,,0,,0,,0,,0,,0,,0,,0,,0,,2b91c56fc7b5196bc828c9238081678ed31b26a21a318ac516580238a40ca35b,hank-place-field-audit-v1,Stage3 Firestore snapshot; live read blocked by RESOURCE_EXHAUSTED
928,kto-1869305,나.미.송,JEJU_CITY,west,서부 (애월),32,숙박,stay,UNKNOWN,6,0,6,6,24,25,,1,나.미.송,1,32:숙박,1,제주특별자치도 제주시 애월읍 평화로 2476-10,0,,1,"33.4302838053939,126.41768930667116",0,,1,https://tong.visitkorea.or.kr/cms/resource/15/2560115_image2_1.jpg,0,,0,,0,,0,,0,,0,,0,,1,63065,0,,0,,0,,0,,0,,0,,0,,0,,0,,2b91c56fc7b5196bc828c9238081678ed31b26a21a318ac516580238a40ca35b,hank-place-field-audit-v1,Stage3 Firestore snapshot; live read blocked by RESOURCE_EXHAUSTED
929,kto-1871024,제주칠성로상점가,JEJU_CITY,jeju_city,제주시,38,쇼핑,spot,UNKNOWN,6,0,6,6,24,25,,1,제주칠성로상점가,1,38:쇼핑,1,제주특별자치도 제주시 관덕로13길 12 (일도일동),0,,1,"33.5140256381,126.5261152553",0,,1,https://tong.visitkorea.or.kr/cms/resource/72/3396972_image2_1.jpg,0,,0,,0,,0,,0,,0,,0,,1,63277,0,,0,,0,,0,,0,,0,,0,,0,,0,,2b91c56fc7b5196bc828c9238081678ed31b26a21a318ac516580238a40ca35b,hank-place-field-audit-v1,Stage3 Firestore snapshot; live read blocked by RESOURCE_EXHAUSTED
930,kto-1871028,중문농수산물직판장,SEOGWIPO_CITY,seogwipo,서귀포시,38,쇼핑,spot,UNKNOWN,6,0,6,6,24,25,,1,중문농수산물직판장,1,38:쇼핑,1,제주특별자치도 서귀포시 천제연로 355 (회수동),0,,1,"33.2524285222,126.442384646",0,,1,https://tong.visitkorea.or.kr/cms/resource/70/3403270_image2_1.jpg,0,,0,,0,,0,,0,,0,,0,,1,63540,0,,0,,0,,0,,0,,0,,0,,0,,0,,2b91c56fc7b5196bc828c9238081678ed31b26a21a318ac516580238a40ca35b,hank-place-field-audit-v1,Stage3 Firestore snapshot; live read blocked by RESOURCE_EXHAUSTED
931,kto-1876994,낭뜰에쉼팡,JEJU_CITY,east,동부 (조천),39,음식점,food,UNKNOWN,6,0,6,6,24,25,,1,낭뜰에쉼팡,1,39:음식점,1,제주특별자치도 제주시 조천읍 남조로 2343,0,,1,"33.4734960085,126.657134762",0,,1,https://tong.visitkorea.or.kr/cms/resource/58/3578858_image2_1.jpg,0,,0,,0,,0,,0,,0,,0,,1,63344,0,,0,,0,,0,,0,,0,,0,,0,,0,,2b91c56fc7b5196bc828c9238081678ed31b26a21a318ac516580238a40ca35b,hank-place-field-audit-v1,Stage3 Firestore snapshot; live read blocked by RESOURCE_EXHAUSTED
932,kto-1877056,다래향,JEJU_CITY,east,동부 (조천),39,음식점,food,UNKNOWN,6,0,6,6,24,25,,1,다래향,1,39:음식점,1,제주특별자치도 제주시 조천읍 조함해안로 428-4,0,,1,"33.5457626517,126.6607216553",0,,1,https://tong.visitkorea.or.kr/cms/resource/56/3396956_image2_1.jpg,0,,0,,0,,0,,0,,0,,0,,1,63333,0,,0,,0,,0,,0,,0,,0,,0,,0,,2b91c56fc7b5196bc828c9238081678ed31b26a21a318ac516580238a40ca35b,hank-place-field-audit-v1,Stage3 Firestore snapshot; live read blocked by RESOURCE_EXHAUSTED
933,kto-1880892,제주카사블랑카,SEOGWIPO_CITY,seogwipo,서귀포시,32,숙박,stay,UNKNOWN,6,0,6,6,24,25,,1,제주카사블랑카,1,32:숙박,1,제주특별자치도 서귀포시 학수암로 107 (호근동),0,,1,"33.2704426473,126.5278475592",0,,1,https://tong.visitkorea.or.kr/cms/resource/41/4090841_image2_1.jpg,0,,0,,0,,0,,0,,0,,0,,1,63575,0,,0,,0,,0,,0,,0,,0,,0,,0,,2b91c56fc7b5196bc828c9238081678ed31b26a21a318ac516580238a40ca35b,hank-place-field-audit-v1,Stage3 Firestore snapshot; live read blocked by RESOURCE_EXHAUSTED
934,kto-1881664,독개물항,JEJU_CITY,west,서부 (한림),39,음식점,food,UNKNOWN,6,0,6,6,24,25,,1,독개물항,1,39:음식점,1,제주특별자치도 제주시 한림읍 한림로 478,0,,1,"33.4018839855,126.2516129948",0,,1,https://tong.visitkorea.or.kr/cms/resource/37/3397037_image2_1.jpg,0,,0,,0,,0,,0,,0,,0,,1,63012,0,,0,,0,,0,,0,,0,,0,,0,,0,,2b91c56fc7b5196bc828c9238081678ed31b26a21a318ac516580238a40ca35b,hank-place-field-audit-v1,Stage3 Firestore snapshot; live read blocked by RESOURCE_EXHAUSTED
935,kto-1882274,벵가스테이,SEOGWIPO_CITY,east,동부 (성산),12,관광지,spot,UNKNOWN,6,0,6,6,24,25,,1,벵가스테이,1,12:관광지,1,제주특별자치도 서귀포시 성산읍 일주동로4120번길 23-20,0,,1,"33.4594882342,126.9100849593",0,,1,https://tong.visitkorea.or.kr/cms/resource/59/3477459_image2_1.jpg,0,,0,,0,,0,,0,,0,,0,,1,63639,0,,0,,0,,0,,0,,0,,0,,0,,0,,2b91c56fc7b5196bc828c9238081678ed31b26a21a318ac516580238a40ca35b,hank-place-field-audit-v1,Stage3 Firestore snapshot; live read blocked by RESOURCE_EXHAUSTED
936,kto-1882353,둠비정원,SEOGWIPO_CITY,seogwipo,서귀포시,39,음식점,food,UNKNOWN,6,0,6,6,24,25,,1,둠비정원,1,39:음식점,1,제주특별자치도 서귀포시 신중로13번길 20,1,(강정동),1,"33.2571437705706,126.507867434617",0,,0,,0,,0,,0,,0,,0,,0,,0,,1,63565,0,,0,,0,,0,,0,,0,,0,,0,,0,,2b91c56fc7b5196bc828c9238081678ed31b26a21a318ac516580238a40ca35b,hank-place-field-audit-v1,Stage3 Firestore snapshot; live read blocked by RESOURCE_EXHAUSTED
937,kto-1883573,마돈,SEOGWIPO_CITY,east,동부 (성산),39,음식점,food,UNKNOWN,6,0,6,6,24,25,,1,마돈,1,39:음식점,1,제주특별자치도 서귀포시 성산읍 섭지코지로 56,0,,1,"33.4374775663,126.9218461872",0,,1,https://tong.visitkorea.or.kr/cms/resource/10/3396210_image2_1.jpg,0,,0,,0,,0,,0,,0,,0,,1,63641,0,,0,,0,,0,,0,,0,,0,,0,,0,,2b91c56fc7b5196bc828c9238081678ed31b26a21a318ac516580238a40ca35b,hank-place-field-audit-v1,Stage3 Firestore snapshot; live read blocked by RESOURCE_EXHAUSTED
938,kto-1883622,만부정,JEJU_CITY,jeju_city,제주시,39,음식점,food,UNKNOWN,6,0,6,6,24,25,,1,만부정,1,39:음식점,1,제주특별자치도 제주시 사장길 38,0,,1,"33.4825728951,126.4945441167",0,,1,https://tong.visitkorea.or.kr/cms/resource/99/3396599_image2_1.jpg,0,,0,,0,,0,,0,,0,,0,,1,63136,0,,0,,0,,0,,0,,0,,0,,0,,0,,2b91c56fc7b5196bc828c9238081678ed31b26a21a318ac516580238a40ca35b,hank-place-field-audit-v1,Stage3 Firestore snapshot; live read blocked by RESOURCE_EXHAUSTED
939,kto-1883646,만세국수,JEJU_CITY,jeju_city,제주시,39,음식점,food,UNKNOWN,6,0,6,6,24,25,,1,만세국수,1,39:음식점,1,제주특별자치도 제주시 오라로 152,1,(오라일동),1,"33.494136452,126.5187959033",0,,0,,0,,0,,0,,0,,0,,0,,0,,1,63191,0,,0,,0,,0,,0,,0,,0,,0,,0,,2b91c56fc7b5196bc828c9238081678ed31b26a21a318ac516580238a40ca35b,hank-place-field-audit-v1,Stage3 Firestore snapshot; live read blocked by RESOURCE_EXHAUSTED
940,kto-1884505,가문이오름(감은이오름),SEOGWIPO_CITY,east,동부 (표선),12,관광지,spot,UNKNOWN,6,0,6,6,24,25,,1,가문이오름(감은이오름),1,12:관광지,1,제주특별자치도 서귀포시 표선면 가시리,0,,1,"33.4018299117,126.6876111209",0,,1,https://tong.visitkorea.or.kr/cms/resource/92/3477392_image2_1.jpg,0,,0,,0,,0,,0,,0,,0,,1,63623,0,,0,,0,,0,,0,,0,,0,,0,,0,,2b91c56fc7b5196bc828c9238081678ed31b26a21a318ac516580238a40ca35b,hank-place-field-audit-v1,Stage3 Firestore snapshot; live read blocked by RESOURCE_EXHAUSTED
941,kto-1885746,가세오름,SEOGWIPO_CITY,east,동부 (표선),12,관광지,spot,UNKNOWN,6,0,6,6,24,25,,1,가세오름,1,12:관광지,1,제주특별자치도 서귀포시 표선면 녹산로 554,0,,1,"33.3931758821,126.7231832338",0,,1,https://tong.visitkorea.or.kr/cms/resource/61/3477261_image2_1.jpg,0,,0,,0,,0,,0,,0,,0,,1,63622,0,,0,,0,,0,,0,,0,,0,,0,,0,,2b91c56fc7b5196bc828c9238081678ed31b26a21a318ac516580238a40ca35b,hank-place-field-audit-v1,Stage3 Firestore snapshot; live read blocked by RESOURCE_EXHAUSTED
942,kto-1885754,가시오름,SEOGWIPO_CITY,west,서부 (대정),12,관광지,spot,UNKNOWN,6,0,6,6,24,25,,1,가시오름,1,12:관광지,1,제주특별자치도 서귀포시 대정읍 하모이삼로21번길 1,0,,1,"33.2236315617,126.2500169782",0,,1,https://tong.visitkorea.or.kr/cms/resource/13/3477513_image2_1.jpg,0,,0,,0,,0,,0,,0,,0,,1,63507,0,,0,,0,,0,,0,,0,,0,,0,,0,,2b91c56fc7b5196bc828c9238081678ed31b26a21a318ac516580238a40ca35b,hank-place-field-audit-v1,Stage3 Firestore snapshot; live read blocked by RESOURCE_EXHAUSTED
943,kto-1887381,갈마못(갈뫼못),SEOGWIPO_CITY,east,동부 (표선),12,관광지,spot,UNKNOWN,6,0,6,6,24,25,,1,갈마못(갈뫼못),1,12:관광지,1,제주특별자치도 서귀포시 표선면 성읍리,0,,1,"33.3873529469,126.8116979172",0,,1,https://tong.visitkorea.or.kr/cms/resource/31/3477231_image2_1.jpg,0,,0,,0,,0,,0,,0,,0,,1,63624,0,,0,,0,,0,,0,,0,,0,,0,,0,,2b91c56fc7b5196bc828c9238081678ed31b26a21a318ac516580238a40ca35b,hank-place-field-audit-v1,Stage3 Firestore snapshot; live read blocked by RESOURCE_EXHAUSTED
944,kto-1887546,프레리아 커플 독채펜션,JEJU_CITY,west,서부 (애월),32,숙박,stay,UNKNOWN,6,0,6,6,24,25,,1,프레리아 커플 독채펜션,1,32:숙박,1,제주특별자치도 제주시 애월읍 유수암평화5길 34-29,0,,1,"33.4254894659,126.4050490077",0,,1,https://tong.visitkorea.or.kr/cms/resource/14/3552914_image2_1.jpg,0,,0,,0,,0,,0,,0,,0,,1,63067,0,,0,,0,,0,,0,,0,,0,,0,,0,,2b91c56fc7b5196bc828c9238081678ed31b26a21a318ac516580238a40ca35b,hank-place-field-audit-v1,Stage3 Firestore snapshot; live read blocked by RESOURCE_EXHAUSTED
945,kto-1887873,개오름,SEOGWIPO_CITY,east,동부 (표선),12,관광지,spot,UNKNOWN,6,0,6,6,24,25,,1,개오름,1,12:관광지,1,제주특별자치도 서귀포시 표선면 성읍이리로57번길 162,0,,1,"33.423862104,126.7682286281",0,,1,https://tong.visitkorea.or.kr/cms/resource/94/3526894_image2_1.jpg,0,,0,,0,,0,,0,,0,,0,,1,63624,0,,0,,0,,0,,0,,0,,0,,0,,0,,2b91c56fc7b5196bc828c9238081678ed31b26a21a318ac516580238a40ca35b,hank-place-field-audit-v1,Stage3 Firestore snapshot; live read blocked by RESOURCE_EXHAUSTED
946,kto-1888034,소랑호젠,SEOGWIPO_CITY,seogwipo,서귀포시,32,숙박,stay,UNKNOWN,6,0,6,6,24,25,,1,소랑호젠,1,32:숙박,1,제주특별자치도 서귀포시 남원읍 태위로 545,0,,1,"33.2758030952569,126.705237596791",0,,1,https://tong.visitkorea.or.kr/cms/resource/83/4010183_image2_1.jpg,0,,0,,0,,0,,0,,0,,0,,1,63620,0,,0,,0,,0,,0,,0,,0,,0,,0,,2b91c56fc7b5196bc828c9238081678ed31b26a21a318ac516580238a40ca35b,hank-place-field-audit-v1,Stage3 Firestore snapshot; live read blocked by RESOURCE_EXHAUSTED
947,kto-1889809,개오리오름,JEJU_CITY,jeju_city,제주시,12,관광지,spot,UNKNOWN,6,0,6,6,24,25,,1,개오리오름,1,12:관광지,1,제주특별자치도 제주시 봉개동,0,,1,"33.4262287923,126.6125115262",0,,1,https://tong.visitkorea.or.kr/cms/resource/47/3478047_image2_1.jpg,0,,0,,0,,0,,0,,0,,0,,1,63313,0,,0,,0,,0,,0,,0,,0,,0,,0,,2b91c56fc7b5196bc828c9238081678ed31b26a21a318ac516580238a40ca35b,hank-place-field-audit-v1,Stage3 Firestore snapshot; live read blocked by RESOURCE_EXHAUSTED
948,kto-1889833,갯거리오름,SEOGWIPO_CITY,seogwipo,서귀포시,12,관광지,spot,UNKNOWN,6,0,6,6,24,25,,1,갯거리오름,1,12:관광지,1,제주특별자치도 서귀포시 대포동,0,,1,"33.3101086116,126.4578470138",0,,1,https://tong.visitkorea.or.kr/cms/resource/00/3585200_image2_1.jpg,0,,0,,0,,0,,0,,0,,0,,1,63540,0,,0,,0,,0,,0,,0,,0,,0,,0,,2b91c56fc7b5196bc828c9238081678ed31b26a21a318ac516580238a40ca35b,hank-place-field-audit-v1,Stage3 Firestore snapshot; live read blocked by RESOURCE_EXHAUSTED
949,kto-1890152,거린사슴,SEOGWIPO_CITY,seogwipo,서귀포시,12,관광지,spot,UNKNOWN,6,0,6,6,24,25,,1,거린사슴,1,12:관광지,1,제주특별자치도 서귀포시 1100로 823,0,,1,"33.3073171985,126.4543696003",0,,1,https://tong.visitkorea.or.kr/cms/resource/97/3477397_image2_1.jpg,0,,0,,0,,0,,0,,0,,0,,1,63554,0,,0,,0,,0,,0,,0,,0,,0,,0,,2b91c56fc7b5196bc828c9238081678ed31b26a21a318ac516580238a40ca35b,hank-place-field-audit-v1,Stage3 Firestore snapshot; live read blocked by RESOURCE_EXHAUSTED
950,kto-1890343,동부농원,SEOGWIPO_CITY,east,동부 (성산),38,쇼핑,spot,UNKNOWN,6,0,6,6,24,25,,1,동부농원,1,38:쇼핑,1,제주특별자치도 서귀포시 성산읍 서성일로 1007,0,,1,"33.4429313439,126.8862290743",0,,1,https://tong.visitkorea.or.kr/cms/resource/05/3477505_image2_1.jpg,0,,0,,0,,0,,0,,0,,0,,1,63630,0,,0,,0,,0,,0,,0,,0,,0,,0,,2b91c56fc7b5196bc828c9238081678ed31b26a21a318ac516580238a40ca35b,hank-place-field-audit-v1,Stage3 Firestore snapshot; live read blocked by RESOURCE_EXHAUSTED
951,kto-1890872,뒤굽은이오름,JEJU_CITY,east,동부 (구좌),12,관광지,spot,UNKNOWN,6,0,6,6,24,25,,1,뒤굽은이오름,1,12:관광지,1,제주특별자치도 제주시 구좌읍 송당리,0,,1,"33.479730911,126.767113557",0,,1,https://tong.visitkorea.or.kr/cms/resource/22/3526922_image2_1.jpg,0,,0,,0,,0,,0,,0,,0,,1,63355,0,,0,,0,,0,,0,,0,,0,,0,,0,,2b91c56fc7b5196bc828c9238081678ed31b26a21a318ac516580238a40ca35b,hank-place-field-audit-v1,Stage3 Firestore snapshot; live read blocked by RESOURCE_EXHAUSTED
952,kto-1891566,와이리조트 제주,SEOGWIPO_CITY,west,서부 (안덕),32,숙박,stay,UNKNOWN,6,0,6,6,24,25,,1,와이리조트 제주,1,32:숙박,1,제주특별자치도 서귀포시 안덕면 화순중앙로124번길 75,0,,1,"33.2425688372,126.3279381854",0,,1,https://tong.visitkorea.or.kr/cms/resource/54/3552754_image2_1.jpg,0,,0,,0,,0,,0,,0,,0,,1,63530,0,,0,,0,,0,,0,,0,,0,,0,,0,,2b91c56fc7b5196bc828c9238081678ed31b26a21a318ac516580238a40ca35b,hank-place-field-audit-v1,Stage3 Firestore snapshot; live read blocked by RESOURCE_EXHAUSTED
953,kto-1891955,명문가시리식당,SEOGWIPO_CITY,east,동부 (표선),39,음식점,food,UNKNOWN,6,0,6,6,24,25,,1,명문가시리식당,1,39:음식점,1,제주특별자치도 서귀포시 표선면 중산간동로 5218,0,,1,"33.3528385576,126.7707218506",0,,1,https://tong.visitkorea.or.kr/cms/resource/50/3403350_image2_1.jpg,0,,0,,0,,0,,0,,0,,0,,1,63623,0,,0,,0,,0,,0,,0,,0,,0,,0,,2b91c56fc7b5196bc828c9238081678ed31b26a21a318ac516580238a40ca35b,hank-place-field-audit-v1,Stage3 Firestore snapshot; live read blocked by RESOURCE_EXHAUSTED
954,kto-1892305,몽생이,JEJU_CITY,west,서부 (한경),39,음식점,food,UNKNOWN,6,0,6,6,24,25,,1,몽생이,1,39:음식점,1,제주특별자치도 제주시 한경면 녹차분재로 628,0,,1,"33.3246236742,126.2604972325",0,,1,https://tong.visitkorea.or.kr/cms/resource/87/3396987_image2_1.jpg,0,,0,,0,,0,,0,,0,,0,,1,63005,0,,0,,0,,0,,0,,0,,0,,0,,0,,2b91c56fc7b5196bc828c9238081678ed31b26a21a318ac516580238a40ca35b,hank-place-field-audit-v1,Stage3 Firestore snapshot; live read blocked by RESOURCE_EXHAUSTED
955,kto-1892321,무인카페 산책,JEJU_CITY,west,서부 (애월),39,음식점,cafe,UNKNOWN,6,0,6,6,24,25,,1,무인카페 산책,1,39:음식점,1,제주특별자치도 제주시 애월읍 고내로7길 49,0,,1,"33.4668838075,126.3369206678",0,,1,https://tong.visitkorea.or.kr/cms/resource/58/3396858_image2_1.jpg,0,,0,,0,,0,,0,,0,,0,,1,63045,0,,0,,0,,0,,0,,0,,0,,0,,0,,2b91c56fc7b5196bc828c9238081678ed31b26a21a318ac516580238a40ca35b,hank-place-field-audit-v1,Stage3 Firestore snapshot; live read blocked by RESOURCE_EXHAUSTED
956,kto-1893993,하얀언덕,SEOGWIPO_CITY,east,동부 (표선),32,숙박,stay,UNKNOWN,6,0,6,6,24,25,,1,하얀언덕,1,32:숙박,1,제주특별자치도 서귀포시 표선면 민속해안로 351,0,,1,"33.3114940302193,126.83397098104282",0,,1,https://tong.visitkorea.or.kr/cms/resource/10/3516110_image2_1.jpg,0,,0,,0,,0,,0,,0,,0,,1,63629,0,,0,,0,,0,,0,,0,,0,,0,,0,,2b91c56fc7b5196bc828c9238081678ed31b26a21a318ac516580238a40ca35b,hank-place-field-audit-v1,Stage3 Firestore snapshot; live read blocked by RESOURCE_EXHAUSTED
957,kto-1894943,포도호텔,SEOGWIPO_CITY,west,서부 (안덕),32,숙박,stay,UNKNOWN,6,0,6,6,24,25,,1,포도호텔,1,32:숙박,1,제주특별자치도 서귀포시 안덕면 상천리,0,,1,"33.3178733106,126.3875196113",0,,1,https://tong.visitkorea.or.kr/cms/resource/01/3569801_image2_1.jpg,0,,0,,0,,0,,0,,0,,0,,1,63525,0,,0,,0,,0,,0,,0,,0,,0,,0,,2b91c56fc7b5196bc828c9238081678ed31b26a21a318ac516580238a40ca35b,hank-place-field-audit-v1,Stage3 Firestore snapshot; live read blocked by RESOURCE_EXHAUSTED
958,kto-1895611,천아오름,JEJU_CITY,west,서부 (애월),12,관광지,spot,UNKNOWN,6,0,6,6,24,25,,1,천아오름,1,12:관광지,1,제주특별자치도 제주시 애월읍 광령리,0,,1,"33.3969294468,126.4499096413",0,,1,https://tong.visitkorea.or.kr/cms/resource/93/3526993_image2_1.jpg,0,,0,,0,,0,,0,,0,,0,,1,63062,0,,0,,0,,0,,0,,0,,0,,0,,0,,2b91c56fc7b5196bc828c9238081678ed31b26a21a318ac516580238a40ca35b,hank-place-field-audit-v1,Stage3 Firestore snapshot; live read blocked by RESOURCE_EXHAUSTED
959,kto-1895633,비양봉,JEJU_CITY,west,서부 (한림),12,관광지,spot,UNKNOWN,6,0,6,6,24,25,,1,비양봉,1,12:관광지,1,제주특별자치도 제주시 한림읍 협재리,0,,1,"33.4085746459,126.2271120833",0,,1,https://tong.visitkorea.or.kr/cms/resource/71/3585371_image2_1.jpg,0,,0,,0,,0,,0,,0,,0,,1,63011,0,,0,,0,,0,,0,,0,,0,,0,,0,,2b91c56fc7b5196bc828c9238081678ed31b26a21a318ac516580238a40ca35b,hank-place-field-audit-v1,Stage3 Firestore snapshot; live read blocked by RESOURCE_EXHAUSTED
960,kto-1896032,가름게스트하우스,SEOGWIPO_CITY,seogwipo,서귀포시,32,숙박,stay,UNKNOWN,6,0,6,6,24,25,,1,가름게스트하우스,1,32:숙박,1,제주특별자치도 서귀포시 법환하로9번길 10,0,,1,"33.2365573431858,126.512325818449",0,,1,https://tong.visitkorea.or.kr/cms/resource/88/3516088_image2_1.JPG,0,,0,,0,,0,,0,,0,,0,,1,63573,0,,0,,0,,0,,0,,0,,0,,0,,0,,2b91c56fc7b5196bc828c9238081678ed31b26a21a318ac516580238a40ca35b,hank-place-field-audit-v1,Stage3 Firestore snapshot; live read blocked by RESOURCE_EXHAUSTED
961,kto-1896087,범섬앞어촌계횟집,SEOGWIPO_CITY,seogwipo,서귀포시,39,음식점,food,UNKNOWN,6,0,6,6,24,25,,1,범섬앞어촌계횟집,1,39:음식점,1,제주특별자치도 서귀포시 막숙포로 61 (법환동),0,,1,"33.2357739394,126.5150778842",0,,1,https://tong.visitkorea.or.kr/cms/resource/94/3466494_image2_1.jpg,0,,0,,0,,0,,0,,0,,0,,1,63573,0,,0,,0,,0,,0,,0,,0,,0,,0,,2b91c56fc7b5196bc828c9238081678ed31b26a21a318ac516580238a40ca35b,hank-place-field-audit-v1,Stage3 Firestore snapshot; live read blocked by RESOURCE_EXHAUSTED
962,kto-1896538,오라숲소리,JEJU_CITY,jeju_city,제주시,39,음식점,food,UNKNOWN,6,0,6,6,24,25,,1,오라숲소리,1,39:음식점,1,제주특별자치도 제주시 오라로 80,0,,1,"33.4955188853,126.5117699965",0,,1,https://tong.visitkorea.or.kr/cms/resource/33/3396933_image2_1.jpg,0,,0,,0,,0,,0,,0,,0,,1,63148,0,,0,,0,,0,,0,,0,,0,,0,,0,,2b91c56fc7b5196bc828c9238081678ed31b26a21a318ac516580238a40ca35b,hank-place-field-audit-v1,Stage3 Firestore snapshot; live read blocked by RESOURCE_EXHAUSTED
963,kto-1897905,노을담은뜨락,SEOGWIPO_CITY,west,서부 (대정),32,숙박,stay,UNKNOWN,6,0,6,6,24,25,,1,노을담은뜨락,1,32:숙박,1,제주특별자치도 서귀포시 대정읍 노을해안로 416,0,,1,"33.2562936895,126.1903769911",0,,1,https://tong.visitkorea.or.kr/cms/resource/64/3562864_image2_1.jpg,0,,0,,0,,0,,0,,0,,0,,1,63501,0,,0,,0,,0,,0,,0,,0,,0,,0,,2b91c56fc7b5196bc828c9238081678ed31b26a21a318ac516580238a40ca35b,hank-place-field-audit-v1,Stage3 Firestore snapshot; live read blocked by RESOURCE_EXHAUSTED
964,kto-1898484,붉은오름자연휴양림,SEOGWIPO_CITY,east,동부 (표선),12,관광지,spot,UNKNOWN,6,0,6,6,24,25,,1,붉은오름자연휴양림,1,12:관광지,1,제주특별자치도 서귀포시 표선면 남조로 1487-73,0,,1,"33.3952748674,126.6742707606",0,,1,https://tong.visitkorea.or.kr/cms/resource/70/3023770_image2_1.jpg,0,,0,,0,,0,,0,,0,,0,,1,63622,0,,0,,0,,0,,0,,0,,0,,0,,0,,2b91c56fc7b5196bc828c9238081678ed31b26a21a318ac516580238a40ca35b,hank-place-field-audit-v1,Stage3 Firestore snapshot; live read blocked by RESOURCE_EXHAUSTED
965,kto-1905844,비울채울,SEOGWIPO_CITY,seogwipo,서귀포시,32,숙박,stay,UNKNOWN,6,0,6,6,24,25,,1,비울채울,1,32:숙박,1,제주특별자치도 서귀포시 검은여로130번길 73,1,(보목동),1,"33.2492432142182,126.589621140833",0,,0,,0,,0,,0,,0,,0,,0,,0,,1,63599,0,,0,,0,,0,,0,,0,,0,,0,,0,,2b91c56fc7b5196bc828c9238081678ed31b26a21a318ac516580238a40ca35b,hank-place-field-audit-v1,Stage3 Firestore snapshot; live read blocked by RESOURCE_EXHAUSTED
966,kto-1906195,동백동산,JEJU_CITY,east,동부 (조천),12,관광지,spot,UNKNOWN,6,0,6,6,24,25,,1,동백동산,1,12:관광지,1,제주특별자치도 제주시 조천읍 동백로 77,0,,1,"33.5098,126.7155",0,,1,https://tong.visitkorea.or.kr/cms/resource/79/2585079_image2_1.jpg,0,,0,,0,,0,,0,,0,,0,,1,63340,0,,0,,0,,0,,0,,0,,0,,0,,0,,2b91c56fc7b5196bc828c9238081678ed31b26a21a318ac516580238a40ca35b,hank-place-field-audit-v1,Stage3 Firestore snapshot; live read blocked by RESOURCE_EXHAUSTED
967,kto-1906211,두맹이골목,JEJU_CITY,jeju_city,제주시,12,관광지,spot,UNKNOWN,6,0,6,6,24,25,,1,두맹이골목,1,12:관광지,1,제주특별자치도 제주시 동문로16길 17-4 (일도이동),0,,1,"33.5120458378,126.5349218725",0,,1,https://tong.visitkorea.or.kr/cms/resource/20/3384820_image2_1.jpg,0,,0,,0,,0,,0,,0,,0,,1,63265,0,,0,,0,,0,,0,,0,,0,,0,,0,,2b91c56fc7b5196bc828c9238081678ed31b26a21a318ac516580238a40ca35b,hank-place-field-audit-v1,Stage3 Firestore snapshot; live read blocked by RESOURCE_EXHAUSTED
968,kto-1907801,제주4·3평화공원,JEJU_CITY,jeju_city,제주시,12,관광지,spot,UNKNOWN,6,0,6,6,24,25,,1,제주4·3평화공원,1,12:관광지,1,제주특별자치도 제주시 명림로 430,0,,1,"33.4498231292,126.6177472981",0,,1,https://tong.visitkorea.or.kr/cms/resource/72/4094972_image2_1.jpg,0,,0,,0,,0,,0,,0,,0,,1,63313,0,,0,,0,,0,,0,,0,,0,,0,,0,,2b91c56fc7b5196bc828c9238081678ed31b26a21a318ac516580238a40ca35b,hank-place-field-audit-v1,Stage3 Firestore snapshot; live read blocked by RESOURCE_EXHAUSTED
969,kto-1911160,헬로키티아일랜드,SEOGWIPO_CITY,west,서부 (안덕),14,문화시설,spot,UNKNOWN,6,0,6,6,24,25,,1,헬로키티아일랜드,1,14:문화시설,1,제주특별자치도 서귀포시 안덕면 한창로 340,0,,1,"33.2900541414,126.3521228223",0,,1,https://tong.visitkorea.or.kr/cms/resource/80/3548380_image2_1.jpg,0,,0,,0,,0,,0,,0,,0,,1,63526,0,,0,,0,,0,,0,,0,,0,,0,,0,,2b91c56fc7b5196bc828c9238081678ed31b26a21a318ac516580238a40ca35b,hank-place-field-audit-v1,Stage3 Firestore snapshot; live read blocked by RESOURCE_EXHAUSTED
970,kto-1918413,지미봉,JEJU_CITY,east,동부 (구좌),12,관광지,spot,UNKNOWN,6,0,6,6,24,25,,1,지미봉,1,12:관광지,1,제주특별자치도 제주시 구좌읍 종달리,0,,1,"33.4992031582,126.9020069661",0,,1,https://tong.visitkorea.or.kr/cms/resource/85/3523585_image2_1.jpg,0,,0,,0,,0,,0,,0,,0,,1,63354,0,,0,,0,,0,,0,,0,,0,,0,,0,,2b91c56fc7b5196bc828c9238081678ed31b26a21a318ac516580238a40ca35b,hank-place-field-audit-v1,Stage3 Firestore snapshot; live read blocked by RESOURCE_EXHAUSTED
971,kto-1918421,폭낭오름,JEJU_CITY,west,서부 (애월),12,관광지,spot,UNKNOWN,6,0,6,6,24,25,,1,폭낭오름,1,12:관광지,1,제주특별자치도 제주시 애월읍 봉성리,0,,1,"33.3522277635,126.3822415228",0,,1,https://tong.visitkorea.or.kr/cms/resource/39/3478039_image2_1.jpg,0,,0,,0,,0,,0,,0,,0,,1,63039,0,,0,,0,,0,,0,,0,,0,,0,,0,,2b91c56fc7b5196bc828c9238081678ed31b26a21a318ac516580238a40ca35b,hank-place-field-audit-v1,Stage3 Firestore snapshot; live read blocked by RESOURCE_EXHAUSTED
972,kto-1918639,월정리해변(월정리해수욕장),JEJU_CITY,east,동부 (구좌),12,관광지,spot,UNKNOWN,6,0,6,6,24,25,,1,월정리해변(월정리해수욕장),1,12:관광지,1,제주특별자치도 제주시 구좌읍 해맞이해안로 485,0,,1,"33.5550461413,126.7982299577",0,,1,https://tong.visitkorea.or.kr/cms/resource/93/4075293_image2_1.jpg,0,,0,,0,,0,,0,,0,,0,,1,63358,0,,0,,0,,0,,0,,0,,0,,0,,0,,2b91c56fc7b5196bc828c9238081678ed31b26a21a318ac516580238a40ca35b,hank-place-field-audit-v1,Stage3 Firestore snapshot; live read blocked by RESOURCE_EXHAUSTED
973,kto-1918950,괴오름,JEJU_CITY,west,서부 (애월),12,관광지,spot,UNKNOWN,6,0,6,6,24,25,,1,괴오름,1,12:관광지,1,제주특별자치도 제주시 애월읍 봉성리 산41,0,,1,"33.356088341,126.3754586925",0,,1,https://tong.visitkorea.or.kr/cms/resource/40/3585540_image2_1.jpg,0,,0,,0,,0,,0,,0,,0,,1,63039,0,,0,,0,,0,,0,,0,,0,,0,,0,,2b91c56fc7b5196bc828c9238081678ed31b26a21a318ac516580238a40ca35b,hank-place-field-audit-v1,Stage3 Firestore snapshot; live read blocked by RESOURCE_EXHAUSTED
974,kto-1918965,걸서악(걸세오름),JEJU_CITY,jeju_city,제주시,12,관광지,spot,UNKNOWN,6,0,6,6,24,25,,1,걸서악(걸세오름),1,12:관광지,1,제주특별자치도 서귀포시 남원읍 하례리 산 127-2,0,,1,"33.282155,126.619945",0,,1,https://tong.visitkorea.or.kr/cms/resource/12/3478012_image2_1.jpg,0,,0,,0,,0,,0,,0,,0,,1,699946,0,,0,,0,,0,,0,,0,,0,,0,,0,,2b91c56fc7b5196bc828c9238081678ed31b26a21a318ac516580238a40ca35b,hank-place-field-audit-v1,Stage3 Firestore snapshot; live read blocked by RESOURCE_EXHAUSTED
975,kto-1925362,어영공원,JEJU_CITY,jeju_city,제주시,12,관광지,spot,UNKNOWN,6,0,6,6,24,25,,1,어영공원,1,12:관광지,1,제주특별자치도 제주시 서해안로 451 (용담삼동),0,,1,"33.5183749384,126.4875702904",0,,1,https://tong.visitkorea.or.kr/cms/resource/14/3053314_image2_1.jpg,0,,0,,0,,0,,0,,0,,0,,1,63114,0,,0,,0,,0,,0,,0,,0,,0,,0,,2b91c56fc7b5196bc828c9238081678ed31b26a21a318ac516580238a40ca35b,hank-place-field-audit-v1,Stage3 Firestore snapshot; live read blocked by RESOURCE_EXHAUSTED
976,kto-1926354,오백나한,SEOGWIPO_CITY,seogwipo,서귀포시,12,관광지,spot,UNKNOWN,6,0,6,6,24,25,,1,오백나한,1,12:관광지,1,제주특별자치도 서귀포시 하원동,0,,1,"33.3545294146,126.5027115669",0,,1,https://tong.visitkorea.or.kr/cms/resource/72/3528372_image2_1.jpg,0,,0,,0,,0,,0,,0,,0,,1,63554,0,,0,,0,,0,,0,,0,,0,,0,,0,,2b91c56fc7b5196bc828c9238081678ed31b26a21a318ac516580238a40ca35b,hank-place-field-audit-v1,Stage3 Firestore snapshot; live read blocked by RESOURCE_EXHAUSTED
977,kto-1926369,정물알오름,JEJU_CITY,west,서부 (한림),12,관광지,spot,UNKNOWN,6,0,6,6,24,25,,1,정물알오름,1,12:관광지,1,제주특별자치도 제주시 한림읍 금악리,0,,1,"33.3393282866,126.3249106803",0,,1,https://tong.visitkorea.or.kr/cms/resource/43/3585443_image2_1.jpg,0,,0,,0,,0,,0,,0,,0,,1,63021,0,,0,,0,,0,,0,,0,,0,,0,,0,,2b91c56fc7b5196bc828c9238081678ed31b26a21a318ac516580238a40ca35b,hank-place-field-audit-v1,Stage3 Firestore snapshot; live read blocked by RESOURCE_EXHAUSTED
978,kto-1928421,다려도,JEJU_CITY,east,동부 (조천),12,관광지,spot,UNKNOWN,6,0,6,6,24,25,,1,다려도,1,12:관광지,1,제주특별자치도 제주시 조천읍 북촌리,0,,1,"33.5572322923,126.6953319009",0,,1,https://tong.visitkorea.or.kr/cms/resource/99/3565199_image2_1.jpg,0,,0,,0,,0,,0,,0,,0,,1,63339,0,,0,,0,,0,,0,,0,,0,,0,,0,,2b91c56fc7b5196bc828c9238081678ed31b26a21a318ac516580238a40ca35b,hank-place-field-audit-v1,Stage3 Firestore snapshot; live read blocked by RESOURCE_EXHAUSTED
979,kto-1932636,제주 메이플호텔,JEJU_CITY,jeju_city,제주시,32,숙박,stay,UNKNOWN,6,0,6,6,24,25,,1,제주 메이플호텔,1,32:숙박,1,제주특별자치도 제주시 원노형3길 41 메이플호텔,0,,1,"33.4865589227,126.4817104098",0,,1,https://tong.visitkorea.or.kr/cms/resource/30/2688230_image2_1.jpg,0,,0,,0,,0,,0,,0,,0,,1,63081,0,,0,,0,,0,,0,,0,,0,,0,,0,,2b91c56fc7b5196bc828c9238081678ed31b26a21a318ac516580238a40ca35b,hank-place-field-audit-v1,Stage3 Firestore snapshot; live read blocked by RESOURCE_EXHAUSTED
980,kto-1936039,서건도,SEOGWIPO_CITY,seogwipo,서귀포시,12,관광지,spot,UNKNOWN,6,0,6,6,24,25,,1,서건도,1,12:관광지,1,제주특별자치도 서귀포시 강정동,0,,1,"33.2540292433,126.4927119133",0,,1,https://tong.visitkorea.or.kr/cms/resource/36/3026836_image2_1.jpg,0,,0,,0,,0,,0,,0,,0,,1,63564,0,,0,,0,,0,,0,,0,,0,,0,,0,,2b91c56fc7b5196bc828c9238081678ed31b26a21a318ac516580238a40ca35b,hank-place-field-audit-v1,Stage3 Firestore snapshot; live read blocked by RESOURCE_EXHAUSTED
981,kto-1936339,제주 청수리마을,JEJU_CITY,west,서부 (한경),12,관광지,spot,UNKNOWN,6,0,6,6,24,25,,1,제주 청수리마을,1,12:관광지,1,제주특별자치도 제주시 한경면 대한로 1036,0,,1,"33.3175650318651,126.247673674219",0,,1,https://tong.visitkorea.or.kr/cms/resource/39/2754539_image2_1.jpg,0,,0,,0,,0,,0,,0,,0,,1,63006,0,,0,,0,,0,,0,,0,,0,,0,,0,,2b91c56fc7b5196bc828c9238081678ed31b26a21a318ac516580238a40ca35b,hank-place-field-audit-v1,Stage3 Firestore snapshot; live read blocked by RESOURCE_EXHAUSTED
982,kto-1937744,소심한 책방,JEJU_CITY,east,동부 (구좌),14,문화시설,spot,UNKNOWN,6,0,6,6,24,25,,1,소심한 책방,1,14:문화시설,1,제주특별자치도 제주시 구좌읍 종달동길 36-10,0,,1,"33.490276261417776,126.90265167417601",0,,1,https://tong.visitkorea.or.kr/cms/resource/18/3507618_image2_1.JPG,0,,0,,0,,0,,0,,0,,0,,1,63364,0,,0,,0,,0,,0,,0,,0,,0,,0,,2b91c56fc7b5196bc828c9238081678ed31b26a21a318ac516580238a40ca35b,hank-place-field-audit-v1,Stage3 Firestore snapshot; live read blocked by RESOURCE_EXHAUSTED
983,kto-1939078,조천읍도서관,JEJU_CITY,east,동부 (조천),14,문화시설,spot,UNKNOWN,6,0,6,6,24,25,,1,조천읍도서관,1,14:문화시설,1,제주특별자치도 제주시 조천읍 일주동로 1189,0,,1,"33.5376775945,126.6676656403",0,,1,https://tong.visitkorea.or.kr/cms/resource/91/3553091_image2_1.jpg,0,,0,,0,,0,,0,,0,,0,,1,63333,0,,0,,0,,0,,0,,0,,0,,0,,0,,2b91c56fc7b5196bc828c9238081678ed31b26a21a318ac516580238a40ca35b,hank-place-field-audit-v1,Stage3 Firestore snapshot; live read blocked by RESOURCE_EXHAUSTED
984,kto-1939093,삼매봉도서관,SEOGWIPO_CITY,seogwipo,서귀포시,14,문화시설,spot,UNKNOWN,6,0,6,6,24,25,,1,삼매봉도서관,1,14:문화시설,1,제주특별자치도 서귀포시 남성중로153번길 15 (서홍동),0,,1,"33.2448280912,126.5519610544",0,,1,https://tong.visitkorea.or.kr/cms/resource/49/3383849_image2_1.jpg,0,,0,,0,,0,,0,,0,,0,,1,63594,0,,0,,0,,0,,0,,0,,0,,0,,0,,2b91c56fc7b5196bc828c9238081678ed31b26a21a318ac516580238a40ca35b,hank-place-field-audit-v1,Stage3 Firestore snapshot; live read blocked by RESOURCE_EXHAUSTED
985,kto-1939121,법환동 청소년문화의집,SEOGWIPO_CITY,seogwipo,서귀포시,14,문화시설,spot,UNKNOWN,6,0,6,6,24,25,,1,법환동 청소년문화의집,1,14:문화시설,1,제주특별자치도 서귀포시 막숙포로 70-1,0,,1,"33.2355047172,126.5141867807",0,,1,https://tong.visitkorea.or.kr/cms/resource/37/4072637_image2_1.jpg,0,,0,,0,,0,,0,,0,,0,,1,63573,0,,0,,0,,0,,0,,0,,0,,0,,0,,2b91c56fc7b5196bc828c9238081678ed31b26a21a318ac516580238a40ca35b,hank-place-field-audit-v1,Stage3 Firestore snapshot; live read blocked by RESOURCE_EXHAUSTED
986,kto-1945208,수악(물오름),SEOGWIPO_CITY,seogwipo,서귀포시,12,관광지,spot,UNKNOWN,6,0,6,6,24,25,,1,수악(물오름),1,12:관광지,1,제주특별자치도 서귀포시 남원읍 516로 1042,0,,1,"33.324667743,126.6094946439",0,,1,https://tong.visitkorea.or.kr/cms/resource/92/3477492_image2_1.jpg,0,,0,,0,,0,,0,,0,,0,,1,63607,0,,0,,0,,0,,0,,0,,0,,0,,0,,2b91c56fc7b5196bc828c9238081678ed31b26a21a318ac516580238a40ca35b,hank-place-field-audit-v1,Stage3 Firestore snapshot; live read blocked by RESOURCE_EXHAUSTED
987,kto-1945578,소남머리,SEOGWIPO_CITY,seogwipo,서귀포시,12,관광지,spot,UNKNOWN,6,0,6,6,24,25,,1,소남머리,1,12:관광지,1,제주특별자치도 서귀포시 칠십리로 145 (서귀동),0,,1,"33.2443787372,126.5689416339",0,,1,https://tong.visitkorea.or.kr/cms/resource/84/3477284_image2_1.jpg,0,,0,,0,,0,,0,,0,,0,,1,63596,0,,0,,0,,0,,0,,0,,0,,0,,0,,2b91c56fc7b5196bc828c9238081678ed31b26a21a318ac516580238a40ca35b,hank-place-field-audit-v1,Stage3 Firestore snapshot; live read blocked by RESOURCE_EXHAUSTED
988,kto-1945592,송아오름,JEJU_CITY,west,서부 (한경),12,관광지,spot,UNKNOWN,6,0,6,6,24,25,,1,송아오름,1,12:관광지,1,제주특별자치도 제주시 한경면 용금로 545,0,,1,"33.3372049375,126.2381599336",0,,1,https://tong.visitkorea.or.kr/cms/resource/88/3477988_image2_1.jpg,0,,0,,0,,0,,0,,0,,0,,1,63004,0,,0,,0,,0,,0,,0,,0,,0,,0,,2b91c56fc7b5196bc828c9238081678ed31b26a21a318ac516580238a40ca35b,hank-place-field-audit-v1,Stage3 Firestore snapshot; live read blocked by RESOURCE_EXHAUSTED
989,kto-1952520,차귀도요트,JEJU_CITY,west,서부 (한경),28,레포츠,spot,UNKNOWN,6,0,6,6,24,25,,1,차귀도요트,1,28:레포츠,1,제주특별자치도 제주시 한경면 한경해안로 156,0,,1,"33.3239750414,126.1660310357",0,,1,https://tong.visitkorea.or.kr/cms/resource/91/4073091_image2_1.jpg,0,,0,,0,,0,,0,,0,,0,,1,63009,0,,0,,0,,0,,0,,0,,0,,0,,0,,2b91c56fc7b5196bc828c9238081678ed31b26a21a318ac516580238a40ca35b,hank-place-field-audit-v1,Stage3 Firestore snapshot; live read blocked by RESOURCE_EXHAUSTED
990,kto-1957971,제주도 관광특구,JEJU_CITY,jeju_city,제주시,12,관광지,spot,UNKNOWN,6,0,6,6,24,25,,1,제주도 관광특구,1,12:관광지,1,제주특별자치도,0,,1,"33.391158595,126.4961418675",0,,1,https://tong.visitkorea.or.kr/cms/resource/21/3556321_image2_1.jpg,0,,0,,0,,0,,0,,0,,0,,1,63208,0,,0,,0,,0,,0,,0,,0,,0,,0,,2b91c56fc7b5196bc828c9238081678ed31b26a21a318ac516580238a40ca35b,hank-place-field-audit-v1,Stage3 Firestore snapshot; live read blocked by RESOURCE_EXHAUSTED
991,kto-1964507,놀맨,JEJU_CITY,west,서부 (애월),39,음식점,food,UNKNOWN,6,0,6,6,24,25,,1,놀맨,1,39:음식점,1,제주특별자치도 제주시 애월읍 애월로1길 24,0,,1,"33.4624724214,126.3101974901",0,,1,https://tong.visitkorea.or.kr/cms/resource/15/3466515_image2_1.jpg,0,,0,,0,,0,,0,,0,,0,,1,63043,0,,0,,0,,0,,0,,0,,0,,0,,0,,2b91c56fc7b5196bc828c9238081678ed31b26a21a318ac516580238a40ca35b,hank-place-field-audit-v1,Stage3 Firestore snapshot; live read blocked by RESOURCE_EXHAUSTED
992,kto-1965800,높은오름,JEJU_CITY,east,동부 (구좌),12,관광지,spot,UNKNOWN,6,0,6,6,24,25,,1,높은오름,1,12:관광지,1,제주특별자치도 제주시 구좌읍 송당리,0,,1,"33.4573282459,126.7928118419",0,,1,https://tong.visitkorea.or.kr/cms/resource/04/3527004_image2_1.jpg,0,,0,,0,,0,,0,,0,,0,,1,63355,0,,0,,0,,0,,0,,0,,0,,0,,0,,2b91c56fc7b5196bc828c9238081678ed31b26a21a318ac516580238a40ca35b,hank-place-field-audit-v1,Stage3 Firestore snapshot; live read blocked by RESOURCE_EXHAUSTED
993,kto-1973369,윗세오름,JEJU_CITY,west,서부 (애월),12,관광지,spot,UNKNOWN,6,0,6,6,24,25,,1,윗세오름,1,12:관광지,1,제주특별자치도 제주시 애월읍 광령리,0,,1,"33.3608206597,126.5199599283",0,,1,https://tong.visitkorea.or.kr/cms/resource/14/3527014_image2_1.jpg,0,,0,,0,,0,,0,,0,,0,,1,63062,0,,0,,0,,0,,0,,0,,0,,0,,0,,2b91c56fc7b5196bc828c9238081678ed31b26a21a318ac516580238a40ca35b,hank-place-field-audit-v1,Stage3 Firestore snapshot; live read blocked by RESOURCE_EXHAUSTED
994,kto-1979715,호텔레오,JEJU_CITY,jeju_city,제주시,32,숙박,stay,UNKNOWN,6,0,6,6,24,25,,1,호텔레오,1,32:숙박,1,제주특별자치도 제주시 삼무로 14 (연동),0,,1,"33.4897327673577,126.48824294335",0,,1,https://tong.visitkorea.or.kr/cms/resource/55/4067855_image2_1.jpg,0,,0,,0,,0,,0,,0,,0,,1,63129,0,,0,,0,,0,,0,,0,,0,,0,,0,,2b91c56fc7b5196bc828c9238081678ed31b26a21a318ac516580238a40ca35b,hank-place-field-audit-v1,Stage3 Firestore snapshot; live read blocked by RESOURCE_EXHAUSTED
995,kto-1981890,베니키아 호텔 제주,JEJU_CITY,west,서부 (애월),32,숙박,stay,UNKNOWN,6,0,6,6,24,25,,1,베니키아 호텔 제주,1,32:숙박,1,제주특별자치도 제주시 애월읍 애월해안로 554-6,0,,1,"33.4776268602,126.3622292992",0,,1,https://tong.visitkorea.or.kr/cms/resource/83/4075383_image2_1.jpg,0,,0,,0,,0,,0,,0,,0,,1,63047,0,,0,,0,,0,,0,,0,,0,,0,,0,,2b91c56fc7b5196bc828c9238081678ed31b26a21a318ac516580238a40ca35b,hank-place-field-audit-v1,Stage3 Firestore snapshot; live read blocked by RESOURCE_EXHAUSTED
996,kto-1984133,바다는안보여요,JEJU_CITY,east,동부 (구좌),39,음식점,food,UNKNOWN,6,0,6,6,24,25,,1,바다는안보여요,1,39:음식점,1,제주특별자치도 제주시 구좌읍 종달로5길 31-1,0,,1,"33.49337385481413,126.89943372691202",0,,1,https://tong.visitkorea.or.kr/cms/resource/67/3504867_image2_1.jpg,0,,0,,0,,0,,0,,0,,0,,1,63364,0,,0,,0,,0,,0,,0,,0,,0,,0,,2b91c56fc7b5196bc828c9238081678ed31b26a21a318ac516580238a40ca35b,hank-place-field-audit-v1,Stage3 Firestore snapshot; live read blocked by RESOURCE_EXHAUSTED
997,kto-1984236,백기해녀의집,SEOGWIPO_CITY,east,동부 (성산),39,음식점,food,UNKNOWN,6,0,6,6,24,25,,1,백기해녀의집,1,39:음식점,1,제주특별자치도 서귀포시 성산읍 일출로 88-19,0,,1,"33.4499570881,126.922344926",0,,1,https://tong.visitkorea.or.kr/cms/resource/06/3466506_image2_1.jpg,0,,0,,0,,0,,0,,0,,0,,1,63641,0,,0,,0,,0,,0,,0,,0,,0,,0,,2b91c56fc7b5196bc828c9238081678ed31b26a21a318ac516580238a40ca35b,hank-place-field-audit-v1,Stage3 Firestore snapshot; live read blocked by RESOURCE_EXHAUSTED
998,kto-1984251,삼복가든,JEJU_CITY,east,동부 (조천),39,음식점,food,UNKNOWN,6,0,6,6,24,25,,1,삼복가든,1,39:음식점,1,제주특별자치도 제주시 조천읍 비자림로 653,0,,1,"33.4367033800553,126.676522693967",0,,1,https://tong.visitkorea.or.kr/cms/resource/09/1937909_image2_1.jpg,0,,0,,0,,0,,0,,0,,0,,1,63346,0,,0,,0,,0,,0,,0,,0,,0,,0,,2b91c56fc7b5196bc828c9238081678ed31b26a21a318ac516580238a40ca35b,hank-place-field-audit-v1,Stage3 Firestore snapshot; live read blocked by RESOURCE_EXHAUSTED
999,kto-1984252,새둥지,JEJU_CITY,jeju_city,제주시,39,음식점,food,UNKNOWN,6,0,6,6,24,25,,1,새둥지,1,39:음식점,1,제주특별자치도 제주시 동광로4길 11,0,,1,"33.5006436082752,126.531723578656",0,,1,https://tong.visitkorea.or.kr/cms/resource/17/1937917_image2_1.jpg,0,,0,,0,,0,,0,,0,,0,,1,63208,0,,0,,0,,0,,0,,0,,0,,0,,0,,2b91c56fc7b5196bc828c9238081678ed31b26a21a318ac516580238a40ca35b,hank-place-field-audit-v1,Stage3 Firestore snapshot; live read blocked by RESOURCE_EXHAUSTED
1000,kto-1984253,성미가든,JEJU_CITY,east,동부 (조천),39,음식점,food,UNKNOWN,6,0,6,6,24,25,,1,성미가든,1,39:음식점,1,제주특별자치도 제주시 조천읍 교래1길 2,0,,1,"33.4375449543765,126.676867087123",0,,1,https://tong.visitkorea.or.kr/cms/resource/18/1937918_image2_1.jpg,0,,0,,0,,0,,0,,0,,0,,1,63346,0,,0,,0,,0,,0,,0,,0,,0,,0,,2b91c56fc7b5196bc828c9238081678ed31b26a21a318ac516580238a40ca35b,hank-place-field-audit-v1,Stage3 Firestore snapshot; live read blocked by RESOURCE_EXHAUSTED
1001,kto-1984286,용두암해촌,JEJU_CITY,jeju_city,제주시,39,음식점,food,UNKNOWN,6,0,6,6,24,25,,1,용두암해촌,1,39:음식점,1,제주특별자치도 제주시 서해안로 614,0,,1,"33.5169329126285,126.50274812487",0,,1,https://tong.visitkorea.or.kr/cms/resource/49/1937949_image2_1.jpg,0,,0,,0,,0,,0,,0,,0,,1,63150,0,,0,,0,,0,,0,,0,,0,,0,,0,,2b91c56fc7b5196bc828c9238081678ed31b26a21a318ac516580238a40ca35b,hank-place-field-audit-v1,Stage3 Firestore snapshot; live read blocked by RESOURCE_EXHAUSTED
1002,kto-1984486,오름가든,JEJU_CITY,east,동부 (조천),39,음식점,food,UNKNOWN,6,0,6,6,24,25,,1,오름가든,1,39:음식점,1,제주특별자치도 제주시 조천읍 비자림로 657,0,,1,"33.436964463124,126.67666711901",0,,1,https://tong.visitkorea.or.kr/cms/resource/42/1937942_image2_1.jpg,0,,0,,0,,0,,0,,0,,0,,1,63346,0,,0,,0,,0,,0,,0,,0,,0,,0,,2b91c56fc7b5196bc828c9238081678ed31b26a21a318ac516580238a40ca35b,hank-place-field-audit-v1,Stage3 Firestore snapshot; live read blocked by RESOURCE_EXHAUSTED
1003,kto-2007416,루체빌리조트,SEOGWIPO_CITY,west,서부 (안덕),32,숙박,stay,UNKNOWN,6,0,6,6,24,25,,1,루체빌리조트,1,32:숙박,1,제주특별자치도 서귀포시 안덕면 산록남로 786,0,,1,"33.3198734200885,126.385169081851",0,,1,https://tong.visitkorea.or.kr/cms/resource/90/2007390_image2_1.jpg,0,,0,,0,,0,,0,,0,,0,,1,63525,0,,0,,0,,0,,0,,0,,0,,0,,0,,2b91c56fc7b5196bc828c9238081678ed31b26a21a318ac516580238a40ca35b,hank-place-field-audit-v1,Stage3 Firestore snapshot; live read blocked by RESOURCE_EXHAUSTED
1004,kto-2019719,제주알(R)호텔,JEJU_CITY,jeju_city,제주시,32,숙박,stay,UNKNOWN,6,0,6,6,24,25,,1,제주알(R)호텔,1,32:숙박,1,제주특별자치도 제주시 서광로14길 5,0,,1,"33.4994636267,126.5179180807",0,,1,https://tong.visitkorea.or.kr/cms/resource/38/3457838_image2_1.jpg,0,,0,,0,,0,,0,,0,,0,,1,63185,0,,0,,0,,0,,0,,0,,0,,0,,0,,2b91c56fc7b5196bc828c9238081678ed31b26a21a318ac516580238a40ca35b,hank-place-field-audit-v1,Stage3 Firestore snapshot; live read blocked by RESOURCE_EXHAUSTED
1005,kto-2021434,산들애풀하우스,SEOGWIPO_CITY,east,동부 (성산),32,숙박,stay,UNKNOWN,6,0,6,6,24,25,,1,산들애풀하우스,1,32:숙박,1,제주특별자치도 서귀포시 성산읍 서성일로 689-8,0,,1,"33.4297904422993,126.857189417486",0,,1,https://tong.visitkorea.or.kr/cms/resource/03/2021403_image2_1.jpg,0,,0,,0,,0,,0,,0,,0,,1,63631,0,,0,,0,,0,,0,,0,,0,,0,,0,,2b91c56fc7b5196bc828c9238081678ed31b26a21a318ac516580238a40ca35b,hank-place-field-audit-v1,Stage3 Firestore snapshot; live read blocked by RESOURCE_EXHAUSTED
1006,kto-2023350,제주 동백마을,SEOGWIPO_CITY,seogwipo,서귀포시,12,관광지,spot,UNKNOWN,6,0,6,6,24,25,,1,제주 동백마을,1,12:관광지,1,제주특별자치도 서귀포시 남원읍 한신로531번길 22-1,0,,1,"33.320365231,126.7451689889",0,,1,https://tong.visitkorea.or.kr/cms/resource/45/3543045_image2_1.jpg,0,,0,,0,,0,,0,,0,,0,,1,63616,0,,0,,0,,0,,0,,0,,0,,0,,0,,2b91c56fc7b5196bc828c9238081678ed31b26a21a318ac516580238a40ca35b,hank-place-field-audit-v1,Stage3 Firestore snapshot; live read blocked by RESOURCE_EXHAUSTED
1007,kto-2027184,금룡사(제주),JEJU_CITY,east,동부 (구좌),12,관광지,spot,UNKNOWN,6,0,6,6,24,25,,1,금룡사(제주),1,12:관광지,1,제주특별자치도 제주시 구좌읍 김녕로 148-11,0,,1,"33.5539724801,126.7536019143",0,,1,https://tong.visitkorea.or.kr/cms/resource/35/3408135_image2_1.jpg,0,,0,,0,,0,,0,,0,,0,,1,63357,0,,0,,0,,0,,0,,0,,0,,0,,0,,2b91c56fc7b5196bc828c9238081678ed31b26a21a318ac516580238a40ca35b,hank-place-field-audit-v1,Stage3 Firestore snapshot; live read blocked by RESOURCE_EXHAUSTED
1008,kto-2027203,백제사,JEJU_CITY,west,서부 (애월),12,관광지,spot,UNKNOWN,6,0,6,6,24,25,,1,백제사,1,12:관광지,1,제주특별자치도 제주시 애월읍 광령남6길 54,0,,1,"33.4488555391,126.4242196858",0,,1,https://tong.visitkorea.or.kr/cms/resource/31/3477831_image2_1.jpg,0,,0,,0,,0,,0,,0,,0,,1,63062,0,,0,,0,,0,,0,,0,,0,,0,,0,,2b91c56fc7b5196bc828c9238081678ed31b26a21a318ac516580238a40ca35b,hank-place-field-audit-v1,Stage3 Firestore snapshot; live read blocked by RESOURCE_EXHAUSTED
1009,kto-2031663,김만덕기념관,JEJU_CITY,jeju_city,제주시,14,문화시설,spot,UNKNOWN,6,0,6,6,24,25,,1,김만덕기념관,1,14:문화시설,1,제주특별자치도 제주시 산지로 7,0,,1,"33.515875146,126.5304011313",0,,1,https://tong.visitkorea.or.kr/cms/resource/30/3396630_image2_1.jpg,0,,0,,0,,0,,0,,0,,0,,1,63278,0,,0,,0,,0,,0,,0,,0,,0,,0,,2b91c56fc7b5196bc828c9238081678ed31b26a21a318ac516580238a40ca35b,hank-place-field-audit-v1,Stage3 Firestore snapshot; live read blocked by RESOURCE_EXHAUSTED
1010,kto-2038553,베니키아 중문호텔,SEOGWIPO_CITY,seogwipo,서귀포시,32,숙박,stay,UNKNOWN,6,0,6,6,24,25,,1,베니키아 중문호텔,1,32:숙박,1,제주특별자치도 서귀포시 천제연로 166,0,,1,"33.2518791349,126.4223838202",0,,1,https://tong.visitkorea.or.kr/cms/resource/85/4074085_image2_1.jpg,0,,0,,0,,0,,0,,0,,0,,1,63546,0,,0,,0,,0,,0,,0,,0,,0,,0,,2b91c56fc7b5196bc828c9238081678ed31b26a21a318ac516580238a40ca35b,hank-place-field-audit-v1,Stage3 Firestore snapshot; live read blocked by RESOURCE_EXHAUSTED
1011,kto-2046954,롯데시티호텔 제주,JEJU_CITY,jeju_city,제주시,32,숙박,stay,UNKNOWN,6,0,6,6,24,25,,1,롯데시티호텔 제주,1,32:숙박,1,제주특별자치도 제주시 도령로 83,0,,1,"33.4906246069,126.4865391224",0,,1,https://tong.visitkorea.or.kr/cms/resource/18/3577918_image2_1.jpg,0,,0,,0,,0,,0,,0,,0,,1,63127,0,,0,,0,,0,,0,,0,,0,,0,,0,,2b91c56fc7b5196bc828c9238081678ed31b26a21a318ac516580238a40ca35b,hank-place-field-audit-v1,Stage3 Firestore snapshot; live read blocked by RESOURCE_EXHAUSTED
1012,kto-2048059,아쿠아플라넷 제주,SEOGWIPO_CITY,east,동부 (성산),14,문화시설,spot,UNKNOWN,6,0,6,6,24,25,,1,아쿠아플라넷 제주,1,14:문화시설,1,제주특별자치도 서귀포시 성산읍 섭지코지로 95,0,,1,"33.4328023538,126.9278439065",0,,1,https://tong.visitkorea.or.kr/cms/resource/80/2986980_image2_1.jpg,0,,0,,0,,0,,0,,0,,0,,1,63642,0,,0,,0,,0,,0,,0,,0,,0,,0,,2b91c56fc7b5196bc828c9238081678ed31b26a21a318ac516580238a40ca35b,hank-place-field-audit-v1,Stage3 Firestore snapshot; live read blocked by RESOURCE_EXHAUSTED
1013,kto-2358196,동박생이,JEJU_CITY,east,동부 (구좌),32,숙박,stay,UNKNOWN,6,0,6,6,24,25,,1,동박생이,1,32:숙박,1,제주특별자치도 제주시 구좌읍 월정1길 89,0,,1,"33.5584438708315,126.79277297432",0,,1,https://tong.visitkorea.or.kr/cms/resource/88/2358188_image2_1.JPG,0,,0,,0,,0,,0,,0,,0,,1,63358,0,,0,,0,,0,,0,,0,,0,,0,,0,,2b91c56fc7b5196bc828c9238081678ed31b26a21a318ac516580238a40ca35b,hank-place-field-audit-v1,Stage3 Firestore snapshot; live read blocked by RESOURCE_EXHAUSTED
1014,kto-2359165,검은여닭도가니,SEOGWIPO_CITY,seogwipo,서귀포시,39,음식점,food,UNKNOWN,6,0,6,6,24,25,,1,검은여닭도가니,1,39:음식점,1,제주특별자치도 서귀포시 검은여로 4 (토평동),0,,1,"33.2442177466,126.5820620077",0,,1,https://tong.visitkorea.or.kr/cms/resource/96/2046596_image2_1.jpg,0,,0,,0,,0,,0,,0,,0,,1,63599,0,,0,,0,,0,,0,,0,,0,,0,,0,,2b91c56fc7b5196bc828c9238081678ed31b26a21a318ac516580238a40ca35b,hank-place-field-audit-v1,Stage3 Firestore snapshot; live read blocked by RESOURCE_EXHAUSTED
1015,kto-2359240,88돼지,JEJU_CITY,jeju_city,제주시,39,음식점,food,UNKNOWN,6,0,6,6,24,25,,1,88돼지,1,39:음식점,1,제주특별자치도 제주시 제원길 7,0,,1,"33.489329,126.489606",0,,1,https://tong.visitkorea.or.kr/cms/resource/79/2046579_image2_1.jpg,0,,0,,0,,0,,0,,0,,0,,1,63129,0,,0,,0,,0,,0,,0,,0,,0,,0,,2b91c56fc7b5196bc828c9238081678ed31b26a21a318ac516580238a40ca35b,hank-place-field-audit-v1,Stage3 Firestore snapshot; live read blocked by RESOURCE_EXHAUSTED
1016,kto-2370834,산방산?용머리해안 지질트레일,SEOGWIPO_CITY,west,서부 (안덕),28,레포츠,spot,UNKNOWN,6,0,6,6,24,25,,1,산방산?용머리해안 지질트레일,1,28:레포츠,1,제주특별자치도 서귀포시 안덕면 사계북로41번길 192,0,,1,"33.2490739567,126.2985816429",0,,1,https://tong.visitkorea.or.kr/cms/resource/37/2369537_image2_1.jpg,0,,0,,0,,0,,0,,0,,0,,1,63528,0,,0,,0,,0,,0,,0,,0,,0,,0,,2b91c56fc7b5196bc828c9238081678ed31b26a21a318ac516580238a40ca35b,hank-place-field-audit-v1,Stage3 Firestore snapshot; live read blocked by RESOURCE_EXHAUSTED
1017,kto-2374023,샘모루펜션,SEOGWIPO_CITY,seogwipo,서귀포시,32,숙박,stay,UNKNOWN,6,0,6,6,24,25,,1,샘모루펜션,1,32:숙박,1,제주특별자치도 서귀포시 염돈로28번길 11 (강정동),0,,1,"33.2531418843,126.4948845163",0,,1,https://tong.visitkorea.or.kr/cms/resource/29/4072329_image2_1.jpg,0,,0,,0,,0,,0,,0,,0,,1,63558,0,,0,,0,,0,,0,,0,,0,,0,,0,,2b91c56fc7b5196bc828c9238081678ed31b26a21a318ac516580238a40ca35b,hank-place-field-audit-v1,Stage3 Firestore snapshot; live read blocked by RESOURCE_EXHAUSTED
1018,kto-2374199,나운터횟집,SEOGWIPO_CITY,seogwipo,서귀포시,39,음식점,food,UNKNOWN,6,0,6,6,24,25,,1,나운터횟집,1,39:음식점,1,제주특별자치도 서귀포시 칠십리로 42,0,,1,"33.2409187298908,126.561393391195",0,,1,https://tong.visitkorea.or.kr/cms/resource/86/2374186_image2_1.jpg,0,,0,,0,,0,,0,,0,,0,,1,63596,0,,0,,0,,0,,0,,0,,0,,0,,0,,2b91c56fc7b5196bc828c9238081678ed31b26a21a318ac516580238a40ca35b,hank-place-field-audit-v1,Stage3 Firestore snapshot; live read blocked by RESOURCE_EXHAUSTED
1019,kto-2382246,제이뷰호텔,SEOGWIPO_CITY,seogwipo,서귀포시,32,숙박,stay,UNKNOWN,6,0,6,6,24,25,,1,제이뷰호텔,1,32:숙박,1,제주특별자치도 서귀포시 중산간서로 935,0,,1,"33.2647497686725,126.416506299047",0,,1,https://tong.visitkorea.or.kr/cms/resource/00/2382200_image2_1.jpg,0,,0,,0,,0,,0,,0,,0,,1,63534,0,,0,,0,,0,,0,,0,,0,,0,,0,,2b91c56fc7b5196bc828c9238081678ed31b26a21a318ac516580238a40ca35b,hank-place-field-audit-v1,Stage3 Firestore snapshot; live read blocked by RESOURCE_EXHAUSTED
1020,kto-2385005,카페코지,SEOGWIPO_CITY,east,동부 (성산),39,음식점,cafe,UNKNOWN,6,0,6,6,24,25,,1,카페코지,1,39:음식점,1,제주특별자치도 서귀포시 성산읍 한도로 200,1,2층,1,"33.4682121500707,126.929276284755",0,,0,,0,,0,,0,,0,,0,,0,,0,,1,63643,0,,0,,0,,0,,0,,0,,0,,0,,0,,2b91c56fc7b5196bc828c9238081678ed31b26a21a318ac516580238a40ca35b,hank-place-field-audit-v1,Stage3 Firestore snapshot; live read blocked by RESOURCE_EXHAUSTED
1021,kto-2390111,동광리농촌체험마을,SEOGWIPO_CITY,west,서부 (안덕),12,관광지,spot,UNKNOWN,6,0,6,6,24,25,,1,동광리농촌체험마을,1,12:관광지,1,제주특별자치도 서귀포시 안덕면 동광로 126,0,,1,"33.3076403586,126.3399267501",0,,1,https://tong.visitkorea.or.kr/cms/resource/15/3024315_image2_1.jpg,0,,0,,0,,0,,0,,0,,0,,1,63523,0,,0,,0,,0,,0,,0,,0,,0,,0,,2b91c56fc7b5196bc828c9238081678ed31b26a21a318ac516580238a40ca35b,hank-place-field-audit-v1,Stage3 Firestore snapshot; live read blocked by RESOURCE_EXHAUSTED
1022,kto-2405466,카이로스,JEJU_CITY,west,서부 (애월),32,숙박,stay,UNKNOWN,6,0,6,6,24,25,,1,카이로스,1,32:숙박,1,제주특별자치도 제주시 애월읍 장유길 49-43,0,,1,"33.4491308411055,126.400311977936",0,,1,https://tong.visitkorea.or.kr/cms/resource/47/2405447_image2_1.jpg,0,,0,,0,,0,,0,,0,,0,,1,63055,0,,0,,0,,0,,0,,0,,0,,0,,0,,2b91c56fc7b5196bc828c9238081678ed31b26a21a318ac516580238a40ca35b,hank-place-field-audit-v1,Stage3 Firestore snapshot; live read blocked by RESOURCE_EXHAUSTED
1023,kto-2406460,제주 추사관,SEOGWIPO_CITY,west,서부 (대정),14,문화시설,spot,UNKNOWN,6,0,6,6,24,25,,1,제주 추사관,1,14:문화시설,1,제주특별자치도 서귀포시 대정읍 추사로 44,0,,1,"33.2498068953,126.2785639201",0,,1,https://tong.visitkorea.or.kr/cms/resource/71/3548271_image2_1.jpg,0,,0,,0,,0,,0,,0,,0,,1,63517,0,,0,,0,,0,,0,,0,,0,,0,,0,,2b91c56fc7b5196bc828c9238081678ed31b26a21a318ac516580238a40ca35b,hank-place-field-audit-v1,Stage3 Firestore snapshot; live read blocked by RESOURCE_EXHAUSTED
1024,kto-2411625,호텔리젠트마린 제주,JEJU_CITY,jeju_city,제주시,32,숙박,stay,UNKNOWN,6,0,6,6,24,25,,1,호텔리젠트마린 제주,1,32:숙박,1,제주특별자치도 제주시 서부두2길 20,0,,1,"33.517508229284,126.526673662979",0,,1,https://tong.visitkorea.or.kr/cms/resource/75/4065675_image2_1.jpg,0,,0,,0,,0,,0,,0,,0,,1,63276,0,,0,,0,,0,,0,,0,,0,,0,,0,,2b91c56fc7b5196bc828c9238081678ed31b26a21a318ac516580238a40ca35b,hank-place-field-audit-v1,Stage3 Firestore snapshot; live read blocked by RESOURCE_EXHAUSTED
1025,kto-2414812,신산공원,JEJU_CITY,jeju_city,제주시,12,관광지,spot,UNKNOWN,6,0,6,6,24,25,,1,신산공원,1,12:관광지,1,제주특별자치도 제주시 신산로 92-12,0,,1,"33.505279902,126.533791569",0,,1,https://tong.visitkorea.or.kr/cms/resource/34/3554934_image2_1.jpg,0,,0,,0,,0,,0,,0,,0,,1,63270,0,,0,,0,,0,,0,,0,,0,,0,,0,,2b91c56fc7b5196bc828c9238081678ed31b26a21a318ac516580238a40ca35b,hank-place-field-audit-v1,Stage3 Firestore snapshot; live read blocked by RESOURCE_EXHAUSTED
1026,kto-2433925,물영아리오름,SEOGWIPO_CITY,seogwipo,서귀포시,12,관광지,spot,UNKNOWN,6,0,6,6,24,25,,1,물영아리오름,1,12:관광지,1,제주특별자치도 서귀포시 남원읍 태수로 552,0,,1,"33.3268525509,126.716996389",0,,1,https://tong.visitkorea.or.kr/cms/resource/64/3552664_image2_1.jpg,0,,0,,0,,0,,0,,0,,0,,1,63615,0,,0,,0,,0,,0,,0,,0,,0,,0,,2b91c56fc7b5196bc828c9238081678ed31b26a21a318ac516580238a40ca35b,hank-place-field-audit-v1,Stage3 Firestore snapshot; live read blocked by RESOURCE_EXHAUSTED
1027,kto-2469467,맥파이 브루어리,JEJU_CITY,jeju_city,제주시,12,관광지,spot,UNKNOWN,6,0,6,6,24,25,,1,맥파이 브루어리,1,12:관광지,1,제주특별자치도 제주시 동회천1길 23,0,,1,"33.5031897997,126.6172288105",0,,1,https://tong.visitkorea.or.kr/cms/resource/88/3396588_image2_1.jpg,0,,0,,0,,0,,0,,0,,0,,1,63329,0,,0,,0,,0,,0,,0,,0,,0,,0,,2b91c56fc7b5196bc828c9238081678ed31b26a21a318ac516580238a40ca35b,hank-place-field-audit-v1,Stage3 Firestore snapshot; live read blocked by RESOURCE_EXHAUSTED
1028,kto-2479639,제주불빛정원,JEJU_CITY,west,서부 (애월),12,관광지,spot,UNKNOWN,6,0,6,6,24,25,,1,제주불빛정원,1,12:관광지,1,제주특별자치도 제주시 애월읍 평화로 2346,0,,1,"33.4226259562,126.4089792859",0,,1,https://tong.visitkorea.or.kr/cms/resource/79/3555479_image2_1.jpg,0,,0,,0,,0,,0,,0,,0,,1,63066,0,,0,,0,,0,,0,,0,,0,,0,,0,,2b91c56fc7b5196bc828c9238081678ed31b26a21a318ac516580238a40ca35b,hank-place-field-audit-v1,Stage3 Firestore snapshot; live read blocked by RESOURCE_EXHAUSTED
1029,kto-2498637,용산 제주유스호스텔,SEOGWIPO_CITY,seogwipo,서귀포시,32,숙박,stay,UNKNOWN,6,0,6,6,24,25,,1,용산 제주유스호스텔,1,32:숙박,1,제주특별자치도 서귀포시 이어도로 297 (하원동),0,,1,"33.2434191225,126.4509341451",0,,1,https://tong.visitkorea.or.kr/cms/resource/54/4091254_image2_1.jpg,0,,0,,0,,0,,0,,0,,0,,1,63542,0,,0,,0,,0,,0,,0,,0,,0,,0,,2b91c56fc7b5196bc828c9238081678ed31b26a21a318ac516580238a40ca35b,hank-place-field-audit-v1,Stage3 Firestore snapshot; live read blocked by RESOURCE_EXHAUSTED
1030,kto-2498698,제주빅볼랜드,JEJU_CITY,east,동부 (구좌),28,레포츠,spot,UNKNOWN,6,0,6,6,24,25,,1,제주빅볼랜드,1,28:레포츠,1,제주특별자치도 제주시 구좌읍 금백조로 951,0,,1,"33.4431100975,126.7757136499",0,,1,https://tong.visitkorea.or.kr/cms/resource/79/3408279_image2_1.jpg,0,,0,,0,,0,,0,,0,,0,,1,63355,0,,0,,0,,0,,0,,0,,0,,0,,0,,2b91c56fc7b5196bc828c9238081678ed31b26a21a318ac516580238a40ca35b,hank-place-field-audit-v1,Stage3 Firestore snapshot; live read blocked by RESOURCE_EXHAUSTED
1031,kto-2498717,월정 투명카약,JEJU_CITY,east,동부 (구좌),28,레포츠,spot,UNKNOWN,6,0,6,6,24,25,,1,월정 투명카약,1,28:레포츠,1,제주특별자치도 제주시 구좌읍 월정리 1400-33,0,,1,"33.5638235704,126.7786574948",0,,1,https://tong.visitkorea.or.kr/cms/resource/87/2498687_image2_1.jpg,0,,0,,0,,0,,0,,0,,0,,1,63043,0,,0,,0,,0,,0,,0,,0,,0,,0,,2b91c56fc7b5196bc828c9238081678ed31b26a21a318ac516580238a40ca35b,hank-place-field-audit-v1,Stage3 Firestore snapshot; live read blocked by RESOURCE_EXHAUSTED
1032,kto-2499031,WE호텔,SEOGWIPO_CITY,seogwipo,서귀포시,32,숙박,stay,UNKNOWN,6,0,6,6,24,25,,1,WE호텔,1,32:숙박,1,제주특별자치도 서귀포시 1100로 453-95,0,,1,"33.2860616164329,126.443928273446",0,,1,https://tong.visitkorea.or.kr/cms/resource/29/3585229_image2_1.jpg,0,,0,,0,,0,,0,,0,,0,,1,63551,0,,0,,0,,0,,0,,0,,0,,0,,0,,2b91c56fc7b5196bc828c9238081678ed31b26a21a318ac516580238a40ca35b,hank-place-field-audit-v1,Stage3 Firestore snapshot; live read blocked by RESOURCE_EXHAUSTED
1033,kto-2503694,제주맥주,JEJU_CITY,west,서부 (한림),12,관광지,spot,UNKNOWN,6,0,6,6,24,25,,1,제주맥주,1,12:관광지,1,제주특별자치도 제주시 한림읍 금능농공길 62-11,1,(한림읍),1,"33.3584804108,126.2412647465",0,,0,,0,,0,,0,,0,,0,,0,,0,,1,63016,0,,0,,0,,0,,0,,0,,0,,0,,0,,2b91c56fc7b5196bc828c9238081678ed31b26a21a318ac516580238a40ca35b,hank-place-field-audit-v1,Stage3 Firestore snapshot; live read blocked by RESOURCE_EXHAUSTED
1034,kto-2528102,꿈꾸는 노마드,SEOGWIPO_CITY,seogwipo,서귀포시,32,숙박,stay,UNKNOWN,6,0,6,6,24,25,,1,꿈꾸는 노마드,1,32:숙박,1,제주특별자치도 서귀포시 선반로 54 (강정동),0,,1,"33.241697160018305,126.49955690409932",0,,1,https://tong.visitkorea.or.kr/cms/resource/14/4067514_image2_1.jpg,0,,0,,0,,0,,0,,0,,0,,1,63560,0,,0,,0,,0,,0,,0,,0,,0,,0,,2b91c56fc7b5196bc828c9238081678ed31b26a21a318ac516580238a40ca35b,hank-place-field-audit-v1,Stage3 Firestore snapshot; live read blocked by RESOURCE_EXHAUSTED
1035,kto-2552837,제주 스카브로호텔,SEOGWIPO_CITY,seogwipo,서귀포시,32,숙박,stay,UNKNOWN,6,0,6,6,24,25,,1,제주 스카브로호텔,1,32:숙박,1,제주특별자치도 서귀포시 예래해안로 15,0,,1,"33.2340998141877,126.369930755285",0,,1,https://tong.visitkorea.or.kr/cms/resource/95/2552795_image2_1.jpg,0,,0,,0,,0,,0,,0,,0,,1,63538,0,,0,,0,,0,,0,,0,,0,,0,,0,,2b91c56fc7b5196bc828c9238081678ed31b26a21a318ac516580238a40ca35b,hank-place-field-audit-v1,Stage3 Firestore snapshot; live read blocked by RESOURCE_EXHAUSTED
1036,kto-2553685,수목원테마파크(아이스뮤지엄),JEJU_CITY,jeju_city,제주시,12,관광지,spot,UNKNOWN,6,0,6,6,24,25,,1,수목원테마파크(아이스뮤지엄),1,12:관광지,1,제주특별자치도 제주시 은수길 69,0,,1,"33.4706885565,126.4879352279",0,,1,https://tong.visitkorea.or.kr/cms/resource/89/3372289_image2_1.jpg,0,,0,,0,,0,,0,,0,,0,,1,63141,0,,0,,0,,0,,0,,0,,0,,0,,0,,2b91c56fc7b5196bc828c9238081678ed31b26a21a318ac516580238a40ca35b,hank-place-field-audit-v1,Stage3 Firestore snapshot; live read blocked by RESOURCE_EXHAUSTED
1037,kto-2554570,제주샘주 양조장,JEJU_CITY,west,서부 (애월),12,관광지,spot,UNKNOWN,6,0,6,6,24,25,,1,제주샘주 양조장,1,12:관광지,1,제주특별자치도 제주시 애월읍 애원로 283,0,,1,"33.44446963,126.3374100177",0,,1,https://tong.visitkorea.or.kr/cms/resource/12/3556312_image2_1.jpg,0,,0,,0,,0,,0,,0,,0,,1,63036,0,,0,,0,,0,,0,,0,,0,,0,,0,,2b91c56fc7b5196bc828c9238081678ed31b26a21a318ac516580238a40ca35b,hank-place-field-audit-v1,Stage3 Firestore snapshot; live read blocked by RESOURCE_EXHAUSTED
1038,kto-2556500,제주마중,JEJU_CITY,west,서부 (한림),32,숙박,stay,UNKNOWN,6,0,6,6,24,25,,1,제주마중,1,32:숙박,1,제주특별자치도 제주시 한림읍 금능9길 10-1,0,,1,"33.3892240132097,126.230354146635",0,,1,https://tong.visitkorea.or.kr/cms/resource/79/2556479_image2_1.JPG,0,,0,,0,,0,,0,,0,,0,,1,63010,0,,0,,0,,0,,0,,0,,0,,0,,0,,2b91c56fc7b5196bc828c9238081678ed31b26a21a318ac516580238a40ca35b,hank-place-field-audit-v1,Stage3 Firestore snapshot; live read blocked by RESOURCE_EXHAUSTED
1039,kto-2561880,제주신화월드 호텔 앤 리조트 랜딩관,SEOGWIPO_CITY,west,서부 (안덕),32,숙박,stay,UNKNOWN,6,0,6,6,24,25,,1,제주신화월드 호텔 앤 리조트 랜딩관,1,32:숙박,1,제주특별자치도 서귀포시 안덕면 신화역사로304번길 38,0,,1,"33.3056620785,126.3175384996",0,,1,https://tong.visitkorea.or.kr/cms/resource/74/4102774_image2_1.jpg,0,,0,,0,,0,,0,,0,,0,,1,63522,0,,0,,0,,0,,0,,0,,0,,0,,0,,2b91c56fc7b5196bc828c9238081678ed31b26a21a318ac516580238a40ca35b,hank-place-field-audit-v1,Stage3 Firestore snapshot; live read blocked by RESOURCE_EXHAUSTED
1040,kto-2561909,제주신화월드 호텔 앤 리조트 메리어트관,SEOGWIPO_CITY,west,서부 (안덕),32,숙박,stay,UNKNOWN,6,0,6,6,24,25,,1,제주신화월드 호텔 앤 리조트 메리어트관,1,32:숙박,1,제주특별자치도 서귀포시 안덕면 신화역사로304번길 38,0,,1,"33.30723203976931,126.31973665348082",0,,1,https://tong.visitkorea.or.kr/cms/resource/03/2561903_image2_1.jpg,0,,0,,0,,0,,0,,0,,0,,1,63522,0,,0,,0,,0,,0,,0,,0,,0,,0,,2b91c56fc7b5196bc828c9238081678ed31b26a21a318ac516580238a40ca35b,hank-place-field-audit-v1,Stage3 Firestore snapshot; live read blocked by RESOURCE_EXHAUSTED
1041,kto-2562214,신화테마파크,SEOGWIPO_CITY,west,서부 (안덕),12,관광지,spot,UNKNOWN,6,0,6,6,24,25,,1,신화테마파크,1,12:관광지,1,제주특별자치도 서귀포시 안덕면 신화역사로304번길 98,0,,1,"33.3065177523,126.3076045827",0,,1,https://tong.visitkorea.or.kr/cms/resource/41/3550541_image2_1.jpg,0,,0,,0,,0,,0,,0,,0,,1,63521,0,,0,,0,,0,,0,,0,,0,,0,,0,,2b91c56fc7b5196bc828c9238081678ed31b26a21a318ac516580238a40ca35b,hank-place-field-audit-v1,Stage3 Firestore snapshot; live read blocked by RESOURCE_EXHAUSTED
1042,kto-2562239,신화워터파크,SEOGWIPO_CITY,seogwipo,서귀포시,12,관광지,spot,UNKNOWN,6,0,6,6,24,25,,1,신화워터파크,1,12:관광지,1,제주특별자치도 서귀포시 신화역사로304번길 38,0,,1,"33.3072294102,126.3197365582",0,,1,https://tong.visitkorea.or.kr/cms/resource/51/4078551_image2_1.jpg,0,,0,,0,,0,,0,,0,,0,,1,63522,0,,0,,0,,0,,0,,0,,0,,0,,0,,2b91c56fc7b5196bc828c9238081678ed31b26a21a318ac516580238a40ca35b,hank-place-field-audit-v1,Stage3 Firestore snapshot; live read blocked by RESOURCE_EXHAUSTED
1043,kto-2562475,동해미락,SEOGWIPO_CITY,seogwipo,서귀포시,39,음식점,food,UNKNOWN,6,0,6,6,24,25,,1,동해미락,1,39:음식점,1,제주특별자치도 서귀포시 칠십리로 133,0,,1,"33.2436129711259,126.568259360243",0,,1,https://tong.visitkorea.or.kr/cms/resource/70/2562470_image2_1.jpg,0,,0,,0,,0,,0,,0,,0,,1,63596,0,,0,,0,,0,,0,,0,,0,,0,,0,,2b91c56fc7b5196bc828c9238081678ed31b26a21a318ac516580238a40ca35b,hank-place-field-audit-v1,Stage3 Firestore snapshot; live read blocked by RESOURCE_EXHAUSTED
1044,kto-2594519,엘린호텔,JEJU_CITY,jeju_city,제주시,32,숙박,stay,UNKNOWN,6,0,6,6,24,25,,1,엘린호텔,1,32:숙박,1,제주특별자치도 제주시 은남1길 4 (연동),0,,1,"33.4893532766,126.4954452638",0,,1,https://tong.visitkorea.or.kr/cms/resource/68/2596268_image2_1.jpg,0,,0,,0,,0,,0,,0,,0,,1,63124,0,,0,,0,,0,,0,,0,,0,,0,,0,,2b91c56fc7b5196bc828c9238081678ed31b26a21a318ac516580238a40ca35b,hank-place-field-audit-v1,Stage3 Firestore snapshot; live read blocked by RESOURCE_EXHAUSTED
1045,kto-2605527,에코그린리조트,JEJU_CITY,west,서부 (한림),32,숙박,stay,UNKNOWN,6,0,6,6,24,25,,1,에코그린리조트,1,32:숙박,1,제주특별자치도 제주시 한림읍 귀덕6길 94,0,,1,"33.4352922897,126.2914763879",0,,1,https://tong.visitkorea.or.kr/cms/resource/66/4073866_image2_1.jpg,0,,0,,0,,0,,0,,0,,0,,1,63024,0,,0,,0,,0,,0,,0,,0,,0,,0,,2b91c56fc7b5196bc828c9238081678ed31b26a21a318ac516580238a40ca35b,hank-place-field-audit-v1,Stage3 Firestore snapshot; live read blocked by RESOURCE_EXHAUSTED
1046,kto-2606209,화조원,JEJU_CITY,west,서부 (애월),12,관광지,spot,UNKNOWN,6,0,6,6,24,25,,1,화조원,1,12:관광지,1,제주특별자치도 제주시 애월읍 애원로 804,0,,1,"33.4113377321,126.3720160859",0,,1,https://tong.visitkorea.or.kr/cms/resource/15/3587015_image2_1.jpg,0,,0,,0,,0,,0,,0,,0,,1,63035,0,,0,,0,,0,,0,,0,,0,,0,,0,,2b91c56fc7b5196bc828c9238081678ed31b26a21a318ac516580238a40ca35b,hank-place-field-audit-v1,Stage3 Firestore snapshot; live read blocked by RESOURCE_EXHAUSTED
1047,kto-2606211,피규어뮤지엄제주,SEOGWIPO_CITY,west,서부 (안덕),14,문화시설,spot,UNKNOWN,6,0,6,6,24,25,,1,피규어뮤지엄제주,1,14:문화시설,1,제주특별자치도 서귀포시 안덕면 한창로 243,0,,1,"33.281971215,126.3553982011",0,,1,https://tong.visitkorea.or.kr/cms/resource/66/3548566_image2_1.jpg,0,,0,,0,,0,,0,,0,,0,,1,63526,0,,0,,0,,0,,0,,0,,0,,0,,0,,2b91c56fc7b5196bc828c9238081678ed31b26a21a318ac516580238a40ca35b,hank-place-field-audit-v1,Stage3 Firestore snapshot; live read blocked by RESOURCE_EXHAUSTED
1048,kto-2606214,윈드1947 카트테마파크,SEOGWIPO_CITY,seogwipo,서귀포시,28,레포츠,spot,UNKNOWN,6,0,6,6,24,25,,1,윈드1947 카트테마파크,1,28:레포츠,1,제주특별자치도 서귀포시 토평공단로 78-27,0,,1,"33.2895163027,126.5888258578",0,,1,https://tong.visitkorea.or.kr/cms/resource/91/4073291_image2_1.jpg,0,,0,,0,,0,,0,,0,,0,,1,63582,0,,0,,0,,0,,0,,0,,0,,0,,0,,2b91c56fc7b5196bc828c9238081678ed31b26a21a318ac516580238a40ca35b,hank-place-field-audit-v1,Stage3 Firestore snapshot; live read blocked by RESOURCE_EXHAUSTED
1049,kto-2606298,성이시돌목장,JEJU_CITY,west,서부 (한림),12,관광지,spot,UNKNOWN,6,0,6,6,24,25,,1,성이시돌목장,1,12:관광지,1,제주특별자치도 제주시 한림읍 산록남로 53,0,,1,"33.3501687835,126.3267463901",0,,1,https://tong.visitkorea.or.kr/cms/resource/31/3350731_image2_1.jpg,0,,0,,0,,0,,0,,0,,0,,1,63021,0,,0,,0,,0,,0,,0,,0,,0,,0,,2b91c56fc7b5196bc828c9238081678ed31b26a21a318ac516580238a40ca35b,hank-place-field-audit-v1,Stage3 Firestore snapshot; live read blocked by RESOURCE_EXHAUSTED
1050,kto-2606611,자연사랑미술관,SEOGWIPO_CITY,east,동부 (표선),14,문화시설,spot,UNKNOWN,6,0,6,6,24,25,,1,자연사랑미술관,1,14:문화시설,1,제주특별자치도 서귀포시 표선면 가시로613번길 46,0,,1,"33.3556696951,126.771952084",0,,1,https://tong.visitkorea.or.kr/cms/resource/93/3547993_image2_1.jpg,0,,0,,0,,0,,0,,0,,0,,1,63623,0,,0,,0,,0,,0,,0,,0,,0,,0,,2b91c56fc7b5196bc828c9238081678ed31b26a21a318ac516580238a40ca35b,hank-place-field-audit-v1,Stage3 Firestore snapshot; live read blocked by RESOURCE_EXHAUSTED
1051,kto-2606696,제주대 벚꽃길,JEJU_CITY,jeju_city,제주시,12,관광지,spot,UNKNOWN,6,0,6,6,24,25,,1,제주대 벚꽃길,1,12:관광지,1,제주특별자치도 제주시 제주대학로 102,0,,1,"33.4579467077,126.5624123787",0,,1,https://tong.visitkorea.or.kr/cms/resource/93/3477793_image2_1.jpg,0,,0,,0,,0,,0,,0,,0,,1,63243,0,,0,,0,,0,,0,,0,,0,,0,,0,,2b91c56fc7b5196bc828c9238081678ed31b26a21a318ac516580238a40ca35b,hank-place-field-audit-v1,Stage3 Firestore snapshot; live read blocked by RESOURCE_EXHAUSTED
1052,kto-2621914,마라도 가파도 정기여객선,SEOGWIPO_CITY,west,서부 (대정),12,관광지,spot,UNKNOWN,6,0,6,6,24,25,,1,마라도 가파도 정기여객선,1,12:관광지,1,제주특별자치도 서귀포시 대정읍 최남단해안로 120,0,,1,"33.210094298,126.2583887734",0,,1,https://tong.visitkorea.or.kr/cms/resource/79/3552479_image2_1.jpg,0,,0,,0,,0,,0,,0,,0,,1,63513,0,,0,,0,,0,,0,,0,,0,,0,,0,,2b91c56fc7b5196bc828c9238081678ed31b26a21a318ac516580238a40ca35b,hank-place-field-audit-v1,Stage3 Firestore snapshot; live read blocked by RESOURCE_EXHAUSTED
1053,kto-2621955,바다해호텔,SEOGWIPO_CITY,seogwipo,서귀포시,32,숙박,stay,UNKNOWN,6,0,6,6,24,25,,1,바다해호텔,1,32:숙박,1,제주특별자치도 서귀포시 천지연로 3-1,1,(서귀동),1,"33.2414512305,126.5656503182",0,,0,,0,,0,,0,,0,,0,,0,,0,,1,63596,0,,0,,0,,0,,0,,0,,0,,0,,0,,2b91c56fc7b5196bc828c9238081678ed31b26a21a318ac516580238a40ca35b,hank-place-field-audit-v1,Stage3 Firestore snapshot; live read blocked by RESOURCE_EXHAUSTED
1054,kto-2621969,펜션연리,SEOGWIPO_CITY,seogwipo,서귀포시,32,숙박,stay,UNKNOWN,6,0,6,6,24,25,,1,펜션연리,1,32:숙박,1,제주특별자치도 서귀포시 논짓물로 50,1,(하예동),1,"33.2405179405,126.3859881372",0,,0,,0,,0,,0,,0,,0,,0,,0,,1,63538,0,,0,,0,,0,,0,,0,,0,,0,,0,,2b91c56fc7b5196bc828c9238081678ed31b26a21a318ac516580238a40ca35b,hank-place-field-audit-v1,Stage3 Firestore snapshot; live read blocked by RESOURCE_EXHAUSTED
1055,kto-2623005,백패커스홈,SEOGWIPO_CITY,seogwipo,서귀포시,32,숙박,stay,UNKNOWN,6,0,6,6,24,25,,1,백패커스홈,1,32:숙박,1,제주특별자치도 서귀포시 중정로 24-7,1,(서귀동),1,"33.2470449521,126.5589896584",0,,0,,0,,0,,0,,0,,0,,0,,0,,1,63592,0,,0,,0,,0,,0,,0,,0,,0,,0,,2b91c56fc7b5196bc828c9238081678ed31b26a21a318ac516580238a40ca35b,hank-place-field-audit-v1,Stage3 Firestore snapshot; live read blocked by RESOURCE_EXHAUSTED
1056,kto-2623014,브릭216,SEOGWIPO_CITY,seogwipo,서귀포시,32,숙박,stay,UNKNOWN,6,0,6,6,24,25,,1,브릭216,1,32:숙박,1,제주특별자치도 서귀포시 이어도로 216,1,(대포동),1,"33.2408771391,126.4434470348",0,,0,,0,,0,,0,,0,,0,,0,,0,,1,63543,0,,0,,0,,0,,0,,0,,0,,0,,0,,2b91c56fc7b5196bc828c9238081678ed31b26a21a318ac516580238a40ca35b,hank-place-field-audit-v1,Stage3 Firestore snapshot; live read blocked by RESOURCE_EXHAUSTED
1057,kto-2623579,틸다하우스,JEJU_CITY,west,서부 (한경),32,숙박,stay,UNKNOWN,6,0,6,6,24,25,,1,틸다하우스,1,32:숙박,1,제주특별자치도 제주시 한경면 중산간서로 3367-1,0,,1,"33.311061068705584,126.2377058264125",0,,1,https://tong.visitkorea.or.kr/cms/resource/09/4067609_image2_1.jpg,0,,0,,0,,0,,0,,0,,0,,1,63007,0,,0,,0,,0,,0,,0,,0,,0,,0,,2b91c56fc7b5196bc828c9238081678ed31b26a21a318ac516580238a40ca35b,hank-place-field-audit-v1,Stage3 Firestore snapshot; live read blocked by RESOURCE_EXHAUSTED
1058,kto-2623827,엠버리조트,JEJU_CITY,jeju_city,제주시,32,숙박,stay,UNKNOWN,6,0,6,6,24,25,,1,엠버리조트,1,32:숙박,1,제주특별자치도 제주시 1100로 2671-51,1,(노형동),1,"33.4236160047,126.489061194",0,,0,,0,,0,,0,,0,,0,,0,,0,,1,63078,0,,0,,0,,0,,0,,0,,0,,0,,0,,2b91c56fc7b5196bc828c9238081678ed31b26a21a318ac516580238a40ca35b,hank-place-field-audit-v1,Stage3 Firestore snapshot; live read blocked by RESOURCE_EXHAUSTED
1059,kto-2624249,취다선리조트(취다선 리조트 Tea&Meditation),SEOGWIPO_CITY,east,동부 (성산),32,숙박,stay,UNKNOWN,6,0,6,6,24,25,,1,취다선리조트(취다선 리조트 Tea&Meditation),1,32:숙박,1,제주특별자치도 서귀포시 성산읍 해맞이해안로 2688,0,,1,"33.4718785742,126.9127177787",0,,1,https://tong.visitkorea.or.kr/cms/resource/63/2715063_image2_1.jpg,0,,0,,0,,0,,0,,0,,0,,1,63639,0,,0,,0,,0,,0,,0,,0,,0,,0,,2b91c56fc7b5196bc828c9238081678ed31b26a21a318ac516580238a40ca35b,hank-place-field-audit-v1,Stage3 Firestore snapshot; live read blocked by RESOURCE_EXHAUSTED
1060,kto-2626055,나이스호텔,JEJU_CITY,jeju_city,제주시,32,숙박,stay,UNKNOWN,6,0,6,6,24,25,,1,나이스호텔,1,32:숙박,1,제주특별자치도 제주시 논세길 96-38,1,(내도동),1,"33.4830031363,126.4423833539",0,,0,,0,,0,,0,,0,,0,,0,,0,,1,63074,0,,0,,0,,0,,0,,0,,0,,0,,0,,2b91c56fc7b5196bc828c9238081678ed31b26a21a318ac516580238a40ca35b,hank-place-field-audit-v1,Stage3 Firestore snapshot; live read blocked by RESOURCE_EXHAUSTED
1061,kto-2627229,천지연크리스탈호텔,SEOGWIPO_CITY,seogwipo,서귀포시,32,숙박,stay,UNKNOWN,6,0,6,6,24,25,,1,천지연크리스탈호텔,1,32:숙박,1,제주특별자치도 서귀포시 천지연로 39,1,(서귀동),1,"33.2423732942,126.5620756071",0,,0,,0,,0,,0,,0,,0,,0,,0,,1,63596,0,,0,,0,,0,,0,,0,,0,,0,,0,,2b91c56fc7b5196bc828c9238081678ed31b26a21a318ac516580238a40ca35b,hank-place-field-audit-v1,Stage3 Firestore snapshot; live read blocked by RESOURCE_EXHAUSTED
1062,kto-2627908,칠십리호텔,SEOGWIPO_CITY,seogwipo,서귀포시,32,숙박,stay,UNKNOWN,6,0,6,6,24,25,,1,칠십리호텔,1,32:숙박,1,제주특별자치도 서귀포시 태평로353번길 22-3,1,(서귀동),1,"33.2472116357,126.5612422374",0,,0,,0,,0,,0,,0,,0,,0,,0,,1,63595,0,,0,,0,,0,,0,,0,,0,,0,,0,,2b91c56fc7b5196bc828c9238081678ed31b26a21a318ac516580238a40ca35b,hank-place-field-audit-v1,Stage3 Firestore snapshot; live read blocked by RESOURCE_EXHAUSTED
1063,kto-2627965,제주브릭스,SEOGWIPO_CITY,seogwipo,서귀포시,32,숙박,stay,UNKNOWN,6,0,6,6,24,25,,1,제주브릭스,1,32:숙박,1,제주특별자치도 서귀포시 태평로 121,1,(호근동),1,"33.2446420718,126.5357833901",0,,0,,0,,0,,0,,0,,0,,0,,0,,1,63571,0,,0,,0,,0,,0,,0,,0,,0,,0,,2b91c56fc7b5196bc828c9238081678ed31b26a21a318ac516580238a40ca35b,hank-place-field-audit-v1,Stage3 Firestore snapshot; live read blocked by RESOURCE_EXHAUSTED
1064,kto-2633955,서프라이즈 테마파크,JEJU_CITY,east,동부 (조천),12,관광지,spot,UNKNOWN,6,0,6,6,24,25,,1,서프라이즈 테마파크,1,12:관광지,1,제주특별자치도 제주시 조천읍 남조로 2243,0,,1,"33.4652169011,126.6596065516",0,,1,https://tong.visitkorea.or.kr/cms/resource/96/3332496_image2_1.jpg,0,,0,,0,,0,,0,,0,,0,,1,63345,0,,0,,0,,0,,0,,0,,0,,0,,0,,2b91c56fc7b5196bc828c9238081678ed31b26a21a318ac516580238a40ca35b,hank-place-field-audit-v1,Stage3 Firestore snapshot; live read blocked by RESOURCE_EXHAUSTED
1065,kto-2634320,아인스 호스텔,SEOGWIPO_CITY,seogwipo,서귀포시,32,숙박,stay,UNKNOWN,6,0,6,6,24,25,,1,아인스 호스텔,1,32:숙박,1,제주특별자치도 서귀포시 태평로 432,1,(서귀동),1,"33.2454341363,126.5663918312",0,,0,,0,,0,,0,,0,,0,,0,,0,,1,63595,0,,0,,0,,0,,0,,0,,0,,0,,0,,2b91c56fc7b5196bc828c9238081678ed31b26a21a318ac516580238a40ca35b,hank-place-field-audit-v1,Stage3 Firestore snapshot; live read blocked by RESOURCE_EXHAUSTED
1066,kto-2638440,고흐의정원,SEOGWIPO_CITY,seogwipo,서귀포시,14,문화시설,spot,UNKNOWN,6,0,6,6,24,25,,1,고흐의정원,1,14:문화시설,1,제주특별자치도 서귀포시 삼달신풍로 126-5,0,,1,"33.3734078924,126.8440863784",0,,1,https://tong.visitkorea.or.kr/cms/resource/15/4072515_image2_1.jpg,0,,0,,0,,0,,0,,0,,0,,1,63635,0,,0,,0,,0,,0,,0,,0,,0,,0,,2b91c56fc7b5196bc828c9238081678ed31b26a21a318ac516580238a40ca35b,hank-place-field-audit-v1,Stage3 Firestore snapshot; live read blocked by RESOURCE_EXHAUSTED
1067,kto-2638441,제주탐나라공화국,JEJU_CITY,west,서부 (한림),12,관광지,spot,UNKNOWN,6,0,6,6,24,25,,1,제주탐나라공화국,1,12:관광지,1,제주특별자치도 제주시 한림읍 한창로 897,0,,1,"33.3345121647,126.3256857208",0,,1,https://tong.visitkorea.or.kr/cms/resource/95/2676395_image2_1.JPG,0,,0,,0,,0,,0,,0,,0,,1,63020,0,,0,,0,,0,,0,,0,,0,,0,,0,,2b91c56fc7b5196bc828c9238081678ed31b26a21a318ac516580238a40ca35b,hank-place-field-audit-v1,Stage3 Firestore snapshot; live read blocked by RESOURCE_EXHAUSTED
1068,kto-2660122,제주라프,JEJU_CITY,east,동부 (조천),14,문화시설,spot,UNKNOWN,6,0,6,6,24,25,,1,제주라프,1,14:문화시설,1,제주특별자치도 제주시 조천읍 선교로 115-1,0,,1,"33.4868202622,126.7069548264",0,,1,https://tong.visitkorea.or.kr/cms/resource/49/3477649_image2_1.jpg,0,,0,,0,,0,,0,,0,,0,,1,63341,0,,0,,0,,0,,0,,0,,0,,0,,0,,2b91c56fc7b5196bc828c9238081678ed31b26a21a318ac516580238a40ca35b,hank-place-field-audit-v1,Stage3 Firestore snapshot; live read blocked by RESOURCE_EXHAUSTED
1069,kto-2660763,서귀포 치유의 숲,SEOGWIPO_CITY,seogwipo,서귀포시,12,관광지,spot,UNKNOWN,6,0,6,6,24,25,,1,서귀포 치유의 숲,1,12:관광지,1,제주특별자치도 서귀포시 산록남로 2271,0,,1,"33.2944,126.5261",0,,1,https://tong.visitkorea.or.kr/cms/resource/78/4043678_image2_1.jpg,0,,0,,0,,0,,0,,0,,0,,1,63576,0,,0,,0,,0,,0,,0,,0,,0,,0,,2b91c56fc7b5196bc828c9238081678ed31b26a21a318ac516580238a40ca35b,hank-place-field-audit-v1,Stage3 Firestore snapshot; live read blocked by RESOURCE_EXHAUSTED
1070,kto-2661407,제주항공우주박물관,SEOGWIPO_CITY,west,서부 (안덕),14,문화시설,spot,UNKNOWN,6,0,6,6,24,25,,1,제주항공우주박물관,1,14:문화시설,1,제주특별자치도 서귀포시 안덕면 녹차분재로 218,0,,1,"33.3043706422,126.2996275451",0,,1,https://tong.visitkorea.or.kr/cms/resource/84/3546884_image2_1.jpg,0,,0,,0,,0,,0,,0,,0,,1,63521,0,,0,,0,,0,,0,,0,,0,,0,,0,,2b91c56fc7b5196bc828c9238081678ed31b26a21a318ac516580238a40ca35b,hank-place-field-audit-v1,Stage3 Firestore snapshot; live read blocked by RESOURCE_EXHAUSTED
1071,kto-2661514,휴림,JEJU_CITY,west,서부 (애월),12,관광지,spot,UNKNOWN,6,0,6,6,24,25,,1,휴림,1,12:관광지,1,제주특별자치도 제주시 애월읍 광령남서길 40,0,,1,"33.4437791402,126.4287872275",0,,1,https://tong.visitkorea.or.kr/cms/resource/64/3017664_image2_1.jpg,0,,0,,0,,0,,0,,0,,0,,1,63062,0,,0,,0,,0,,0,,0,,0,,0,,0,,2b91c56fc7b5196bc828c9238081678ed31b26a21a318ac516580238a40ca35b,hank-place-field-audit-v1,Stage3 Firestore snapshot; live read blocked by RESOURCE_EXHAUSTED
1072,kto-2661523,북촌마을 4·3길,JEJU_CITY,east,동부 (조천),12,관광지,spot,UNKNOWN,6,0,6,6,24,25,,1,북촌마을 4·3길,1,12:관광지,1,제주특별자치도 제주시 조천읍 북촌3길 3,0,,1,"33.546021407,126.688682938",0,,1,https://tong.visitkorea.or.kr/cms/resource/80/3069280_image2_1.jpg,0,,0,,0,,0,,0,,0,,0,,1,63339,0,,0,,0,,0,,0,,0,,0,,0,,0,,2b91c56fc7b5196bc828c9238081678ed31b26a21a318ac516580238a40ca35b,hank-place-field-audit-v1,Stage3 Firestore snapshot; live read blocked by RESOURCE_EXHAUSTED
1073,kto-2661821,신풍리 밭담길,SEOGWIPO_CITY,east,동부 (성산),12,관광지,spot,UNKNOWN,6,0,6,6,24,25,,1,신풍리 밭담길,1,12:관광지,1,제주특별자치도 서귀포시 성산읍 신풍하동로 39,0,,1,"33.3619034434,126.8405765535",0,,1,https://tong.visitkorea.or.kr/cms/resource/46/3024046_image2_1.jpg,0,,0,,0,,0,,0,,0,,0,,1,63636,0,,0,,0,,0,,0,,0,,0,,0,,0,,2b91c56fc7b5196bc828c9238081678ed31b26a21a318ac516580238a40ca35b,hank-place-field-audit-v1,Stage3 Firestore snapshot; live read blocked by RESOURCE_EXHAUSTED
1074,kto-2662724,머체왓숲길,SEOGWIPO_CITY,seogwipo,서귀포시,28,레포츠,spot,UNKNOWN,6,0,6,6,24,25,,1,머체왓숲길,1,28:레포츠,1,제주특별자치도 서귀포시 남원읍 서성로 755,0,,1,"33.3305225861,126.6738998203",0,,1,https://tong.visitkorea.or.kr/cms/resource/28/4075728_image2_1.jpg,0,,0,,0,,0,,0,,0,,0,,1,63614,0,,0,,0,,0,,0,,0,,0,,0,,0,,2b91c56fc7b5196bc828c9238081678ed31b26a21a318ac516580238a40ca35b,hank-place-field-audit-v1,Stage3 Firestore snapshot; live read blocked by RESOURCE_EXHAUSTED
1075,kto-2662743,엉덩물계곡,SEOGWIPO_CITY,seogwipo,서귀포시,12,관광지,spot,UNKNOWN,6,0,6,6,24,25,,1,엉덩물계곡,1,12:관광지,1,제주특별자치도 서귀포시 색달동,0,,1,"33.2479286727,126.4139105501",0,,1,https://tong.visitkorea.or.kr/cms/resource/48/3523648_image2_1.jpg,0,,0,,0,,0,,0,,0,,0,,1,63534,0,,0,,0,,0,,0,,0,,0,,0,,0,,2b91c56fc7b5196bc828c9238081678ed31b26a21a318ac516580238a40ca35b,hank-place-field-audit-v1,Stage3 Firestore snapshot; live read blocked by RESOURCE_EXHAUSTED
1076,kto-2663244,방주교회,SEOGWIPO_CITY,west,서부 (안덕),12,관광지,spot,UNKNOWN,6,0,6,6,24,25,,1,방주교회,1,12:관광지,1,제주특별자치도 서귀포시 안덕면 산록남로762번길 113,0,,1,"33.3051886051,126.3877920933",0,,1,https://tong.visitkorea.or.kr/cms/resource/71/3400771_image2_1.jpg,0,,0,,0,,0,,0,,0,,0,,1,63525,0,,0,,0,,0,,0,,0,,0,,0,,0,,2b91c56fc7b5196bc828c9238081678ed31b26a21a318ac516580238a40ca35b,hank-place-field-audit-v1,Stage3 Firestore snapshot; live read blocked by RESOURCE_EXHAUSTED
1077,kto-2663250,신창풍차해안도로,JEJU_CITY,west,서부 (한경),12,관광지,spot,UNKNOWN,6,0,6,6,24,25,,1,신창풍차해안도로,1,12:관광지,1,제주특별자치도 제주시 한경면 한경해안로 485,0,,1,"33.3430957258,126.1721252383",0,,1,https://tong.visitkorea.or.kr/cms/resource/32/4106532_image2_1.jpg,0,,0,,0,,0,,0,,0,,0,,1,63002,0,,0,,0,,0,,0,,0,,0,,0,,0,,2b91c56fc7b5196bc828c9238081678ed31b26a21a318ac516580238a40ca35b,hank-place-field-audit-v1,Stage3 Firestore snapshot; live read blocked by RESOURCE_EXHAUSTED
1078,kto-2664574,허니문하우스,SEOGWIPO_CITY,seogwipo,서귀포시,39,음식점,cafe,UNKNOWN,6,0,6,6,24,25,,1,허니문하우스,1,39:음식점,1,제주특별자치도 서귀포시 토평동 511,0,,1,"33.246959152,126.578029677",0,,1,https://tong.visitkorea.or.kr/cms/resource/69/3389969_image2_1.jpg,0,,0,,0,,0,,0,,0,,0,,1,63599,0,,0,,0,,0,,0,,0,,0,,0,,0,,2b91c56fc7b5196bc828c9238081678ed31b26a21a318ac516580238a40ca35b,hank-place-field-audit-v1,Stage3 Firestore snapshot; live read blocked by RESOURCE_EXHAUSTED
1079,kto-2666735,해녀의 부엌,JEJU_CITY,east,동부 (구좌),39,음식점,food,UNKNOWN,6,0,6,6,24,25,,1,해녀의 부엌,1,39:음식점,1,제주특별자치도 제주시 구좌읍 해맞이해안로 2265,0,,1,"33.4978173678,126.912306105",0,,1,https://tong.visitkorea.or.kr/cms/resource/92/3578892_image2_1.jpg,0,,0,,0,,0,,0,,0,,0,,1,63364,0,,0,,0,,0,,0,,0,,0,,0,,0,,2b91c56fc7b5196bc828c9238081678ed31b26a21a318ac516580238a40ca35b,hank-place-field-audit-v1,Stage3 Firestore snapshot; live read blocked by RESOURCE_EXHAUSTED
1080,kto-2667498,에덴호스텔,JEJU_CITY,jeju_city,제주시,32,숙박,stay,UNKNOWN,6,0,6,6,24,25,,1,에덴호스텔,1,32:숙박,1,제주특별자치도 제주시 서해안로 456-12,1,(용담삼동),1,"33.5184027384,126.4891868158",0,,0,,0,,0,,0,,0,,0,,0,,0,,1,63114,0,,0,,0,,0,,0,,0,,0,,0,,0,,2b91c56fc7b5196bc828c9238081678ed31b26a21a318ac516580238a40ca35b,hank-place-field-audit-v1,Stage3 Firestore snapshot; live read blocked by RESOURCE_EXHAUSTED
1081,kto-2674014,비체올린,JEJU_CITY,west,서부 (한경),12,관광지,spot,UNKNOWN,6,0,6,6,24,25,,1,비체올린,1,12:관광지,1,제주특별자치도 제주시 한경면 판조로 253-6,0,,1,"33.3494560488,126.2182391712",0,,1,https://tong.visitkorea.or.kr/cms/resource/26/3554826_image2_1.jpg,0,,0,,0,,0,,0,,0,,0,,1,63003,0,,0,,0,,0,,0,,0,,0,,0,,0,,2b91c56fc7b5196bc828c9238081678ed31b26a21a318ac516580238a40ca35b,hank-place-field-audit-v1,Stage3 Firestore snapshot; live read blocked by RESOURCE_EXHAUSTED
1082,kto-2675039,[한라산 둘레길 2구간] 돌오름길,SEOGWIPO_CITY,seogwipo,서귀포시,28,레포츠,spot,UNKNOWN,6,0,6,6,24,25,,1,[한라산 둘레길 2구간] 돌오름길,1,28:레포츠,1,제주특별자치도 서귀포시 1100로 1187 (중문동),0,,1,"33.331889289,126.459316145",0,,1,https://tong.visitkorea.or.kr/cms/resource/46/4105246_image2_1.jpg,0,,0,,0,,0,,0,,0,,0,,1,63554,0,,0,,0,,0,,0,,0,,0,,0,,0,,2b91c56fc7b5196bc828c9238081678ed31b26a21a318ac516580238a40ca35b,hank-place-field-audit-v1,Stage3 Firestore snapshot; live read blocked by RESOURCE_EXHAUSTED
1083,kto-2699863,호텔 서귀피안,SEOGWIPO_CITY,seogwipo,서귀포시,32,숙박,stay,UNKNOWN,6,0,6,6,24,25,,1,호텔 서귀피안,1,32:숙박,1,제주특별자치도 서귀포시 보목로64번길 178,1,(보목동),1,"33.2444207422,126.5905592043",0,,0,,0,,0,,0,,0,,0,,0,,0,,1,63599,0,,0,,0,,0,,0,,0,,0,,0,,0,,2b91c56fc7b5196bc828c9238081678ed31b26a21a318ac516580238a40ca35b,hank-place-field-audit-v1,Stage3 Firestore snapshot; live read blocked by RESOURCE_EXHAUSTED
1084,kto-2704232,성불오름,JEJU_CITY,east,동부 (구좌),12,관광지,spot,UNKNOWN,6,0,6,6,24,25,,1,성불오름,1,12:관광지,1,제주특별자치도 제주시 구좌읍 중산간동로 2532,0,,1,"33.4594588218,126.8086881941",0,,1,https://tong.visitkorea.or.kr/cms/resource/23/3527023_image2_1.jpg,0,,0,,0,,0,,0,,0,,0,,1,63355,0,,0,,0,,0,,0,,0,,0,,0,,0,,2b91c56fc7b5196bc828c9238081678ed31b26a21a318ac516580238a40ca35b,hank-place-field-audit-v1,Stage3 Firestore snapshot; live read blocked by RESOURCE_EXHAUSTED
1085,kto-2704242,해품은체험농장,SEOGWIPO_CITY,east,동부 (성산),12,관광지,spot,UNKNOWN,6,0,6,6,24,25,,1,해품은체험농장,1,12:관광지,1,제주특별자치도 서귀포시 성산읍 서성일로 1073,0,,1,"33.4445035069,126.8933089807",0,,1,https://tong.visitkorea.or.kr/cms/resource/34/3577234_image2_1.jpg,0,,0,,0,,0,,0,,0,,0,,1,63630,0,,0,,0,,0,,0,,0,,0,,0,,0,,2b91c56fc7b5196bc828c9238081678ed31b26a21a318ac516580238a40ca35b,hank-place-field-audit-v1,Stage3 Firestore snapshot; live read blocked by RESOURCE_EXHAUSTED
1086,kto-2704352,번영로 명품도로,SEOGWIPO_CITY,east,동부 (표선),28,레포츠,spot,UNKNOWN,6,0,6,6,24,25,,1,번영로 명품도로,1,28:레포츠,1,제주특별자치도 서귀포시 표선면 성읍리 3294,0,,1,"33.3889246335733,126.788521729324",0,,1,https://tong.visitkorea.or.kr/cms/resource/91/4068891_image2_1.jpg,0,,0,,0,,0,,0,,0,,0,,1,699912,0,,0,,0,,0,,0,,0,,0,,0,,0,,2b91c56fc7b5196bc828c9238081678ed31b26a21a318ac516580238a40ca35b,hank-place-field-audit-v1,Stage3 Firestore snapshot; live read blocked by RESOURCE_EXHAUSTED
1087,kto-2704353,신비의도로,JEJU_CITY,jeju_city,제주시,12,관광지,spot,UNKNOWN,6,0,6,6,24,25,,1,신비의도로,1,12:관광지,1,제주특별자치도 제주시 1100로 2894-63 (노형동),0,,1,"33.45128821389299,126.48750098794329",0,,1,https://tong.visitkorea.or.kr/cms/resource/81/3396581_image2_1.jpg,0,,0,,0,,0,,0,,0,,0,,1,63079,0,,0,,0,,0,,0,,0,,0,,0,,0,,2b91c56fc7b5196bc828c9238081678ed31b26a21a318ac516580238a40ca35b,hank-place-field-audit-v1,Stage3 Firestore snapshot; live read blocked by RESOURCE_EXHAUSTED
1088,kto-2704407,명월성지,JEJU_CITY,west,서부 (한림),12,관광지,spot,UNKNOWN,6,0,6,6,24,25,,1,명월성지,1,12:관광지,1,제주특별자치도 제주시 한림읍 명월리 2236,0,,1,"33.4007537003,126.2603927584",0,,1,https://tong.visitkorea.or.kr/cms/resource/22/4074022_image2_1.jpg,0,,0,,0,,0,,0,,0,,0,,1,695926,0,,0,,0,,0,,0,,0,,0,,0,,0,,2b91c56fc7b5196bc828c9238081678ed31b26a21a318ac516580238a40ca35b,hank-place-field-audit-v1,Stage3 Firestore snapshot; live read blocked by RESOURCE_EXHAUSTED
1089,kto-2704412,아침미소목장,JEJU_CITY,jeju_city,제주시,12,관광지,spot,UNKNOWN,6,0,6,6,24,25,,1,아침미소목장,1,12:관광지,1,제주특별자치도 제주시 첨단동길 160-30,0,,1,"33.4532852107,126.5874206898",0,,1,https://tong.visitkorea.or.kr/cms/resource/27/4102427_image2_1.jpg,0,,0,,0,,0,,0,,0,,0,,1,63311,0,,0,,0,,0,,0,,0,,0,,0,,0,,2b91c56fc7b5196bc828c9238081678ed31b26a21a318ac516580238a40ca35b,hank-place-field-audit-v1,Stage3 Firestore snapshot; live read blocked by RESOURCE_EXHAUSTED
1090,kto-2704435,하도해변,JEJU_CITY,east,동부 (구좌),12,관광지,spot,UNKNOWN,6,0,6,6,24,25,,1,하도해변,1,12:관광지,1,제주특별자치도 제주시 구좌읍 해맞이해안로 1973,0,,1,"33.5135348561,126.8988152454",0,,1,https://tong.visitkorea.or.kr/cms/resource/92/3100092_image2_1.jpg,0,,0,,0,,0,,0,,0,,0,,1,63363,0,,0,,0,,0,,0,,0,,0,,0,,0,,2b91c56fc7b5196bc828c9238081678ed31b26a21a318ac516580238a40ca35b,hank-place-field-audit-v1,Stage3 Firestore snapshot; live read blocked by RESOURCE_EXHAUSTED
1091,kto-2704447,당케포구,SEOGWIPO_CITY,east,동부 (표선),12,관광지,spot,UNKNOWN,6,0,6,6,24,25,,1,당케포구,1,12:관광지,1,제주특별자치도 서귀포시 표선면 민속해안로 566-1,0,,1,"33.3247853896,126.8451186744",0,,1,https://tong.visitkorea.or.kr/cms/resource/92/3389992_image2_1.jpg,0,,0,,0,,0,,0,,0,,0,,1,63629,0,,0,,0,,0,,0,,0,,0,,0,,0,,2b91c56fc7b5196bc828c9238081678ed31b26a21a318ac516580238a40ca35b,hank-place-field-audit-v1,Stage3 Firestore snapshot; live read blocked by RESOURCE_EXHAUSTED
1092,kto-2704452,표선세화해안도로,SEOGWIPO_CITY,east,동부 (표선),28,레포츠,spot,UNKNOWN,6,0,6,6,24,25,,1,표선세화해안도로,1,28:레포츠,1,제주특별자치도 서귀포시 표선면 세화리,0,,1,"33.3033,126.8087",0,,1,https://tong.visitkorea.or.kr/cms/resource/49/3528449_image2_1.jpg,0,,0,,0,,0,,0,,0,,0,,1,63625,0,,0,,0,,0,,0,,0,,0,,0,,0,,2b91c56fc7b5196bc828c9238081678ed31b26a21a318ac516580238a40ca35b,hank-place-field-audit-v1,Stage3 Firestore snapshot; live read blocked by RESOURCE_EXHAUSTED
1093,kto-2705296,물뫼힐링팜,JEJU_CITY,west,서부 (애월),12,관광지,spot,UNKNOWN,6,0,6,6,24,25,,1,물뫼힐링팜,1,12:관광지,1,제주특별자치도 제주시 애월읍 예원로 51,0,,1,"33.4642655959,126.3965683162",0,,1,https://tong.visitkorea.or.kr/cms/resource/45/3553545_image2_1.jpg,0,,0,,0,,0,,0,,0,,0,,1,63057,0,,0,,0,,0,,0,,0,,0,,0,,0,,2b91c56fc7b5196bc828c9238081678ed31b26a21a318ac516580238a40ca35b,hank-place-field-audit-v1,Stage3 Firestore snapshot; live read blocked by RESOURCE_EXHAUSTED
1094,kto-2707417,서툰가족,SEOGWIPO_CITY,west,서부 (안덕),32,숙박,stay,UNKNOWN,6,0,6,6,24,25,,1,서툰가족,1,32:숙박,1,제주특별자치도 서귀포시 안덕면 사계중앙로 41-15,0,,1,"33.2282179181,126.2980682613",0,,1,https://tong.visitkorea.or.kr/cms/resource/36/2707436_image2_1.jpg,0,,0,,0,,0,,0,,0,,0,,1,63528,0,,0,,0,,0,,0,,0,,0,,0,,0,,2b91c56fc7b5196bc828c9238081678ed31b26a21a318ac516580238a40ca35b,hank-place-field-audit-v1,Stage3 Firestore snapshot; live read blocked by RESOURCE_EXHAUSTED
1095,kto-2707930,소인국테마파크,SEOGWIPO_CITY,west,서부 (안덕),12,관광지,spot,UNKNOWN,6,0,6,6,24,25,,1,소인국테마파크,1,12:관광지,1,제주특별자치도 서귀포시 안덕면 화순서동로 347,0,,1,"33.28158936731043,126.33207574662586",0,,1,https://tong.visitkorea.or.kr/cms/resource/17/3502717_image2_1.jpg,0,,0,,0,,0,,0,,0,,0,,1,63522,0,,0,,0,,0,,0,,0,,0,,0,,0,,2b91c56fc7b5196bc828c9238081678ed31b26a21a318ac516580238a40ca35b,hank-place-field-audit-v1,Stage3 Firestore snapshot; live read blocked by RESOURCE_EXHAUSTED
1096,kto-2708338,더클리프,SEOGWIPO_CITY,seogwipo,서귀포시,39,음식점,food,UNKNOWN,6,0,6,6,24,25,,1,더클리프,1,39:음식점,1,제주특별자치도 서귀포시 중문관광로 154-17,1,(색달동),1,"33.2450679043,126.4156104662",0,,0,,0,,0,,0,,0,,0,,0,,0,,1,63535,0,,0,,0,,0,,0,,0,,0,,0,,0,,2b91c56fc7b5196bc828c9238081678ed31b26a21a318ac516580238a40ca35b,hank-place-field-audit-v1,Stage3 Firestore snapshot; live read blocked by RESOURCE_EXHAUSTED
1097,kto-2709579,위미동백나무군락,SEOGWIPO_CITY,seogwipo,서귀포시,12,관광지,spot,UNKNOWN,6,0,6,6,24,25,,1,위미동백나무군락,1,12:관광지,1,제주특별자치도 서귀포시 남원읍 위미중앙로300번길 15,0,,1,"33.27287477995361,126.67499910688764",0,,1,https://tong.visitkorea.or.kr/cms/resource/76/3557976_image2_1.jpg,0,,0,,0,,0,,0,,0,,0,,1,63610,0,,0,,0,,0,,0,,0,,0,,0,,0,,2b91c56fc7b5196bc828c9238081678ed31b26a21a318ac516580238a40ca35b,hank-place-field-audit-v1,Stage3 Firestore snapshot; live read blocked by RESOURCE_EXHAUSTED
1098,kto-2710029,[제주올레 3코스] 온평-표선 올레 (B),SEOGWIPO_CITY,east,동부 (성산),28,레포츠,spot,UNKNOWN,6,0,6,6,24,25,,1,[제주올레 3코스] 온평-표선 올레 (B),1,28:레포츠,1,제주특별자치도 서귀포시 성산읍 온평리 1001-6,0,,1,"33.4032609931,126.9028285482",0,,1,https://tong.visitkorea.or.kr/cms/resource/66/3550266_image2_1.jpg,0,,0,,0,,0,,0,,0,,0,,1,63633,0,,0,,0,,0,,0,,0,,0,,0,,0,,2b91c56fc7b5196bc828c9238081678ed31b26a21a318ac516580238a40ca35b,hank-place-field-audit-v1,Stage3 Firestore snapshot; live read blocked by RESOURCE_EXHAUSTED
1099,kto-2710165,[제주올레 15코스] 한림-고내 올레 (B),JEJU_CITY,west,서부 (한림),28,레포츠,spot,UNKNOWN,6,0,6,6,24,25,,1,[제주올레 15코스] 한림-고내 올레 (B),1,28:레포츠,1,제주특별자치도 제주시 한림읍 한림해안로 196,0,,1,"33.4193184574,126.2625365394",0,,1,https://tong.visitkorea.or.kr/cms/resource/83/3554483_image2_1.jpg,0,,0,,0,,0,,0,,0,,0,,1,63031,0,,0,,0,,0,,0,,0,,0,,0,,0,,2b91c56fc7b5196bc828c9238081678ed31b26a21a318ac516580238a40ca35b,hank-place-field-audit-v1,Stage3 Firestore snapshot; live read blocked by RESOURCE_EXHAUSTED
1100,kto-2713583,제주도립김창열미술관,JEJU_CITY,jeju_city,제주시,14,문화시설,spot,UNKNOWN,6,0,6,6,24,25,,1,제주도립김창열미술관,1,14:문화시설,1,제주특별자치도 제주시 용금로 883-5 김창열미술관,0,,1,"33.339071304841084,126.26867175806325",0,,1,https://tong.visitkorea.or.kr/cms/resource/99/3553099_image2_1.jpg,0,,0,,0,,0,,0,,0,,0,,1,63017,0,,0,,0,,0,,0,,0,,0,,0,,0,,2b91c56fc7b5196bc828c9238081678ed31b26a21a318ac516580238a40ca35b,hank-place-field-audit-v1,Stage3 Firestore snapshot; live read blocked by RESOURCE_EXHAUSTED
1101,kto-2713585,왕이메오름,SEOGWIPO_CITY,west,서부 (안덕),12,관광지,spot,UNKNOWN,6,0,6,6,24,25,,1,왕이메오름,1,12:관광지,1,제주특별자치도 서귀포시 안덕면 광평리,1,산 79,1,"33.3421787614,126.3750562608",0,,0,,0,,0,,0,,0,,0,,0,,0,,1,63524,0,,0,,0,,0,,0,,0,,0,,0,,0,,2b91c56fc7b5196bc828c9238081678ed31b26a21a318ac516580238a40ca35b,hank-place-field-audit-v1,Stage3 Firestore snapshot; live read blocked by RESOURCE_EXHAUSTED
1102,kto-2715354,새빌,JEJU_CITY,west,서부 (애월),39,음식점,cafe,UNKNOWN,6,0,6,6,24,25,,1,새빌,1,39:음식점,1,제주특별자치도 제주시 애월읍 평화로 1529,0,,1,"33.3615847697,126.3636734821",0,,1,https://tong.visitkorea.or.kr/cms/resource/08/3576308_image2_1.jpg,0,,0,,0,,0,,0,,0,,0,,1,63039,0,,0,,0,,0,,0,,0,,0,,0,,0,,2b91c56fc7b5196bc828c9238081678ed31b26a21a318ac516580238a40ca35b,hank-place-field-audit-v1,Stage3 Firestore snapshot; live read blocked by RESOURCE_EXHAUSTED
1103,kto-2715648,발자국화석공원,SEOGWIPO_CITY,west,서부 (대정),12,관광지,spot,UNKNOWN,6,0,6,6,24,25,,1,발자국화석공원,1,12:관광지,1,제주특별자치도 서귀포시 대정읍 형제해안로 192,0,,1,"33.2173857035,126.2931467063",0,,1,https://tong.visitkorea.or.kr/cms/resource/81/3024681_image2_1.jpg,0,,0,,0,,0,,0,,0,,0,,1,63512,0,,0,,0,,0,,0,,0,,0,,0,,0,,2b91c56fc7b5196bc828c9238081678ed31b26a21a318ac516580238a40ca35b,hank-place-field-audit-v1,Stage3 Firestore snapshot; live read blocked by RESOURCE_EXHAUSTED
1104,kto-2716736,신라스테이 제주,JEJU_CITY,jeju_city,제주시,32,숙박,stay,UNKNOWN,6,0,6,6,24,25,,1,신라스테이 제주,1,32:숙박,1,제주특별자치도 제주시 노연로 100,0,,1,"33.4855175198,126.4910512883",0,,1,https://tong.visitkorea.or.kr/cms/resource/42/2716742_image2_1.jpg,0,,0,,0,,0,,0,,0,,0,,1,63133,0,,0,,0,,0,,0,,0,,0,,0,,0,,2b91c56fc7b5196bc828c9238081678ed31b26a21a318ac516580238a40ca35b,hank-place-field-audit-v1,Stage3 Firestore snapshot; live read blocked by RESOURCE_EXHAUSTED
1105,kto-2717330,유민 아르누보 뮤지엄,SEOGWIPO_CITY,east,동부 (성산),14,문화시설,spot,UNKNOWN,6,0,6,6,24,25,,1,유민 아르누보 뮤지엄,1,14:문화시설,1,제주특별자치도 서귀포시 성산읍 섭지코지로 107,0,,1,"33.4335552242,126.924678737",0,,1,https://tong.visitkorea.or.kr/cms/resource/11/3548711_image2_1.jpg,0,,0,,0,,0,,0,,0,,0,,1,63642,0,,0,,0,,0,,0,,0,,0,,0,,0,,2b91c56fc7b5196bc828c9238081678ed31b26a21a318ac516580238a40ca35b,hank-place-field-audit-v1,Stage3 Firestore snapshot; live read blocked by RESOURCE_EXHAUSTED
1106,kto-2718006,벤티모 호텔 앤 레지던스 제주,JEJU_CITY,jeju_city,제주시,32,숙박,stay,UNKNOWN,6,0,6,6,24,25,,1,벤티모 호텔 앤 레지던스 제주,1,32:숙박,1,제주특별자치도 제주시 연삼로 14 (연동),0,,1,"33.493458351,126.4937564282",0,,1,https://tong.visitkorea.or.kr/cms/resource/21/3514421_image2_1.jpg,0,,0,,0,,0,,0,,0,,0,,1,63118,0,,0,,0,,0,,0,,0,,0,,0,,0,,2b91c56fc7b5196bc828c9238081678ed31b26a21a318ac516580238a40ca35b,hank-place-field-audit-v1,Stage3 Firestore snapshot; live read blocked by RESOURCE_EXHAUSTED
1107,kto-2718541,재주도좋아·반짝반짝 지구상회,JEJU_CITY,west,서부 (한림),38,쇼핑,spot,UNKNOWN,6,0,6,6,24,25,,1,재주도좋아·반짝반짝 지구상회,1,38:쇼핑,1,제주특별자치도 제주시 한림읍 귀덕6길 192,0,,1,"33.4288317168,126.2894700944",0,,1,https://tong.visitkorea.or.kr/cms/resource/42/3539042_image2_1.jpg,0,,0,,0,,0,,0,,0,,0,,1,63025,0,,0,,0,,0,,0,,0,,0,,0,,0,,2b91c56fc7b5196bc828c9238081678ed31b26a21a318ac516580238a40ca35b,hank-place-field-audit-v1,Stage3 Firestore snapshot; live read blocked by RESOURCE_EXHAUSTED
1108,kto-2718799,제로포인트트레일,JEJU_CITY,jeju_city,제주시,28,레포츠,spot,UNKNOWN,6,0,6,6,24,25,,1,제로포인트트레일,1,28:레포츠,1,제주특별자치도 제주시 산지로 25 (건입동),0,,1,"33.5147676675,126.5292195284",0,,1,https://tong.visitkorea.or.kr/cms/resource/01/2718801_image2_1.jpg,0,,0,,0,,0,,0,,0,,0,,1,63278,0,,0,,0,,0,,0,,0,,0,,0,,0,,2b91c56fc7b5196bc828c9238081678ed31b26a21a318ac516580238a40ca35b,hank-place-field-audit-v1,Stage3 Firestore snapshot; live read blocked by RESOURCE_EXHAUSTED
1109,kto-2723542,한담해변,JEJU_CITY,west,서부 (애월),12,관광지,spot,UNKNOWN,6,0,6,6,24,25,,1,한담해변,1,12:관광지,1,제주특별자치도 제주시 애월읍 애월로1길 26-4,0,,1,"33.4627838378,126.310106426",0,,1,https://tong.visitkorea.or.kr/cms/resource/93/3413993_image2_1.jpg,0,,0,,0,,0,,0,,0,,0,,1,63043,0,,0,,0,,0,,0,,0,,0,,0,,0,,2b91c56fc7b5196bc828c9238081678ed31b26a21a318ac516580238a40ca35b,hank-place-field-audit-v1,Stage3 Firestore snapshot; live read blocked by RESOURCE_EXHAUSTED
1110,kto-2723689,서귀다원,SEOGWIPO_CITY,seogwipo,서귀포시,12,관광지,spot,UNKNOWN,6,0,6,6,24,25,,1,서귀다원,1,12:관광지,1,제주특별자치도 서귀포시 516로 717 (상효동),0,,1,"33.3128299569,126.5966821327",0,,1,https://tong.visitkorea.or.kr/cms/resource/78/3400178_image2_1.jpg,0,,0,,0,,0,,0,,0,,0,,1,63582,0,,0,,0,,0,,0,,0,,0,,0,,0,,2b91c56fc7b5196bc828c9238081678ed31b26a21a318ac516580238a40ca35b,hank-place-field-audit-v1,Stage3 Firestore snapshot; live read blocked by RESOURCE_EXHAUSTED
1111,kto-2726675,관음사야영장,JEJU_CITY,jeju_city,제주시,28,레포츠,spot,UNKNOWN,6,0,6,6,24,25,,1,관음사야영장,1,28:레포츠,1,제주특별자치도 제주시 산록북로 588 (오등동),0,,1,"33.4219399,126.5505904",0,,1,https://tong.visitkorea.or.kr/cms/resource/31/4074431_image2_1.jpg,0,,0,,0,,0,,0,,0,,0,,1,63242,0,,0,,0,,0,,0,,0,,0,,0,,0,,2b91c56fc7b5196bc828c9238081678ed31b26a21a318ac516580238a40ca35b,hank-place-field-audit-v1,Stage3 Firestore snapshot; live read blocked by RESOURCE_EXHAUSTED
1112,kto-2726704,제주자연인펜션글램핑,JEJU_CITY,jeju_city,제주시,28,레포츠,spot,UNKNOWN,6,0,6,6,24,25,,1,제주자연인펜션글램핑,1,28:레포츠,1,제주특별자치도 제주시 아란서길 110 (아라일동),0,,1,"33.4687253688,126.5399565266",0,,1,https://tong.visitkorea.or.kr/cms/resource/85/2727085_image2_1.jpg,0,,0,,0,,0,,0,,0,,0,,1,63239,0,,0,,0,,0,,0,,0,,0,,0,,0,,2b91c56fc7b5196bc828c9238081678ed31b26a21a318ac516580238a40ca35b,hank-place-field-audit-v1,Stage3 Firestore snapshot; live read blocked by RESOURCE_EXHAUSTED
1113,kto-2729335,돌하르방캠핑장,JEJU_CITY,west,서부 (한경),28,레포츠,spot,UNKNOWN,6,0,6,6,24,25,,1,돌하르방캠핑장,1,28:레포츠,1,제주특별자치도 제주시 한경면 낙수로 271-40,0,,1,"33.3238814232,126.2389573829",0,,1,https://tong.visitkorea.or.kr/cms/resource/40/2729840_image2_1.jpg,0,,0,,0,,0,,0,,0,,0,,1,63006,0,,0,,0,,0,,0,,0,,0,,0,,0,,2b91c56fc7b5196bc828c9238081678ed31b26a21a318ac516580238a40ca35b,hank-place-field-audit-v1,Stage3 Firestore snapshot; live read blocked by RESOURCE_EXHAUSTED
1114,kto-2730822,제주벨리타캠핑장,JEJU_CITY,east,동부 (조천),28,레포츠,spot,UNKNOWN,6,0,6,6,24,25,,1,제주벨리타캠핑장,1,28:레포츠,1,제주특별자치도 제주시 조천읍 중산간동로 1194,0,,1,"33.5080683294,126.6978161445",0,,1,https://tong.visitkorea.or.kr/cms/resource/03/2731003_image2_1.jpg,0,,0,,0,,0,,0,,0,,0,,1,63340,0,,0,,0,,0,,0,,0,,0,,0,,0,,2b91c56fc7b5196bc828c9238081678ed31b26a21a318ac516580238a40ca35b,hank-place-field-audit-v1,Stage3 Firestore snapshot; live read blocked by RESOURCE_EXHAUSTED
1115,kto-2730830,제주플래티늄카라반,JEJU_CITY,west,서부 (애월),28,레포츠,spot,UNKNOWN,6,0,6,6,24,25,,1,제주플래티늄카라반,1,28:레포츠,1,제주특별자치도 제주시 애월읍 하귀미수포길 5-8,0,,1,"33.4834913217,126.4013896858",0,,1,https://tong.visitkorea.or.kr/cms/resource/14/2731014_image2_1.jpg,0,,0,,0,,0,,0,,0,,0,,1,63051,0,,0,,0,,0,,0,,0,,0,,0,,0,,2b91c56fc7b5196bc828c9238081678ed31b26a21a318ac516580238a40ca35b,hank-place-field-audit-v1,Stage3 Firestore snapshot; live read blocked by RESOURCE_EXHAUSTED
1116,kto-2731801,백약이오름,SEOGWIPO_CITY,east,동부 (표선),12,관광지,spot,UNKNOWN,6,0,6,6,24,25,,1,백약이오름,1,12:관광지,1,제주특별자치도 서귀포시 표선면 성읍리 산1,0,,1,"33.4372051592,126.7901843521",0,,1,https://tong.visitkorea.or.kr/cms/resource/33/4078433_image2_1.jpg,0,,0,,0,,0,,0,,0,,0,,1,699912,0,,0,,0,,0,,0,,0,,0,,0,,0,,2b91c56fc7b5196bc828c9238081678ed31b26a21a318ac516580238a40ca35b,hank-place-field-audit-v1,Stage3 Firestore snapshot; live read blocked by RESOURCE_EXHAUSTED
1117,kto-2734081,어라운드폴리,SEOGWIPO_CITY,east,동부 (성산),28,레포츠,spot,UNKNOWN,6,0,6,6,24,25,,1,어라운드폴리,1,28:레포츠,1,제주특별자치도 서귀포시 성산읍 서성일로 433,0,,1,"33.4157889471,126.8359611545",0,,1,https://tong.visitkorea.or.kr/cms/resource/30/4073230_image2_1.jpg,0,,0,,0,,0,,0,,0,,0,,1,63632,0,,0,,0,,0,,0,,0,,0,,0,,0,,2b91c56fc7b5196bc828c9238081678ed31b26a21a318ac516580238a40ca35b,hank-place-field-audit-v1,Stage3 Firestore snapshot; live read blocked by RESOURCE_EXHAUSTED
1118,kto-2734909,귤빛캠핑장,JEJU_CITY,east,동부 (조천),28,레포츠,spot,UNKNOWN,6,0,6,6,24,25,,1,귤빛캠핑장,1,28:레포츠,1,제주특별자치도 제주시 조천읍 함와로 428,0,,1,"33.5039628424,126.6738044342",0,,1,https://tong.visitkorea.or.kr/cms/resource/02/2797902_image2_1.jpg,0,,0,,0,,0,,0,,0,,0,,1,63343,0,,0,,0,,0,,0,,0,,0,,0,,0,,2b91c56fc7b5196bc828c9238081678ed31b26a21a318ac516580238a40ca35b,hank-place-field-audit-v1,Stage3 Firestore snapshot; live read blocked by RESOURCE_EXHAUSTED
1119,kto-2737330,동문수산시장,JEJU_CITY,jeju_city,제주시,38,쇼핑,spot,UNKNOWN,6,0,6,6,24,25,,1,동문수산시장,1,38:쇼핑,1,제주특별자치도 제주시 이도일동 1349-60,0,,1,"33.5123754786102,126.525718313675",0,,1,https://tong.visitkorea.or.kr/cms/resource/23/4067923_image2_1.jpg,0,,0,,0,,0,,0,,0,,0,,1,63192,0,,0,,0,,0,,0,,0,,0,,0,,0,,2b91c56fc7b5196bc828c9238081678ed31b26a21a318ac516580238a40ca35b,hank-place-field-audit-v1,Stage3 Firestore snapshot; live read blocked by RESOURCE_EXHAUSTED
1120,kto-2738653,토토아뜰리에,JEJU_CITY,west,서부 (애월),12,관광지,spot,UNKNOWN,6,0,6,6,24,25,,1,토토아뜰리에,1,12:관광지,1,제주특별자치도 제주시 애월읍 고성북길 112,0,,1,"33.4698485725,126.4131000861",0,,1,https://tong.visitkorea.or.kr/cms/resource/30/3585130_image2_1.jpg,0,,0,,0,,0,,0,,0,,0,,1,63057,0,,0,,0,,0,,0,,0,,0,,0,,0,,2b91c56fc7b5196bc828c9238081678ed31b26a21a318ac516580238a40ca35b,hank-place-field-audit-v1,Stage3 Firestore snapshot; live read blocked by RESOURCE_EXHAUSTED
1121,kto-2738659,구엄포구,JEJU_CITY,west,서부 (애월),12,관광지,spot,UNKNOWN,6,0,6,6,24,25,,1,구엄포구,1,12:관광지,1,제주특별자치도 제주시 애월읍 구엄리,0,,1,"33.4843,126.3764",0,,1,https://tong.visitkorea.or.kr/cms/resource/06/4105406_image2_1.jpg,0,,0,,0,,0,,0,,0,,0,,1,63049,0,,0,,0,,0,,0,,0,,0,,0,,0,,2b91c56fc7b5196bc828c9238081678ed31b26a21a318ac516580238a40ca35b,hank-place-field-audit-v1,Stage3 Firestore snapshot; live read blocked by RESOURCE_EXHAUSTED
1122,kto-2738675,선운정사,JEJU_CITY,west,서부 (애월),12,관광지,spot,UNKNOWN,6,0,6,6,24,25,,1,선운정사,1,12:관광지,1,제주특별자치도 제주시 애월읍 구몰동길 65,0,,1,"33.4293874894,126.3071574318",0,,1,https://tong.visitkorea.or.kr/cms/resource/59/3399959_image2_1.jpg,0,,0,,0,,0,,0,,0,,0,,1,63039,0,,0,,0,,0,,0,,0,,0,,0,,0,,2b91c56fc7b5196bc828c9238081678ed31b26a21a318ac516580238a40ca35b,hank-place-field-audit-v1,Stage3 Firestore snapshot; live read blocked by RESOURCE_EXHAUSTED
1123,kto-2738683,연대포구,JEJU_CITY,jeju_city,제주시,12,관광지,spot,UNKNOWN,6,0,6,6,24,25,,1,연대포구,1,12:관광지,1,제주특별자치도 제주시 외도이동,0,,1,"33.4950293341,126.4267094451",0,,1,https://tong.visitkorea.or.kr/cms/resource/36/3553736_image2_1.jpg,0,,0,,0,,0,,0,,0,,0,,1,63068,0,,0,,0,,0,,0,,0,,0,,0,,0,,2b91c56fc7b5196bc828c9238081678ed31b26a21a318ac516580238a40ca35b,hank-place-field-audit-v1,Stage3 Firestore snapshot; live read blocked by RESOURCE_EXHAUSTED
1124,kto-2738705,용담해안도로,JEJU_CITY,jeju_city,제주시,12,관광지,spot,UNKNOWN,6,0,6,6,24,25,,1,용담해안도로,1,12:관광지,1,제주특별자치도 제주시 서해안로 687-8 (용담이동),0,,1,"33.5155784156,126.5121043316",0,,1,https://tong.visitkorea.or.kr/cms/resource/29/3556229_image2_1.jpg,0,,0,,0,,0,,0,,0,,0,,1,63152,0,,0,,0,,0,,0,,0,,0,,0,,0,,2b91c56fc7b5196bc828c9238081678ed31b26a21a318ac516580238a40ca35b,hank-place-field-audit-v1,Stage3 Firestore snapshot; live read blocked by RESOURCE_EXHAUSTED
1125,kto-2738709,제주카약올레,JEJU_CITY,west,서부 (애월),28,레포츠,spot,UNKNOWN,6,0,6,6,24,25,,1,제주카약올레,1,28:레포츠,1,제주특별자치도 제주시 애월읍 애월로1길 22,0,,1,"33.4623616693,126.3104869587",0,,1,https://tong.visitkorea.or.kr/cms/resource/33/2740633_image2_1.jpg,0,,0,,0,,0,,0,,0,,0,,1,63043,0,,0,,0,,0,,0,,0,,0,,0,,0,,2b91c56fc7b5196bc828c9238081678ed31b26a21a318ac516580238a40ca35b,hank-place-field-audit-v1,Stage3 Firestore snapshot; live read blocked by RESOURCE_EXHAUSTED
1126,kto-2738714,대포포구,SEOGWIPO_CITY,seogwipo,서귀포시,12,관광지,spot,UNKNOWN,6,0,6,6,24,25,,1,대포포구,1,12:관광지,1,제주특별자치도 서귀포시 대포동,0,,1,"33.2377274199,126.4392113608",0,,1,https://tong.visitkorea.or.kr/cms/resource/26/3550926_image2_1.jpg,0,,0,,0,,0,,0,,0,,0,,1,63543,0,,0,,0,,0,,0,,0,,0,,0,,0,,2b91c56fc7b5196bc828c9238081678ed31b26a21a318ac516580238a40ca35b,hank-place-field-audit-v1,Stage3 Firestore snapshot; live read blocked by RESOURCE_EXHAUSTED
1127,kto-2738721,미천굴,SEOGWIPO_CITY,east,동부 (성산),12,관광지,spot,UNKNOWN,6,0,6,6,24,25,,1,미천굴,1,12:관광지,1,제주특별자치도 서귀포시 성산읍 중산간동로 4150-30,0,,1,"33.3833177616,126.8415509789",0,,1,https://tong.visitkorea.or.kr/cms/resource/61/3401661_image2_1.jpg,0,,0,,0,,0,,0,,0,,0,,1,63635,0,,0,,0,,0,,0,,0,,0,,0,,0,,2b91c56fc7b5196bc828c9238081678ed31b26a21a318ac516580238a40ca35b,hank-place-field-audit-v1,Stage3 Firestore snapshot; live read blocked by RESOURCE_EXHAUSTED
1128,kto-2738724,자구리문화예술공원(자구리공원),SEOGWIPO_CITY,seogwipo,서귀포시,12,관광지,spot,UNKNOWN,6,0,6,6,24,25,,1,자구리문화예술공원(자구리공원),1,12:관광지,1,제주특별자치도 서귀포시 칠십리로 120-12 (서귀동),0,,1,"33.241942872,126.5675084795",0,,1,https://tong.visitkorea.or.kr/cms/resource/72/3463972_image2_1.jpg,0,,0,,0,,0,,0,,0,,0,,1,63596,0,,0,,0,,0,,0,,0,,0,,0,,0,,2b91c56fc7b5196bc828c9238081678ed31b26a21a318ac516580238a40ca35b,hank-place-field-audit-v1,Stage3 Firestore snapshot; live read blocked by RESOURCE_EXHAUSTED
1129,kto-2738726,중문미로파크,SEOGWIPO_CITY,seogwipo,서귀포시,12,관광지,spot,UNKNOWN,6,0,6,6,24,25,,1,중문미로파크,1,12:관광지,1,제주특별자치도 서귀포시 상예동 3592-5,0,,1,"33.2634799314062,126.382401161238",0,,1,https://tong.visitkorea.or.kr/cms/resource/81/2740481_image2_1.jpg,0,,0,,0,,0,,0,,0,,0,,1,697301,0,,0,,0,,0,,0,,0,,0,,0,,0,,2b91c56fc7b5196bc828c9238081678ed31b26a21a318ac516580238a40ca35b,hank-place-field-audit-v1,Stage3 Firestore snapshot; live read blocked by RESOURCE_EXHAUSTED
1130,kto-2738728,법환포구,SEOGWIPO_CITY,seogwipo,서귀포시,12,관광지,spot,UNKNOWN,6,0,6,6,24,25,,1,법환포구,1,12:관광지,1,제주특별자치도 서귀포시 법환동,0,,1,"33.2372286829,126.515710296",0,,1,https://tong.visitkorea.or.kr/cms/resource/11/3550911_image2_1.jpg,0,,0,,0,,0,,0,,0,,0,,1,63573,0,,0,,0,,0,,0,,0,,0,,0,,0,,2b91c56fc7b5196bc828c9238081678ed31b26a21a318ac516580238a40ca35b,hank-place-field-audit-v1,Stage3 Firestore snapshot; live read blocked by RESOURCE_EXHAUSTED
1131,kto-2738730,화순곶자왈 생태탐방숲길,SEOGWIPO_CITY,west,서부 (안덕),12,관광지,spot,UNKNOWN,6,0,6,6,24,25,,1,화순곶자왈 생태탐방숲길,1,12:관광지,1,제주특별자치도 서귀포시 안덕면 화순서동로 151,0,,1,"33.2635062261,126.3323756109",0,,1,https://tong.visitkorea.or.kr/cms/resource/90/3370590_image2_1.jpg,0,,0,,0,,0,,0,,0,,0,,1,63529,0,,0,,0,,0,,0,,0,,0,,0,,0,,2b91c56fc7b5196bc828c9238081678ed31b26a21a318ac516580238a40ca35b,hank-place-field-audit-v1,Stage3 Firestore snapshot; live read blocked by RESOURCE_EXHAUSTED
1132,kto-2738742,보목포구,SEOGWIPO_CITY,seogwipo,서귀포시,12,관광지,spot,UNKNOWN,6,0,6,6,24,25,,1,보목포구,1,12:관광지,1,제주특별자치도 서귀포시 보목포로 46 (보목동),0,,1,"33.2392465705,126.606774583",0,,1,https://tong.visitkorea.or.kr/cms/resource/92/3550692_image2_1.jpg,0,,0,,0,,0,,0,,0,,0,,1,63599,0,,0,,0,,0,,0,,0,,0,,0,,0,,2b91c56fc7b5196bc828c9238081678ed31b26a21a318ac516580238a40ca35b,hank-place-field-audit-v1,Stage3 Firestore snapshot; live read blocked by RESOURCE_EXHAUSTED
1133,kto-2738761,동일리포구,SEOGWIPO_CITY,west,서부 (대정),12,관광지,spot,UNKNOWN,6,0,6,6,24,25,,1,동일리포구,1,12:관광지,1,제주특별자치도 서귀포시 대정읍 동일하모로98번길 14-32,0,,1,"33.225489535,126.2401122413",0,,1,https://tong.visitkorea.or.kr/cms/resource/01/3552201_image2_1.jpg,0,,0,,0,,0,,0,,0,,0,,1,63506,0,,0,,0,,0,,0,,0,,0,,0,,0,,2b91c56fc7b5196bc828c9238081678ed31b26a21a318ac516580238a40ca35b,hank-place-field-audit-v1,Stage3 Firestore snapshot; live read blocked by RESOURCE_EXHAUSTED
1134,kto-2738763,박수기정,SEOGWIPO_CITY,west,서부 (안덕),12,관광지,spot,UNKNOWN,6,0,6,6,24,25,,1,박수기정,1,12:관광지,1,제주특별자치도 서귀포시 안덕면 난드르로 90-25,0,,1,"33.237154838,126.3587400593",0,,1,https://tong.visitkorea.or.kr/cms/resource/25/4078425_image2_1.jpg,0,,0,,0,,0,,0,,0,,0,,1,63531,0,,0,,0,,0,,0,,0,,0,,0,,0,,2b91c56fc7b5196bc828c9238081678ed31b26a21a318ac516580238a40ca35b,hank-place-field-audit-v1,Stage3 Firestore snapshot; live read blocked by RESOURCE_EXHAUSTED
1135,kto-2739395,골체오름캠핑,JEJU_CITY,east,동부 (조천),28,레포츠,spot,UNKNOWN,6,0,6,6,24,25,,1,골체오름캠핑,1,28:레포츠,1,제주특별자치도 제주시 조천읍 번영로 1648-41,0,,1,"33.4518024351,126.7043529744",0,,1,https://tong.visitkorea.or.kr/cms/resource/74/2739574_image2_1.jpg,0,,0,,0,,0,,0,,0,,0,,1,63346,0,,0,,0,,0,,0,,0,,0,,0,,0,,2b91c56fc7b5196bc828c9238081678ed31b26a21a318ac516580238a40ca35b,hank-place-field-audit-v1,Stage3 Firestore snapshot; live read blocked by RESOURCE_EXHAUSTED
1136,kto-2739407,캠파제주,SEOGWIPO_CITY,seogwipo,서귀포시,28,레포츠,spot,UNKNOWN,6,0,6,6,24,25,,1,캠파제주,1,28:레포츠,1,제주특별자치도 서귀포시 516로 574-23 (상효동),0,,1,"33.2986704711,126.6005876695",0,,1,https://tong.visitkorea.or.kr/cms/resource/72/2739872_image2_1.jpg,0,,0,,0,,0,,0,,0,,0,,1,63602,0,,0,,0,,0,,0,,0,,0,,0,,0,,2b91c56fc7b5196bc828c9238081678ed31b26a21a318ac516580238a40ca35b,hank-place-field-audit-v1,Stage3 Firestore snapshot; live read blocked by RESOURCE_EXHAUSTED
1137,kto-2740014,노형수퍼마켙,JEJU_CITY,jeju_city,제주시,14,문화시설,spot,UNKNOWN,6,0,6,6,24,25,,1,노형수퍼마켙,1,14:문화시설,1,제주특별자치도 제주시 노형로 89,0,,1,"33.4650081095,126.455218756",0,,1,https://tong.visitkorea.or.kr/cms/resource/82/3350682_image2_1.jpg,0,,0,,0,,0,,0,,0,,0,,1,63061,0,,0,,0,,0,,0,,0,,0,,0,,0,,2b91c56fc7b5196bc828c9238081678ed31b26a21a318ac516580238a40ca35b,hank-place-field-audit-v1,Stage3 Firestore snapshot; live read blocked by RESOURCE_EXHAUSTED
1138,kto-2740047,논짓물,SEOGWIPO_CITY,seogwipo,서귀포시,12,관광지,spot,UNKNOWN,6,0,6,6,24,25,,1,논짓물,1,12:관광지,1,제주특별자치도 서귀포시 예래해안로 256 (하예동),0,,1,"33.2365767524,126.3887657618",0,,1,https://tong.visitkorea.or.kr/cms/resource/44/3550644_image2_1.jpg,0,,0,,0,,0,,0,,0,,0,,1,63538,0,,0,,0,,0,,0,,0,,0,,0,,0,,2b91c56fc7b5196bc828c9238081678ed31b26a21a318ac516580238a40ca35b,hank-place-field-audit-v1,Stage3 Firestore snapshot; live read blocked by RESOURCE_EXHAUSTED
1139,kto-2740052,예래포구,SEOGWIPO_CITY,seogwipo,서귀포시,12,관광지,spot,UNKNOWN,6,0,6,6,24,25,,1,예래포구,1,12:관광지,1,제주특별자치도 서귀포시 예래해안로 97,0,,1,"33.2335157559,126.3745753937",0,,1,https://tong.visitkorea.or.kr/cms/resource/54/3550554_image2_1.jpg,0,,0,,0,,0,,0,,0,,0,,1,63538,0,,0,,0,,0,,0,,0,,0,,0,,0,,2b91c56fc7b5196bc828c9238081678ed31b26a21a318ac516580238a40ca35b,hank-place-field-audit-v1,Stage3 Firestore snapshot; live read blocked by RESOURCE_EXHAUSTED
1140,kto-2740056,산방산 유람선,SEOGWIPO_CITY,west,서부 (안덕),12,관광지,spot,UNKNOWN,6,0,6,6,24,25,,1,산방산 유람선,1,12:관광지,1,제주특별자치도 서귀포시 안덕면 화순해안로106번길 16,0,,1,"33.2370675236,126.3352176189",0,,1,https://tong.visitkorea.or.kr/cms/resource/58/3552058_image2_1.jpg,0,,0,,0,,0,,0,,0,,0,,1,63530,0,,0,,0,,0,,0,,0,,0,,0,,0,,2b91c56fc7b5196bc828c9238081678ed31b26a21a318ac516580238a40ca35b,hank-place-field-audit-v1,Stage3 Firestore snapshot; live read blocked by RESOURCE_EXHAUSTED
1141,kto-2740067,5.16 도로숲터널,SEOGWIPO_CITY,seogwipo,서귀포시,12,관광지,spot,UNKNOWN,6,0,6,6,24,25,,1,5.16 도로숲터널,1,12:관광지,1,제주특별자치도 서귀포시 남원읍 신례천로 267-110,0,,1,"33.3140386947,126.6304291801",0,,1,https://tong.visitkorea.or.kr/cms/resource/99/3400599_image2_1.jpg,0,,0,,0,,0,,0,,0,,0,,1,63608,0,,0,,0,,0,,0,,0,,0,,0,,0,,2b91c56fc7b5196bc828c9238081678ed31b26a21a318ac516580238a40ca35b,hank-place-field-audit-v1,Stage3 Firestore snapshot; live read blocked by RESOURCE_EXHAUSTED
1142,kto-2740123,이승이오름 (이승악),SEOGWIPO_CITY,seogwipo,서귀포시,12,관광지,spot,UNKNOWN,6,0,6,6,24,25,,1,이승이오름 (이승악),1,12:관광지,1,제주특별자치도 서귀포시 남원읍 신례리 산2-1,0,,1,"33.3402,126.6229",0,,1,https://tong.visitkorea.or.kr/cms/resource_photo/12/4070012_image2_1.jpg,0,,0,,0,,0,,0,,0,,0,,1,699943,0,,0,,0,,0,,0,,0,,0,,0,,0,,2b91c56fc7b5196bc828c9238081678ed31b26a21a318ac516580238a40ca35b,hank-place-field-audit-v1,Stage3 Firestore snapshot; live read blocked by RESOURCE_EXHAUSTED
1143,kto-2740127,느지리오름,JEJU_CITY,west,서부 (한림),12,관광지,spot,UNKNOWN,6,0,6,6,24,25,,1,느지리오름,1,12:관광지,1,제주특별자치도 제주시 한림읍 봉수대길 5,0,,1,"33.3629135599,126.2607962828",0,,1,https://tong.visitkorea.or.kr/cms/resource/56/3585556_image2_1.jpg,0,,0,,0,,0,,0,,0,,0,,1,63018,0,,0,,0,,0,,0,,0,,0,,0,,0,,2b91c56fc7b5196bc828c9238081678ed31b26a21a318ac516580238a40ca35b,hank-place-field-audit-v1,Stage3 Firestore snapshot; live read blocked by RESOURCE_EXHAUSTED
1144,kto-2740129,위미항,SEOGWIPO_CITY,seogwipo,서귀포시,12,관광지,spot,UNKNOWN,6,0,6,6,24,25,,1,위미항,1,12:관광지,1,제주특별자치도 서귀포시 남원읍 위미중앙로196번길 6-13,0,,1,"33.2713050304,126.662391266",0,,1,https://tong.visitkorea.or.kr/cms/resource/57/3390157_image2_1.jpg,0,,0,,0,,0,,0,,0,,0,,1,63610,0,,0,,0,,0,,0,,0,,0,,0,,0,,2b91c56fc7b5196bc828c9238081678ed31b26a21a318ac516580238a40ca35b,hank-place-field-audit-v1,Stage3 Firestore snapshot; live read blocked by RESOURCE_EXHAUSTED
1145,kto-2740133,아끈다랑쉬 오름,JEJU_CITY,east,동부 (구좌),12,관광지,spot,UNKNOWN,6,0,6,6,24,25,,1,아끈다랑쉬 오름,1,12:관광지,1,제주특별자치도 제주시 구좌읍 세화리 2593,0,,1,"33.4754212946,126.8302942866",0,,1,https://tong.visitkorea.or.kr/cms/resource/32/3528332_image2_1.jpg,0,,0,,0,,0,,0,,0,,0,,1,63352,0,,0,,0,,0,,0,,0,,0,,0,,0,,2b91c56fc7b5196bc828c9238081678ed31b26a21a318ac516580238a40ca35b,hank-place-field-audit-v1,Stage3 Firestore snapshot; live read blocked by RESOURCE_EXHAUSTED
1146,kto-2740135,알작지,JEJU_CITY,jeju_city,제주시,12,관광지,spot,UNKNOWN,6,0,6,6,24,25,,1,알작지,1,12:관광지,1,제주특별자치도 제주시 테우해안로 60,0,,1,"33.4962044339,126.4412414879",0,,1,https://tong.visitkorea.or.kr/cms/resource/54/3555454_image2_1.jpg,0,,0,,0,,0,,0,,0,,0,,1,63074,0,,0,,0,,0,,0,,0,,0,,0,,0,,2b91c56fc7b5196bc828c9238081678ed31b26a21a318ac516580238a40ca35b,hank-place-field-audit-v1,Stage3 Firestore snapshot; live read blocked by RESOURCE_EXHAUSTED
1147,kto-2741532,제주 베스트힐 글램핑&펜션,JEJU_CITY,east,동부 (조천),28,레포츠,spot,UNKNOWN,6,0,6,6,24,25,,1,제주 베스트힐 글램핑&펜션,1,28:레포츠,1,제주특별자치도 제주시 조천읍 남조로 2109-36,0,,1,"33.4537255943,126.6579045678",0,,1,https://tong.visitkorea.or.kr/cms/resource/70/4098070_image2_1.jpg,0,,0,,0,,0,,0,,0,,0,,1,63345,0,,0,,0,,0,,0,,0,,0,,0,,0,,2b91c56fc7b5196bc828c9238081678ed31b26a21a318ac516580238a40ca35b,hank-place-field-audit-v1,Stage3 Firestore snapshot; live read blocked by RESOURCE_EXHAUSTED
1148,kto-2742256,오조포구,SEOGWIPO_CITY,east,동부 (성산),12,관광지,spot,UNKNOWN,6,0,6,6,24,25,,1,오조포구,1,12:관광지,1,제주특별자치도 서귀포시 성산읍 오조로80번길 47,0,,1,"33.46305156,126.9195930714",0,,1,https://tong.visitkorea.or.kr/cms/resource/05/3552705_image2_1.jpg,0,,0,,0,,0,,0,,0,,0,,1,63639,0,,0,,0,,0,,0,,0,,0,,0,,0,,2b91c56fc7b5196bc828c9238081678ed31b26a21a318ac516580238a40ca35b,hank-place-field-audit-v1,Stage3 Firestore snapshot; live read blocked by RESOURCE_EXHAUSTED
1149,kto-2742267,용수항,JEJU_CITY,west,서부 (한경),12,관광지,spot,UNKNOWN,6,0,6,6,24,25,,1,용수항,1,12:관광지,1,제주특별자치도 제주시 한경면 용수리,0,,1,"33.3233,126.1664",0,,1,https://tong.visitkorea.or.kr/cms/resource/33/4073533_image2_1.jpg,0,,0,,0,,0,,0,,0,,0,,1,63009,0,,0,,0,,0,,0,,0,,0,,0,,0,,2b91c56fc7b5196bc828c9238081678ed31b26a21a318ac516580238a40ca35b,hank-place-field-audit-v1,Stage3 Firestore snapshot; live read blocked by RESOURCE_EXHAUSTED
1150,kto-2742297,월령포구,JEJU_CITY,west,서부 (한림),12,관광지,spot,UNKNOWN,6,0,6,6,24,25,,1,월령포구,1,12:관광지,1,제주특별자치도 제주시 한림읍 월령리 317-1,0,,1,"33.3785527991,126.2163109139",0,,1,https://tong.visitkorea.or.kr/cms/resource/79/3553679_image2_1.jpg,0,,0,,0,,0,,0,,0,,0,,1,63010,0,,0,,0,,0,,0,,0,,0,,0,,0,,2b91c56fc7b5196bc828c9238081678ed31b26a21a318ac516580238a40ca35b,hank-place-field-audit-v1,Stage3 Firestore snapshot; live read blocked by RESOURCE_EXHAUSTED
1151,kto-2742301,형제해안도로,SEOGWIPO_CITY,west,서부 (안덕),12,관광지,spot,UNKNOWN,6,0,6,6,24,25,,1,형제해안도로,1,12:관광지,1,제주특별자치도 서귀포시 안덕면 사계리 3682,0,,1,"33.238261531,126.3157581698",0,,1,https://tong.visitkorea.or.kr/cms/resource/77/3552077_image2_1.jpg,0,,0,,0,,0,,0,,0,,0,,1,63528,0,,0,,0,,0,,0,,0,,0,,0,,0,,2b91c56fc7b5196bc828c9238081678ed31b26a21a318ac516580238a40ca35b,hank-place-field-audit-v1,Stage3 Firestore snapshot; live read blocked by RESOURCE_EXHAUSTED
1152,kto-2742307,싱계물공원,JEJU_CITY,west,서부 (한경),12,관광지,spot,UNKNOWN,6,0,6,6,24,25,,1,싱계물공원,1,12:관광지,1,제주특별자치도 제주시 한경면 신창리 1322-1,0,,1,"33.3434173465,126.1738937595",0,,1,https://tong.visitkorea.or.kr/cms/resource/70/4070570_image2_1.jpg,0,,0,,0,,0,,0,,0,,0,,1,63002,0,,0,,0,,0,,0,,0,,0,,0,,0,,2b91c56fc7b5196bc828c9238081678ed31b26a21a318ac516580238a40ca35b,hank-place-field-audit-v1,Stage3 Firestore snapshot; live read blocked by RESOURCE_EXHAUSTED
1153,kto-2742344,새별프렌즈,JEJU_CITY,west,서부 (애월),12,관광지,spot,UNKNOWN,6,0,6,6,24,25,,1,새별프렌즈,1,12:관광지,1,제주특별자치도 제주시 애월읍 평화로 1529,0,,1,"33.3615847697,126.3636734821",0,,1,https://tong.visitkorea.or.kr/cms/resource/02/3577302_image2_1.jpg,0,,0,,0,,0,,0,,0,,0,,1,63039,0,,0,,0,,0,,0,,0,,0,,0,,0,,2b91c56fc7b5196bc828c9238081678ed31b26a21a318ac516580238a40ca35b,hank-place-field-audit-v1,Stage3 Firestore snapshot; live read blocked by RESOURCE_EXHAUSTED
1154,kto-2742373,청수곶자왈,JEJU_CITY,west,서부 (한경),12,관광지,spot,UNKNOWN,6,0,6,6,24,25,,1,청수곶자왈,1,12:관광지,1,제주특별자치도 제주시 한경면 연명로 348,0,,1,"33.302292458,126.2590505609",0,,1,https://tong.visitkorea.or.kr/cms/resource/74/3524874_image2_1.jpg,0,,0,,0,,0,,0,,0,,0,,1,63006,0,,0,,0,,0,,0,,0,,0,,0,,0,,2b91c56fc7b5196bc828c9238081678ed31b26a21a318ac516580238a40ca35b,hank-place-field-audit-v1,Stage3 Firestore snapshot; live read blocked by RESOURCE_EXHAUSTED
1155,kto-2744499,에어그라운드,SEOGWIPO_CITY,seogwipo,서귀포시,28,레포츠,spot,UNKNOWN,6,0,6,6,24,25,,1,에어그라운드,1,28:레포츠,1,제주특별자치도 서귀포시 남원읍 남태해안로 439,0,,1,"33.2820517698,126.7465527498",0,,1,https://tong.visitkorea.or.kr/cms/resource/47/4073247_image2_1.jpg,0,,0,,0,,0,,0,,0,,0,,1,63617,0,,0,,0,,0,,0,,0,,0,,0,,0,,2b91c56fc7b5196bc828c9238081678ed31b26a21a318ac516580238a40ca35b,hank-place-field-audit-v1,Stage3 Firestore snapshot; live read blocked by RESOURCE_EXHAUSTED
1156,kto-2747494,에코힐글램핑,JEJU_CITY,west,서부 (애월),28,레포츠,spot,UNKNOWN,6,0,6,6,24,25,,1,에코힐글램핑,1,28:레포츠,1,제주특별자치도 제주시 애월읍 광령평화8길 22,0,,1,"33.4499464979,126.4410367756",0,,1,https://tong.visitkorea.or.kr/cms/resource/66/4095966_image2_1.jpg,0,,0,,0,,0,,0,,0,,0,,1,63064,0,,0,,0,,0,,0,,0,,0,,0,,0,,2b91c56fc7b5196bc828c9238081678ed31b26a21a318ac516580238a40ca35b,hank-place-field-audit-v1,Stage3 Firestore snapshot; live read blocked by RESOURCE_EXHAUSTED
1157,kto-2747514,제주도파인비치 펜션,SEOGWIPO_CITY,seogwipo,서귀포시,28,레포츠,spot,UNKNOWN,6,0,6,6,24,25,,1,제주도파인비치 펜션,1,28:레포츠,1,제주특별자치도 서귀포시 남원읍 태위로 976-10,0,,1,"33.2875796161,126.7488667422",0,,1,https://tong.visitkorea.or.kr/cms/resource/55/2748055_image2_1.jpg,0,,0,,0,,0,,0,,0,,0,,1,63617,0,,0,,0,,0,,0,,0,,0,,0,,0,,2b91c56fc7b5196bc828c9238081678ed31b26a21a318ac516580238a40ca35b,hank-place-field-audit-v1,Stage3 Firestore snapshot; live read blocked by RESOURCE_EXHAUSTED
1158,kto-2748154,무거카라반,JEJU_CITY,east,동부 (조천),28,레포츠,spot,UNKNOWN,6,0,6,6,24,25,,1,무거카라반,1,28:레포츠,1,제주특별자치도 제주시 조천읍 조함해안로 352,0,,1,"33.5488012969,126.6549081861",0,,1,https://tong.visitkorea.or.kr/cms/resource/92/4075792_image2_1.jpg,0,,0,,0,,0,,0,,0,,0,,1,63332,0,,0,,0,,0,,0,,0,,0,,0,,0,,2b91c56fc7b5196bc828c9238081678ed31b26a21a318ac516580238a40ca35b,hank-place-field-audit-v1,Stage3 Firestore snapshot; live read blocked by RESOURCE_EXHAUSTED
1159,kto-2751836,바이나흐튼 크리스마스박물관,SEOGWIPO_CITY,west,서부 (안덕),14,문화시설,spot,UNKNOWN,6,0,6,6,24,25,,1,바이나흐튼 크리스마스박물관,1,14:문화시설,1,제주특별자치도 서귀포시 안덕면 평화로 654,0,,1,"33.291341969,126.3278198313",0,,1,https://tong.visitkorea.or.kr/cms/resource/82/3548182_image2_1.jpg,0,,0,,0,,0,,0,,0,,0,,1,63522,0,,0,,0,,0,,0,,0,,0,,0,,0,,2b91c56fc7b5196bc828c9238081678ed31b26a21a318ac516580238a40ca35b,hank-place-field-audit-v1,Stage3 Firestore snapshot; live read blocked by RESOURCE_EXHAUSTED
1160,kto-2751843,제주해양동물박물관,SEOGWIPO_CITY,east,동부 (성산),14,문화시설,spot,UNKNOWN,6,0,6,6,24,25,,1,제주해양동물박물관,1,14:문화시설,1,제주특별자치도 서귀포시 성산읍 서성일로 689-21,0,,1,"33.4295156573,126.8551404096",0,,1,https://tong.visitkorea.or.kr/cms/resource/47/3548447_image2_1.jpg,0,,0,,0,,0,,0,,0,,0,,1,63631,0,,0,,0,,0,,0,,0,,0,,0,,0,,2b91c56fc7b5196bc828c9238081678ed31b26a21a318ac516580238a40ca35b,hank-place-field-audit-v1,Stage3 Firestore snapshot; live read blocked by RESOURCE_EXHAUSTED
1161,kto-2751848,국제리더스클럽,JEJU_CITY,east,동부 (조천),28,레포츠,spot,UNKNOWN,6,0,6,6,24,25,,1,국제리더스클럽,1,28:레포츠,1,제주특별자치도 제주시 조천읍 조함해안로 321-21,0,,1,"33.5515627877,126.6524885311",0,,1,https://tong.visitkorea.or.kr/cms/resource/43/2751943_image2_1.jpg,0,,0,,0,,0,,0,,0,,0,,1,63332,0,,0,,0,,0,,0,,0,,0,,0,,0,,2b91c56fc7b5196bc828c9238081678ed31b26a21a318ac516580238a40ca35b,hank-place-field-audit-v1,Stage3 Firestore snapshot; live read blocked by RESOURCE_EXHAUSTED
1162,kto-2751860,더쉼팡스파앤풀빌라,SEOGWIPO_CITY,east,동부 (표선),32,숙박,stay,UNKNOWN,6,0,6,6,24,25,,1,더쉼팡스파앤풀빌라,1,32:숙박,1,제주특별자치도 서귀포시 표선면 세성로 67-10,0,,1,"33.311989488845,126.80309653699",0,,1,https://tong.visitkorea.or.kr/cms/resource/16/4065416_image2_1.jpg,0,,0,,0,,0,,0,,0,,0,,1,63625,0,,0,,0,,0,,0,,0,,0,,0,,0,,2b91c56fc7b5196bc828c9238081678ed31b26a21a318ac516580238a40ca35b,hank-place-field-audit-v1,Stage3 Firestore snapshot; live read blocked by RESOURCE_EXHAUSTED
1163,kto-2751986,포레스트 공룡사파리,JEJU_CITY,east,동부 (조천),12,관광지,spot,UNKNOWN,6,0,6,6,24,25,,1,포레스트 공룡사파리,1,12:관광지,1,제주특별자치도 제주시 조천읍 선교로 474-1,0,,1,"33.4630929367,126.7095828183",0,,1,https://tong.visitkorea.or.kr/cms/resource/43/3553643_image2_1.jpg,0,,0,,0,,0,,0,,0,,0,,1,63341,0,,0,,0,,0,,0,,0,,0,,0,,0,,2b91c56fc7b5196bc828c9238081678ed31b26a21a318ac516580238a40ca35b,hank-place-field-audit-v1,Stage3 Firestore snapshot; live read blocked by RESOURCE_EXHAUSTED
1164,kto-2752277,선양빌리지돔,JEJU_CITY,east,동부 (조천),28,레포츠,spot,UNKNOWN,6,0,6,6,24,25,,1,선양빌리지돔,1,28:레포츠,1,제주특별자치도 제주시 조천읍 와흘로 350,0,,1,"33.4746739361,126.6438660364",0,,1,https://tong.visitkorea.or.kr/cms/resource/13/2752213_image2_1.jpg,0,,0,,0,,0,,0,,0,,0,,1,63344,0,,0,,0,,0,,0,,0,,0,,0,,0,,2b91c56fc7b5196bc828c9238081678ed31b26a21a318ac516580238a40ca35b,hank-place-field-audit-v1,Stage3 Firestore snapshot; live read blocked by RESOURCE_EXHAUSTED
1165,kto-2752733,제라진어드벤쳐,JEJU_CITY,east,동부 (조천),28,레포츠,spot,UNKNOWN,6,0,6,6,24,25,,1,제라진어드벤쳐,1,28:레포츠,1,제주특별자치도 제주시 조천읍 선교로 33,0,,1,"33.4871759221,126.7159706472",0,,1,https://tong.visitkorea.or.kr/cms/resource/63/2754963_image2_1.jpg,0,,0,,0,,0,,0,,0,,0,,1,63341,0,,0,,0,,0,,0,,0,,0,,0,,0,,2b91c56fc7b5196bc828c9238081678ed31b26a21a318ac516580238a40ca35b,hank-place-field-audit-v1,Stage3 Firestore snapshot; live read blocked by RESOURCE_EXHAUSTED
1166,kto-2752761,별헤는밤글램핑,JEJU_CITY,west,서부 (애월),28,레포츠,spot,UNKNOWN,6,0,6,6,24,25,,1,별헤는밤글램핑,1,28:레포츠,1,제주특별자치도 제주시 애월읍 광상로 348,0,,1,"33.4433012497,126.3965576779",0,,1,https://tong.visitkorea.or.kr/cms/resource/96/2753696_image2_1.jpg,0,,0,,0,,0,,0,,0,,0,,1,63067,0,,0,,0,,0,,0,,0,,0,,0,,0,,2b91c56fc7b5196bc828c9238081678ed31b26a21a318ac516580238a40ca35b,hank-place-field-audit-v1,Stage3 Firestore snapshot; live read blocked by RESOURCE_EXHAUSTED
1167,kto-2752772,성김대건신부표착기념관,JEJU_CITY,west,서부 (한경),14,문화시설,spot,UNKNOWN,6,0,6,6,24,25,,1,성김대건신부표착기념관,1,14:문화시설,1,제주특별자치도 제주시 한경면 용수1길 108,0,,1,"33.3228915301,126.1677385965",0,,1,https://tong.visitkorea.or.kr/cms/resource/88/3396988_image2_1.jpg,0,,0,,0,,0,,0,,0,,0,,1,63009,0,,0,,0,,0,,0,,0,,0,,0,,0,,2b91c56fc7b5196bc828c9238081678ed31b26a21a318ac516580238a40ca35b,hank-place-field-audit-v1,Stage3 Firestore snapshot; live read blocked by RESOURCE_EXHAUSTED
1168,kto-2752816,문서프,JEJU_CITY,west,서부 (애월),28,레포츠,spot,UNKNOWN,6,0,6,6,24,25,,1,문서프,1,28:레포츠,1,제주특별자치도 제주시 애월읍 곽지7길 1,0,,1,"33.4500542732,126.3083982906",0,,1,https://tong.visitkorea.or.kr/cms/resource/82/4096782_image2_1.JPG,0,,0,,0,,0,,0,,0,,0,,1,63034,0,,0,,0,,0,,0,,0,,0,,0,,0,,2b91c56fc7b5196bc828c9238081678ed31b26a21a318ac516580238a40ca35b,hank-place-field-audit-v1,Stage3 Firestore snapshot; live read blocked by RESOURCE_EXHAUSTED
1169,kto-2753021,국수바다 본점,SEOGWIPO_CITY,seogwipo,서귀포시,39,음식점,food,UNKNOWN,6,0,6,6,24,25,,1,국수바다 본점,1,39:음식점,1,제주특별자치도 서귀포시 일주서로 580 (대포동),0,,1,"33.2529864261731,126.447206757009",0,,1,https://tong.visitkorea.or.kr/cms/resource/65/4007165_image2_1.jpg,0,,0,,0,,0,,0,,0,,0,,1,63540,0,,0,,0,,0,,0,,0,,0,,0,,0,,2b91c56fc7b5196bc828c9238081678ed31b26a21a318ac516580238a40ca35b,hank-place-field-audit-v1,Stage3 Firestore snapshot; live read blocked by RESOURCE_EXHAUSTED
1170,kto-2753037,대기정,SEOGWIPO_CITY,seogwipo,서귀포시,39,음식점,food,UNKNOWN,6,0,6,6,24,25,,1,대기정,1,39:음식점,1,제주특별자치도 서귀포시 이어도로 41 (대포동),0,,1,"33.2403019678,126.4285622273",0,,1,https://tong.visitkorea.or.kr/cms/resource/61/2753561_image2_1.jpg,0,,0,,0,,0,,0,,0,,0,,1,63544,0,,0,,0,,0,,0,,0,,0,,0,,0,,2b91c56fc7b5196bc828c9238081678ed31b26a21a318ac516580238a40ca35b,hank-place-field-audit-v1,Stage3 Firestore snapshot; live read blocked by RESOURCE_EXHAUSTED
1171,kto-2753045,카페서연의집,SEOGWIPO_CITY,seogwipo,서귀포시,39,음식점,cafe,UNKNOWN,6,0,6,6,24,25,,1,카페서연의집,1,39:음식점,1,제주특별자치도 서귀포시 남원읍 위미해안로 86,0,,1,"33.2694523481,126.6555891188",0,,1,https://tong.visitkorea.or.kr/cms/resource/38/2753538_image2_1.jpg,0,,0,,0,,0,,0,,0,,0,,1,63611,0,,0,,0,,0,,0,,0,,0,,0,,0,,2b91c56fc7b5196bc828c9238081678ed31b26a21a318ac516580238a40ca35b,hank-place-field-audit-v1,Stage3 Firestore snapshot; live read blocked by RESOURCE_EXHAUSTED
1172,kto-2753082,파더스가든,SEOGWIPO_CITY,west,서부 (안덕),12,관광지,spot,UNKNOWN,6,0,6,6,24,25,,1,파더스가든,1,12:관광지,1,제주특별자치도 서귀포시 안덕면 병악로 44-33,0,,1,"33.2801410085,126.3647390979",0,,1,https://tong.visitkorea.or.kr/cms/resource/61/3368161_image2_1.jpg,0,,0,,0,,0,,0,,0,,0,,1,63526,0,,0,,0,,0,,0,,0,,0,,0,,0,,2b91c56fc7b5196bc828c9238081678ed31b26a21a318ac516580238a40ca35b,hank-place-field-audit-v1,Stage3 Firestore snapshot; live read blocked by RESOURCE_EXHAUSTED
1173,kto-2755006,만덕이네,SEOGWIPO_CITY,east,동부 (표선),39,음식점,food,UNKNOWN,6,0,6,6,24,25,,1,만덕이네,1,39:음식점,1,제주특별자치도 서귀포시 표선면 서성일로 16,0,,1,"33.3933743337,126.8011014756",0,,1,https://tong.visitkorea.or.kr/cms/resource/37/2755137_image2_1.jpg,0,,0,,0,,0,,0,,0,,0,,1,63624,0,,0,,0,,0,,0,,0,,0,,0,,0,,2b91c56fc7b5196bc828c9238081678ed31b26a21a318ac516580238a40ca35b,hank-place-field-audit-v1,Stage3 Firestore snapshot; live read blocked by RESOURCE_EXHAUSTED
1174,kto-2755023,모슬포중앙시장,SEOGWIPO_CITY,west,서부 (대정),38,쇼핑,spot,UNKNOWN,6,0,6,6,24,25,,1,모슬포중앙시장,1,38:쇼핑,1,제주특별자치도 서귀포시 대정읍 영서중로13번길 9-8,0,,1,"33.22198030751,126.25451259853804",0,,1,https://tong.visitkorea.or.kr/cms/resource/83/4065383_image2_1.jpg,0,,0,,0,,0,,0,,0,,0,,1,63510,0,,0,,0,,0,,0,,0,,0,,0,,0,,2b91c56fc7b5196bc828c9238081678ed31b26a21a318ac516580238a40ca35b,hank-place-field-audit-v1,Stage3 Firestore snapshot; live read blocked by RESOURCE_EXHAUSTED
1175,kto-2755049,유채꽃프라자,SEOGWIPO_CITY,east,동부 (표선),12,관광지,spot,UNKNOWN,6,0,6,6,24,25,,1,유채꽃프라자,1,12:관광지,1,제주특별자치도 서귀포시 표선면 녹산로 464-65,0,,1,"33.3937314906265,126.731765773426",0,,1,https://tong.visitkorea.or.kr/cms/resource/31/4064231_image2_1.jpg,0,,0,,0,,0,,0,,0,,0,,1,63622,0,,0,,0,,0,,0,,0,,0,,0,,0,,2b91c56fc7b5196bc828c9238081678ed31b26a21a318ac516580238a40ca35b,hank-place-field-audit-v1,Stage3 Firestore snapshot; live read blocked by RESOURCE_EXHAUSTED
1176,kto-2755053,가람돌솥밥,SEOGWIPO_CITY,seogwipo,서귀포시,39,음식점,food,UNKNOWN,6,0,6,6,24,25,,1,가람돌솥밥,1,39:음식점,1,제주특별자치도 서귀포시 중문관광로 332 (대포동),0,,1,"33.2496926417,126.4313090015",0,,1,https://tong.visitkorea.or.kr/cms/resource/47/2755047_image2_1.jpg,0,,0,,0,,0,,0,,0,,0,,1,63544,0,,0,,0,,0,,0,,0,,0,,0,,0,,2b91c56fc7b5196bc828c9238081678ed31b26a21a318ac516580238a40ca35b,hank-place-field-audit-v1,Stage3 Firestore snapshot; live read blocked by RESOURCE_EXHAUSTED
1177,kto-2755445,드르쿰다,SEOGWIPO_CITY,east,동부 (성산),39,음식점,cafe,UNKNOWN,6,0,6,6,24,25,,1,드르쿰다,1,39:음식점,1,제주특별자치도 서귀포시 성산읍 섭지코지로25번길 64,0,,1,"33.4444983695,126.9191261882",0,,1,https://tong.visitkorea.or.kr/cms/resource/88/2755588_image2_1.jpg,0,,0,,0,,0,,0,,0,,0,,1,63641,0,,0,,0,,0,,0,,0,,0,,0,,0,,2b91c56fc7b5196bc828c9238081678ed31b26a21a318ac516580238a40ca35b,hank-place-field-audit-v1,Stage3 Firestore snapshot; live read blocked by RESOURCE_EXHAUSTED
1178,kto-2755457,제주오성갈치조림,SEOGWIPO_CITY,seogwipo,서귀포시,39,음식점,food,UNKNOWN,6,0,6,6,24,25,,1,제주오성갈치조림,1,39:음식점,1,제주특별자치도 서귀포시 중문관광로 27 (색달동),0,,1,"33.255702683049684,126.41466647566499",0,,1,https://tong.visitkorea.or.kr/cms/resource/96/4007196_image2_1.jpg,0,,0,,0,,0,,0,,0,,0,,1,63534,0,,0,,0,,0,,0,,0,,0,,0,,0,,2b91c56fc7b5196bc828c9238081678ed31b26a21a318ac516580238a40ca35b,hank-place-field-audit-v1,Stage3 Firestore snapshot; live read blocked by RESOURCE_EXHAUSTED
1179,kto-2755458,중문칠돈가,SEOGWIPO_CITY,seogwipo,서귀포시,39,음식점,food,UNKNOWN,6,0,6,6,24,25,,1,중문칠돈가,1,39:음식점,1,제주특별자치도 서귀포시 중문관광로 8 (색달동),0,,1,"33.2574915152,126.4144741763",0,,1,https://tong.visitkorea.or.kr/cms/resource/38/2755638_image2_1.jpg,0,,0,,0,,0,,0,,0,,0,,1,63534,0,,0,,0,,0,,0,,0,,0,,0,,0,,2b91c56fc7b5196bc828c9238081678ed31b26a21a318ac516580238a40ca35b,hank-place-field-audit-v1,Stage3 Firestore snapshot; live read blocked by RESOURCE_EXHAUSTED
1180,kto-2755466,코코마마,SEOGWIPO_CITY,east,동부 (성산),39,음식점,food,UNKNOWN,6,0,6,6,24,25,,1,코코마마,1,39:음식점,1,제주특별자치도 서귀포시 성산읍 일출로 258-11,0,,1,"33.4610523426,126.9343189349",0,,1,https://tong.visitkorea.or.kr/cms/resource/52/2755652_image2_1.jpg,0,,0,,0,,0,,0,,0,,0,,1,63643,0,,0,,0,,0,,0,,0,,0,,0,,0,,2b91c56fc7b5196bc828c9238081678ed31b26a21a318ac516580238a40ca35b,hank-place-field-audit-v1,Stage3 Firestore snapshot; live read blocked by RESOURCE_EXHAUSTED
1181,kto-2755469,에코그린캠핑장,JEJU_CITY,west,서부 (애월),28,레포츠,spot,UNKNOWN,6,0,6,6,24,25,,1,에코그린캠핑장,1,28:레포츠,1,제주특별자치도 제주시 애월읍 중산간서로 5587,0,,1,"33.4442751457,126.3335353593",0,,1,https://tong.visitkorea.or.kr/cms/resource/40/2756240_image2_1.jpg,0,,0,,0,,0,,0,,0,,0,,1,63035,0,,0,,0,,0,,0,,0,,0,,0,,0,,2b91c56fc7b5196bc828c9238081678ed31b26a21a318ac516580238a40ca35b,hank-place-field-audit-v1,Stage3 Firestore snapshot; live read blocked by RESOURCE_EXHAUSTED
1182,kto-2755470,해왓,SEOGWIPO_CITY,east,동부 (성산),39,음식점,food,UNKNOWN,6,0,6,6,24,25,,1,해왓,1,39:음식점,1,제주특별자치도 서귀포시 성산읍 신고로 30-1,0,,1,"33.4385517727,126.9171792715",0,,1,https://tong.visitkorea.or.kr/cms/resource/58/2755658_image2_1.jpg,0,,0,,0,,0,,0,,0,,0,,1,63641,0,,0,,0,,0,,0,,0,,0,,0,,0,,2b91c56fc7b5196bc828c9238081678ed31b26a21a318ac516580238a40ca35b,hank-place-field-audit-v1,Stage3 Firestore snapshot; live read blocked by RESOURCE_EXHAUSTED
1183,kto-2755492,제주자연생태공원,SEOGWIPO_CITY,east,동부 (성산),12,관광지,spot,UNKNOWN,6,0,6,6,24,25,,1,제주자연생태공원,1,12:관광지,1,제주특별자치도 서귀포시 성산읍 금백조로 448,0,,1,"33.4387918874,126.8227318948",0,,1,https://tong.visitkorea.or.kr/cms/resource/87/3401487_image2_1.jpg,0,,0,,0,,0,,0,,0,,0,,1,63630,0,,0,,0,,0,,0,,0,,0,,0,,0,,2b91c56fc7b5196bc828c9238081678ed31b26a21a318ac516580238a40ca35b,hank-place-field-audit-v1,Stage3 Firestore snapshot; live read blocked by RESOURCE_EXHAUSTED
1184,kto-2755497,베이힐풀앤빌라,SEOGWIPO_CITY,seogwipo,서귀포시,32,숙박,stay,UNKNOWN,6,0,6,6,24,25,,1,베이힐풀앤빌라,1,32:숙박,1,제주특별자치도 서귀포시 예래로 424 (하예동),0,,1,"33.2362586241,126.3727607465",0,,1,https://tong.visitkorea.or.kr/cms/resource/99/4079599_image2_1.jpg,0,,0,,0,,0,,0,,0,,0,,1,63538,0,,0,,0,,0,,0,,0,,0,,0,,0,,2b91c56fc7b5196bc828c9238081678ed31b26a21a318ac516580238a40ca35b,hank-place-field-audit-v1,Stage3 Firestore snapshot; live read blocked by RESOURCE_EXHAUSTED
1185,kto-2755879,스마일러,JEJU_CITY,west,서부 (애월),39,음식점,cafe,UNKNOWN,6,0,6,6,24,25,,1,스마일러,1,39:음식점,1,제주특별자치도 제주시 애월읍 상고길 47,0,,1,"33.4699597157,126.4158748424",0,,1,https://tong.visitkorea.or.kr/cms/resource/14/2756014_image2_1.jpg,0,,0,,0,,0,,0,,0,,0,,1,63059,0,,0,,0,,0,,0,,0,,0,,0,,0,,2b91c56fc7b5196bc828c9238081678ed31b26a21a318ac516580238a40ca35b,hank-place-field-audit-v1,Stage3 Firestore snapshot; live read blocked by RESOURCE_EXHAUSTED
1186,kto-2755913,하우스레서피,JEJU_CITY,west,서부 (한림),39,음식점,cafe,UNKNOWN,6,0,6,6,24,25,,1,하우스레서피,1,39:음식점,1,제주특별자치도 제주시 한림읍 일주서로 5892,0,,1,"33.4437523808,126.2954247979",0,,1,https://tong.visitkorea.or.kr/cms/resource/37/2756037_image2_1.jpg,0,,0,,0,,0,,0,,0,,0,,1,63024,0,,0,,0,,0,,0,,0,,0,,0,,0,,2b91c56fc7b5196bc828c9238081678ed31b26a21a318ac516580238a40ca35b,hank-place-field-audit-v1,Stage3 Firestore snapshot; live read blocked by RESOURCE_EXHAUSTED
1187,kto-2756099,봉순이네흑돼지,SEOGWIPO_CITY,west,서부 (대정),39,음식점,food,UNKNOWN,6,0,6,6,24,25,,1,봉순이네흑돼지,1,39:음식점,1,제주특별자치도 서귀포시 대정읍 영어도시로 64,0,,1,"33.2778093738,126.2795632114",0,,1,https://tong.visitkorea.or.kr/cms/resource/93/2756093_image2_1.jpg,0,,0,,0,,0,,0,,0,,0,,1,63519,0,,0,,0,,0,,0,,0,,0,,0,,0,,2b91c56fc7b5196bc828c9238081678ed31b26a21a318ac516580238a40ca35b,hank-place-field-audit-v1,Stage3 Firestore snapshot; live read blocked by RESOURCE_EXHAUSTED
1188,kto-2756100,오전열한시,SEOGWIPO_CITY,seogwipo,서귀포시,39,음식점,food,UNKNOWN,6,0,6,6,24,25,,1,오전열한시,1,39:음식점,1,제주특별자치도 서귀포시 상예로 248,0,,1,"33.2667762829,126.3942757212",0,,1,https://tong.visitkorea.or.kr/cms/resource/70/2756070_image2_1.jpg,0,,0,,0,,0,,0,,0,,0,,1,63534,0,,0,,0,,0,,0,,0,,0,,0,,0,,2b91c56fc7b5196bc828c9238081678ed31b26a21a318ac516580238a40ca35b,hank-place-field-audit-v1,Stage3 Firestore snapshot; live read blocked by RESOURCE_EXHAUSTED
1189,kto-2758836,경미네집,SEOGWIPO_CITY,east,동부 (성산),39,음식점,food,UNKNOWN,6,0,6,6,24,25,,1,경미네집,1,39:음식점,1,제주특별자치도 서귀포시 성산읍 일출로 259,0,,1,"33.4612828593,126.9334967787",0,,1,https://tong.visitkorea.or.kr/cms/resource/16/2758916_image2_1.jpg,0,,0,,0,,0,,0,,0,,0,,1,63643,0,,0,,0,,0,,0,,0,,0,,0,,0,,2b91c56fc7b5196bc828c9238081678ed31b26a21a318ac516580238a40ca35b,hank-place-field-audit-v1,Stage3 Firestore snapshot; live read blocked by RESOURCE_EXHAUSTED
1190,kto-2758837,복자씨연탄구이,SEOGWIPO_CITY,east,동부 (성산),39,음식점,food,UNKNOWN,6,0,6,6,24,25,,1,복자씨연탄구이,1,39:음식점,1,제주특별자치도 서귀포시 성산읍 해맞이해안로 2764,0,,1,"33.4692039841,126.9197672298",0,,1,https://tong.visitkorea.or.kr/cms/resource/05/2758905_image2_1.jpg,0,,0,,0,,0,,0,,0,,0,,1,63639,0,,0,,0,,0,,0,,0,,0,,0,,0,,2b91c56fc7b5196bc828c9238081678ed31b26a21a318ac516580238a40ca35b,hank-place-field-audit-v1,Stage3 Firestore snapshot; live read blocked by RESOURCE_EXHAUSTED
1191,kto-2758848,부두식당 / (주)부두식당,SEOGWIPO_CITY,west,서부 (대정),39,음식점,food,UNKNOWN,6,0,6,6,24,25,,1,부두식당 / (주)부두식당,1,39:음식점,1,제주특별자치도 서귀포시 대정읍 하모항구로 62,0,,1,"33.2188543277,126.2510586602",0,,1,https://tong.visitkorea.or.kr/cms/resource/95/2758895_image2_1.jpg,0,,0,,0,,0,,0,,0,,0,,1,63506,0,,0,,0,,0,,0,,0,,0,,0,,0,,2b91c56fc7b5196bc828c9238081678ed31b26a21a318ac516580238a40ca35b,hank-place-field-audit-v1,Stage3 Firestore snapshot; live read blocked by RESOURCE_EXHAUSTED
1192,kto-2758855,해녀잠수촌,JEJU_CITY,jeju_city,제주시,39,음식점,food,UNKNOWN,6,0,6,6,24,25,,1,해녀잠수촌,1,39:음식점,1,제주특별자치도 제주시 서해안로 498 (용담삼동),0,,1,"33.5192638011,126.4921643149",0,,1,https://tong.visitkorea.or.kr/cms/resource/97/2759097_image2_1.jpg,0,,0,,0,,0,,0,,0,,0,,1,63114,0,,0,,0,,0,,0,,0,,0,,0,,0,,2b91c56fc7b5196bc828c9238081678ed31b26a21a318ac516580238a40ca35b,hank-place-field-audit-v1,Stage3 Firestore snapshot; live read blocked by RESOURCE_EXHAUSTED
1193,kto-2758859,협재해녀의집,JEJU_CITY,west,서부 (한림),39,음식점,food,UNKNOWN,6,0,6,6,24,25,,1,협재해녀의집,1,39:음식점,1,제주특별자치도 제주시 한림읍 협재3길 19,0,,1,"33.3988648733,126.2439108383",0,,1,https://tong.visitkorea.or.kr/cms/resource/08/2759108_image2_1.jpg,0,,0,,0,,0,,0,,0,,0,,1,63011,0,,0,,0,,0,,0,,0,,0,,0,,0,,2b91c56fc7b5196bc828c9238081678ed31b26a21a318ac516580238a40ca35b,hank-place-field-audit-v1,Stage3 Firestore snapshot; live read blocked by RESOURCE_EXHAUSTED
1194,kto-2758900,제주광해 애월점,JEJU_CITY,west,서부 (애월),39,음식점,food,UNKNOWN,6,0,6,6,24,25,,1,제주광해 애월점,1,39:음식점,1,제주특별자치도 제주시 애월읍 애월해안로 867,0,,1,"33.4877767845,126.3904433191",0,,1,https://tong.visitkorea.or.kr/cms/resource/76/2758876_image2_1.jpg,0,,0,,0,,0,,0,,0,,0,,1,63050,0,,0,,0,,0,,0,,0,,0,,0,,0,,2b91c56fc7b5196bc828c9238081678ed31b26a21a318ac516580238a40ca35b,hank-place-field-audit-v1,Stage3 Firestore snapshot; live read blocked by RESOURCE_EXHAUSTED
1195,kto-2758924,미스칠,JEJU_CITY,jeju_city,제주시,39,음식점,food,UNKNOWN,6,0,6,6,24,25,,1,미스칠,1,39:음식점,1,제주특별자치도 제주시 일주서로 7831 (연동),0,,1,"33.4939470207,126.4833684316",0,,1,https://tong.visitkorea.or.kr/cms/resource/04/2758904_image2_1.jpg,0,,0,,0,,0,,0,,0,,0,,1,63116,0,,0,,0,,0,,0,,0,,0,,0,,0,,2b91c56fc7b5196bc828c9238081678ed31b26a21a318ac516580238a40ca35b,hank-place-field-audit-v1,Stage3 Firestore snapshot; live read blocked by RESOURCE_EXHAUSTED
1196,kto-2758939,도두해녀의집,JEJU_CITY,jeju_city,제주시,39,음식점,food,UNKNOWN,6,0,6,6,24,25,,1,도두해녀의집,1,39:음식점,1,제주특별자치도 제주시 도두항길 16 (도두일동),0,,1,"33.5062259504,126.4666418301",0,,1,https://tong.visitkorea.or.kr/cms/resource/31/2758931_image2_1.jpg,0,,0,,0,,0,,0,,0,,0,,1,63112,0,,0,,0,,0,,0,,0,,0,,0,,0,,2b91c56fc7b5196bc828c9238081678ed31b26a21a318ac516580238a40ca35b,hank-place-field-audit-v1,Stage3 Firestore snapshot; live read blocked by RESOURCE_EXHAUSTED
1197,kto-2759036,도시해녀,JEJU_CITY,west,서부 (애월),12,관광지,spot,UNKNOWN,6,0,6,6,24,25,,1,도시해녀,1,12:관광지,1,제주특별자치도 제주시 애월읍 하귀미수포길 16-1,0,,1,"33.4842537573,126.4025480925",0,,1,https://tong.visitkorea.or.kr/cms/resource/59/4072959_image2_1.jpg,0,,0,,0,,0,,0,,0,,0,,1,63051,0,,0,,0,,0,,0,,0,,0,,0,,0,,2b91c56fc7b5196bc828c9238081678ed31b26a21a318ac516580238a40ca35b,hank-place-field-audit-v1,Stage3 Firestore snapshot; live read blocked by RESOURCE_EXHAUSTED
1198,kto-2759061,고이정,JEJU_CITY,west,서부 (애월),39,음식점,food,UNKNOWN,6,0,6,6,24,25,,1,고이정,1,39:음식점,1,제주특별자치도 제주시 애월읍 애월로 6,0,,1,"33.45933424,126.3113536176",0,,1,https://tong.visitkorea.or.kr/cms/resource/08/2759208_image2_1.jpg,0,,0,,0,,0,,0,,0,,0,,1,63043,0,,0,,0,,0,,0,,0,,0,,0,,0,,2b91c56fc7b5196bc828c9238081678ed31b26a21a318ac516580238a40ca35b,hank-place-field-audit-v1,Stage3 Firestore snapshot; live read blocked by RESOURCE_EXHAUSTED
1199,kto-2759091,구이사이,JEJU_CITY,west,서부 (애월),39,음식점,food,UNKNOWN,6,0,6,6,24,25,,1,구이사이,1,39:음식점,1,제주특별자치도 제주시 애월읍 신엄9길 2,0,,1,"33.4722559343,126.3685427963",0,,1,https://tong.visitkorea.or.kr/cms/resource/29/2759229_image2_1.jpg,0,,0,,0,,0,,0,,0,,0,,1,63047,0,,0,,0,,0,,0,,0,,0,,0,,0,,2b91c56fc7b5196bc828c9238081678ed31b26a21a318ac516580238a40ca35b,hank-place-field-audit-v1,Stage3 Firestore snapshot; live read blocked by RESOURCE_EXHAUSTED
1200,kto-2759096,곰막식당/곰막,JEJU_CITY,east,동부 (구좌),39,음식점,food,UNKNOWN,6,0,6,6,24,25,,1,곰막식당/곰막,1,39:음식점,1,제주특별자치도 제주시 구좌읍 구좌해안로 64,0,,1,"33.5568605164,126.7205186105",0,,1,https://tong.visitkorea.or.kr/cms/resource/21/2759221_image2_1.jpg,0,,0,,0,,0,,0,,0,,0,,1,63347,0,,0,,0,,0,,0,,0,,0,,0,,0,,2b91c56fc7b5196bc828c9238081678ed31b26a21a318ac516580238a40ca35b,hank-place-field-audit-v1,Stage3 Firestore snapshot; live read blocked by RESOURCE_EXHAUSTED
1201,kto-2759120,고스트타운,JEJU_CITY,west,서부 (애월),12,관광지,spot,UNKNOWN,6,0,6,6,24,25,,1,고스트타운,1,12:관광지,1,제주특별자치도 제주시 애월읍 부룡수길 35-14,0,,1,"33.4763969581,126.3568659412",0,,1,https://tong.visitkorea.or.kr/cms/resource/81/3396881_image2_1.jpg,0,,0,,0,,0,,0,,0,,0,,1,63047,0,,0,,0,,0,,0,,0,,0,,0,,0,,2b91c56fc7b5196bc828c9238081678ed31b26a21a318ac516580238a40ca35b,hank-place-field-audit-v1,Stage3 Firestore snapshot; live read blocked by RESOURCE_EXHAUSTED
1202,kto-2759603,교래손칼국수(원조교래손칼국수),JEJU_CITY,east,동부 (조천),39,음식점,food,UNKNOWN,6,0,6,6,24,25,,1,교래손칼국수(원조교래손칼국수),1,39:음식점,1,제주특별자치도 제주시 조천읍 비자림로 645,0,,1,"33.4361675979,126.6760057906",0,,1,https://tong.visitkorea.or.kr/cms/resource/92/2759692_image2_1.jpg,0,,0,,0,,0,,0,,0,,0,,1,63346,0,,0,,0,,0,,0,,0,,0,,0,,0,,2b91c56fc7b5196bc828c9238081678ed31b26a21a318ac516580238a40ca35b,hank-place-field-audit-v1,Stage3 Firestore snapshot; live read blocked by RESOURCE_EXHAUSTED
1203,kto-2759610,손맛촌,JEJU_CITY,east,동부 (조천),39,음식점,food,UNKNOWN,6,0,6,6,24,25,,1,손맛촌,1,39:음식점,1,제주특별자치도 제주시 조천읍 비자림로 661,0,,1,"33.4373227657493,126.677347603146",0,,1,https://tong.visitkorea.or.kr/cms/resource/13/2759713_image2_1.jpg,0,,0,,0,,0,,0,,0,,0,,1,63346,0,,0,,0,,0,,0,,0,,0,,0,,0,,2b91c56fc7b5196bc828c9238081678ed31b26a21a318ac516580238a40ca35b,hank-place-field-audit-v1,Stage3 Firestore snapshot; live read blocked by RESOURCE_EXHAUSTED
1204,kto-2759614,은혜전복,JEJU_CITY,west,서부 (애월),39,음식점,food,UNKNOWN,6,0,6,6,24,25,,1,은혜전복,1,39:음식점,1,제주특별자치도 제주시 애월읍 애월로1길 24-3,0,,1,"33.4630171465,126.3101758592",0,,1,https://tong.visitkorea.or.kr/cms/resource/18/2759718_image2_1.jpg,0,,0,,0,,0,,0,,0,,0,,1,63043,0,,0,,0,,0,,0,,0,,0,,0,,0,,2b91c56fc7b5196bc828c9238081678ed31b26a21a318ac516580238a40ca35b,hank-place-field-audit-v1,Stage3 Firestore snapshot; live read blocked by RESOURCE_EXHAUSTED
1205,kto-2759616,이춘옥 원조 고등어쌈밥,JEJU_CITY,west,서부 (애월),39,음식점,food,UNKNOWN,6,0,6,6,24,25,,1,이춘옥 원조 고등어쌈밥,1,39:음식점,1,제주특별자치도 제주시 애월읍 일주서로 7213,0,,1,"33.4890243164,126.4187130541",0,,1,https://tong.visitkorea.or.kr/cms/resource/34/2759734_image2_1.jpg,0,,0,,0,,0,,0,,0,,0,,1,63053,0,,0,,0,,0,,0,,0,,0,,0,,0,,2b91c56fc7b5196bc828c9238081678ed31b26a21a318ac516580238a40ca35b,hank-place-field-audit-v1,Stage3 Firestore snapshot; live read blocked by RESOURCE_EXHAUSTED
1206,kto-2763504,서건도카라반,SEOGWIPO_CITY,seogwipo,서귀포시,28,레포츠,spot,UNKNOWN,6,0,6,6,24,25,,1,서건도카라반,1,28:레포츠,1,제주특별자치도 서귀포시 이어도로 826-51,0,,1,"33.2324465162,126.5001881481",0,,1,https://tong.visitkorea.or.kr/cms/resource/92/4074992_image2_1.jpg,0,,0,,0,,0,,0,,0,,0,,1,63564,0,,0,,0,,0,,0,,0,,0,,0,,0,,2b91c56fc7b5196bc828c9238081678ed31b26a21a318ac516580238a40ca35b,hank-place-field-audit-v1,Stage3 Firestore snapshot; live read blocked by RESOURCE_EXHAUSTED
1207,kto-2763726,제주스위스마을,JEJU_CITY,east,동부 (조천),12,관광지,spot,UNKNOWN,6,0,6,6,24,25,,1,제주스위스마을,1,12:관광지,1,제주특별자치도 제주시 조천읍 함와로 566-27,0,,1,"33.4939078385,126.6767796895",0,,1,https://tong.visitkorea.or.kr/cms/resource/64/3396964_image2_1.jpg,0,,0,,0,,0,,0,,0,,0,,1,63342,0,,0,,0,,0,,0,,0,,0,,0,,0,,2b91c56fc7b5196bc828c9238081678ed31b26a21a318ac516580238a40ca35b,hank-place-field-audit-v1,Stage3 Firestore snapshot; live read blocked by RESOURCE_EXHAUSTED
1208,kto-2763739,제주 교래자연휴양림,JEJU_CITY,east,동부 (조천),12,관광지,spot,UNKNOWN,6,0,6,6,24,25,,1,제주 교래자연휴양림,1,12:관광지,1,제주특별자치도 제주시 조천읍 남조로 2023,0,,1,"33.4418,126.6667",0,,1,https://tong.visitkorea.or.kr/cms/resource/30/3525130_image2_1.jpg,0,,0,,0,,0,,0,,0,,0,,1,63345,0,,0,,0,,0,,0,,0,,0,,0,,0,,2b91c56fc7b5196bc828c9238081678ed31b26a21a318ac516580238a40ca35b,hank-place-field-audit-v1,Stage3 Firestore snapshot; live read blocked by RESOURCE_EXHAUSTED
1209,kto-2763762,구좌상회,JEJU_CITY,east,동부 (조천),39,음식점,cafe,UNKNOWN,6,0,6,6,24,25,,1,구좌상회,1,39:음식점,1,제주특별자치도 제주시 조천읍 선교로 198-5,0,,1,"33.4857235955,126.6988860073",0,,1,https://tong.visitkorea.or.kr/cms/resource/04/2773404_image2_1.jpg,0,,0,,0,,0,,0,,0,,0,,1,63340,0,,0,,0,,0,,0,,0,,0,,0,,0,,2b91c56fc7b5196bc828c9238081678ed31b26a21a318ac516580238a40ca35b,hank-place-field-audit-v1,Stage3 Firestore snapshot; live read blocked by RESOURCE_EXHAUSTED
1210,kto-2763767,바다를본돼지,JEJU_CITY,west,서부 (한경),39,음식점,food,UNKNOWN,6,0,6,6,24,25,,1,바다를본돼지,1,39:음식점,1,제주특별자치도 제주시 한경면 판포1길 16,0,,1,"33.3656706031,126.1979322434",0,,1,https://tong.visitkorea.or.kr/cms/resource/06/2764006_image2_1.jpg,0,,0,,0,,0,,0,,0,,0,,1,63003,0,,0,,0,,0,,0,,0,,0,,0,,0,,2b91c56fc7b5196bc828c9238081678ed31b26a21a318ac516580238a40ca35b,hank-place-field-audit-v1,Stage3 Firestore snapshot; live read blocked by RESOURCE_EXHAUSTED
1211,kto-2763771,바다속고등어쌈밥,JEJU_CITY,west,서부 (애월),39,음식점,food,UNKNOWN,6,0,6,6,24,25,,1,바다속고등어쌈밥,1,39:음식점,1,제주특별자치도 제주시 애월읍 일주서로 7089,0,,1,"33.484299651,126.4067836428",0,,1,https://tong.visitkorea.or.kr/cms/resource/17/2764017_image2_1.jpg,0,,0,,0,,0,,0,,0,,0,,1,63053,0,,0,,0,,0,,0,,0,,0,,0,,0,,2b91c56fc7b5196bc828c9238081678ed31b26a21a318ac516580238a40ca35b,hank-place-field-audit-v1,Stage3 Firestore snapshot; live read blocked by RESOURCE_EXHAUSTED
1212,kto-2763806,토끼와거북이,JEJU_CITY,jeju_city,제주시,39,음식점,food,UNKNOWN,6,0,6,6,24,25,,1,토끼와거북이,1,39:음식점,1,"제주특별자치도 제주시 서해안로 498-6 (용담삼동, 블루문)",0,,1,"33.5188499582,126.4921365493",0,,1,https://tong.visitkorea.or.kr/cms/resource/63/2764063_image2_1.jpg,0,,0,,0,,0,,0,,0,,0,,1,63114,0,,0,,0,,0,,0,,0,,0,,0,,0,,2b91c56fc7b5196bc828c9238081678ed31b26a21a318ac516580238a40ca35b,hank-place-field-audit-v1,Stage3 Firestore snapshot; live read blocked by RESOURCE_EXHAUSTED
1213,kto-2763820,아날로그감귤밭,JEJU_CITY,jeju_city,제주시,12,관광지,spot,UNKNOWN,6,0,6,6,24,25,,1,아날로그감귤밭,1,12:관광지,1,제주특별자치도 제주시 해안마을5길 124-85 (해안동),0,,1,"33.4579895705,126.4633015454",0,,1,https://tong.visitkorea.or.kr/cms/resource/81/3549281_image2_1.jpeg,0,,0,,0,,0,,0,,0,,0,,1,63077,0,,0,,0,,0,,0,,0,,0,,0,,0,,2b91c56fc7b5196bc828c9238081678ed31b26a21a318ac516580238a40ca35b,hank-place-field-audit-v1,Stage3 Firestore snapshot; live read blocked by RESOURCE_EXHAUSTED
1214,kto-2763826,세계술박물관,SEOGWIPO_CITY,east,동부 (표선),14,문화시설,spot,UNKNOWN,6,0,6,6,24,25,,1,세계술박물관,1,14:문화시설,1,제주특별자치도 서귀포시 표선면 한마음초등로 431,0,,1,"33.3540041617,126.8176170566",0,,1,https://tong.visitkorea.or.kr/cms/resource/89/3548789_image2_1.jpg,0,,0,,0,,0,,0,,0,,0,,1,63627,0,,0,,0,,0,,0,,0,,0,,0,,0,,2b91c56fc7b5196bc828c9238081678ed31b26a21a318ac516580238a40ca35b,hank-place-field-audit-v1,Stage3 Firestore snapshot; live read blocked by RESOURCE_EXHAUSTED
1215,kto-2765214,올레안뜰,SEOGWIPO_CITY,seogwipo,서귀포시,39,음식점,food,UNKNOWN,6,0,6,6,24,25,,1,올레안뜰,1,39:음식점,1,제주특별자치도 서귀포시 법환로 24,1,(법환동),1,"33.2372591895,126.5128244343",0,,0,,0,,0,,0,,0,,0,,0,,0,,1,63573,0,,0,,0,,0,,0,,0,,0,,0,,0,,2b91c56fc7b5196bc828c9238081678ed31b26a21a318ac516580238a40ca35b,hank-place-field-audit-v1,Stage3 Firestore snapshot; live read blocked by RESOURCE_EXHAUSTED
1216,kto-2765223,미악산,SEOGWIPO_CITY,seogwipo,서귀포시,12,관광지,spot,UNKNOWN,6,0,6,6,24,25,,1,미악산,1,12:관광지,1,제주특별자치도 서귀포시 인정오름로 387-63,0,,1,"33.3005945221,126.5542194241",0,,1,https://tong.visitkorea.or.kr/cms/resource/54/3585154_image2_1.jpg,0,,0,,0,,0,,0,,0,,0,,1,63576,0,,0,,0,,0,,0,,0,,0,,0,,0,,2b91c56fc7b5196bc828c9238081678ed31b26a21a318ac516580238a40ca35b,hank-place-field-audit-v1,Stage3 Firestore snapshot; live read blocked by RESOURCE_EXHAUSTED
1217,kto-2765233,용수성지,JEJU_CITY,west,서부 (한경),12,관광지,spot,UNKNOWN,6,0,6,6,24,25,,1,용수성지,1,12:관광지,1,제주특별자치도 제주시 한경면 용수1길 108,0,,1,"33.3228915301,126.1677385965",0,,1,https://tong.visitkorea.or.kr/cms/resource/00/3553800_image2_1.jpg,0,,0,,0,,0,,0,,0,,0,,1,63009,0,,0,,0,,0,,0,,0,,0,,0,,0,,2b91c56fc7b5196bc828c9238081678ed31b26a21a318ac516580238a40ca35b,hank-place-field-audit-v1,Stage3 Firestore snapshot; live read blocked by RESOURCE_EXHAUSTED
1218,kto-2765234,궷물오름,JEJU_CITY,west,서부 (애월),12,관광지,spot,UNKNOWN,6,0,6,6,24,25,,1,궷물오름,1,12:관광지,1,제주특별자치도 제주시 애월읍 유수암리,0,,1,"33.3971037558,126.4075105427",0,,1,https://tong.visitkorea.or.kr/cms/resource/15/3531515_image2_1.jpg,0,,0,,0,,0,,0,,0,,0,,1,63067,0,,0,,0,,0,,0,,0,,0,,0,,0,,2b91c56fc7b5196bc828c9238081678ed31b26a21a318ac516580238a40ca35b,hank-place-field-audit-v1,Stage3 Firestore snapshot; live read blocked by RESOURCE_EXHAUSTED
1219,kto-2765240,천주교 대정성지,SEOGWIPO_CITY,west,서부 (대정),12,관광지,spot,UNKNOWN,6,0,6,6,24,25,,1,천주교 대정성지,1,12:관광지,1,제주특별자치도 서귀포시 대정읍 추사로247번길 102,0,,1,"33.2535839778,126.2607820469",0,,1,https://tong.visitkorea.or.kr/cms/resource/03/3391703_image2_1.jpg,0,,0,,0,,0,,0,,0,,0,,1,63505,0,,0,,0,,0,,0,,0,,0,,0,,0,,2b91c56fc7b5196bc828c9238081678ed31b26a21a318ac516580238a40ca35b,hank-place-field-audit-v1,Stage3 Firestore snapshot; live read blocked by RESOURCE_EXHAUSTED
1220,kto-2765248,삼양해안도로,JEJU_CITY,jeju_city,제주시,12,관광지,spot,UNKNOWN,6,0,6,6,24,25,,1,삼양해안도로,1,12:관광지,1,제주특별자치도 제주시 삼양삼동 2582-1,0,,1,"33.525339511,126.5788233094",0,,1,https://tong.visitkorea.or.kr/cms/resource/73/3553473_image2_1.jpg,0,,0,,0,,0,,0,,0,,0,,1,63320,0,,0,,0,,0,,0,,0,,0,,0,,0,,2b91c56fc7b5196bc828c9238081678ed31b26a21a318ac516580238a40ca35b,hank-place-field-audit-v1,Stage3 Firestore snapshot; live read blocked by RESOURCE_EXHAUSTED
1221,kto-2765252,새미은총의동산,JEJU_CITY,west,서부 (한림),12,관광지,spot,UNKNOWN,6,0,6,6,24,25,,1,새미은총의동산,1,12:관광지,1,제주특별자치도 제주시 한림읍 새미소길 15,0,,1,"33.3482746995,126.3237602632",0,,1,https://tong.visitkorea.or.kr/cms/resource/17/4088617_image2_1.jpg,0,,0,,0,,0,,0,,0,,0,,1,63021,0,,0,,0,,0,,0,,0,,0,,0,,0,,2b91c56fc7b5196bc828c9238081678ed31b26a21a318ac516580238a40ca35b,hank-place-field-audit-v1,Stage3 Firestore snapshot; live read blocked by RESOURCE_EXHAUSTED
1222,kto-2765268,저지문화예술인마을,JEJU_CITY,west,서부 (한경),12,관광지,spot,UNKNOWN,6,0,6,6,24,25,,1,저지문화예술인마을,1,12:관광지,1,제주특별자치도 제주시 한경면 저지14길 28-4,0,,1,"33.3395412444,126.2671268084",0,,1,https://tong.visitkorea.or.kr/cms/resource/29/3400929_image2_1.jpg,0,,0,,0,,0,,0,,0,,0,,1,63005,0,,0,,0,,0,,0,,0,,0,,0,,0,,2b91c56fc7b5196bc828c9238081678ed31b26a21a318ac516580238a40ca35b,hank-place-field-audit-v1,Stage3 Firestore snapshot; live read blocked by RESOURCE_EXHAUSTED
1223,kto-2765334,한림매일시장,JEJU_CITY,west,서부 (한림),38,쇼핑,spot,UNKNOWN,6,0,6,6,24,25,,1,한림매일시장,1,38:쇼핑,1,제주특별자치도 제주시 한림읍 한림로 687,0,,1,"33.4161382914,126.2649364013",0,,1,https://tong.visitkorea.or.kr/cms/resource/26/3585626_image2_1.jpg,0,,0,,0,,0,,0,,0,,0,,1,63031,0,,0,,0,,0,,0,,0,,0,,0,,0,,2b91c56fc7b5196bc828c9238081678ed31b26a21a318ac516580238a40ca35b,hank-place-field-audit-v1,Stage3 Firestore snapshot; live read blocked by RESOURCE_EXHAUSTED
1224,kto-2765345,함덕민속오일시장,JEJU_CITY,east,동부 (조천),38,쇼핑,spot,UNKNOWN,6,0,6,6,24,25,,1,함덕민속오일시장,1,38:쇼핑,1,제주특별자치도 제주시 조천읍 함덕16길 15-13,0,,1,"33.5402106376301,126.667962776492",0,,1,https://tong.visitkorea.or.kr/cms/resource/22/3527522_image2_1.jpg,0,,0,,0,,0,,0,,0,,0,,1,63333,0,,0,,0,,0,,0,,0,,0,,0,,0,,2b91c56fc7b5196bc828c9238081678ed31b26a21a318ac516580238a40ca35b,hank-place-field-audit-v1,Stage3 Firestore snapshot; live read blocked by RESOURCE_EXHAUSTED
1225,kto-2766752,제주아이브리조트,SEOGWIPO_CITY,seogwipo,서귀포시,12,관광지,spot,UNKNOWN,6,0,6,6,24,25,,1,제주아이브리조트,1,12:관광지,1,제주특별자치도 서귀포시 산록남로 1966-34 (영남동),0,,1,"33.2887088265,126.4976384869",0,,1,https://tong.visitkorea.or.kr/cms/resource/77/2767077_image2_1.jpg,0,,0,,0,,0,,0,,0,,0,,1,63556,0,,0,,0,,0,,0,,0,,0,,0,,0,,2b91c56fc7b5196bc828c9238081678ed31b26a21a318ac516580238a40ca35b,hank-place-field-audit-v1,Stage3 Firestore snapshot; live read blocked by RESOURCE_EXHAUSTED
1226,kto-2766781,비스타리조트,JEJU_CITY,jeju_city,제주시,32,숙박,stay,UNKNOWN,6,0,6,6,24,25,,1,비스타리조트,1,32:숙박,1,제주특별자치도 제주시 서해안로 74 (이호일동),0,,1,"33.5030453857,126.4575849705",0,,1,https://tong.visitkorea.or.kr/cms/resource/26/4075026_image2_1.jpg,0,,0,,0,,0,,0,,0,,0,,1,63108,0,,0,,0,,0,,0,,0,,0,,0,,0,,2b91c56fc7b5196bc828c9238081678ed31b26a21a318ac516580238a40ca35b,hank-place-field-audit-v1,Stage3 Firestore snapshot; live read blocked by RESOURCE_EXHAUSTED
1227,kto-2767589,안녕전복,JEJU_CITY,jeju_city,제주시,39,음식점,food,UNKNOWN,6,0,6,6,24,25,,1,안녕전복,1,39:음식점,1,제주특별자치도 제주시 오일장중길 89-16 (도두일동),0,,1,"33.4989963433,126.4759245195",0,,1,https://tong.visitkorea.or.kr/cms/resource/94/2767594_image2_1.JPG,0,,0,,0,,0,,0,,0,,0,,1,63116,0,,0,,0,,0,,0,,0,,0,,0,,0,,2b91c56fc7b5196bc828c9238081678ed31b26a21a318ac516580238a40ca35b,hank-place-field-audit-v1,Stage3 Firestore snapshot; live read blocked by RESOURCE_EXHAUSTED
1228,kto-2767638,소금바치순이네,JEJU_CITY,east,동부 (구좌),39,음식점,food,UNKNOWN,6,0,6,6,24,25,,1,소금바치순이네,1,39:음식점,1,제주특별자치도 제주시 구좌읍 해맞이해안로 2196,0,,1,"33.5036660886,126.9126353376",0,,1,https://tong.visitkorea.or.kr/cms/resource/61/3578861_image2_1.jpg,0,,0,,0,,0,,0,,0,,0,,1,63364,0,,0,,0,,0,,0,,0,,0,,0,,0,,2b91c56fc7b5196bc828c9238081678ed31b26a21a318ac516580238a40ca35b,hank-place-field-audit-v1,Stage3 Firestore snapshot; live read blocked by RESOURCE_EXHAUSTED
1229,kto-2767695,큰사슴이오름,SEOGWIPO_CITY,east,동부 (표선),12,관광지,spot,UNKNOWN,6,0,6,6,24,25,,1,큰사슴이오름,1,12:관광지,1,제주특별자치도 서귀포시 표선면 가시리,0,,1,"33.3987,126.7292",0,,1,https://tong.visitkorea.or.kr/cms/resource/49/3495649_image2_1.jpg,0,,0,,0,,0,,0,,0,,0,,1,63623,0,,0,,0,,0,,0,,0,,0,,0,,0,,2b91c56fc7b5196bc828c9238081678ed31b26a21a318ac516580238a40ca35b,hank-place-field-audit-v1,Stage3 Firestore snapshot; live read blocked by RESOURCE_EXHAUSTED
1230,kto-2767696,국수만찬,JEJU_CITY,jeju_city,제주시,39,음식점,food,UNKNOWN,6,0,6,6,24,25,,1,국수만찬,1,39:음식점,1,제주특별자치도 제주시 은남3길 1,1,(연동),1,"33.4871618534,126.4955008644",0,,0,,0,,0,,0,,0,,0,,0,,0,,1,63123,0,,0,,0,,0,,0,,0,,0,,0,,0,,2b91c56fc7b5196bc828c9238081678ed31b26a21a318ac516580238a40ca35b,hank-place-field-audit-v1,Stage3 Firestore snapshot; live read blocked by RESOURCE_EXHAUSTED
1231,kto-2767779,태광식당,JEJU_CITY,jeju_city,제주시,39,음식점,food,UNKNOWN,6,0,6,6,24,25,,1,태광식당,1,39:음식점,1,제주특별자치도 제주시 탑동로 144,1,(용담일동),1,"33.5126086737507,126.518796730181",0,,0,,0,,0,,0,,0,,0,,0,,0,,1,63153,0,,0,,0,,0,,0,,0,,0,,0,,0,,2b91c56fc7b5196bc828c9238081678ed31b26a21a318ac516580238a40ca35b,hank-place-field-audit-v1,Stage3 Firestore snapshot; live read blocked by RESOURCE_EXHAUSTED
1232,kto-2767790,답다니탑망대,JEJU_CITY,jeju_city,제주시,12,관광지,spot,UNKNOWN,6,0,6,6,24,25,,1,답다니탑망대,1,12:관광지,1,제주특별자치도 제주시 우도면 연평리,0,,1,"33.5249205816,126.9526464263",0,,1,https://tong.visitkorea.or.kr/cms/resource/79/3411179_image2_1.jpg,0,,0,,0,,0,,0,,0,,0,,1,63365,0,,0,,0,,0,,0,,0,,0,,0,,0,,2b91c56fc7b5196bc828c9238081678ed31b26a21a318ac516580238a40ca35b,hank-place-field-audit-v1,Stage3 Firestore snapshot; live read blocked by RESOURCE_EXHAUSTED
1233,kto-2767814,쌍둥이횟집본점,SEOGWIPO_CITY,seogwipo,서귀포시,39,음식점,food,UNKNOWN,6,0,6,6,24,25,,1,쌍둥이횟집본점,1,39:음식점,1,제주특별자치도 서귀포시 중정로62번길 14,1,(서귀동),1,"33.2465958727772,126.562909788944",0,,0,,0,,0,,0,,0,,0,,0,,0,,1,63595,0,,0,,0,,0,,0,,0,,0,,0,,0,,2b91c56fc7b5196bc828c9238081678ed31b26a21a318ac516580238a40ca35b,hank-place-field-audit-v1,Stage3 Firestore snapshot; live read blocked by RESOURCE_EXHAUSTED
1234,kto-2767885,하우목동항,JEJU_CITY,jeju_city,제주시,12,관광지,spot,UNKNOWN,6,0,6,6,24,25,,1,하우목동항,1,12:관광지,1,제주특별자치도 제주시 우도면 우도해안길 352,0,,1,"33.5095971276,126.9435281264",0,,1,https://tong.visitkorea.or.kr/cms/resource/56/3553456_image2_1.jpg,0,,0,,0,,0,,0,,0,,0,,1,63365,0,,0,,0,,0,,0,,0,,0,,0,,0,,2b91c56fc7b5196bc828c9238081678ed31b26a21a318ac516580238a40ca35b,hank-place-field-audit-v1,Stage3 Firestore snapshot; live read blocked by RESOURCE_EXHAUSTED
1235,kto-2773755,제주에너지누리마당,JEJU_CITY,east,동부 (구좌),12,관광지,spot,UNKNOWN,6,0,6,6,24,25,,1,제주에너지누리마당,1,12:관광지,1,제주특별자치도 제주시 구좌읍 해맞이해안로 712-3,0,,1,"33.559311665911,126.818655162866",0,,1,https://tong.visitkorea.or.kr/cms/resource/77/3350777_image2_1.JPG,0,,0,,0,,0,,0,,0,,0,,1,63358,0,,0,,0,,0,,0,,0,,0,,0,,0,,2b91c56fc7b5196bc828c9238081678ed31b26a21a318ac516580238a40ca35b,hank-place-field-audit-v1,Stage3 Firestore snapshot; live read blocked by RESOURCE_EXHAUSTED
1236,kto-2774278,선흘2리마을,JEJU_CITY,east,동부 (조천),12,관광지,spot,UNKNOWN,6,0,6,6,24,25,,1,선흘2리마을,1,12:관광지,1,제주특별자치도 제주시 조천읍 선교로 569-36,0,,1,"33.4569075855,126.7142936617",0,,1,https://tong.visitkorea.or.kr/cms/resource/62/3400662_image2_1.jpg,0,,0,,0,,0,,0,,0,,0,,1,63341,0,,0,,0,,0,,0,,0,,0,,0,,0,,2b91c56fc7b5196bc828c9238081678ed31b26a21a318ac516580238a40ca35b,hank-place-field-audit-v1,Stage3 Firestore snapshot; live read blocked by RESOURCE_EXHAUSTED
1237,kto-2774821,오늘은 카트레이싱,SEOGWIPO_CITY,east,동부 (표선),28,레포츠,spot,UNKNOWN,6,0,6,6,24,25,,1,오늘은 카트레이싱,1,28:레포츠,1,제주특별자치도 서귀포시 표선면 중산간동로 4776,0,,1,"33.3815694039,126.790518868",0,,1,https://tong.visitkorea.or.kr/cms/resource/65/4073265_image2_1.jpg,0,,0,,0,,0,,0,,0,,0,,1,63624,0,,0,,0,,0,,0,,0,,0,,0,,0,,2b91c56fc7b5196bc828c9238081678ed31b26a21a318ac516580238a40ca35b,hank-place-field-audit-v1,Stage3 Firestore snapshot; live read blocked by RESOURCE_EXHAUSTED
1238,kto-2774884,운정이네,SEOGWIPO_CITY,seogwipo,서귀포시,39,음식점,food,UNKNOWN,6,0,6,6,24,25,,1,운정이네,1,39:음식점,1,제주특별자치도 서귀포시 중산간서로 726 (중문동),0,,1,"33.2635773213,126.4377636869",0,,1,https://tong.visitkorea.or.kr/cms/resource/50/2774950_image2_1.jpg,0,,0,,0,,0,,0,,0,,0,,1,63550,0,,0,,0,,0,,0,,0,,0,,0,,0,,2b91c56fc7b5196bc828c9238081678ed31b26a21a318ac516580238a40ca35b,hank-place-field-audit-v1,Stage3 Firestore snapshot; live read blocked by RESOURCE_EXHAUSTED
1239,kto-2774895,목장카페드르쿰다,SEOGWIPO_CITY,east,동부 (표선),39,음식점,cafe,UNKNOWN,6,0,6,6,24,25,,1,목장카페드르쿰다,1,39:음식점,1,제주특별자치도 서귀포시 표선면 번영로 2454,0,,1,"33.4088221258,126.7698788286",0,,1,https://tong.visitkorea.or.kr/cms/resource/33/2774933_image2_1.jpg,0,,0,,0,,0,,0,,0,,0,,1,63624,0,,0,,0,,0,,0,,0,,0,,0,,0,,2b91c56fc7b5196bc828c9238081678ed31b26a21a318ac516580238a40ca35b,hank-place-field-audit-v1,Stage3 Firestore snapshot; live read blocked by RESOURCE_EXHAUSTED
1240,kto-2777791,인디고트리,SEOGWIPO_CITY,seogwipo,서귀포시,39,음식점,cafe,UNKNOWN,6,0,6,6,24,25,,1,인디고트리,1,39:음식점,1,제주특별자치도 서귀포시 남원읍 하례망장포로 4,0,,1,"33.2638248613,126.634841043",0,,1,https://tong.visitkorea.or.kr/cms/resource/23/3552623_image2_1.jpg,0,,0,,0,,0,,0,,0,,0,,1,63613,0,,0,,0,,0,,0,,0,,0,,0,,0,,2b91c56fc7b5196bc828c9238081678ed31b26a21a318ac516580238a40ca35b,hank-place-field-audit-v1,Stage3 Firestore snapshot; live read blocked by RESOURCE_EXHAUSTED
1241,kto-2778044,전농로 벚꽃거리,JEJU_CITY,jeju_city,제주시,12,관광지,spot,UNKNOWN,6,0,6,6,24,25,,1,전농로 벚꽃거리,1,12:관광지,1,제주특별자치도 제주시 삼도일동,0,,1,"33.5045936021,126.5171791396",0,,1,https://tong.visitkorea.or.kr/cms/resource/66/3523366_image2_1.jpg,0,,0,,0,,0,,0,,0,,0,,1,63173,0,,0,,0,,0,,0,,0,,0,,0,,0,,2b91c56fc7b5196bc828c9238081678ed31b26a21a318ac516580238a40ca35b,hank-place-field-audit-v1,Stage3 Firestore snapshot; live read blocked by RESOURCE_EXHAUSTED
1242,kto-2778874,춘미향,SEOGWIPO_CITY,seogwipo,서귀포시,39,음식점,food,UNKNOWN,6,0,6,6,24,25,,1,춘미향,1,39:음식점,1,제주특별자치도 서귀포시 산방로 378,0,,1,"33.2314342058,126.2965127692",0,,1,https://tong.visitkorea.or.kr/cms/resource/19/2800419_image2_1.jpg,0,,0,,0,,0,,0,,0,,0,,1,63528,0,,0,,0,,0,,0,,0,,0,,0,,0,,2b91c56fc7b5196bc828c9238081678ed31b26a21a318ac516580238a40ca35b,hank-place-field-audit-v1,Stage3 Firestore snapshot; live read blocked by RESOURCE_EXHAUSTED
1243,kto-2778897,안성리수국길,SEOGWIPO_CITY,west,서부 (대정),12,관광지,spot,UNKNOWN,6,0,6,6,24,25,,1,안성리수국길,1,12:관광지,1,제주특별자치도 서귀포시 대정읍 안성리,0,,1,"33.2696992239,126.2837741374",0,,1,https://tong.visitkorea.or.kr/cms/resource/77/3585277_image2_1.jpg,0,,0,,0,,0,,0,,0,,0,,1,63520,0,,0,,0,,0,,0,,0,,0,,0,,0,,2b91c56fc7b5196bc828c9238081678ed31b26a21a318ac516580238a40ca35b,hank-place-field-audit-v1,Stage3 Firestore snapshot; live read blocked by RESOURCE_EXHAUSTED
1244,kto-2778915,나이롱책방,JEJU_CITY,jeju_city,제주시,14,문화시설,spot,UNKNOWN,6,0,6,6,24,25,,1,나이롱책방,1,14:문화시설,1,제주특별자치도 제주시 관덕로8길 17 (이도일동),0,,1,"33.5116662086,126.5234377233",0,,1,https://tong.visitkorea.or.kr/cms/resource/14/3553414_image2_1.jpg,0,,0,,0,,0,,0,,0,,0,,1,63168,0,,0,,0,,0,,0,,0,,0,,0,,0,,2b91c56fc7b5196bc828c9238081678ed31b26a21a318ac516580238a40ca35b,hank-place-field-audit-v1,Stage3 Firestore snapshot; live read blocked by RESOURCE_EXHAUSTED
1245,kto-2778916,제주살롱,JEJU_CITY,east,동부 (구좌),39,음식점,cafe,UNKNOWN,6,0,6,6,24,25,,1,제주살롱,1,39:음식점,1,제주특별자치도 제주시 구좌읍 송당2길 7-1,0,,1,"33.4710460093,126.7825901914",0,,1,https://tong.visitkorea.or.kr/cms/resource/78/2794178_image2_1.jpg,0,,0,,0,,0,,0,,0,,0,,1,63355,0,,0,,0,,0,,0,,0,,0,,0,,0,,2b91c56fc7b5196bc828c9238081678ed31b26a21a318ac516580238a40ca35b,hank-place-field-audit-v1,Stage3 Firestore snapshot; live read blocked by RESOURCE_EXHAUSTED
1246,kto-2778939,밤수지맨드라미,JEJU_CITY,jeju_city,제주시,14,문화시설,spot,UNKNOWN,6,0,6,6,24,25,,1,밤수지맨드라미,1,14:문화시설,1,제주특별자치도 제주시 우도면 우도해안길 530,0,,1,"33.5207140039,126.9484786287",0,,1,https://tong.visitkorea.or.kr/cms/resource/00/3553400_image2_1.jpg,0,,0,,0,,0,,0,,0,,0,,1,63365,0,,0,,0,,0,,0,,0,,0,,0,,0,,2b91c56fc7b5196bc828c9238081678ed31b26a21a318ac516580238a40ca35b,hank-place-field-audit-v1,Stage3 Firestore snapshot; live read blocked by RESOURCE_EXHAUSTED
1247,kto-2779435,월정리갈비밥,JEJU_CITY,east,동부 (구좌),39,음식점,food,UNKNOWN,6,0,6,6,24,25,,1,월정리갈비밥,1,39:음식점,1,제주특별자치도 제주시 구좌읍 월정7길 46,0,,1,"33.5548925198,126.7968120307",0,,1,https://tong.visitkorea.or.kr/cms/resource/43/2799743_image2_1.jpg,0,,0,,0,,0,,0,,0,,0,,1,63358,0,,0,,0,,0,,0,,0,,0,,0,,0,,2b91c56fc7b5196bc828c9238081678ed31b26a21a318ac516580238a40ca35b,hank-place-field-audit-v1,Stage3 Firestore snapshot; live read blocked by RESOURCE_EXHAUSTED
1248,kto-2779454,종달리 수국길,JEJU_CITY,east,동부 (구좌),12,관광지,spot,UNKNOWN,6,0,6,6,24,25,,1,종달리 수국길,1,12:관광지,1,제주특별자치도 제주시 구좌읍 종달리,0,,1,"33.5077301412,126.9111143136",0,,1,https://tong.visitkorea.or.kr/cms/resource/58/2799758_image2_1.jpg,0,,0,,0,,0,,0,,0,,0,,1,63354,0,,0,,0,,0,,0,,0,,0,,0,,0,,2b91c56fc7b5196bc828c9238081678ed31b26a21a318ac516580238a40ca35b,hank-place-field-audit-v1,Stage3 Firestore snapshot; live read blocked by RESOURCE_EXHAUSTED
1249,kto-2779462,종달항(두문포항),JEJU_CITY,east,동부 (구좌),12,관광지,spot,UNKNOWN,6,0,6,6,24,25,,1,종달항(두문포항),1,12:관광지,1,제주특별자치도 제주시 구좌읍 종달리 484-10,0,,1,"33.4965502173871,126.910660686374",0,,1,https://tong.visitkorea.or.kr/cms/resource/04/4067804_image2_1.jpg,0,,0,,0,,0,,0,,0,,0,,1,63364,0,,0,,0,,0,,0,,0,,0,,0,,0,,2b91c56fc7b5196bc828c9238081678ed31b26a21a318ac516580238a40ca35b,hank-place-field-audit-v1,Stage3 Firestore snapshot; live read blocked by RESOURCE_EXHAUSTED
1250,kto-2779517,강정포구,SEOGWIPO_CITY,seogwipo,서귀포시,12,관광지,spot,UNKNOWN,6,0,6,6,24,25,,1,강정포구,1,12:관광지,1,제주특별자치도 서귀포시 말질로 291,0,,1,"33.2271624839,126.4750196034",0,,1,https://tong.visitkorea.or.kr/cms/resource/95/3552095_image2_1.jpg,0,,0,,0,,0,,0,,0,,0,,1,63563,0,,0,,0,,0,,0,,0,,0,,0,,0,,2b91c56fc7b5196bc828c9238081678ed31b26a21a318ac516580238a40ca35b,hank-place-field-audit-v1,Stage3 Firestore snapshot; live read blocked by RESOURCE_EXHAUSTED
1251,kto-2779522,고산일과해안도로,SEOGWIPO_CITY,west,서부 (대정),12,관광지,spot,UNKNOWN,6,0,6,6,24,25,,1,고산일과해안도로,1,12:관광지,1,제주특별자치도 서귀포시 대정읍 영락하동로 9-6,0,,1,"33.256424536,126.2099419548",0,,1,https://tong.visitkorea.or.kr/cms/resource/27/3551727_image2_1.jpg,0,,0,,0,,0,,0,,0,,0,,1,63502,0,,0,,0,,0,,0,,0,,0,,0,,0,,2b91c56fc7b5196bc828c9238081678ed31b26a21a318ac516580238a40ca35b,hank-place-field-audit-v1,Stage3 Firestore snapshot; live read blocked by RESOURCE_EXHAUSTED
1252,kto-2779527,구엄리 돌염전,JEJU_CITY,west,서부 (애월),12,관광지,spot,UNKNOWN,6,0,6,6,24,25,,1,구엄리 돌염전,1,12:관광지,1,제주특별자치도 제주시 애월읍 애월해안로 708,0,,1,"33.4825790978,126.3774089402",0,,1,https://tong.visitkorea.or.kr/cms/resource/22/4106522_image2_1.jpg,0,,0,,0,,0,,0,,0,,0,,1,63049,0,,0,,0,,0,,0,,0,,0,,0,,0,,2b91c56fc7b5196bc828c9238081678ed31b26a21a318ac516580238a40ca35b,hank-place-field-audit-v1,Stage3 Firestore snapshot; live read blocked by RESOURCE_EXHAUSTED
1253,kto-2780230,애월튀김간,JEJU_CITY,west,서부 (애월),39,음식점,food,UNKNOWN,6,0,6,6,24,25,,1,애월튀김간,1,39:음식점,1,제주특별자치도 제주시 애월읍 애월로 118,0,,1,"33.4643977009,126.3197749933",0,,1,https://tong.visitkorea.or.kr/cms/resource/91/2792991_image2_1.jpg,0,,0,,0,,0,,0,,0,,0,,1,63043,0,,0,,0,,0,,0,,0,,0,,0,,0,,2b91c56fc7b5196bc828c9238081678ed31b26a21a318ac516580238a40ca35b,hank-place-field-audit-v1,Stage3 Firestore snapshot; live read blocked by RESOURCE_EXHAUSTED
1254,kto-2780263,꽃밥,JEJU_CITY,west,서부 (애월),39,음식점,food,UNKNOWN,6,0,6,6,24,25,,1,꽃밥,1,39:음식점,1,제주특별자치도 제주시 애월읍 일주서로 6059,0,,1,"33.4515152155,126.3084871383",0,,1,https://tong.visitkorea.or.kr/cms/resource/34/3548234_image2_1.jpg,0,,0,,0,,0,,0,,0,,0,,1,63034,0,,0,,0,,0,,0,,0,,0,,0,,0,,2b91c56fc7b5196bc828c9238081678ed31b26a21a318ac516580238a40ca35b,hank-place-field-audit-v1,Stage3 Firestore snapshot; live read blocked by RESOURCE_EXHAUSTED
1255,kto-2781324,모슬포한라전복 본점,SEOGWIPO_CITY,west,서부 (대정),39,음식점,food,UNKNOWN,6,0,6,6,24,25,,1,모슬포한라전복 본점,1,39:음식점,1,제주특별자치도 서귀포시 대정읍 대한로 33,0,,1,"33.2305112828,126.2452033549",0,,1,https://tong.visitkorea.or.kr/cms/resource/39/2800239_image2_1.jpg,0,,0,,0,,0,,0,,0,,0,,1,63506,0,,0,,0,,0,,0,,0,,0,,0,,0,,2b91c56fc7b5196bc828c9238081678ed31b26a21a318ac516580238a40ca35b,hank-place-field-audit-v1,Stage3 Firestore snapshot; live read blocked by RESOURCE_EXHAUSTED
1256,kto-2781325,홍성방,SEOGWIPO_CITY,west,서부 (대정),39,음식점,food,UNKNOWN,6,0,6,6,24,25,,1,홍성방,1,39:음식점,1,제주특별자치도 서귀포시 대정읍 하모항구로 76,0,,1,"33.2201653043,126.2517224623",0,,1,https://tong.visitkorea.or.kr/cms/resource/87/2800487_image2_1.jpg,0,,0,,0,,0,,0,,0,,0,,1,63506,0,,0,,0,,0,,0,,0,,0,,0,,0,,2b91c56fc7b5196bc828c9238081678ed31b26a21a318ac516580238a40ca35b,hank-place-field-audit-v1,Stage3 Firestore snapshot; live read blocked by RESOURCE_EXHAUSTED
1257,kto-2781326,김녕항,JEJU_CITY,east,동부 (구좌),12,관광지,spot,UNKNOWN,6,0,6,6,24,25,,1,김녕항,1,12:관광지,1,제주특별자치도 제주시 구좌읍 김녕항1길 50-13,0,,1,"33.5580773628,126.7400446641",0,,1,https://tong.visitkorea.or.kr/cms/resource/58/3555158_image2_1.jpg,0,,0,,0,,0,,0,,0,,0,,1,63357,0,,0,,0,,0,,0,,0,,0,,0,,0,,2b91c56fc7b5196bc828c9238081678ed31b26a21a318ac516580238a40ca35b,hank-place-field-audit-v1,Stage3 Firestore snapshot; live read blocked by RESOURCE_EXHAUSTED
1258,kto-2781327,운진항,SEOGWIPO_CITY,west,서부 (대정),12,관광지,spot,UNKNOWN,6,0,6,6,24,25,,1,운진항,1,12:관광지,1,제주특별자치도 서귀포시 대정읍 하모리,0,,1,"33.2095276929,126.2583110141",0,,1,https://tong.visitkorea.or.kr/cms/resource/09/3551609_image2_1.jpg,0,,0,,0,,0,,0,,0,,0,,1,63513,0,,0,,0,,0,,0,,0,,0,,0,,0,,2b91c56fc7b5196bc828c9238081678ed31b26a21a318ac516580238a40ca35b,hank-place-field-audit-v1,Stage3 Firestore snapshot; live read blocked by RESOURCE_EXHAUSTED
1259,kto-2781375,공천포식당,SEOGWIPO_CITY,seogwipo,서귀포시,39,음식점,food,UNKNOWN,6,0,6,6,24,25,,1,공천포식당,1,39:음식점,1,제주특별자치도 서귀포시 남원읍 공천포로 89,0,,1,"33.266416366,126.6425958686",0,,1,https://tong.visitkorea.or.kr/cms/resource/94/2800294_image2_1.jpg,0,,0,,0,,0,,0,,0,,0,,1,63612,0,,0,,0,,0,,0,,0,,0,,0,,0,,2b91c56fc7b5196bc828c9238081678ed31b26a21a318ac516580238a40ca35b,hank-place-field-audit-v1,Stage3 Firestore snapshot; live read blocked by RESOURCE_EXHAUSTED
1260,kto-2781386,세천포구,SEOGWIPO_CITY,seogwipo,서귀포시,12,관광지,spot,UNKNOWN,6,0,6,6,24,25,,1,세천포구,1,12:관광지,1,제주특별자치도 서귀포시 남원읍 위미리 799-2,0,,1,"33.2696137381,126.6741708395",0,,1,https://tong.visitkorea.or.kr/cms/resource/46/3552546_image2_1.jpg,0,,0,,0,,0,,0,,0,,0,,1,63610,0,,0,,0,,0,,0,,0,,0,,0,,0,,2b91c56fc7b5196bc828c9238081678ed31b26a21a318ac516580238a40ca35b,hank-place-field-audit-v1,Stage3 Firestore snapshot; live read blocked by RESOURCE_EXHAUSTED
1261,kto-2781394,구두미포구,SEOGWIPO_CITY,seogwipo,서귀포시,12,관광지,spot,UNKNOWN,6,0,6,6,24,25,,1,구두미포구,1,12:관광지,1,제주특별자치도 서귀포시 보목동,0,,1,"33.2368272299,126.5965116372",0,,1,https://tong.visitkorea.or.kr/cms/resource/76/3550576_image2_1.jpg,0,,0,,0,,0,,0,,0,,0,,1,63599,0,,0,,0,,0,,0,,0,,0,,0,,0,,2b91c56fc7b5196bc828c9238081678ed31b26a21a318ac516580238a40ca35b,hank-place-field-audit-v1,Stage3 Firestore snapshot; live read blocked by RESOURCE_EXHAUSTED
1262,kto-2781401,소천지,SEOGWIPO_CITY,seogwipo,서귀포시,12,관광지,spot,UNKNOWN,6,0,6,6,24,25,,1,소천지,1,12:관광지,1,제주특별자치도 서귀포시 칠십리로485번길 2 (보목동),0,,1,"33.2417795599,126.6027220992",0,,1,https://tong.visitkorea.or.kr/cms/resource/92/3551992_image2_1.jpg,0,,0,,0,,0,,0,,0,,0,,1,63599,0,,0,,0,,0,,0,,0,,0,,0,,0,,2b91c56fc7b5196bc828c9238081678ed31b26a21a318ac516580238a40ca35b,hank-place-field-audit-v1,Stage3 Firestore snapshot; live read blocked by RESOURCE_EXHAUSTED
1263,kto-2781427,만지식당,JEJU_CITY,west,서부 (애월),39,음식점,food,UNKNOWN,6,0,6,6,24,25,,1,만지식당,1,39:음식점,1,제주특별자치도 제주시 애월읍 고내로 13-1,0,,1,"33.4633147917,126.3390761161",0,,1,https://tong.visitkorea.or.kr/cms/resource/77/2795477_image2_1.jpg,0,,0,,0,,0,,0,,0,,0,,1,63045,0,,0,,0,,0,,0,,0,,0,,0,,0,,2b91c56fc7b5196bc828c9238081678ed31b26a21a318ac516580238a40ca35b,hank-place-field-audit-v1,Stage3 Firestore snapshot; live read blocked by RESOURCE_EXHAUSTED
1264,kto-2781431,삼보식당,SEOGWIPO_CITY,seogwipo,서귀포시,39,음식점,food,UNKNOWN,6,0,6,6,24,25,,1,삼보식당,1,39:음식점,1,제주특별자치도 서귀포시 중정로 25 (서귀동),0,,1,"33.2476448874,126.5590868593",0,,1,https://tong.visitkorea.or.kr/cms/resource/63/2800363_image2_1.jpg,0,,0,,0,,0,,0,,0,,0,,1,63592,0,,0,,0,,0,,0,,0,,0,,0,,0,,2b91c56fc7b5196bc828c9238081678ed31b26a21a318ac516580238a40ca35b,hank-place-field-audit-v1,Stage3 Firestore snapshot; live read blocked by RESOURCE_EXHAUSTED
1265,kto-2781493,키친아루요,JEJU_CITY,west,서부 (애월),39,음식점,food,UNKNOWN,6,0,6,6,24,25,,1,키친아루요,1,39:음식점,1,제주특별자치도 제주시 애월읍 유수암평화5길 15-8,0,,1,"33.4237924354,126.4052962464",0,,1,https://tong.visitkorea.or.kr/cms/resource/30/2795030_image2_1.jpg,0,,0,,0,,0,,0,,0,,0,,1,63067,0,,0,,0,,0,,0,,0,,0,,0,,0,,2b91c56fc7b5196bc828c9238081678ed31b26a21a318ac516580238a40ca35b,hank-place-field-audit-v1,Stage3 Firestore snapshot; live read blocked by RESOURCE_EXHAUSTED
1266,kto-2782843,슬로보트,JEJU_CITY,west,서부 (애월),39,음식점,cafe,UNKNOWN,6,0,6,6,24,25,,1,슬로보트,1,39:음식점,1,제주특별자치도 제주시 애월읍 하귀2길 46-16,0,,1,"33.4901296811,126.414385628",0,,1,https://tong.visitkorea.or.kr/cms/resource/68/2783168_image2_1.jpg,0,,0,,0,,0,,0,,0,,0,,1,63053,0,,0,,0,,0,,0,,0,,0,,0,,0,,2b91c56fc7b5196bc828c9238081678ed31b26a21a318ac516580238a40ca35b,hank-place-field-audit-v1,Stage3 Firestore snapshot; live read blocked by RESOURCE_EXHAUSTED
1267,kto-2782858,카페모알보알 제주점,JEJU_CITY,east,동부 (구좌),39,음식점,cafe,UNKNOWN,6,0,6,6,24,25,,1,카페모알보알 제주점,1,39:음식점,1,제주특별자치도 제주시 구좌읍 구좌해안로 141,0,,1,"33.5595964443,126.7279651224",0,,1,https://tong.visitkorea.or.kr/cms/resource/63/2783163_image2_1.jpg,0,,0,,0,,0,,0,,0,,0,,1,63348,0,,0,,0,,0,,0,,0,,0,,0,,0,,2b91c56fc7b5196bc828c9238081678ed31b26a21a318ac516580238a40ca35b,hank-place-field-audit-v1,Stage3 Firestore snapshot; live read blocked by RESOURCE_EXHAUSTED
1268,kto-2782867,커피템플,JEJU_CITY,jeju_city,제주시,39,음식점,cafe,UNKNOWN,6,0,6,6,24,25,,1,커피템플,1,39:음식점,1,제주특별자치도 제주시 영평길 269 (월평동),0,,1,"33.47821166287695,126.56962756590664",0,,1,https://tong.visitkorea.or.kr/cms/resource/58/4053758_image2_1.JPG,0,,0,,0,,0,,0,,0,,0,,1,63311,0,,0,,0,,0,,0,,0,,0,,0,,0,,2b91c56fc7b5196bc828c9238081678ed31b26a21a318ac516580238a40ca35b,hank-place-field-audit-v1,Stage3 Firestore snapshot; live read blocked by RESOURCE_EXHAUSTED
1269,kto-2783304,갈치왕,SEOGWIPO_CITY,seogwipo,서귀포시,39,음식점,food,UNKNOWN,6,0,6,6,24,25,,1,갈치왕,1,39:음식점,1,제주특별자치도 서귀포시 일주서로 1146 (상예동),0,,1,"33.2646820142,126.3907705168",0,,1,https://tong.visitkorea.or.kr/cms/resource/03/2783703_image2_1.jpg,0,,0,,0,,0,,0,,0,,0,,1,63534,0,,0,,0,,0,,0,,0,,0,,0,,0,,2b91c56fc7b5196bc828c9238081678ed31b26a21a318ac516580238a40ca35b,hank-place-field-audit-v1,Stage3 Firestore snapshot; live read blocked by RESOURCE_EXHAUSTED
1270,kto-2783376,순천미향 제주산방산본점,SEOGWIPO_CITY,west,서부 (안덕),39,음식점,food,UNKNOWN,6,0,6,6,24,25,,1,순천미향 제주산방산본점,1,39:음식점,1,제주특별자치도 서귀포시 안덕면 사계남로216번길 24-73,0,,1,"33.235700651,126.312494621",0,,1,https://tong.visitkorea.or.kr/cms/resource/83/2784583_image2_1.jpg,0,,0,,0,,0,,0,,0,,0,,1,63528,0,,0,,0,,0,,0,,0,,0,,0,,0,,2b91c56fc7b5196bc828c9238081678ed31b26a21a318ac516580238a40ca35b,hank-place-field-audit-v1,Stage3 Firestore snapshot; live read blocked by RESOURCE_EXHAUSTED
1271,kto-2783381,예원이네 은갈치조림,SEOGWIPO_CITY,seogwipo,서귀포시,39,음식점,food,UNKNOWN,6,0,6,6,24,25,,1,예원이네 은갈치조림,1,39:음식점,1,제주특별자치도 서귀포시 색달중앙로 49 (색달동),0,,1,"33.2598069608,126.4133072446",0,,1,https://tong.visitkorea.or.kr/cms/resource/75/4005575_image2_1.jpg,0,,0,,0,,0,,0,,0,,0,,1,63534,0,,0,,0,,0,,0,,0,,0,,0,,0,,2b91c56fc7b5196bc828c9238081678ed31b26a21a318ac516580238a40ca35b,hank-place-field-audit-v1,Stage3 Firestore snapshot; live read blocked by RESOURCE_EXHAUSTED
1272,kto-2783385,제주로운청해원,SEOGWIPO_CITY,east,동부 (성산),39,음식점,food,UNKNOWN,6,0,6,6,24,25,,1,제주로운청해원,1,39:음식점,1,제주특별자치도 서귀포시 성산읍 신양로 101,0,,1,"33.4367798025,126.9206595666",0,,1,https://tong.visitkorea.or.kr/cms/resource/94/2784594_image2_1.jpg,0,,0,,0,,0,,0,,0,,0,,1,63641,0,,0,,0,,0,,0,,0,,0,,0,,0,,2b91c56fc7b5196bc828c9238081678ed31b26a21a318ac516580238a40ca35b,hank-place-field-audit-v1,Stage3 Firestore snapshot; live read blocked by RESOURCE_EXHAUSTED
1273,kto-2783386,카페 아오오,SEOGWIPO_CITY,east,동부 (성산),39,음식점,cafe,UNKNOWN,6,0,6,6,24,25,,1,카페 아오오,1,39:음식점,1,제주특별자치도 서귀포시 성산읍 환해장성로 75,0,,1,"33.3791188448,126.8799727482",0,,1,https://tong.visitkorea.or.kr/cms/resource/98/2784598_image2_1.jpg,0,,0,,0,,0,,0,,0,,0,,1,63634,0,,0,,0,,0,,0,,0,,0,,0,,0,,2b91c56fc7b5196bc828c9238081678ed31b26a21a318ac516580238a40ca35b,hank-place-field-audit-v1,Stage3 Firestore snapshot; live read blocked by RESOURCE_EXHAUSTED
1274,kto-2783393,크래커스,SEOGWIPO_CITY,west,서부 (대정),39,음식점,cafe,UNKNOWN,6,0,6,6,24,25,,1,크래커스,1,39:음식점,1,제주특별자치도 서귀포시 대정읍 보성구억로126번길 34,0,,1,"33.263316532,126.2797079652",0,,1,https://tong.visitkorea.or.kr/cms/resource/05/2784605_image2_1.jpg,0,,0,,0,,0,,0,,0,,0,,1,63520,0,,0,,0,,0,,0,,0,,0,,0,,0,,2b91c56fc7b5196bc828c9238081678ed31b26a21a318ac516580238a40ca35b,hank-place-field-audit-v1,Stage3 Firestore snapshot; live read blocked by RESOURCE_EXHAUSTED
1275,kto-2783400,논짓물식당,JEJU_CITY,jeju_city,제주시,39,음식점,food,UNKNOWN,6,0,6,6,24,25,,1,논짓물식당,1,39:음식점,1,제주특별자치도 제주시 성화로9길 10 (용담이동),0,,1,"33.5126591724,126.5044161774",0,,1,https://tong.visitkorea.or.kr/cms/resource/08/2784608_image2_1.jpg,0,,0,,0,,0,,0,,0,,0,,1,63158,0,,0,,0,,0,,0,,0,,0,,0,,0,,2b91c56fc7b5196bc828c9238081678ed31b26a21a318ac516580238a40ca35b,hank-place-field-audit-v1,Stage3 Firestore snapshot; live read blocked by RESOURCE_EXHAUSTED
1276,kto-2783406,델문도,JEJU_CITY,east,동부 (조천),39,음식점,cafe,UNKNOWN,6,0,6,6,24,25,,1,델문도,1,39:음식점,1,제주특별자치도 제주시 조천읍 조함해안로 519-10,0,,1,"33.5436111507,126.6687289685",0,,1,https://tong.visitkorea.or.kr/cms/resource/13/2784613_image2_1.jpg,0,,0,,0,,0,,0,,0,,0,,1,63333,0,,0,,0,,0,,0,,0,,0,,0,,0,,2b91c56fc7b5196bc828c9238081678ed31b26a21a318ac516580238a40ca35b,hank-place-field-audit-v1,Stage3 Firestore snapshot; live read blocked by RESOURCE_EXHAUSTED
1277,kto-2783430,마루나키친,JEJU_CITY,west,서부 (한경),39,음식점,food,UNKNOWN,6,0,6,6,24,25,,1,마루나키친,1,39:음식점,1,제주특별자치도 제주시 한경면 금등4길 11,0,,1,"33.3619682017,126.1958075111",0,,1,https://tong.visitkorea.or.kr/cms/resource/25/2784625_image2_1.jpg,0,,0,,0,,0,,0,,0,,0,,1,63003,0,,0,,0,,0,,0,,0,,0,,0,,0,,2b91c56fc7b5196bc828c9238081678ed31b26a21a318ac516580238a40ca35b,hank-place-field-audit-v1,Stage3 Firestore snapshot; live read blocked by RESOURCE_EXHAUSTED
1278,kto-2783440,에오마르,JEJU_CITY,jeju_city,제주시,39,음식점,cafe,UNKNOWN,6,0,6,6,24,25,,1,에오마르,1,39:음식점,1,제주특별자치도 제주시 선사로8길 13-6 (삼양일동),0,,1,"33.5257673656,126.5865781812",0,,1,https://tong.visitkorea.or.kr/cms/resource/27/2784627_image2_1.jpg,0,,0,,0,,0,,0,,0,,0,,1,63314,0,,0,,0,,0,,0,,0,,0,,0,,0,,2b91c56fc7b5196bc828c9238081678ed31b26a21a318ac516580238a40ca35b,hank-place-field-audit-v1,Stage3 Firestore snapshot; live read blocked by RESOURCE_EXHAUSTED
1279,kto-2785301,제주순메밀막국수,SEOGWIPO_CITY,west,서부 (안덕),39,음식점,food,UNKNOWN,6,0,6,6,24,25,,1,제주순메밀막국수,1,39:음식점,1,제주특별자치도 서귀포시 안덕면 녹차분재로 60,0,,1,"33.2913082326,126.3019248585",0,,1,https://tong.visitkorea.or.kr/cms/resource/04/2785304_image2_1.jpg,0,,0,,0,,0,,0,,0,,0,,1,63521,0,,0,,0,,0,,0,,0,,0,,0,,0,,2b91c56fc7b5196bc828c9238081678ed31b26a21a318ac516580238a40ca35b,hank-place-field-audit-v1,Stage3 Firestore snapshot; live read blocked by RESOURCE_EXHAUSTED
1280,kto-2785320,휴일로,SEOGWIPO_CITY,west,서부 (안덕),39,음식점,cafe,UNKNOWN,6,0,6,6,24,25,,1,휴일로,1,39:음식점,1,제주특별자치도 서귀포시 안덕면 난드르로 49-65,0,,1,"33.2322657684,126.3665955587",0,,1,https://tong.visitkorea.or.kr/cms/resource/23/2785323_image2_1.jpg,0,,0,,0,,0,,0,,0,,0,,1,63533,0,,0,,0,,0,,0,,0,,0,,0,,0,,2b91c56fc7b5196bc828c9238081678ed31b26a21a318ac516580238a40ca35b,hank-place-field-audit-v1,Stage3 Firestore snapshot; live read blocked by RESOURCE_EXHAUSTED
1281,kto-2785326,월정리 달이뜨는식탁 (달이뜨는식탁),JEJU_CITY,east,동부 (구좌),39,음식점,food,UNKNOWN,6,0,6,6,24,25,,1,월정리 달이뜨는식탁 (달이뜨는식탁),1,39:음식점,1,제주특별자치도 제주시 구좌읍 월정1길 14,0,,1,"33.5531870564,126.790807035",0,,1,https://tong.visitkorea.or.kr/cms/resource/28/2785328_image2_1.jpg,0,,0,,0,,0,,0,,0,,0,,1,63358,0,,0,,0,,0,,0,,0,,0,,0,,0,,2b91c56fc7b5196bc828c9238081678ed31b26a21a318ac516580238a40ca35b,hank-place-field-audit-v1,Stage3 Firestore snapshot; live read blocked by RESOURCE_EXHAUSTED
1282,kto-2785334,카페리,JEJU_CITY,east,동부 (구좌),39,음식점,cafe,UNKNOWN,6,0,6,6,24,25,,1,카페리,1,39:음식점,1,제주특별자치도 제주시 구좌읍 평대2길 39,0,,1,"33.5339816371,126.8396671263",0,,1,https://tong.visitkorea.or.kr/cms/resource/37/2785337_image2_1.jpg,0,,0,,0,,0,,0,,0,,0,,1,63360,0,,0,,0,,0,,0,,0,,0,,0,,0,,2b91c56fc7b5196bc828c9238081678ed31b26a21a318ac516580238a40ca35b,hank-place-field-audit-v1,Stage3 Firestore snapshot; live read blocked by RESOURCE_EXHAUSTED
1283,kto-2785869,판포포구,JEJU_CITY,west,서부 (한경),12,관광지,spot,UNKNOWN,6,0,6,6,24,25,,1,판포포구,1,12:관광지,1,제주특별자치도 제주시 한경면 판포리 2877-3,0,,1,"33.3654401002,126.1996321009",0,,1,https://tong.visitkorea.or.kr/cms/resource/61/3352661_image2_1.jpg,0,,0,,0,,0,,0,,0,,0,,1,63003,0,,0,,0,,0,,0,,0,,0,,0,,0,,2b91c56fc7b5196bc828c9238081678ed31b26a21a318ac516580238a40ca35b,hank-place-field-audit-v1,Stage3 Firestore snapshot; live read blocked by RESOURCE_EXHAUSTED
1284,kto-2785883,아날로그사운즈,JEJU_CITY,east,동부 (구좌),39,음식점,cafe,UNKNOWN,6,0,6,6,24,25,,1,아날로그사운즈,1,39:음식점,1,제주특별자치도 제주시 구좌읍 하도9길 72,0,,1,"33.5116682578,126.8903215808",0,,1,https://tong.visitkorea.or.kr/cms/resource/76/2792076_image2_1.jpg,0,,0,,0,,0,,0,,0,,0,,1,63363,0,,0,,0,,0,,0,,0,,0,,0,,0,,2b91c56fc7b5196bc828c9238081678ed31b26a21a318ac516580238a40ca35b,hank-place-field-audit-v1,Stage3 Firestore snapshot; live read blocked by RESOURCE_EXHAUSTED
1285,kto-2786082,그초록,JEJU_CITY,east,동부 (구좌),39,음식점,cafe,UNKNOWN,6,0,6,6,24,25,,1,그초록,1,39:음식점,1,제주특별자치도 제주시 구좌읍 행원로7길 23-16,0,,1,"33.5563369572,126.8062778418",0,,1,https://tong.visitkorea.or.kr/cms/resource/59/2792559_image2_1.jpg,0,,0,,0,,0,,0,,0,,0,,1,63358,0,,0,,0,,0,,0,,0,,0,,0,,0,,2b91c56fc7b5196bc828c9238081678ed31b26a21a318ac516580238a40ca35b,hank-place-field-audit-v1,Stage3 Firestore snapshot; live read blocked by RESOURCE_EXHAUSTED
1286,kto-2788436,탑동광장,JEJU_CITY,jeju_city,제주시,12,관광지,spot,UNKNOWN,6,0,6,6,24,25,,1,탑동광장,1,12:관광지,1,제주특별자치도 제주시 중앙로 1,0,,1,"33.51807,126.526565",0,,1,https://tong.visitkorea.or.kr/cms/resource/07/4073107_image2_1.jpg,0,,0,,0,,0,,0,,0,,0,,1,63276,0,,0,,0,,0,,0,,0,,0,,0,,0,,2b91c56fc7b5196bc828c9238081678ed31b26a21a318ac516580238a40ca35b,hank-place-field-audit-v1,Stage3 Firestore snapshot; live read blocked by RESOURCE_EXHAUSTED
1287,kto-2788879,해성도뚜리,JEJU_CITY,west,서부 (애월),39,음식점,food,UNKNOWN,6,0,6,6,24,25,,1,해성도뚜리,1,39:음식점,1,제주특별자치도 제주시 애월읍 애월해안로 682,0,,1,"33.4817883141,126.3749809108",0,,1,https://tong.visitkorea.or.kr/cms/resource/62/2796262_image2_1.jpg,0,,0,,0,,0,,0,,0,,0,,1,63049,0,,0,,0,,0,,0,,0,,0,,0,,0,,2b91c56fc7b5196bc828c9238081678ed31b26a21a318ac516580238a40ca35b,hank-place-field-audit-v1,Stage3 Firestore snapshot; live read blocked by RESOURCE_EXHAUSTED
1288,kto-2788882,문개항아리 조천본점,JEJU_CITY,east,동부 (조천),39,음식점,food,UNKNOWN,6,0,6,6,24,25,,1,문개항아리 조천본점,1,39:음식점,1,제주특별자치도 제주시 조천읍 조함해안로 217-1,0,,1,"33.5535346551,126.6440031125",0,,1,https://tong.visitkorea.or.kr/cms/resource/40/2796240_image2_1.jpg,0,,0,,0,,0,,0,,0,,0,,1,63332,0,,0,,0,,0,,0,,0,,0,,0,,0,,2b91c56fc7b5196bc828c9238081678ed31b26a21a318ac516580238a40ca35b,hank-place-field-audit-v1,Stage3 Firestore snapshot; live read blocked by RESOURCE_EXHAUSTED
1289,kto-2789355,바람,JEJU_CITY,east,동부 (구좌),38,쇼핑,spot,UNKNOWN,6,0,6,6,24,25,,1,바람,1,38:쇼핑,1,제주특별자치도 제주시 구좌읍 월정1길 46-9,0,,1,"33.555195199,126.7927818175",0,,1,https://tong.visitkorea.or.kr/cms/resource/35/2792035_image2_1.jpg,0,,0,,0,,0,,0,,0,,0,,1,63358,0,,0,,0,,0,,0,,0,,0,,0,,0,,2b91c56fc7b5196bc828c9238081678ed31b26a21a318ac516580238a40ca35b,hank-place-field-audit-v1,Stage3 Firestore snapshot; live read blocked by RESOURCE_EXHAUSTED
1290,kto-2789395,제주태백산본점,JEJU_CITY,jeju_city,제주시,39,음식점,food,UNKNOWN,6,0,6,6,24,25,,1,제주태백산본점,1,39:음식점,1,제주특별자치도 제주시 도공로 154-12 (이호이동),0,,1,"33.4947688948,126.4672142621",0,,1,https://tong.visitkorea.or.kr/cms/resource/63/2800563_image2_1.jpg,0,,0,,0,,0,,0,,0,,0,,1,63108,0,,0,,0,,0,,0,,0,,0,,0,,0,,2b91c56fc7b5196bc828c9238081678ed31b26a21a318ac516580238a40ca35b,hank-place-field-audit-v1,Stage3 Firestore snapshot; live read blocked by RESOURCE_EXHAUSTED
1291,kto-2789609,대평포구,SEOGWIPO_CITY,west,서부 (안덕),12,관광지,spot,UNKNOWN,6,0,6,6,24,25,,1,대평포구,1,12:관광지,1,제주특별자치도 서귀포시 안덕면 창천리 914-5,0,,1,"33.2364855229,126.3620092152",0,,1,https://tong.visitkorea.or.kr/cms/resource/64/3551164_image2_1.jpg,0,,0,,0,,0,,0,,0,,0,,1,63531,0,,0,,0,,0,,0,,0,,0,,0,,0,,2b91c56fc7b5196bc828c9238081678ed31b26a21a318ac516580238a40ca35b,hank-place-field-audit-v1,Stage3 Firestore snapshot; live read blocked by RESOURCE_EXHAUSTED
1292,kto-2789652,순례자의 교회,JEJU_CITY,west,서부 (한경),12,관광지,spot,UNKNOWN,6,0,6,6,24,25,,1,순례자의 교회,1,12:관광지,1,제주특별자치도 제주시 한경면 일주서로 3960-24,0,,1,"33.319800755,126.180538112",0,,1,https://tong.visitkorea.or.kr/cms/resource/52/3585352_image2_1.jpg,0,,0,,0,,0,,0,,0,,0,,1,63009,0,,0,,0,,0,,0,,0,,0,,0,,0,,2b91c56fc7b5196bc828c9238081678ed31b26a21a318ac516580238a40ca35b,hank-place-field-audit-v1,Stage3 Firestore snapshot; live read blocked by RESOURCE_EXHAUSTED
1293,kto-2790487,제주돌창고,JEJU_CITY,west,서부 (한경),39,음식점,cafe,UNKNOWN,6,0,6,6,24,25,,1,제주돌창고,1,39:음식점,1,제주특별자치도 제주시 한경면 조수7길 8,0,,1,"33.3371215416,126.2335770008",0,,1,https://tong.visitkorea.or.kr/cms/resource/02/2792102_image2_1.jpg,0,,0,,0,,0,,0,,0,,0,,1,63004,0,,0,,0,,0,,0,,0,,0,,0,,0,,2b91c56fc7b5196bc828c9238081678ed31b26a21a318ac516580238a40ca35b,hank-place-field-audit-v1,Stage3 Firestore snapshot; live read blocked by RESOURCE_EXHAUSTED
1294,kto-2790670,사일리커피,SEOGWIPO_CITY,west,서부 (대정),39,음식점,cafe,UNKNOWN,6,0,6,6,24,25,,1,사일리커피,1,39:음식점,1,제주특별자치도 서귀포시 대정읍 최남단해안로 412,0,,1,"33.2001734425,126.2757874827",0,,1,https://tong.visitkorea.or.kr/cms/resource/57/2790957_image2_1.jpg,0,,0,,0,,0,,0,,0,,0,,1,63513,0,,0,,0,,0,,0,,0,,0,,0,,0,,2b91c56fc7b5196bc828c9238081678ed31b26a21a318ac516580238a40ca35b,hank-place-field-audit-v1,Stage3 Firestore snapshot; live read blocked by RESOURCE_EXHAUSTED
1295,kto-2791194,어니스트밀크 본점,SEOGWIPO_CITY,east,동부 (성산),39,음식점,cafe,UNKNOWN,6,0,6,6,24,25,,1,어니스트밀크 본점,1,39:음식점,1,제주특별자치도 서귀포시 성산읍 중산간동로 3147-7,0,,1,"33.450441394,126.8718968106",0,,1,https://tong.visitkorea.or.kr/cms/resource/00/2791200_image2_1.jpg,0,,0,,0,,0,,0,,0,,0,,1,63630,0,,0,,0,,0,,0,,0,,0,,0,,0,,2b91c56fc7b5196bc828c9238081678ed31b26a21a318ac516580238a40ca35b,hank-place-field-audit-v1,Stage3 Firestore snapshot; live read blocked by RESOURCE_EXHAUSTED
1296,kto-2791213,오늘은녹차한잔,SEOGWIPO_CITY,east,동부 (표선),39,음식점,cafe,UNKNOWN,6,0,6,6,24,25,,1,오늘은녹차한잔,1,39:음식점,1,제주특별자치도 서귀포시 표선면 중산간동로 4772,0,,1,"33.381089421,126.7912859405",0,,1,https://tong.visitkorea.or.kr/cms/resource/22/2791222_image2_1.jpg,0,,0,,0,,0,,0,,0,,0,,1,63624,0,,0,,0,,0,,0,,0,,0,,0,,0,,2b91c56fc7b5196bc828c9238081678ed31b26a21a318ac516580238a40ca35b,hank-place-field-audit-v1,Stage3 Firestore snapshot; live read blocked by RESOURCE_EXHAUSTED
1297,kto-2791430,불란지야시장,SEOGWIPO_CITY,seogwipo,서귀포시,38,쇼핑,spot,UNKNOWN,6,0,6,6,24,25,,1,불란지야시장,1,38:쇼핑,1,제주특별자치도 서귀포시 중문상로17번길 4 (중문동),0,,1,"33.2502965427,126.4240090737",0,,1,https://tong.visitkorea.or.kr/cms/resource/88/2800688_image2_1.jpg,0,,0,,0,,0,,0,,0,,0,,1,63546,0,,0,,0,,0,,0,,0,,0,,0,,0,,2b91c56fc7b5196bc828c9238081678ed31b26a21a318ac516580238a40ca35b,hank-place-field-audit-v1,Stage3 Firestore snapshot; live read blocked by RESOURCE_EXHAUSTED
1298,kto-2791433,고내포구,JEJU_CITY,west,서부 (애월),12,관광지,spot,UNKNOWN,6,0,6,6,24,25,,1,고내포구,1,12:관광지,1,제주특별자치도 제주시 애월읍 고내리 1111-4,0,,1,"33.4670588041,126.3379150223",0,,1,https://tong.visitkorea.or.kr/cms/resource/19/3589219_image2_1.jpg,0,,0,,0,,0,,0,,0,,0,,1,63045,0,,0,,0,,0,,0,,0,,0,,0,,0,,2b91c56fc7b5196bc828c9238081678ed31b26a21a318ac516580238a40ca35b,hank-place-field-audit-v1,Stage3 Firestore snapshot; live read blocked by RESOURCE_EXHAUSTED
1299,kto-2791473,제주커피박물관 바움,SEOGWIPO_CITY,east,동부 (성산),14,문화시설,spot,UNKNOWN,6,0,6,6,24,25,,1,제주커피박물관 바움,1,14:문화시설,1,제주특별자치도 서귀포시 성산읍 서성일로1168번길 89-17,0,,1,"33.4398649542,126.8991519589",0,,1,https://tong.visitkorea.or.kr/cms/resource/83/3548483_image2_1.jpg,0,,0,,0,,0,,0,,0,,0,,1,63641,0,,0,,0,,0,,0,,0,,0,,0,,0,,2b91c56fc7b5196bc828c9238081678ed31b26a21a318ac516580238a40ca35b,hank-place-field-audit-v1,Stage3 Firestore snapshot; live read blocked by RESOURCE_EXHAUSTED
1300,kto-2791481,가시아방국수,SEOGWIPO_CITY,east,동부 (성산),39,음식점,food,UNKNOWN,6,0,6,6,24,25,,1,가시아방국수,1,39:음식점,1,제주특별자치도 서귀포시 성산읍 섭지코지로 10,0,,1,"33.4386573313,126.9180930788",0,,1,https://tong.visitkorea.or.kr/cms/resource/08/2800608_image2_1.jpg,0,,0,,0,,0,,0,,0,,0,,1,63641,0,,0,,0,,0,,0,,0,,0,,0,,0,,2b91c56fc7b5196bc828c9238081678ed31b26a21a318ac516580238a40ca35b,hank-place-field-audit-v1,Stage3 Firestore snapshot; live read blocked by RESOURCE_EXHAUSTED
1301,kto-2791501,애월해안도로,JEJU_CITY,west,서부 (애월),12,관광지,spot,UNKNOWN,6,0,6,6,24,25,,1,애월해안도로,1,12:관광지,1,제주특별자치도 제주시 애월읍 구엄리,0,,1,"33.4825,126.3754",0,,1,https://tong.visitkorea.or.kr/cms/resource/43/4073543_image2_1.jpg,0,,0,,0,,0,,0,,0,,0,,1,63049,0,,0,,0,,0,,0,,0,,0,,0,,0,,2b91c56fc7b5196bc828c9238081678ed31b26a21a318ac516580238a40ca35b,hank-place-field-audit-v1,Stage3 Firestore snapshot; live read blocked by RESOURCE_EXHAUSTED
1302,kto-2791523,제주양떼목장,JEJU_CITY,west,서부 (애월),12,관광지,spot,UNKNOWN,6,0,6,6,24,25,,1,제주양떼목장,1,12:관광지,1,제주특별자치도 제주시 애월읍 도치돌길 289-13,0,,1,"33.411238,126.365306",0,,1,https://tong.visitkorea.or.kr/cms/resource/29/4073429_image2_1.jpg,0,,0,,0,,0,,0,,0,,0,,1,63035,0,,0,,0,,0,,0,,0,,0,,0,,0,,2b91c56fc7b5196bc828c9238081678ed31b26a21a318ac516580238a40ca35b,hank-place-field-audit-v1,Stage3 Firestore snapshot; live read blocked by RESOURCE_EXHAUSTED
1303,kto-2792522,면뽑는선생 만두빚는아내,JEJU_CITY,west,서부 (한림),39,음식점,food,UNKNOWN,6,0,6,6,24,25,,1,면뽑는선생 만두빚는아내,1,39:음식점,1,제주특별자치도 제주시 한림읍 일주서로 5608,1,1층,1,"33.42757969913289,126.27762467046958",0,,0,,0,,0,,0,,0,,0,,0,,0,,1,63026,0,,0,,0,,0,,0,,0,,0,,0,,0,,2b91c56fc7b5196bc828c9238081678ed31b26a21a318ac516580238a40ca35b,hank-place-field-audit-v1,Stage3 Firestore snapshot; live read blocked by RESOURCE_EXHAUSTED
1304,kto-2792533,버드나무집,JEJU_CITY,east,동부 (조천),39,음식점,food,UNKNOWN,6,0,6,6,24,25,,1,버드나무집,1,39:음식점,1,제주특별자치도 제주시 조천읍 신북로 540,0,,1,"33.5413197163,126.6673958034",0,,1,https://tong.visitkorea.or.kr/cms/resource/01/2799701_image2_1.jpg,0,,0,,0,,0,,0,,0,,0,,1,63333,0,,0,,0,,0,,0,,0,,0,,0,,0,,2b91c56fc7b5196bc828c9238081678ed31b26a21a318ac516580238a40ca35b,hank-place-field-audit-v1,Stage3 Firestore snapshot; live read blocked by RESOURCE_EXHAUSTED
1305,kto-2792535,선흘곶,JEJU_CITY,east,동부 (조천),39,음식점,food,UNKNOWN,6,0,6,6,24,25,,1,선흘곶,1,39:음식점,1,제주특별자치도 제주시 조천읍 선흘서2길 22,0,,1,"33.5108928938,126.6901500792",0,,1,https://tong.visitkorea.or.kr/cms/resource/08/2799608_image2_1.jpg,0,,0,,0,,0,,0,,0,,0,,1,63340,0,,0,,0,,0,,0,,0,,0,,0,,0,,2b91c56fc7b5196bc828c9238081678ed31b26a21a318ac516580238a40ca35b,hank-place-field-audit-v1,Stage3 Firestore snapshot; live read blocked by RESOURCE_EXHAUSTED
1306,kto-2792536,안녕협재씨,JEJU_CITY,west,서부 (한림),39,음식점,food,UNKNOWN,6,0,6,6,24,25,,1,안녕협재씨,1,39:음식점,1,제주특별자치도 제주시 한림읍 금능길 12,0,,1,"33.3865992669,126.2249905356",0,,1,https://tong.visitkorea.or.kr/cms/resource/20/2799720_image2_1.jpg,0,,0,,0,,0,,0,,0,,0,,1,63010,0,,0,,0,,0,,0,,0,,0,,0,,0,,2b91c56fc7b5196bc828c9238081678ed31b26a21a318ac516580238a40ca35b,hank-place-field-audit-v1,Stage3 Firestore snapshot; live read blocked by RESOURCE_EXHAUSTED
1307,kto-2792539,한림칼국수 제주본점,JEJU_CITY,west,서부 (한림),39,음식점,food,UNKNOWN,6,0,6,6,24,25,,1,한림칼국수 제주본점,1,39:음식점,1,제주특별자치도 제주시 한림읍 한림해안로 141,0,,1,"33.4155966307,126.2615172662",0,,1,https://tong.visitkorea.or.kr/cms/resource/03/2800503_image2_1.jpg,0,,0,,0,,0,,0,,0,,0,,1,63032,0,,0,,0,,0,,0,,0,,0,,0,,0,,2b91c56fc7b5196bc828c9238081678ed31b26a21a318ac516580238a40ca35b,hank-place-field-audit-v1,Stage3 Firestore snapshot; live read blocked by RESOURCE_EXHAUSTED
1308,kto-2792543,협재 수우동,JEJU_CITY,west,서부 (한림),39,음식점,food,UNKNOWN,6,0,6,6,24,25,,1,협재 수우동,1,39:음식점,1,제주특별자치도 제주시 한림읍 협재1길 11,0,,1,"33.3965428856,126.2424860137",0,,1,https://tong.visitkorea.or.kr/cms/resource/36/2800436_image2_1.jpg,0,,0,,0,,0,,0,,0,,0,,1,63011,0,,0,,0,,0,,0,,0,,0,,0,,0,,2b91c56fc7b5196bc828c9238081678ed31b26a21a318ac516580238a40ca35b,hank-place-field-audit-v1,Stage3 Firestore snapshot; live read blocked by RESOURCE_EXHAUSTED
1309,kto-2792565,이호테우 말 등대,JEJU_CITY,jeju_city,제주시,12,관광지,spot,UNKNOWN,6,0,6,6,24,25,,1,이호테우 말 등대,1,12:관광지,1,제주특별자치도 제주시 서해안로 58 (이호일동),0,,1,"33.501884,126.452066",0,,1,https://tong.visitkorea.or.kr/cms/resource/48/4073448_image2_1.jpg,0,,0,,0,,0,,0,,0,,0,,1,63108,0,,0,,0,,0,,0,,0,,0,,0,,0,,2b91c56fc7b5196bc828c9238081678ed31b26a21a318ac516580238a40ca35b,hank-place-field-audit-v1,Stage3 Firestore snapshot; live read blocked by RESOURCE_EXHAUSTED
1310,kto-2792568,조천함덕해안도로,JEJU_CITY,east,동부 (조천),12,관광지,spot,UNKNOWN,6,0,6,6,24,25,,1,조천함덕해안도로,1,12:관광지,1,제주특별자치도 제주시 조천읍 조함해안로 일대,0,,1,"33.542789,126.670523",0,,1,https://tong.visitkorea.or.kr/cms/resource/92/3553692_image2_1.jpg,0,,0,,0,,0,,0,,0,,0,,1,63333,0,,0,,0,,0,,0,,0,,0,,0,,0,,2b91c56fc7b5196bc828c9238081678ed31b26a21a318ac516580238a40ca35b,hank-place-field-audit-v1,Stage3 Firestore snapshot; live read blocked by RESOURCE_EXHAUSTED
1311,kto-2792595,자구내포구,JEJU_CITY,west,서부 (한경),12,관광지,spot,UNKNOWN,6,0,6,6,24,25,,1,자구내포구,1,12:관광지,1,제주특별자치도 제주시 한경면 노을해안로 1161,0,,1,"33.3093600615,126.1651397772",0,,1,https://tong.visitkorea.or.kr/cms/resource/16/3553716_image2_1.jpg,0,,0,,0,,0,,0,,0,,0,,1,63008,0,,0,,0,,0,,0,,0,,0,,0,,0,,2b91c56fc7b5196bc828c9238081678ed31b26a21a318ac516580238a40ca35b,hank-place-field-audit-v1,Stage3 Firestore snapshot; live read blocked by RESOURCE_EXHAUSTED
1312,kto-2792599,한림항,JEJU_CITY,west,서부 (한림),12,관광지,spot,UNKNOWN,6,0,6,6,24,25,,1,한림항,1,12:관광지,1,제주특별자치도 제주시 한림읍 한림해안로 192,0,,1,"33.4190907055,126.2625726517",0,,1,https://tong.visitkorea.or.kr/cms/resource/65/3554865_image2_1.jpg,0,,0,,0,,0,,0,,0,,0,,1,63031,0,,0,,0,,0,,0,,0,,0,,0,,0,,2b91c56fc7b5196bc828c9238081678ed31b26a21a318ac516580238a40ca35b,hank-place-field-audit-v1,Stage3 Firestore snapshot; live read blocked by RESOURCE_EXHAUSTED
1313,kto-2792603,협재포구,JEJU_CITY,west,서부 (한림),12,관광지,spot,UNKNOWN,6,0,6,6,24,25,,1,협재포구,1,12:관광지,1,제주특별자치도 제주시 한림읍 협재리,0,,1,"33.3989,126.2426",0,,1,https://tong.visitkorea.or.kr/cms/resource/75/3553775_image2_1.jpg,0,,0,,0,,0,,0,,0,,0,,1,63011,0,,0,,0,,0,,0,,0,,0,,0,,0,,2b91c56fc7b5196bc828c9238081678ed31b26a21a318ac516580238a40ca35b,hank-place-field-audit-v1,Stage3 Firestore snapshot; live read blocked by RESOURCE_EXHAUSTED
1314,kto-2794667,사수항,JEJU_CITY,jeju_city,제주시,12,관광지,spot,UNKNOWN,6,0,6,6,24,25,,1,사수항,1,12:관광지,1,제주특별자치도 제주시 서해안로 319 (도두이동),0,,1,"33.50960274,126.4795124385",0,,1,https://tong.visitkorea.or.kr/cms/resource/47/3553747_image2_1.jpg,0,,0,,0,,0,,0,,0,,0,,1,63112,0,,0,,0,,0,,0,,0,,0,,0,,0,,2b91c56fc7b5196bc828c9238081678ed31b26a21a318ac516580238a40ca35b,hank-place-field-audit-v1,Stage3 Firestore snapshot; live read blocked by RESOURCE_EXHAUSTED
1315,kto-2794971,일통이반,JEJU_CITY,jeju_city,제주시,39,음식점,food,UNKNOWN,6,0,6,6,24,25,,1,일통이반,1,39:음식점,1,제주특별자치도 제주시 중앙로2길 25 (삼도이동),0,,1,"33.5171006294,126.5220923173",0,,1,https://tong.visitkorea.or.kr/cms/resource/48/2798548_image2_1.JPG,0,,0,,0,,0,,0,,0,,0,,1,63166,0,,0,,0,,0,,0,,0,,0,,0,,0,,2b91c56fc7b5196bc828c9238081678ed31b26a21a318ac516580238a40ca35b,hank-place-field-audit-v1,Stage3 Firestore snapshot; live read blocked by RESOURCE_EXHAUSTED
1316,kto-2798046,김택화 미술관,JEJU_CITY,east,동부 (조천),14,문화시설,spot,UNKNOWN,6,0,6,6,24,25,,1,김택화 미술관,1,14:문화시설,1,제주특별자치도 제주시 조천읍 신흥로 1,0,,1,"33.5437572078,126.6531779586",0,,1,https://tong.visitkorea.or.kr/cms/resource/71/3552971_image2_1.jpg,0,,0,,0,,0,,0,,0,,0,,1,63332,0,,0,,0,,0,,0,,0,,0,,0,,0,,2b91c56fc7b5196bc828c9238081678ed31b26a21a318ac516580238a40ca35b,hank-place-field-audit-v1,Stage3 Firestore snapshot; live read blocked by RESOURCE_EXHAUSTED
1317,kto-2798131,성산포JC공원,SEOGWIPO_CITY,east,동부 (성산),12,관광지,spot,UNKNOWN,6,0,6,6,24,25,,1,성산포JC공원,1,12:관광지,1,제주특별자치도 서귀포시 성산읍 고성리,0,,1,"33.4548,126.9262",0,,1,https://tong.visitkorea.or.kr/cms/resource/86/3550586_image2_1.jpg,0,,0,,0,,0,,0,,0,,0,,1,63641,0,,0,,0,,0,,0,,0,,0,,0,,0,,2b91c56fc7b5196bc828c9238081678ed31b26a21a318ac516580238a40ca35b,hank-place-field-audit-v1,Stage3 Firestore snapshot; live read blocked by RESOURCE_EXHAUSTED
1318,kto-2798882,제주 우도 천진항 대합실,JEJU_CITY,jeju_city,제주시,12,관광지,spot,UNKNOWN,6,0,6,6,24,25,,1,제주 우도 천진항 대합실,1,12:관광지,1,제주특별자치도 제주시 우도면 우도해안길 70,0,,1,"33.4928352215,126.9515555965",0,,1,https://tong.visitkorea.or.kr/cms/resource/24/3556224_image2_1.jpg,0,,0,,0,,0,,0,,0,,0,,1,63365,0,,0,,0,,0,,0,,0,,0,,0,,0,,2b91c56fc7b5196bc828c9238081678ed31b26a21a318ac516580238a40ca35b,hank-place-field-audit-v1,Stage3 Firestore snapshot; live read blocked by RESOURCE_EXHAUSTED
1319,kto-2798892,화북포구,JEJU_CITY,jeju_city,제주시,12,관광지,spot,UNKNOWN,6,0,6,6,24,25,,1,화북포구,1,12:관광지,1,제주특별자치도 제주시 화북1동,0,,1,"33.5255051282,126.5645505112",0,,1,https://tong.visitkorea.or.kr/cms/resource/93/3555293_image2_1.jpg,0,,0,,0,,0,,0,,0,,0,,1,63286,0,,0,,0,,0,,0,,0,,0,,0,,0,,2b91c56fc7b5196bc828c9238081678ed31b26a21a318ac516580238a40ca35b,hank-place-field-audit-v1,Stage3 Firestore snapshot; live read blocked by RESOURCE_EXHAUSTED
1320,kto-2799740,비양도선착장,JEJU_CITY,west,서부 (한림),12,관광지,spot,UNKNOWN,6,0,6,6,24,25,,1,비양도선착장,1,12:관광지,1,제주특별자치도 제주시 한림읍 한림해안로 192,0,,1,"33.4190599358847,126.262561589665",0,,1,https://tong.visitkorea.or.kr/cms/resource/68/3556268_image2_1.jpg,0,,0,,0,,0,,0,,0,,0,,1,63031,0,,0,,0,,0,,0,,0,,0,,0,,0,,2b91c56fc7b5196bc828c9238081678ed31b26a21a318ac516580238a40ca35b,hank-place-field-audit-v1,Stage3 Firestore snapshot; live read blocked by RESOURCE_EXHAUSTED
1321,kto-2800664,제주 성산항,SEOGWIPO_CITY,east,동부 (성산),12,관광지,spot,UNKNOWN,6,0,6,6,24,25,,1,제주 성산항,1,12:관광지,1,제주특별자치도 서귀포시 성산읍 성산등용로 129-21,0,,1,"33.4725172154,126.9299066818",0,,1,https://tong.visitkorea.or.kr/cms/resource/00/3550600_image2_1.jpg,0,,0,,0,,0,,0,,0,,0,,1,63643,0,,0,,0,,0,,0,,0,,0,,0,,0,,2b91c56fc7b5196bc828c9238081678ed31b26a21a318ac516580238a40ca35b,hank-place-field-audit-v1,Stage3 Firestore snapshot; live read blocked by RESOURCE_EXHAUSTED
1322,kto-2801985,다람쥐민박,JEJU_CITY,east,동부 (조천),32,숙박,stay,UNKNOWN,6,0,6,6,24,25,,1,다람쥐민박,1,32:숙박,1,제주특별자치도 제주시 조천읍 함덕14길 20-2,0,,1,"33.5406077705,126.6652963486",0,,1,https://tong.visitkorea.or.kr/cms/resource/64/4079364_image2_1.jpg,0,,0,,0,,0,,0,,0,,0,,1,63333,0,,0,,0,,0,,0,,0,,0,,0,,0,,2b91c56fc7b5196bc828c9238081678ed31b26a21a318ac516580238a40ca35b,hank-place-field-audit-v1,Stage3 Firestore snapshot; live read blocked by RESOURCE_EXHAUSTED
1323,kto-2802732,카페 귤꽃다락,SEOGWIPO_CITY,seogwipo,서귀포시,39,음식점,cafe,UNKNOWN,6,0,6,6,24,25,,1,카페 귤꽃다락,1,39:음식점,1,제주특별자치도 서귀포시 이어도로1027번길 34,0,,1,"33.2464388857,126.522523388",0,,1,https://tong.visitkorea.or.kr/cms/resource/11/3564111_image2_1.jpg,0,,0,,0,,0,,0,,0,,0,,1,63571,0,,0,,0,,0,,0,,0,,0,,0,,0,,2b91c56fc7b5196bc828c9238081678ed31b26a21a318ac516580238a40ca35b,hank-place-field-audit-v1,Stage3 Firestore snapshot; live read blocked by RESOURCE_EXHAUSTED
1324,kto-2804378,효은디저트,SEOGWIPO_CITY,west,서부 (안덕),39,음식점,cafe,UNKNOWN,6,0,6,6,24,25,,1,효은디저트,1,39:음식점,1,제주특별자치도 서귀포시 안덕면 화순해안로 189,0,,1,"33.2455333133,126.3388976667",0,,1,https://tong.visitkorea.or.kr/cms/resource/92/3574992_image2_1.jpg,0,,0,,0,,0,,0,,0,,0,,1,63530,0,,0,,0,,0,,0,,0,,0,,0,,0,,2b91c56fc7b5196bc828c9238081678ed31b26a21a318ac516580238a40ca35b,hank-place-field-audit-v1,Stage3 Firestore snapshot; live read blocked by RESOURCE_EXHAUSTED
1325,kto-2805483,올티스,JEJU_CITY,east,동부 (조천),39,음식점,food,UNKNOWN,6,0,6,6,24,25,,1,올티스,1,39:음식점,1,제주특별자치도 제주시 조천읍 거문오름길 (23-58),0,,1,"33.4630176457729,126.717426623728",0,,1,https://tong.visitkorea.or.kr/cms/resource/88/3505188_image2_1.png,0,,0,,0,,0,,0,,0,,0,,1,63341,0,,0,,0,,0,,0,,0,,0,,0,,0,,2b91c56fc7b5196bc828c9238081678ed31b26a21a318ac516580238a40ca35b,hank-place-field-audit-v1,Stage3 Firestore snapshot; live read blocked by RESOURCE_EXHAUSTED
1326,kto-2806115,제주동백수목원,SEOGWIPO_CITY,seogwipo,서귀포시,12,관광지,spot,UNKNOWN,6,0,6,6,24,25,,1,제주동백수목원,1,12:관광지,1,제주특별자치도 서귀포시 남원읍 태위로 288,0,,1,"33.2753,126.678",0,,1,https://tong.visitkorea.or.kr/cms/resource/38/3582838_image2_1.JPG,0,,0,,0,,0,,0,,0,,0,,1,63610,0,,0,,0,,0,,0,,0,,0,,0,,0,,2b91c56fc7b5196bc828c9238081678ed31b26a21a318ac516580238a40ca35b,hank-place-field-audit-v1,Stage3 Firestore snapshot; live read blocked by RESOURCE_EXHAUSTED
1327,kto-2806554,[하영올레] 1코스,SEOGWIPO_CITY,seogwipo,서귀포시,28,레포츠,spot,UNKNOWN,6,0,6,6,24,25,,1,[하영올레] 1코스,1,28:레포츠,1,"제주특별자치도 서귀포시 중앙로 (105, 서귀포시청)",0,,1,"33.2539525361,126.5597977665",0,,1,https://tong.visitkorea.or.kr/cms/resource/67/3585167_image2_1.jpg,0,,0,,0,,0,,0,,0,,0,,1,63584,0,,0,,0,,0,,0,,0,,0,,0,,0,,2b91c56fc7b5196bc828c9238081678ed31b26a21a318ac516580238a40ca35b,hank-place-field-audit-v1,Stage3 Firestore snapshot; live read blocked by RESOURCE_EXHAUSTED
1328,kto-2806555,[하영올레] 2코스,SEOGWIPO_CITY,seogwipo,서귀포시,28,레포츠,spot,UNKNOWN,6,0,6,6,24,25,,1,[하영올레] 2코스,1,28:레포츠,1,"제주특별자치도 서귀포시 중앙로 (105, 서귀포시청)",0,,1,"33.2539525361,126.5597977665",0,,1,https://tong.visitkorea.or.kr/cms/resource/87/3585187_image2_1.jpg,0,,0,,0,,0,,0,,0,,0,,1,63584,0,,0,,0,,0,,0,,0,,0,,0,,0,,2b91c56fc7b5196bc828c9238081678ed31b26a21a318ac516580238a40ca35b,hank-place-field-audit-v1,Stage3 Firestore snapshot; live read blocked by RESOURCE_EXHAUSTED
1329,kto-2806561,[하영올레] 3코스,SEOGWIPO_CITY,seogwipo,서귀포시,28,레포츠,spot,UNKNOWN,6,0,6,6,24,25,,1,[하영올레] 3코스,1,28:레포츠,1,"제주특별자치도 서귀포시 중앙로 (105, 서귀포시청)",0,,1,"33.25392275,126.5597849132",0,,1,https://tong.visitkorea.or.kr/cms/resource/70/4074070_image2_1.jpg,0,,0,,0,,0,,0,,0,,0,,1,63584,0,,0,,0,,0,,0,,0,,0,,0,,0,,2b91c56fc7b5196bc828c9238081678ed31b26a21a318ac516580238a40ca35b,hank-place-field-audit-v1,Stage3 Firestore snapshot; live read blocked by RESOURCE_EXHAUSTED
1330,kto-2806871,도토리키친,JEJU_CITY,jeju_city,제주시,39,음식점,food,UNKNOWN,6,0,6,6,24,25,,1,도토리키친,1,39:음식점,1,제주특별자치도 제주시 북성로 59 (삼도이동),0,,1,"33.5154174266,126.5186148802",0,,1,https://tong.visitkorea.or.kr/cms/resource/55/3556355_image2_1.png,0,,0,,0,,0,,0,,0,,0,,1,63167,0,,0,,0,,0,,0,,0,,0,,0,,0,,2b91c56fc7b5196bc828c9238081678ed31b26a21a318ac516580238a40ca35b,hank-place-field-audit-v1,Stage3 Firestore snapshot; live read blocked by RESOURCE_EXHAUSTED
1331,kto-2807124,채훈이네해장국,JEJU_CITY,west,서부 (한림),39,음식점,food,UNKNOWN,6,0,6,6,24,25,,1,채훈이네해장국,1,39:음식점,1,제주특별자치도 제주시 한림읍 한림상로 29,0,,1,"33.405408270718816,126.25864990083487",0,,1,https://tong.visitkorea.or.kr/cms/resource/47/2806847_image2_1.jpg,0,,0,,0,,0,,0,,0,,0,,1,63012,0,,0,,0,,0,,0,,0,,0,,0,,0,,2b91c56fc7b5196bc828c9238081678ed31b26a21a318ac516580238a40ca35b,hank-place-field-audit-v1,Stage3 Firestore snapshot; live read blocked by RESOURCE_EXHAUSTED
1332,kto-2808238,청춘부부,SEOGWIPO_CITY,west,서부 (대정),39,음식점,food,UNKNOWN,6,0,6,6,24,25,,1,청춘부부,1,39:음식점,1,제주특별자치도 서귀포시 대정읍 추사로38번길 181,0,,1,"33.26592644715277,126.27910964046517",0,,1,https://tong.visitkorea.or.kr/cms/resource/08/3510608_image2_1.jpeg,0,,0,,0,,0,,0,,0,,0,,1,63520,0,,0,,0,,0,,0,,0,,0,,0,,0,,2b91c56fc7b5196bc828c9238081678ed31b26a21a318ac516580238a40ca35b,hank-place-field-audit-v1,Stage3 Firestore snapshot; live read blocked by RESOURCE_EXHAUSTED
1333,kto-2809900,묘한식당,JEJU_CITY,jeju_city,제주시,39,음식점,food,UNKNOWN,6,0,6,6,24,25,,1,묘한식당,1,39:음식점,1,제주특별자치도 제주시 녹차분재로 601,0,,1,"33.3226211550477,126.262127681162",0,,1,https://tong.visitkorea.or.kr/cms/resource/98/2809898_image2_1.jpg,0,,0,,0,,0,,0,,0,,0,,1,63005,0,,0,,0,,0,,0,,0,,0,,0,,0,,2b91c56fc7b5196bc828c9238081678ed31b26a21a318ac516580238a40ca35b,hank-place-field-audit-v1,Stage3 Firestore snapshot; live read blocked by RESOURCE_EXHAUSTED
1334,kto-2810906,식당 마요네즈,JEJU_CITY,jeju_city,제주시,39,음식점,food,UNKNOWN,6,0,6,6,24,25,,1,식당 마요네즈,1,39:음식점,1,제주특별자치도 제주시 다랑곶3길 18 (노형동),0,,1,"33.488910946477056,126.47866420861264",0,,1,https://tong.visitkorea.or.kr/cms/resource/48/4064748_image2_1.JPG,0,,0,,0,,0,,0,,0,,0,,1,63097,0,,0,,0,,0,,0,,0,,0,,0,,0,,2b91c56fc7b5196bc828c9238081678ed31b26a21a318ac516580238a40ca35b,hank-place-field-audit-v1,Stage3 Firestore snapshot; live read blocked by RESOURCE_EXHAUSTED
1335,kto-2811459,훈데르트윈즈,JEJU_CITY,jeju_city,제주시,39,음식점,cafe,UNKNOWN,6,0,6,6,24,25,,1,훈데르트윈즈,1,39:음식점,1,제주특별자치도 제주시 우도해안길 32-2,0,,1,"33.4921103615,126.9552580701",0,,1,https://tong.visitkorea.or.kr/cms/resource/56/2811456_image2_1.jpg,0,,0,,0,,0,,0,,0,,0,,1,63365,0,,0,,0,,0,,0,,0,,0,,0,,0,,2b91c56fc7b5196bc828c9238081678ed31b26a21a318ac516580238a40ca35b,hank-place-field-audit-v1,Stage3 Firestore snapshot; live read blocked by RESOURCE_EXHAUSTED
1336,kto-2811460,카페 톨칸이,JEJU_CITY,jeju_city,제주시,39,음식점,cafe,UNKNOWN,6,0,6,6,24,25,,1,카페 톨칸이,1,39:음식점,1,제주특별자치도 제주시 우도면 우도해안길 32-24,0,,1,"33.4940129228,126.9548691711",0,,1,https://tong.visitkorea.or.kr/cms/resource/54/2811454_image2_1.jpg,0,,0,,0,,0,,0,,0,,0,,1,63365,0,,0,,0,,0,,0,,0,,0,,0,,0,,2b91c56fc7b5196bc828c9238081678ed31b26a21a318ac516580238a40ca35b,hank-place-field-audit-v1,Stage3 Firestore snapshot; live read blocked by RESOURCE_EXHAUSTED
1337,kto-2814168,스테리나잇 제주,JEJU_CITY,west,서부 (애월),32,숙박,stay,UNKNOWN,6,0,6,6,24,25,,1,스테리나잇 제주,1,32:숙박,1,제주특별자치도 제주시 애월로 37,0,,1,"33.46217616119779,126.3122701478439",0,,1,https://tong.visitkorea.or.kr/cms/resource/82/2813382_image2_1.jpg,0,,0,,0,,0,,0,,0,,0,,1,63043,0,,0,,0,,0,,0,,0,,0,,0,,0,,2b91c56fc7b5196bc828c9238081678ed31b26a21a318ac516580238a40ca35b,hank-place-field-audit-v1,Stage3 Firestore snapshot; live read blocked by RESOURCE_EXHAUSTED
1338,kto-2814169,쿠지홀리데이,SEOGWIPO_CITY,seogwipo,서귀포시,32,숙박,stay,UNKNOWN,6,0,6,6,24,25,,1,쿠지홀리데이,1,32:숙박,1,제주특별자치도 서귀포시 난산로 100,0,,1,"33.402589626,126.8651283143",0,,1,https://tong.visitkorea.or.kr/cms/resource/19/4079319_image2_1.jpg,0,,0,,0,,0,,0,,0,,0,,1,63632,0,,0,,0,,0,,0,,0,,0,,0,,0,,2b91c56fc7b5196bc828c9238081678ed31b26a21a318ac516580238a40ca35b,hank-place-field-audit-v1,Stage3 Firestore snapshot; live read blocked by RESOURCE_EXHAUSTED
1339,kto-2815586,독고집,SEOGWIPO_CITY,east,동부 (성산),39,음식점,food,UNKNOWN,6,0,6,6,24,25,,1,독고집,1,39:음식점,1,제주특별자치도 서귀포시 성산읍 동류암로 43-1,0,,1,"33.4486601939,126.9158640459",0,,1,https://tong.visitkorea.or.kr/cms/resource/11/3578911_image2_1.jpg,0,,0,,0,,0,,0,,0,,0,,1,63640,0,,0,,0,,0,,0,,0,,0,,0,,0,,2b91c56fc7b5196bc828c9238081678ed31b26a21a318ac516580238a40ca35b,hank-place-field-audit-v1,Stage3 Firestore snapshot; live read blocked by RESOURCE_EXHAUSTED
1340,kto-2818722,모루쿠다,SEOGWIPO_CITY,seogwipo,서귀포시,39,음식점,food,UNKNOWN,6,0,6,6,24,25,,1,모루쿠다,1,39:음식점,1,제주특별자치도 서귀포시 태평로431번길 32,1,1층,1,"33.2482985049234,126.566170559155",0,,0,,0,,0,,0,,0,,0,,0,,0,,1,63595,0,,0,,0,,0,,0,,0,,0,,0,,0,,2b91c56fc7b5196bc828c9238081678ed31b26a21a318ac516580238a40ca35b,hank-place-field-audit-v1,Stage3 Firestore snapshot; live read blocked by RESOURCE_EXHAUSTED
1341,kto-2819519,소길별하,JEJU_CITY,west,서부 (애월),38,쇼핑,spot,UNKNOWN,6,0,6,6,24,25,,1,소길별하,1,38:쇼핑,1,제주특별자치도 제주시 애월읍 소길남길 34-37,0,,1,"33.4304884065,126.3744134023",0,,1,https://tong.visitkorea.or.kr/cms/resource/24/4074824_image2_1.jpg,0,,0,,0,,0,,0,,0,,0,,1,63037,0,,0,,0,,0,,0,,0,,0,,0,,0,,2b91c56fc7b5196bc828c9238081678ed31b26a21a318ac516580238a40ca35b,hank-place-field-audit-v1,Stage3 Firestore snapshot; live read blocked by RESOURCE_EXHAUSTED
1342,kto-2819792,그시절그짬뽕,JEJU_CITY,west,서부 (한림),39,음식점,food,UNKNOWN,6,0,6,6,24,25,,1,그시절그짬뽕,1,39:음식점,1,제주특별자치도 제주시 한림북동길 7,1,1층 115호,1,"33.4155825901235,126.2642698421",0,,0,,0,,0,,0,,0,,0,,0,,0,,1,63031,0,,0,,0,,0,,0,,0,,0,,0,,0,,2b91c56fc7b5196bc828c9238081678ed31b26a21a318ac516580238a40ca35b,hank-place-field-audit-v1,Stage3 Firestore snapshot; live read blocked by RESOURCE_EXHAUSTED
1343,kto-2819964,그랜드 조선 제주,SEOGWIPO_CITY,seogwipo,서귀포시,32,숙박,stay,UNKNOWN,6,0,6,6,24,25,,1,그랜드 조선 제주,1,32:숙박,1,제주특별자치도 서귀포시 중문관광로72번길 60,0,,1,"33.2524,126.4081",0,,1,https://tong.visitkorea.or.kr/cms/resource/46/4072546_image2_1.jpg,0,,0,,0,,0,,0,,0,,0,,1,63535,0,,0,,0,,0,,0,,0,,0,,0,,0,,2b91c56fc7b5196bc828c9238081678ed31b26a21a318ac516580238a40ca35b,hank-place-field-audit-v1,Stage3 Firestore snapshot; live read blocked by RESOURCE_EXHAUSTED
1344,kto-2820293,바다다이브,SEOGWIPO_CITY,seogwipo,서귀포시,28,레포츠,spot,UNKNOWN,6,0,6,6,24,25,,1,바다다이브,1,28:레포츠,1,제주특별자치도 서귀포시 동홍로12번길 5 (서귀동),0,,1,"33.2498095439,126.5684825434",0,,1,https://tong.visitkorea.or.kr/cms/resource/67/2820267_image2_1.jpg,0,,0,,0,,0,,0,,0,,0,,1,63590,0,,0,,0,,0,,0,,0,,0,,0,,0,,2b91c56fc7b5196bc828c9238081678ed31b26a21a318ac516580238a40ca35b,hank-place-field-audit-v1,Stage3 Firestore snapshot; live read blocked by RESOURCE_EXHAUSTED
1345,kto-2822432,서귀진지,SEOGWIPO_CITY,seogwipo,서귀포시,12,관광지,spot,UNKNOWN,6,0,6,6,24,25,,1,서귀진지,1,12:관광지,1,제주특별자치도 서귀포시 솔동산로11번길 8-18 (서귀동),0,,1,"33.243,126.5644",0,,1,https://tong.visitkorea.or.kr/cms/resource/11/4074011_image2_1.jpg,0,,0,,0,,0,,0,,0,,0,,1,63596,0,,0,,0,,0,,0,,0,,0,,0,,0,,2b91c56fc7b5196bc828c9238081678ed31b26a21a318ac516580238a40ca35b,hank-place-field-audit-v1,Stage3 Firestore snapshot; live read blocked by RESOURCE_EXHAUSTED
1346,kto-2822959,히든 클리프 호텔 & 네이쳐,SEOGWIPO_CITY,seogwipo,서귀포시,32,숙박,stay,UNKNOWN,6,0,6,6,24,25,,1,히든 클리프 호텔 & 네이쳐,1,32:숙박,1,제주특별자치도 서귀포시 예래해안로 542 (상예동),0,,1,"33.2547288819,126.4025949192",0,,1,https://tong.visitkorea.or.kr/cms/resource/23/4072623_image2_1.jpg,0,,0,,0,,0,,0,,0,,0,,1,63536,0,,0,,0,,0,,0,,0,,0,,0,,0,,2b91c56fc7b5196bc828c9238081678ed31b26a21a318ac516580238a40ca35b,hank-place-field-audit-v1,Stage3 Firestore snapshot; live read blocked by RESOURCE_EXHAUSTED
1347,kto-2825249,금갈치,JEJU_CITY,jeju_city,제주시,39,음식점,food,UNKNOWN,6,0,6,6,24,25,,1,금갈치,1,39:음식점,1,제주특별자치도 제주시 고마로19길 2,1,1층,1,"33.5045294311807,126.541969758826",0,,0,,0,,0,,0,,0,,0,,0,,0,,1,63255,0,,0,,0,,0,,0,,0,,0,,0,,0,,2b91c56fc7b5196bc828c9238081678ed31b26a21a318ac516580238a40ca35b,hank-place-field-audit-v1,Stage3 Firestore snapshot; live read blocked by RESOURCE_EXHAUSTED
1348,kto-2829949,연돈,SEOGWIPO_CITY,seogwipo,서귀포시,39,음식점,food,UNKNOWN,6,0,6,6,24,25,,1,연돈,1,39:음식점,1,제주특별자치도 서귀포시 색달로 10 (색달동),0,,1,"33.2588912291,126.4061248696",0,,1,https://tong.visitkorea.or.kr/cms/resource/46/2829946_image2_1.jpg,0,,0,,0,,0,,0,,0,,0,,1,63534,0,,0,,0,,0,,0,,0,,0,,0,,0,,2b91c56fc7b5196bc828c9238081678ed31b26a21a318ac516580238a40ca35b,hank-place-field-audit-v1,Stage3 Firestore snapshot; live read blocked by RESOURCE_EXHAUSTED
1349,kto-2830204,무로이,SEOGWIPO_CITY,seogwipo,서귀포시,39,음식점,cafe,UNKNOWN,6,0,6,6,24,25,,1,무로이,1,39:음식점,1,제주특별자치도 서귀포시 동광본동로 21,0,,1,"33.3078014028,126.3368020179",0,,1,https://tong.visitkorea.or.kr/cms/resource/96/2830196_image2_1.JPG,0,,0,,0,,0,,0,,0,,0,,1,63523,0,,0,,0,,0,,0,,0,,0,,0,,0,,2b91c56fc7b5196bc828c9238081678ed31b26a21a318ac516580238a40ca35b,hank-place-field-audit-v1,Stage3 Firestore snapshot; live read blocked by RESOURCE_EXHAUSTED
1350,kto-2830340,우유부단,JEJU_CITY,jeju_city,제주시,39,음식점,cafe,UNKNOWN,6,0,6,6,24,25,,1,우유부단,1,39:음식점,1,제주특별자치도 제주시 금악동길 38,0,,1,"33.3476524167,126.3280741083",0,,1,https://tong.visitkorea.or.kr/cms/resource/33/2830333_image2_1.JPG,0,,0,,0,,0,,0,,0,,0,,1,63021,0,,0,,0,,0,,0,,0,,0,,0,,0,,2b91c56fc7b5196bc828c9238081678ed31b26a21a318ac516580238a40ca35b,hank-place-field-audit-v1,Stage3 Firestore snapshot; live read blocked by RESOURCE_EXHAUSTED
1351,kto-2830500,그럼외도,JEJU_CITY,jeju_city,제주시,39,음식점,cafe,UNKNOWN,6,0,6,6,24,25,,1,그럼외도,1,39:음식점,1,제주특별자치도 제주시 월대3길 16,0,,1,"33.4942462039,126.434039381",0,,1,https://tong.visitkorea.or.kr/cms/resource/95/2830495_image2_1.JPG,0,,0,,0,,0,,0,,0,,0,,1,63068,0,,0,,0,,0,,0,,0,,0,,0,,0,,2b91c56fc7b5196bc828c9238081678ed31b26a21a318ac516580238a40ca35b,hank-place-field-audit-v1,Stage3 Firestore snapshot; live read blocked by RESOURCE_EXHAUSTED
1352,kto-2831590,고집돌우럭 중문점,SEOGWIPO_CITY,seogwipo,서귀포시,39,음식점,food,UNKNOWN,6,0,6,6,24,25,,1,고집돌우럭 중문점,1,39:음식점,1,제주특별자치도 서귀포시 일주서로 879 (색달동),0,,1,"33.2580109376,126.4167184145",0,,1,https://tong.visitkorea.or.kr/cms/resource/40/2832740_image2_1.jpg,0,,0,,0,,0,,0,,0,,0,,1,63534,0,,0,,0,,0,,0,,0,,0,,0,,0,,2b91c56fc7b5196bc828c9238081678ed31b26a21a318ac516580238a40ca35b,hank-place-field-audit-v1,Stage3 Firestore snapshot; live read blocked by RESOURCE_EXHAUSTED
1353,kto-2831622,미쁜제과,SEOGWIPO_CITY,seogwipo,서귀포시,39,음식점,cafe,UNKNOWN,6,0,6,6,24,25,,1,미쁜제과,1,39:음식점,1,제주특별자치도 서귀포시 도원남로 16,0,,1,"33.26916433,126.1801414853",0,,1,https://tong.visitkorea.or.kr/cms/resource/03/2831603_image2_1.JPG,0,,0,,0,,0,,0,,0,,0,,1,63500,0,,0,,0,,0,,0,,0,,0,,0,,0,,2b91c56fc7b5196bc828c9238081678ed31b26a21a318ac516580238a40ca35b,hank-place-field-audit-v1,Stage3 Firestore snapshot; live read blocked by RESOURCE_EXHAUSTED
1354,kto-2831920,수애기베이커리,SEOGWIPO_CITY,seogwipo,서귀포시,39,음식점,cafe,UNKNOWN,6,0,6,6,24,25,,1,수애기베이커리,1,39:음식점,1,제주특별자치도 서귀포시 동일하모로98번길 48-59,0,,1,"33.2222482902,126.2442091801",0,,1,https://tong.visitkorea.or.kr/cms/resource/06/2831906_image2_1.JPG,0,,0,,0,,0,,0,,0,,0,,1,63506,0,,0,,0,,0,,0,,0,,0,,0,,0,,2b91c56fc7b5196bc828c9238081678ed31b26a21a318ac516580238a40ca35b,hank-place-field-audit-v1,Stage3 Firestore snapshot; live read blocked by RESOURCE_EXHAUSTED
1355,kto-2831941,삼미흑돼지 중문점,SEOGWIPO_CITY,seogwipo,서귀포시,39,음식점,food,UNKNOWN,6,0,6,6,24,25,,1,삼미흑돼지 중문점,1,39:음식점,1,제주특별자치도 서귀포시 색달중앙로 33,0,,1,"33.2585497158,126.4134575743",0,,1,https://tong.visitkorea.or.kr/cms/resource/33/2831933_image2_1.JPG,0,,0,,0,,0,,0,,0,,0,,1,63534,0,,0,,0,,0,,0,,0,,0,,0,,0,,2b91c56fc7b5196bc828c9238081678ed31b26a21a318ac516580238a40ca35b,hank-place-field-audit-v1,Stage3 Firestore snapshot; live read blocked by RESOURCE_EXHAUSTED
1356,kto-2831961,천짓골식당,SEOGWIPO_CITY,seogwipo,서귀포시,39,음식점,food,UNKNOWN,6,0,6,6,24,25,,1,천짓골식당,1,39:음식점,1,제주특별자치도 서귀포시 중앙로41번길 4 천짓골식당,0,,1,"33.2482698538,126.5613172072",0,,1,https://tong.visitkorea.or.kr/cms/resource/53/2831953_image2_1.JPG,0,,0,,0,,0,,0,,0,,0,,1,63592,0,,0,,0,,0,,0,,0,,0,,0,,0,,2b91c56fc7b5196bc828c9238081678ed31b26a21a318ac516580238a40ca35b,hank-place-field-audit-v1,Stage3 Firestore snapshot; live read blocked by RESOURCE_EXHAUSTED
1357,kto-2833201,성산 부뚜막식당,SEOGWIPO_CITY,east,동부 (성산),39,음식점,food,UNKNOWN,6,0,6,6,24,25,,1,성산 부뚜막식당,1,39:음식점,1,제주특별자치도 서귀포시 성산읍 고성오조로 11,0,,1,"33.4451287653,126.9135544343",0,,1,https://tong.visitkorea.or.kr/cms/resource/96/2833196_image2_1.png,0,,0,,0,,0,,0,,0,,0,,1,63641,0,,0,,0,,0,,0,,0,,0,,0,,0,,2b91c56fc7b5196bc828c9238081678ed31b26a21a318ac516580238a40ca35b,hank-place-field-audit-v1,Stage3 Firestore snapshot; live read blocked by RESOURCE_EXHAUSTED
1358,kto-2833244,솔동산고기국수,SEOGWIPO_CITY,seogwipo,서귀포시,39,음식점,food,UNKNOWN,6,0,6,6,24,25,,1,솔동산고기국수,1,39:음식점,1,제주특별자치도 서귀포시 부두로 23 (서귀동),0,,1,"33.2429705005,126.5652336535",0,,1,https://tong.visitkorea.or.kr/cms/resource/36/2833236_image2_1.JPG,0,,0,,0,,0,,0,,0,,0,,1,63596,0,,0,,0,,0,,0,,0,,0,,0,,0,,2b91c56fc7b5196bc828c9238081678ed31b26a21a318ac516580238a40ca35b,hank-place-field-audit-v1,Stage3 Firestore snapshot; live read blocked by RESOURCE_EXHAUSTED
1359,kto-2833269,유동커피,SEOGWIPO_CITY,seogwipo,서귀포시,39,음식점,cafe,UNKNOWN,6,0,6,6,24,25,,1,유동커피,1,39:음식점,1,제주특별자치도 서귀포시 태평로 406-1 (서귀동),0,,1,"33.2445703014,126.5638031862",0,,1,https://tong.visitkorea.or.kr/cms/resource/67/2833267_image2_1.png,0,,0,,0,,0,,0,,0,,0,,1,63596,0,,0,,0,,0,,0,,0,,0,,0,,0,,2b91c56fc7b5196bc828c9238081678ed31b26a21a318ac516580238a40ca35b,hank-place-field-audit-v1,Stage3 Firestore snapshot; live read blocked by RESOURCE_EXHAUSTED
1360,kto-2833308,성산 타쿠마스시,SEOGWIPO_CITY,east,동부 (성산),39,음식점,food,UNKNOWN,6,0,6,6,24,25,,1,성산 타쿠마스시,1,39:음식점,1,제주특별자치도 서귀포시 성산읍 섭지코지로 15,0,,1,"33.4390739586,126.9185069225",0,,1,https://tong.visitkorea.or.kr/cms/resource/94/2833294_image2_1.png,0,,0,,0,,0,,0,,0,,0,,1,63641,0,,0,,0,,0,,0,,0,,0,,0,,0,,2b91c56fc7b5196bc828c9238081678ed31b26a21a318ac516580238a40ca35b,hank-place-field-audit-v1,Stage3 Firestore snapshot; live read blocked by RESOURCE_EXHAUSTED
1361,kto-2833409,선이네밥집,JEJU_CITY,east,동부 (조천),39,음식점,food,UNKNOWN,6,0,6,6,24,25,,1,선이네밥집,1,39:음식점,1,제주특별자치도 제주시 조천읍 신북로 262,0,,1,"33.5381469339,126.6399665376",0,,1,https://tong.visitkorea.or.kr/cms/resource/59/3578959_image2_1.jpg,0,,0,,0,,0,,0,,0,,0,,1,63331,0,,0,,0,,0,,0,,0,,0,,0,,0,,2b91c56fc7b5196bc828c9238081678ed31b26a21a318ac516580238a40ca35b,hank-place-field-audit-v1,Stage3 Firestore snapshot; live read blocked by RESOURCE_EXHAUSTED
1362,kto-2833763,산지천갤러리,JEJU_CITY,jeju_city,제주시,14,문화시설,spot,UNKNOWN,6,0,6,6,24,25,,1,산지천갤러리,1,14:문화시설,1,제주특별자치도 제주시 중앙로3길 36,0,,1,"33.5151474198,126.528331896",0,,1,https://tong.visitkorea.or.kr/cms/resource/32/4074032_image2_1.jpg,0,,0,,0,,0,,0,,0,,0,,1,63277,0,,0,,0,,0,,0,,0,,0,,0,,0,,2b91c56fc7b5196bc828c9238081678ed31b26a21a318ac516580238a40ca35b,hank-place-field-audit-v1,Stage3 Firestore snapshot; live read blocked by RESOURCE_EXHAUSTED
1363,kto-2834605,허디거디 이도점,JEJU_CITY,jeju_city,제주시,39,음식점,food,UNKNOWN,6,0,6,6,24,25,,1,허디거디 이도점,1,39:음식점,1,제주특별자치도 제주시 신설로11길 2-8,1,1층,1,"33.4910976987433,126.544242076758",0,,0,,0,,0,,0,,0,,0,,0,,0,,1,63229,0,,0,,0,,0,,0,,0,,0,,0,,0,,2b91c56fc7b5196bc828c9238081678ed31b26a21a318ac516580238a40ca35b,hank-place-field-audit-v1,Stage3 Firestore snapshot; live read blocked by RESOURCE_EXHAUSTED
1364,kto-2834656,아라리오뮤지엄 동문모텔2,JEJU_CITY,jeju_city,제주시,14,문화시설,spot,UNKNOWN,6,0,6,6,24,25,,1,아라리오뮤지엄 동문모텔2,1,14:문화시설,1,제주특별자치도 제주시 산지로 23,0,,1,"33.5149843124,126.5293750659",0,,1,https://tong.visitkorea.or.kr/cms/resource/37/3556937_image2_1.jpg,0,,0,,0,,0,,0,,0,,0,,1,63278,0,,0,,0,,0,,0,,0,,0,,0,,0,,2b91c56fc7b5196bc828c9238081678ed31b26a21a318ac516580238a40ca35b,hank-place-field-audit-v1,Stage3 Firestore snapshot; live read blocked by RESOURCE_EXHAUSTED
1365,kto-2836502,제주해조네 보말성게전문점,SEOGWIPO_CITY,west,서부 (안덕),39,음식점,food,UNKNOWN,6,0,6,6,24,25,,1,제주해조네 보말성게전문점,1,39:음식점,1,제주특별자치도 서귀포시 안덕면 대평감산로 12,0,,1,"33.2358042713,126.3668593459",0,,1,https://tong.visitkorea.or.kr/cms/resource/99/2836499_image2_1.jpg,0,,0,,0,,0,,0,,0,,0,,1,63533,0,,0,,0,,0,,0,,0,,0,,0,,0,,2b91c56fc7b5196bc828c9238081678ed31b26a21a318ac516580238a40ca35b,hank-place-field-audit-v1,Stage3 Firestore snapshot; live read blocked by RESOURCE_EXHAUSTED
1366,kto-2836808,지은이네밥상,SEOGWIPO_CITY,east,동부 (성산),39,음식점,food,UNKNOWN,6,0,6,6,24,25,,1,지은이네밥상,1,39:음식점,1,제주특별자치도 서귀포시 성산읍 고성오조로97번길 17,0,,1,"33.4520585324,126.9121210656",0,,1,https://tong.visitkorea.or.kr/cms/resource/06/2836806_image2_1.jpg,0,,0,,0,,0,,0,,0,,0,,1,63640,0,,0,,0,,0,,0,,0,,0,,0,,0,,2b91c56fc7b5196bc828c9238081678ed31b26a21a318ac516580238a40ca35b,hank-place-field-audit-v1,Stage3 Firestore snapshot; live read blocked by RESOURCE_EXHAUSTED
1367,kto-2836814,서귀포칠십리시공원,SEOGWIPO_CITY,seogwipo,서귀포시,12,관광지,spot,UNKNOWN,6,0,6,6,24,25,,1,서귀포칠십리시공원,1,12:관광지,1,제주특별자치도 서귀포시 현청로 41-19 (서홍동),0,,1,"33.2668503757,126.554654014",0,,1,https://tong.visitkorea.or.kr/cms/resource/24/4072824_image2_1.jpg,0,,0,,0,,0,,0,,0,,0,,1,63578,0,,0,,0,,0,,0,,0,,0,,0,,0,,2b91c56fc7b5196bc828c9238081678ed31b26a21a318ac516580238a40ca35b,hank-place-field-audit-v1,Stage3 Firestore snapshot; live read blocked by RESOURCE_EXHAUSTED
1368,kto-2836825,카페루시아 본점,SEOGWIPO_CITY,west,서부 (안덕),39,음식점,cafe,UNKNOWN,6,0,6,6,24,25,,1,카페루시아 본점,1,39:음식점,1,제주특별자치도 서귀포시 안덕면 난드르로 49-17,0,,1,"33.2346182342,126.363240242",0,,1,https://tong.visitkorea.or.kr/cms/resource/18/2836818_image2_1.jpg,0,,0,,0,,0,,0,,0,,0,,1,63533,0,,0,,0,,0,,0,,0,,0,,0,,0,,2b91c56fc7b5196bc828c9238081678ed31b26a21a318ac516580238a40ca35b,hank-place-field-audit-v1,Stage3 Firestore snapshot; live read blocked by RESOURCE_EXHAUSTED
1369,kto-2836855,포도뮤지엄,SEOGWIPO_CITY,seogwipo,서귀포시,14,문화시설,spot,UNKNOWN,6,0,6,6,24,25,,1,포도뮤지엄,1,14:문화시설,1,제주특별자치도 서귀포시 산록남로 788 포도뮤지엄,0,,1,"33.3192651702,126.3859690212",0,,1,https://tong.visitkorea.or.kr/cms/resource/79/4070579_image2_1.jpg,0,,0,,0,,0,,0,,0,,0,,1,63525,0,,0,,0,,0,,0,,0,,0,,0,,0,,2b91c56fc7b5196bc828c9238081678ed31b26a21a318ac516580238a40ca35b,hank-place-field-audit-v1,Stage3 Firestore snapshot; live read blocked by RESOURCE_EXHAUSTED
1370,kto-2836873,미스틱3도,JEJU_CITY,jeju_city,제주시,39,음식점,cafe,UNKNOWN,6,0,6,6,24,25,,1,미스틱3도,1,39:음식점,1,제주특별자치도 제주시 1100로 2894-49 (노형동),0,,1,"33.4500241681,126.487380188",0,,1,https://tong.visitkorea.or.kr/cms/resource/64/2836864_image2_1.jpg,0,,0,,0,,0,,0,,0,,0,,1,63079,0,,0,,0,,0,,0,,0,,0,,0,,0,,2b91c56fc7b5196bc828c9238081678ed31b26a21a318ac516580238a40ca35b,hank-place-field-audit-v1,Stage3 Firestore snapshot; live read blocked by RESOURCE_EXHAUSTED
1371,kto-2836891,바람벽에흰당나귀,JEJU_CITY,east,동부 (구좌),39,음식점,cafe,UNKNOWN,6,0,6,6,24,25,,1,바람벽에흰당나귀,1,39:음식점,1,제주특별자치도 제주시 구좌읍 동복로 11,0,,1,"33.5538828606,126.7076142444",0,,1,https://tong.visitkorea.or.kr/cms/resource/84/2836884_image2_1.jpg,0,,0,,0,,0,,0,,0,,0,,1,63347,0,,0,,0,,0,,0,,0,,0,,0,,0,,2b91c56fc7b5196bc828c9238081678ed31b26a21a318ac516580238a40ca35b,hank-place-field-audit-v1,Stage3 Firestore snapshot; live read blocked by RESOURCE_EXHAUSTED
1372,kto-2836964,외도339,JEJU_CITY,jeju_city,제주시,39,음식점,cafe,UNKNOWN,6,0,6,6,24,25,,1,외도339,1,39:음식점,1,제주특별자치도 제주시 일주서로 7345 (외도이동),0,,1,"33.4937712193,126.4317173715",0,,1,https://tong.visitkorea.or.kr/cms/resource/49/2836949_image2_1.jpg,0,,0,,0,,0,,0,,0,,0,,1,63068,0,,0,,0,,0,,0,,0,,0,,0,,0,,2b91c56fc7b5196bc828c9238081678ed31b26a21a318ac516580238a40ca35b,hank-place-field-audit-v1,Stage3 Firestore snapshot; live read blocked by RESOURCE_EXHAUSTED
1373,kto-2836976,제주돔베고기집,JEJU_CITY,jeju_city,제주시,39,음식점,food,UNKNOWN,6,0,6,6,24,25,,1,제주돔베고기집,1,39:음식점,1,제주특별자치도 제주시 월랑로4길 6 (노형동),0,,1,"33.4879031676,126.4784939918",0,,1,https://tong.visitkorea.or.kr/cms/resource/68/2836968_image2_1.jpg,0,,0,,0,,0,,0,,0,,0,,1,63098,0,,0,,0,,0,,0,,0,,0,,0,,0,,2b91c56fc7b5196bc828c9238081678ed31b26a21a318ac516580238a40ca35b,hank-place-field-audit-v1,Stage3 Firestore snapshot; live read blocked by RESOURCE_EXHAUSTED
1374,kto-2836994,정가네밥상,JEJU_CITY,jeju_city,제주시,39,음식점,food,UNKNOWN,6,0,6,6,24,25,,1,정가네밥상,1,39:음식점,1,제주특별자치도 제주시 아란서길 110 (아라일동),0,,1,"33.4687562651,126.5399668613",0,,1,https://tong.visitkorea.or.kr/cms/resource/83/2836983_image2_1.JPG,0,,0,,0,,0,,0,,0,,0,,1,63239,0,,0,,0,,0,,0,,0,,0,,0,,0,,2b91c56fc7b5196bc828c9238081678ed31b26a21a318ac516580238a40ca35b,hank-place-field-audit-v1,Stage3 Firestore snapshot; live read blocked by RESOURCE_EXHAUSTED
1375,kto-2837033,협재해물라면오빠네,JEJU_CITY,west,서부 (한림),39,음식점,food,UNKNOWN,6,0,6,6,24,25,,1,협재해물라면오빠네,1,39:음식점,1,제주특별자치도 제주시 한림읍 한림로 475,0,,1,"33.4020118583,126.2510184831",0,,1,https://tong.visitkorea.or.kr/cms/resource/25/2837025_image2_1.JPG,0,,0,,0,,0,,0,,0,,0,,1,63012,0,,0,,0,,0,,0,,0,,0,,0,,0,,2b91c56fc7b5196bc828c9238081678ed31b26a21a318ac516580238a40ca35b,hank-place-field-audit-v1,Stage3 Firestore snapshot; live read blocked by RESOURCE_EXHAUSTED
1376,kto-2837068,카페 나모나모베이커리,JEJU_CITY,jeju_city,제주시,39,음식점,cafe,UNKNOWN,6,0,6,6,24,25,,1,카페 나모나모베이커리,1,39:음식점,1,제주특별자치도 제주시 도두봉6길 4 (도두일동),0,,1,"33.5089340685,126.4719635282",0,,1,https://tong.visitkorea.or.kr/cms/resource/52/2837052_image2_1.jpg,0,,0,,0,,0,,0,,0,,0,,1,63112,0,,0,,0,,0,,0,,0,,0,,0,,0,,2b91c56fc7b5196bc828c9238081678ed31b26a21a318ac516580238a40ca35b,hank-place-field-audit-v1,Stage3 Firestore snapshot; live read blocked by RESOURCE_EXHAUSTED
1377,kto-2837142,동광메밀짬뽕,SEOGWIPO_CITY,seogwipo,서귀포시,39,음식점,food,UNKNOWN,6,0,6,6,24,25,,1,동광메밀짬뽕,1,39:음식점,1,제주특별자치도 서귀포시 신화역사로 581,0,,1,"33.3105401917,126.3497119467",0,,1,https://tong.visitkorea.or.kr/cms/resource/27/2837127_image2_1.jpg,0,,0,,0,,0,,0,,0,,0,,1,63524,0,,0,,0,,0,,0,,0,,0,,0,,0,,2b91c56fc7b5196bc828c9238081678ed31b26a21a318ac516580238a40ca35b,hank-place-field-audit-v1,Stage3 Firestore snapshot; live read blocked by RESOURCE_EXHAUSTED
1378,kto-2837181,가시어멍김밥,JEJU_CITY,jeju_city,제주시,39,음식점,food,UNKNOWN,6,0,6,6,24,25,,1,가시어멍김밥,1,39:음식점,1,제주특별자치도 제주시 월랑로 36,0,,1,"33.4888641378,126.4763302701",0,,1,https://tong.visitkorea.or.kr/cms/resource/75/2837175_image2_1.jpg,0,,0,,0,,0,,0,,0,,0,,1,63097,0,,0,,0,,0,,0,,0,,0,,0,,0,,2b91c56fc7b5196bc828c9238081678ed31b26a21a318ac516580238a40ca35b,hank-place-field-audit-v1,Stage3 Firestore snapshot; live read blocked by RESOURCE_EXHAUSTED
1379,kto-2837242,리보스코화덕피자,JEJU_CITY,jeju_city,제주시,39,음식점,food,UNKNOWN,6,0,6,6,24,25,,1,리보스코화덕피자,1,39:음식점,1,제주특별자치도 제주시 수목원길 27 (연동),0,,1,"33.4694748009,126.4878685946",0,,1,https://tong.visitkorea.or.kr/cms/resource/32/2837232_image2_1.jpg,0,,0,,0,,0,,0,,0,,0,,1,63141,0,,0,,0,,0,,0,,0,,0,,0,,0,,2b91c56fc7b5196bc828c9238081678ed31b26a21a318ac516580238a40ca35b,hank-place-field-audit-v1,Stage3 Firestore snapshot; live read blocked by RESOURCE_EXHAUSTED
1380,kto-2837996,말고기연구소,JEJU_CITY,jeju_city,제주시,39,음식점,food,UNKNOWN,6,0,6,6,24,25,,1,말고기연구소,1,39:음식점,1,제주특별자치도 제주시 북성로 43 (삼도이동),0,,1,"33.5155924319,126.5201452985",0,,1,https://tong.visitkorea.or.kr/cms/resource/88/2837988_image2_1.jpg,0,,0,,0,,0,,0,,0,,0,,1,63166,0,,0,,0,,0,,0,,0,,0,,0,,0,,2b91c56fc7b5196bc828c9238081678ed31b26a21a318ac516580238a40ca35b,hank-place-field-audit-v1,Stage3 Firestore snapshot; live read blocked by RESOURCE_EXHAUSTED
1381,kto-2838059,미엘드세화,JEJU_CITY,east,동부 (구좌),39,음식점,cafe,UNKNOWN,6,0,6,6,24,25,,1,미엘드세화,1,39:음식점,1,제주특별자치도 제주시 구좌읍 해맞이해안로 1464,0,,1,"33.5245497062,126.8618543076",0,,1,https://tong.visitkorea.or.kr/cms/resource/52/2838052_image2_1.JPG,0,,0,,0,,0,,0,,0,,0,,1,63361,0,,0,,0,,0,,0,,0,,0,,0,,0,,2b91c56fc7b5196bc828c9238081678ed31b26a21a318ac516580238a40ca35b,hank-place-field-audit-v1,Stage3 Firestore snapshot; live read blocked by RESOURCE_EXHAUSTED
1382,kto-2838079,비마이게스트,JEJU_CITY,west,서부 (한림),39,음식점,cafe,UNKNOWN,6,0,6,6,24,25,,1,비마이게스트,1,39:음식점,1,제주특별자치도 제주시 한림읍 한림로 406,0,,1,"33.3979927727,126.2454968306",0,,1,https://tong.visitkorea.or.kr/cms/resource/69/2838069_image2_1.jpg,0,,0,,0,,0,,0,,0,,0,,1,63011,0,,0,,0,,0,,0,,0,,0,,0,,0,,2b91c56fc7b5196bc828c9238081678ed31b26a21a318ac516580238a40ca35b,hank-place-field-audit-v1,Stage3 Firestore snapshot; live read blocked by RESOURCE_EXHAUSTED
1383,kto-2838100,스시애월,JEJU_CITY,west,서부 (애월),39,음식점,food,UNKNOWN,6,0,6,6,24,25,,1,스시애월,1,39:음식점,1,제주특별자치도 제주시 애월읍 장전로 57,0,,1,"33.4522250681,126.3842807673",0,,1,https://tong.visitkorea.or.kr/cms/resource/86/2838086_image2_1.jpg,0,,0,,0,,0,,0,,0,,0,,1,63055,0,,0,,0,,0,,0,,0,,0,,0,,0,,2b91c56fc7b5196bc828c9238081678ed31b26a21a318ac516580238a40ca35b,hank-place-field-audit-v1,Stage3 Firestore snapshot; live read blocked by RESOURCE_EXHAUSTED
1384,kto-2839718,나비정원,SEOGWIPO_CITY,west,서부 (대정),39,음식점,cafe,UNKNOWN,6,0,6,6,24,25,,1,나비정원,1,39:음식점,1,제주특별자치도 서귀포시 대정읍 신영로 60-7,0,,1,"33.2204763428,126.2492726682",0,,1,https://tong.visitkorea.or.kr/cms/resource/16/2839716_image2_1.jpg,0,,0,,0,,0,,0,,0,,0,,1,63506,0,,0,,0,,0,,0,,0,,0,,0,,0,,2b91c56fc7b5196bc828c9238081678ed31b26a21a318ac516580238a40ca35b,hank-place-field-audit-v1,Stage3 Firestore snapshot; live read blocked by RESOURCE_EXHAUSTED
1385,kto-2839730,서귀피안 보래드 베이커스,SEOGWIPO_CITY,seogwipo,서귀포시,39,음식점,cafe,UNKNOWN,6,0,6,6,24,25,,1,서귀피안 보래드 베이커스,1,39:음식점,1,제주특별자치도 서귀포시 보목로64번길 178 (보목동),0,,1,"33.2444429618,126.5905508715",0,,1,https://tong.visitkorea.or.kr/cms/resource/22/2839722_image2_1.jpg,0,,0,,0,,0,,0,,0,,0,,1,63599,0,,0,,0,,0,,0,,0,,0,,0,,0,,2b91c56fc7b5196bc828c9238081678ed31b26a21a318ac516580238a40ca35b,hank-place-field-audit-v1,Stage3 Firestore snapshot; live read blocked by RESOURCE_EXHAUSTED
1386,kto-2839742,성산흑돼지두루치기 성산일출봉점,SEOGWIPO_CITY,east,동부 (성산),39,음식점,food,UNKNOWN,6,0,6,6,24,25,,1,성산흑돼지두루치기 성산일출봉점,1,39:음식점,1,제주특별자치도 서귀포시 성산읍 한도로 255,0,,1,"33.4662128917,126.9348243278",0,,1,https://tong.visitkorea.or.kr/cms/resource/36/2839736_image2_1.jpg,0,,0,,0,,0,,0,,0,,0,,1,63643,0,,0,,0,,0,,0,,0,,0,,0,,0,,2b91c56fc7b5196bc828c9238081678ed31b26a21a318ac516580238a40ca35b,hank-place-field-audit-v1,Stage3 Firestore snapshot; live read blocked by RESOURCE_EXHAUSTED
1387,kto-2839771,롱로드,JEJU_CITY,west,서부 (한림),39,음식점,food,UNKNOWN,6,0,6,6,24,25,,1,롱로드,1,39:음식점,1,제주특별자치도 제주시 한림읍 귀덕3길 44,0,,1,"33.4416106964,126.279217922",0,,1,https://tong.visitkorea.or.kr/cms/resource/62/2839762_image2_1.jpg,0,,0,,0,,0,,0,,0,,0,,1,63024,0,,0,,0,,0,,0,,0,,0,,0,,0,,2b91c56fc7b5196bc828c9238081678ed31b26a21a318ac516580238a40ca35b,hank-place-field-audit-v1,Stage3 Firestore snapshot; live read blocked by RESOURCE_EXHAUSTED
1388,kto-2839794,임성반점,JEJU_CITY,jeju_city,제주시,39,음식점,food,UNKNOWN,6,0,6,6,24,25,,1,임성반점,1,39:음식점,1,제주특별자치도 제주시 용화로 57-1 (용담이동),0,,1,"33.5095179388,126.509763006",0,,1,https://tong.visitkorea.or.kr/cms/resource/91/2839791_image2_1.jpg,0,,0,,0,,0,,0,,0,,0,,1,63156,0,,0,,0,,0,,0,,0,,0,,0,,0,,2b91c56fc7b5196bc828c9238081678ed31b26a21a318ac516580238a40ca35b,hank-place-field-audit-v1,Stage3 Firestore snapshot; live read blocked by RESOURCE_EXHAUSTED
1389,kto-2839903,피즈 버거 노형점,JEJU_CITY,jeju_city,제주시,39,음식점,food,UNKNOWN,6,0,6,6,24,25,,1,피즈 버거 노형점,1,39:음식점,1,제주특별자치도 제주시 노형10길 6 (노형동),0,,1,"33.483650847,126.4776191647",0,,1,https://tong.visitkorea.or.kr/cms/resource/96/2839896_image2_1.jpg,0,,0,,0,,0,,0,,0,,0,,1,63083,0,,0,,0,,0,,0,,0,,0,,0,,0,,2b91c56fc7b5196bc828c9238081678ed31b26a21a318ac516580238a40ca35b,hank-place-field-audit-v1,Stage3 Firestore snapshot; live read blocked by RESOURCE_EXHAUSTED
1390,kto-2839916,한데모아 정실점,JEJU_CITY,jeju_city,제주시,39,음식점,food,UNKNOWN,6,0,6,6,24,25,,1,한데모아 정실점,1,39:음식점,1,제주특별자치도 제주시 아연로 182 (오라이동),0,,1,"33.4700472992,126.5092139488",0,,1,https://tong.visitkorea.or.kr/cms/resource/15/2839915_image2_1.jpg,0,,0,,0,,0,,0,,0,,0,,1,63147,0,,0,,0,,0,,0,,0,,0,,0,,0,,2b91c56fc7b5196bc828c9238081678ed31b26a21a318ac516580238a40ca35b,hank-place-field-audit-v1,Stage3 Firestore snapshot; live read blocked by RESOURCE_EXHAUSTED
1391,kto-2839938,한라향,JEJU_CITY,jeju_city,제주시,39,음식점,food,UNKNOWN,6,0,6,6,24,25,,1,한라향,1,39:음식점,1,"제주특별자치도 제주시 도남로 104 (도남동, 백록아파트)",0,,1,"33.4911897022,126.5279562849",0,,1,https://tong.visitkorea.or.kr/cms/resource/26/2839926_image2_1.jpg,0,,0,,0,,0,,0,,0,,0,,1,63219,0,,0,,0,,0,,0,,0,,0,,0,,0,,2b91c56fc7b5196bc828c9238081678ed31b26a21a318ac516580238a40ca35b,hank-place-field-audit-v1,Stage3 Firestore snapshot; live read blocked by RESOURCE_EXHAUSTED
1392,kto-2840469,미친부엌,JEJU_CITY,jeju_city,제주시,39,음식점,food,UNKNOWN,6,0,6,6,24,25,,1,미친부엌,1,39:음식점,1,제주특별자치도 제주시 탑동로 15 (삼도이동),0,,1,"33.5170284317,126.5231672257",0,,1,https://tong.visitkorea.or.kr/cms/resource/54/2840454_image2_1.jpg,0,,0,,0,,0,,0,,0,,0,,1,63166,0,,0,,0,,0,,0,,0,,0,,0,,0,,2b91c56fc7b5196bc828c9238081678ed31b26a21a318ac516580238a40ca35b,hank-place-field-audit-v1,Stage3 Firestore snapshot; live read blocked by RESOURCE_EXHAUSTED
1393,kto-2840487,섭섭이네,JEJU_CITY,east,동부 (구좌),39,음식점,food,UNKNOWN,6,0,6,6,24,25,,1,섭섭이네,1,39:음식점,1,제주특별자치도 제주시 구좌읍 중산간동로 2261,0,,1,"33.4715876451,126.7843928004",0,,1,https://tong.visitkorea.or.kr/cms/resource/73/2840473_image2_1.jpg,0,,0,,0,,0,,0,,0,,0,,1,63355,0,,0,,0,,0,,0,,0,,0,,0,,0,,2b91c56fc7b5196bc828c9238081678ed31b26a21a318ac516580238a40ca35b,hank-place-field-audit-v1,Stage3 Firestore snapshot; live read blocked by RESOURCE_EXHAUSTED
1394,kto-2840505,순아커피,JEJU_CITY,jeju_city,제주시,39,음식점,cafe,UNKNOWN,6,0,6,6,24,25,,1,순아커피,1,39:음식점,1,제주특별자치도 제주시 관덕로 32-1 (삼도이동),0,,1,"33.5131038591,126.5227367964",0,,1,https://tong.visitkorea.or.kr/cms/resource/92/2840492_image2_1.jpg,0,,0,,0,,0,,0,,0,,0,,1,63168,0,,0,,0,,0,,0,,0,,0,,0,,0,,2b91c56fc7b5196bc828c9238081678ed31b26a21a318ac516580238a40ca35b,hank-place-field-audit-v1,Stage3 Firestore snapshot; live read blocked by RESOURCE_EXHAUSTED
1395,kto-2840638,오짜장,JEJU_CITY,jeju_city,제주시,39,음식점,food,UNKNOWN,6,0,6,6,24,25,,1,오짜장,1,39:음식점,1,제주특별자치도 제주시 조공포길 36 (외도일동),0,,1,"33.4890245608,126.4341228251",0,,1,https://tong.visitkorea.or.kr/cms/resource/27/2840627_image2_1.jpg,0,,0,,0,,0,,0,,0,,0,,1,63070,0,,0,,0,,0,,0,,0,,0,,0,,0,,2b91c56fc7b5196bc828c9238081678ed31b26a21a318ac516580238a40ca35b,hank-place-field-audit-v1,Stage3 Firestore snapshot; live read blocked by RESOURCE_EXHAUSTED
1396,kto-2840668,자연몸국,JEJU_CITY,jeju_city,제주시,39,음식점,food,UNKNOWN,6,0,6,6,24,25,,1,자연몸국,1,39:음식점,1,제주특별자치도 제주시 중앙로 63-11,0,,1,"33.5117679337,126.5250699577",0,,1,https://tong.visitkorea.or.kr/cms/resource/59/2840659_image2_1.jpg,0,,0,,0,,0,,0,,0,,0,,1,63192,0,,0,,0,,0,,0,,0,,0,,0,,0,,2b91c56fc7b5196bc828c9238081678ed31b26a21a318ac516580238a40ca35b,hank-place-field-audit-v1,Stage3 Firestore snapshot; live read blocked by RESOURCE_EXHAUSTED
1397,kto-2840695,카페477플러스,JEJU_CITY,east,동부 (구좌),39,음식점,cafe,UNKNOWN,6,0,6,6,24,25,,1,카페477플러스,1,39:음식점,1,제주특별자치도 제주시 구좌읍 세평항로 46-9,0,,1,"33.5270215609,126.8560464211",0,,1,https://tong.visitkorea.or.kr/cms/resource/83/2840683_image2_1.jpg,0,,0,,0,,0,,0,,0,,0,,1,63361,0,,0,,0,,0,,0,,0,,0,,0,,0,,2b91c56fc7b5196bc828c9238081678ed31b26a21a318ac516580238a40ca35b,hank-place-field-audit-v1,Stage3 Firestore snapshot; live read blocked by RESOURCE_EXHAUSTED
1398,kto-2840856,두모리이수사,JEJU_CITY,west,서부 (한경),39,음식점,food,UNKNOWN,6,0,6,6,24,25,,1,두모리이수사,1,39:음식점,1,제주특별자치도 제주시 한경면 두신로 112,0,,1,"33.3526162874,126.1848670034",0,,1,https://tong.visitkorea.or.kr/cms/resource/45/2840845_image2_1.jpg,0,,0,,0,,0,,0,,0,,0,,1,63002,0,,0,,0,,0,,0,,0,,0,,0,,0,,2b91c56fc7b5196bc828c9238081678ed31b26a21a318ac516580238a40ca35b,hank-place-field-audit-v1,Stage3 Firestore snapshot; live read blocked by RESOURCE_EXHAUSTED
1399,kto-2840885,이어도식당,SEOGWIPO_CITY,seogwipo,서귀포시,39,음식점,food,UNKNOWN,6,0,6,6,24,25,,1,이어도식당,1,39:음식점,1,제주특별자치도 서귀포시 성읍정의현로22번길 14,0,,1,"33.3844031223,126.8023710152",0,,1,https://tong.visitkorea.or.kr/cms/resource/81/2840881_image2_1.jpg,0,,0,,0,,0,,0,,0,,0,,1,63624,0,,0,,0,,0,,0,,0,,0,,0,,0,,2b91c56fc7b5196bc828c9238081678ed31b26a21a318ac516580238a40ca35b,hank-place-field-audit-v1,Stage3 Firestore snapshot; live read blocked by RESOURCE_EXHAUSTED
1400,kto-2840903,양가네 신화월드 본점,SEOGWIPO_CITY,west,서부 (안덕),39,음식점,food,UNKNOWN,6,0,6,6,24,25,,1,양가네 신화월드 본점,1,39:음식점,1,제주특별자치도 서귀포시 안덕면 동광로 112,0,,1,"33.3062571628,126.3389629754",0,,1,https://tong.visitkorea.or.kr/cms/resource/00/2840900_image2_1.jpg,0,,0,,0,,0,,0,,0,,0,,1,63523,0,,0,,0,,0,,0,,0,,0,,0,,0,,2b91c56fc7b5196bc828c9238081678ed31b26a21a318ac516580238a40ca35b,hank-place-field-audit-v1,Stage3 Firestore snapshot; live read blocked by RESOURCE_EXHAUSTED
1401,kto-2840920,아리랑밀면,SEOGWIPO_CITY,seogwipo,서귀포시,39,음식점,food,UNKNOWN,6,0,6,6,24,25,,1,아리랑밀면,1,39:음식점,1,제주특별자치도 서귀포시 서홍로 29 (서홍동),0,,1,"33.2505805813,126.5532067468",0,,1,https://tong.visitkorea.or.kr/cms/resource/16/2840916_image2_1.jpg,0,,0,,0,,0,,0,,0,,0,,1,63570,0,,0,,0,,0,,0,,0,,0,,0,,0,,2b91c56fc7b5196bc828c9238081678ed31b26a21a318ac516580238a40ca35b,hank-place-field-audit-v1,Stage3 Firestore snapshot; live read blocked by RESOURCE_EXHAUSTED
1402,kto-2841345,착한튀김,JEJU_CITY,jeju_city,제주시,39,음식점,food,UNKNOWN,6,0,6,6,24,25,,1,착한튀김,1,39:음식점,1,제주특별자치도 제주시 진남로6길 20,0,,1,"33.5204953959,126.5658634352",0,,1,https://tong.visitkorea.or.kr/cms/resource/32/2841332_image2_1.jpg,0,,0,,0,,0,,0,,0,,0,,1,63289,0,,0,,0,,0,,0,,0,,0,,0,,0,,2b91c56fc7b5196bc828c9238081678ed31b26a21a318ac516580238a40ca35b,hank-place-field-audit-v1,Stage3 Firestore snapshot; live read blocked by RESOURCE_EXHAUSTED
1403,kto-2841372,청도,JEJU_CITY,jeju_city,제주시,39,음식점,food,UNKNOWN,6,0,6,6,24,25,,1,청도,1,39:음식점,1,제주특별자치도 제주시 서해안로 546 (용담삼동),0,,1,"33.5199610235,126.4969999896",0,,1,https://tong.visitkorea.or.kr/cms/resource/57/2841357_image2_1.jpg,0,,0,,0,,0,,0,,0,,0,,1,63114,0,,0,,0,,0,,0,,0,,0,,0,,0,,2b91c56fc7b5196bc828c9238081678ed31b26a21a318ac516580238a40ca35b,hank-place-field-audit-v1,Stage3 Firestore snapshot; live read blocked by RESOURCE_EXHAUSTED
1404,kto-2843749,글라글라하와이,SEOGWIPO_CITY,west,서부 (대정),39,음식점,food,UNKNOWN,6,0,6,6,24,25,,1,글라글라하와이,1,39:음식점,1,제주특별자치도 서귀포시 대정읍 하모항구로 70,0,,1,"33.2196098046,126.2513363972",0,,1,https://tong.visitkorea.or.kr/cms/resource/39/2843739_image2_1.png,0,,0,,0,,0,,0,,0,,0,,1,63506,0,,0,,0,,0,,0,,0,,0,,0,,0,,2b91c56fc7b5196bc828c9238081678ed31b26a21a318ac516580238a40ca35b,hank-place-field-audit-v1,Stage3 Firestore snapshot; live read blocked by RESOURCE_EXHAUSTED
1405,kto-2843815,동선제면가,SEOGWIPO_CITY,seogwipo,서귀포시,39,음식점,food,UNKNOWN,6,0,6,6,24,25,,1,동선제면가,1,39:음식점,1,제주특별자치도 서귀포시 남원읍 태위로 3,0,,1,"33.2719991764,126.6484646784",0,,1,https://tong.visitkorea.or.kr/cms/resource/06/2843806_image2_1.jpg,0,,0,,0,,0,,0,,0,,0,,1,63611,0,,0,,0,,0,,0,,0,,0,,0,,0,,2b91c56fc7b5196bc828c9238081678ed31b26a21a318ac516580238a40ca35b,hank-place-field-audit-v1,Stage3 Firestore snapshot; live read blocked by RESOURCE_EXHAUSTED
1406,kto-2843867,문치비,SEOGWIPO_CITY,seogwipo,서귀포시,39,음식점,food,UNKNOWN,6,0,6,6,24,25,,1,문치비,1,39:음식점,1,제주특별자치도 서귀포시 신서로32번길 14 (강정동),0,,1,"33.2528934686,126.5060330058",0,,1,https://tong.visitkorea.or.kr/cms/resource/59/2843859_image2_1.jpg,0,,0,,0,,0,,0,,0,,0,,1,63566,0,,0,,0,,0,,0,,0,,0,,0,,0,,2b91c56fc7b5196bc828c9238081678ed31b26a21a318ac516580238a40ca35b,hank-place-field-audit-v1,Stage3 Firestore snapshot; live read blocked by RESOURCE_EXHAUSTED
1407,kto-2843885,바다다,SEOGWIPO_CITY,seogwipo,서귀포시,39,음식점,cafe,UNKNOWN,6,0,6,6,24,25,,1,바다다,1,39:음식점,1,제주특별자치도 서귀포시 대포로 148-15,0,,1,"33.2378551429,126.4366310264",0,,1,https://tong.visitkorea.or.kr/cms/resource/80/2843880_image2_1.jpg,0,,0,,0,,0,,0,,0,,0,,1,63544,0,,0,,0,,0,,0,,0,,0,,0,,0,,2b91c56fc7b5196bc828c9238081678ed31b26a21a318ac516580238a40ca35b,hank-place-field-audit-v1,Stage3 Firestore snapshot; live read blocked by RESOURCE_EXHAUSTED
1408,kto-2843921,스모크하우스인구억,SEOGWIPO_CITY,west,서부 (대정),39,음식점,food,UNKNOWN,6,0,6,6,24,25,,1,스모크하우스인구억,1,39:음식점,1,제주특별자치도 서귀포시 대정읍 보성구억로 223,0,,1,"33.270818461,126.2783968021",0,,1,https://tong.visitkorea.or.kr/cms/resource/07/2843907_image2_1.jpg,0,,0,,0,,0,,0,,0,,0,,1,63518,0,,0,,0,,0,,0,,0,,0,,0,,0,,2b91c56fc7b5196bc828c9238081678ed31b26a21a318ac516580238a40ca35b,hank-place-field-audit-v1,Stage3 Firestore snapshot; live read blocked by RESOURCE_EXHAUSTED
1409,kto-2843943,와토커피,SEOGWIPO_CITY,seogwipo,서귀포시,39,음식점,cafe,UNKNOWN,6,0,6,6,24,25,,1,와토커피,1,39:음식점,1,제주특별자치도 서귀포시 동일하모로 238,0,,1,"33.2254897918,126.2565469257",0,,1,https://tong.visitkorea.or.kr/cms/resource/30/2843930_image2_1.jpg,0,,0,,0,,0,,0,,0,,0,,1,63508,0,,0,,0,,0,,0,,0,,0,,0,,0,,2b91c56fc7b5196bc828c9238081678ed31b26a21a318ac516580238a40ca35b,hank-place-field-audit-v1,Stage3 Firestore snapshot; live read blocked by RESOURCE_EXHAUSTED
1410,kto-2843955,중문갈치조림 이조은식당,SEOGWIPO_CITY,seogwipo,서귀포시,39,음식점,food,UNKNOWN,6,0,6,6,24,25,,1,중문갈치조림 이조은식당,1,39:음식점,1,제주특별자치도 서귀포시 천제연로 97 (색달동),0,,1,"33.2551056935,126.4161324192",0,,1,https://tong.visitkorea.or.kr/cms/resource/45/2843945_image2_1.jpg,0,,0,,0,,0,,0,,0,,0,,1,63534,0,,0,,0,,0,,0,,0,,0,,0,,0,,2b91c56fc7b5196bc828c9238081678ed31b26a21a318ac516580238a40ca35b,hank-place-field-audit-v1,Stage3 Firestore snapshot; live read blocked by RESOURCE_EXHAUSTED
1411,kto-2843968,자리돔횟집,SEOGWIPO_CITY,seogwipo,서귀포시,39,음식점,food,UNKNOWN,6,0,6,6,24,25,,1,자리돔횟집,1,39:음식점,1,제주특별자치도 서귀포시 동홍동로 7 (동홍동),0,,1,"33.2555609294,126.5747658776",0,,1,https://tong.visitkorea.or.kr/cms/resource/61/2843961_image2_1.jpg,0,,0,,0,,0,,0,,0,,0,,1,63587,0,,0,,0,,0,,0,,0,,0,,0,,0,,2b91c56fc7b5196bc828c9238081678ed31b26a21a318ac516580238a40ca35b,hank-place-field-audit-v1,Stage3 Firestore snapshot; live read blocked by RESOURCE_EXHAUSTED
1412,kto-2843982,제주고로,SEOGWIPO_CITY,west,서부 (대정),39,음식점,food,UNKNOWN,6,0,6,6,24,25,,1,제주고로,1,39:음식점,1,제주특별자치도 서귀포시 대정읍 서삼중로 94,0,,1,"33.2711838996,126.2024645004",0,,1,https://tong.visitkorea.or.kr/cms/resource/72/2843972_image2_1.jpg,0,,0,,0,,0,,0,,0,,0,,1,63501,0,,0,,0,,0,,0,,0,,0,,0,,0,,2b91c56fc7b5196bc828c9238081678ed31b26a21a318ac516580238a40ca35b,hank-place-field-audit-v1,Stage3 Firestore snapshot; live read blocked by RESOURCE_EXHAUSTED
1413,kto-2843997,짱구분식,SEOGWIPO_CITY,seogwipo,서귀포시,39,음식점,food,UNKNOWN,6,0,6,6,24,25,,1,짱구분식,1,39:음식점,1,제주특별자치도 서귀포시 중동로48번길 3,0,,1,"33.2502030663,126.5671583243",0,,1,https://tong.visitkorea.or.kr/cms/resource/95/2843995_image2_1.jpg,0,,0,,0,,0,,0,,0,,0,,1,63590,0,,0,,0,,0,,0,,0,,0,,0,,0,,2b91c56fc7b5196bc828c9238081678ed31b26a21a318ac516580238a40ca35b,hank-place-field-audit-v1,Stage3 Firestore snapshot; live read blocked by RESOURCE_EXHAUSTED
1414,kto-2844014,천돈가 중문본점,SEOGWIPO_CITY,seogwipo,서귀포시,39,음식점,food,UNKNOWN,6,0,6,6,24,25,,1,천돈가 중문본점,1,39:음식점,1,제주특별자치도 서귀포시 일주서로 873 (색달동),0,,1,"33.2580803858,126.4174405726",0,,1,https://tong.visitkorea.or.kr/cms/resource/12/2844012_image2_1.jpg,0,,0,,0,,0,,0,,0,,0,,1,63534,0,,0,,0,,0,,0,,0,,0,,0,,0,,2b91c56fc7b5196bc828c9238081678ed31b26a21a318ac516580238a40ca35b,hank-place-field-audit-v1,Stage3 Firestore snapshot; live read blocked by RESOURCE_EXHAUSTED
1415,kto-2844044,카페텐저린,SEOGWIPO_CITY,seogwipo,서귀포시,39,음식점,cafe,UNKNOWN,6,0,6,6,24,25,,1,카페텐저린,1,39:음식점,1,제주특별자치도 서귀포시 이어도로 880,0,,1,"33.2363120071,126.5087220331",0,,1,https://tong.visitkorea.or.kr/cms/resource/41/2844041_image2_1.jpg,0,,0,,0,,0,,0,,0,,0,,1,63573,0,,0,,0,,0,,0,,0,,0,,0,,0,,2b91c56fc7b5196bc828c9238081678ed31b26a21a318ac516580238a40ca35b,hank-place-field-audit-v1,Stage3 Firestore snapshot; live read blocked by RESOURCE_EXHAUSTED
1416,kto-2844078,함쉐프키친,SEOGWIPO_CITY,seogwipo,서귀포시,39,음식점,food,UNKNOWN,6,0,6,6,24,25,,1,함쉐프키친,1,39:음식점,1,제주특별자치도 서귀포시 이어도로 217-4 (대포동),0,,1,"33.2420825647,126.4436553232",0,,1,https://tong.visitkorea.or.kr/cms/resource/70/2844070_image2_1.jpg,0,,0,,0,,0,,0,,0,,0,,1,63543,0,,0,,0,,0,,0,,0,,0,,0,,0,,2b91c56fc7b5196bc828c9238081678ed31b26a21a318ac516580238a40ca35b,hank-place-field-audit-v1,Stage3 Firestore snapshot; live read blocked by RESOURCE_EXHAUSTED
1417,kto-2844094,화고 흑돼지 신시가지점,SEOGWIPO_CITY,seogwipo,서귀포시,39,음식점,food,UNKNOWN,6,0,6,6,24,25,,1,화고 흑돼지 신시가지점,1,39:음식점,1,제주특별자치도 서귀포시 신서로32번길 20 (강정동),0,,1,"33.2533795283,126.5061996473",0,,1,https://tong.visitkorea.or.kr/cms/resource/83/2844083_image2_1.jpg,0,,0,,0,,0,,0,,0,,0,,1,63566,0,,0,,0,,0,,0,,0,,0,,0,,0,,2b91c56fc7b5196bc828c9238081678ed31b26a21a318ac516580238a40ca35b,hank-place-field-audit-v1,Stage3 Firestore snapshot; live read blocked by RESOURCE_EXHAUSTED
1418,kto-2845281,덴드리,SEOGWIPO_CITY,east,동부 (성산),39,음식점,cafe,UNKNOWN,6,0,6,6,24,25,,1,덴드리,1,39:음식점,1,제주특별자치도 서귀포시 성산읍 삼달로 28-1,0,,1,"33.3694419084,126.8659214086",0,,1,https://tong.visitkorea.or.kr/cms/resource/71/2845271_image2_1.jpg,0,,0,,0,,0,,0,,0,,0,,1,63635,0,,0,,0,,0,,0,,0,,0,,0,,0,,2b91c56fc7b5196bc828c9238081678ed31b26a21a318ac516580238a40ca35b,hank-place-field-audit-v1,Stage3 Firestore snapshot; live read blocked by RESOURCE_EXHAUSTED
1419,kto-2845288,모노클제주,SEOGWIPO_CITY,seogwipo,서귀포시,39,음식점,cafe,UNKNOWN,6,0,6,6,24,25,,1,모노클제주,1,39:음식점,1,제주특별자치도 서귀포시 남원읍 태위로360번길 30-8,0,,1,"33.2729274271,126.684550421",0,,1,https://tong.visitkorea.or.kr/cms/resource/84/2845284_image2_1.jpg,0,,0,,0,,0,,0,,0,,0,,1,63610,0,,0,,0,,0,,0,,0,,0,,0,,0,,2b91c56fc7b5196bc828c9238081678ed31b26a21a318ac516580238a40ca35b,hank-place-field-audit-v1,Stage3 Firestore snapshot; live read blocked by RESOURCE_EXHAUSTED
1420,kto-2845297,목화휴게소,SEOGWIPO_CITY,east,동부 (성산),39,음식점,food,UNKNOWN,6,0,6,6,24,25,,1,목화휴게소,1,39:음식점,1,제주특별자치도 서귀포시 성산읍 해맞이해안로 2526,0,,1,"33.4818106314,126.9016935056",0,,1,https://tong.visitkorea.or.kr/cms/resource/93/2845293_image2_1.jpg,0,,0,,0,,0,,0,,0,,0,,1,63638,0,,0,,0,,0,,0,,0,,0,,0,,0,,2b91c56fc7b5196bc828c9238081678ed31b26a21a318ac516580238a40ca35b,hank-place-field-audit-v1,Stage3 Firestore snapshot; live read blocked by RESOURCE_EXHAUSTED
1421,kto-2845335,쉬어갓,SEOGWIPO_CITY,east,동부 (성산),39,음식점,cafe,UNKNOWN,6,0,6,6,24,25,,1,쉬어갓,1,39:음식점,1,제주특별자치도 서귀포시 성산읍 일주동로 5023,0,,1,"33.3861208867,126.8822834985",0,,1,https://tong.visitkorea.or.kr/cms/resource/33/2845333_image2_1.jpg,0,,0,,0,,0,,0,,0,,0,,1,63634,0,,0,,0,,0,,0,,0,,0,,0,,0,,2b91c56fc7b5196bc828c9238081678ed31b26a21a318ac516580238a40ca35b,hank-place-field-audit-v1,Stage3 Firestore snapshot; live read blocked by RESOURCE_EXHAUSTED
1422,kto-2845353,오른,SEOGWIPO_CITY,east,동부 (성산),39,음식점,cafe,UNKNOWN,6,0,6,6,24,25,,1,오른,1,39:음식점,1,제주특별자치도 서귀포시 성산읍 해맞이해안로 2714,0,,1,"33.4718314066,126.915767516",0,,1,https://tong.visitkorea.or.kr/cms/resource/51/2845351_image2_1.jpg,0,,0,,0,,0,,0,,0,,0,,1,63639,0,,0,,0,,0,,0,,0,,0,,0,,0,,2b91c56fc7b5196bc828c9238081678ed31b26a21a318ac516580238a40ca35b,hank-place-field-audit-v1,Stage3 Firestore snapshot; live read blocked by RESOURCE_EXHAUSTED
1423,kto-2845370,페를로,SEOGWIPO_CITY,west,서부 (안덕),39,음식점,food,UNKNOWN,6,0,6,6,24,25,,1,페를로,1,39:음식점,1,제주특별자치도 서귀포시 안덕면 덕수회관로74번길 33,0,,1,"33.2567176785,126.3063224681",0,,1,https://tong.visitkorea.or.kr/cms/resource/61/2845361_image2_1.jpg,0,,0,,0,,0,,0,,0,,0,,1,63527,0,,0,,0,,0,,0,,0,,0,,0,,0,,2b91c56fc7b5196bc828c9238081678ed31b26a21a318ac516580238a40ca35b,hank-place-field-audit-v1,Stage3 Firestore snapshot; live read blocked by RESOURCE_EXHAUSTED
1424,kto-2845383,한라산아래첫마을 영농조합법인,SEOGWIPO_CITY,west,서부 (안덕),39,음식점,food,UNKNOWN,6,0,6,6,24,25,,1,한라산아래첫마을 영농조합법인,1,39:음식점,1,제주특별자치도 서귀포시 안덕면 산록남로 675,0,,1,"33.3279942898,126.3796367363",0,,1,https://tong.visitkorea.or.kr/cms/resource/76/2845376_image2_1.jpg,0,,0,,0,,0,,0,,0,,0,,1,63524,0,,0,,0,,0,,0,,0,,0,,0,,0,,2b91c56fc7b5196bc828c9238081678ed31b26a21a318ac516580238a40ca35b,hank-place-field-audit-v1,Stage3 Firestore snapshot; live read blocked by RESOURCE_EXHAUSTED
1425,kto-2847506,이후북스 제주점,JEJU_CITY,jeju_city,제주시,38,쇼핑,spot,UNKNOWN,6,0,6,6,24,25,,1,이후북스 제주점,1,38:쇼핑,1,제주특별자치도 제주시 관덕로4길 3,0,,1,"33.5126003805,126.5212353923",0,,1,https://tong.visitkorea.or.kr/cms/resource/82/3583282_image2_1.jpg,0,,0,,0,,0,,0,,0,,0,,1,63168,0,,0,,0,,0,,0,,0,,0,,0,,0,,2b91c56fc7b5196bc828c9238081678ed31b26a21a318ac516580238a40ca35b,hank-place-field-audit-v1,Stage3 Firestore snapshot; live read blocked by RESOURCE_EXHAUSTED
1426,kto-2847672,장인의집,JEJU_CITY,west,서부 (애월),39,음식점,food,UNKNOWN,6,0,6,6,24,25,,1,장인의집,1,39:음식점,1,제주특별자치도 제주시 애월읍 애월로19길 31,0,,1,"33.4657726604,126.3268465691",0,,1,https://tong.visitkorea.or.kr/cms/resource/66/2847666_image2_1.JPG,0,,0,,0,,0,,0,,0,,0,,1,63043,0,,0,,0,,0,,0,,0,,0,,0,,0,,2b91c56fc7b5196bc828c9238081678ed31b26a21a318ac516580238a40ca35b,hank-place-field-audit-v1,Stage3 Firestore snapshot; live read blocked by RESOURCE_EXHAUSTED
1427,kto-2847737,제주선채향,SEOGWIPO_CITY,seogwipo,서귀포시,39,음식점,food,UNKNOWN,6,0,6,6,24,25,,1,제주선채향,1,39:음식점,1,제주특별자치도 서귀포시 사계남로84번길 6,0,,1,"33.2263570271,126.2989876672",0,,1,https://tong.visitkorea.or.kr/cms/resource/28/2847728_image2_1.jpg,0,,0,,0,,0,,0,,0,,0,,1,63528,0,,0,,0,,0,,0,,0,,0,,0,,0,,2b91c56fc7b5196bc828c9238081678ed31b26a21a318ac516580238a40ca35b,hank-place-field-audit-v1,Stage3 Firestore snapshot; live read blocked by RESOURCE_EXHAUSTED
1428,kto-2847791,사계의시간,SEOGWIPO_CITY,seogwipo,서귀포시,39,음식점,food,UNKNOWN,6,0,6,6,24,25,,1,사계의시간,1,39:음식점,1,제주특별자치도 서귀포시 사계남로 214,0,,1,"33.2322454224,126.3089977789",0,,1,https://tong.visitkorea.or.kr/cms/resource/76/2847776_image2_1.jpg,0,,0,,0,,0,,0,,0,,0,,1,63528,0,,0,,0,,0,,0,,0,,0,,0,,0,,2b91c56fc7b5196bc828c9238081678ed31b26a21a318ac516580238a40ca35b,hank-place-field-audit-v1,Stage3 Firestore snapshot; live read blocked by RESOURCE_EXHAUSTED
1429,kto-2847804,돗통 제주산방산본점,SEOGWIPO_CITY,west,서부 (안덕),39,음식점,food,UNKNOWN,6,0,6,6,24,25,,1,돗통 제주산방산본점,1,39:음식점,1,제주특별자치도 서귀포시 안덕면 사계북로41번길 189,0,,1,"33.2494544578,126.2978122567",0,,1,https://tong.visitkorea.or.kr/cms/resource/02/2847802_image2_1.jpg,0,,0,,0,,0,,0,,0,,0,,1,63528,0,,0,,0,,0,,0,,0,,0,,0,,0,,2b91c56fc7b5196bc828c9238081678ed31b26a21a318ac516580238a40ca35b,hank-place-field-audit-v1,Stage3 Firestore snapshot; live read blocked by RESOURCE_EXHAUSTED
1430,kto-2847812,그라나다,JEJU_CITY,jeju_city,제주시,39,음식점,cafe,UNKNOWN,6,0,6,6,24,25,,1,그라나다,1,39:음식점,1,제주특별자치도 제주시 도공로 86-1,0,,1,"33.4994960994,126.4640755386",0,,1,https://tong.visitkorea.or.kr/cms/resource/11/2847811_image2_1.JPG,0,,0,,0,,0,,0,,0,,0,,1,63108,0,,0,,0,,0,,0,,0,,0,,0,,0,,2b91c56fc7b5196bc828c9238081678ed31b26a21a318ac516580238a40ca35b,hank-place-field-audit-v1,Stage3 Firestore snapshot; live read blocked by RESOURCE_EXHAUSTED
1431,kto-2847823,달팽이식당,SEOGWIPO_CITY,west,서부 (안덕),39,음식점,food,UNKNOWN,6,0,6,6,24,25,,1,달팽이식당,1,39:음식점,1,제주특별자치도 서귀포시 안덕면 일주서로 1322-1,0,,1,"33.2655038505,126.3719637973",0,,1,https://tong.visitkorea.or.kr/cms/resource/17/2847817_image2_1.jpg,0,,0,,0,,0,,0,,0,,0,,1,63532,0,,0,,0,,0,,0,,0,,0,,0,,0,,2b91c56fc7b5196bc828c9238081678ed31b26a21a318ac516580238a40ca35b,hank-place-field-audit-v1,Stage3 Firestore snapshot; live read blocked by RESOURCE_EXHAUSTED
1432,kto-2847829,호랑호랑 성산카페,SEOGWIPO_CITY,seogwipo,서귀포시,39,음식점,cafe,UNKNOWN,6,0,6,6,24,25,,1,호랑호랑 성산카페,1,39:음식점,1,제주특별자치도 서귀포시 일출로 86,0,,1,"33.4500589058,126.9215564052",0,,1,https://tong.visitkorea.or.kr/cms/resource/20/2847820_image2_1.JPG,0,,0,,0,,0,,0,,0,,0,,1,63641,0,,0,,0,,0,,0,,0,,0,,0,,0,,2b91c56fc7b5196bc828c9238081678ed31b26a21a318ac516580238a40ca35b,hank-place-field-audit-v1,Stage3 Firestore snapshot; live read blocked by RESOURCE_EXHAUSTED
1433,kto-2847852,옛날팥죽,SEOGWIPO_CITY,seogwipo,서귀포시,39,음식점,food,UNKNOWN,6,0,6,6,24,25,,1,옛날팥죽,1,39:음식점,1,제주특별자치도 서귀포시 성읍민속로 130,0,,1,"33.3885998263,126.7989489935",0,,1,https://tong.visitkorea.or.kr/cms/resource/43/2847843_image2_1.JPG,0,,0,,0,,0,,0,,0,,0,,1,63624,0,,0,,0,,0,,0,,0,,0,,0,,0,,2b91c56fc7b5196bc828c9238081678ed31b26a21a318ac516580238a40ca35b,hank-place-field-audit-v1,Stage3 Firestore snapshot; live read blocked by RESOURCE_EXHAUSTED
1434,kto-2847876,블루마운틴4255,SEOGWIPO_CITY,seogwipo,서귀포시,39,음식점,cafe,UNKNOWN,6,0,6,6,24,25,,1,블루마운틴4255,1,39:음식점,1,제주특별자치도 서귀포시 중산간동로 4255,0,,1,"33.3804763385,126.8371930884",0,,1,https://tong.visitkorea.or.kr/cms/resource/60/2847860_image2_1.JPG,0,,0,,0,,0,,0,,0,,0,,1,63635,0,,0,,0,,0,,0,,0,,0,,0,,0,,2b91c56fc7b5196bc828c9238081678ed31b26a21a318ac516580238a40ca35b,hank-place-field-audit-v1,Stage3 Firestore snapshot; live read blocked by RESOURCE_EXHAUSTED
1435,kto-2847894,부촌,SEOGWIPO_CITY,seogwipo,서귀포시,39,음식점,food,UNKNOWN,6,0,6,6,24,25,,1,부촌,1,39:음식점,1,제주특별자치도 서귀포시 동류암로 33,0,,1,"33.4489783952,126.9169512735",0,,1,https://tong.visitkorea.or.kr/cms/resource/88/2847888_image2_1.JPG,0,,0,,0,,0,,0,,0,,0,,1,63640,0,,0,,0,,0,,0,,0,,0,,0,,0,,2b91c56fc7b5196bc828c9238081678ed31b26a21a318ac516580238a40ca35b,hank-place-field-audit-v1,Stage3 Firestore snapshot; live read blocked by RESOURCE_EXHAUSTED
1436,kto-2847916,제주고사리맛집 복돼지식당,SEOGWIPO_CITY,east,동부 (표선),39,음식점,food,UNKNOWN,6,0,6,6,24,25,,1,제주고사리맛집 복돼지식당,1,39:음식점,1,제주특별자치도 서귀포시 표선면 서성일로 63,0,,1,"33.3975711157,126.8025679194",0,,1,https://tong.visitkorea.or.kr/cms/resource/04/2847904_image2_1.JPG,0,,0,,0,,0,,0,,0,,0,,1,63624,0,,0,,0,,0,,0,,0,,0,,0,,0,,2b91c56fc7b5196bc828c9238081678ed31b26a21a318ac516580238a40ca35b,hank-place-field-audit-v1,Stage3 Firestore snapshot; live read blocked by RESOURCE_EXHAUSTED
1437,kto-2848391,클래식문구사,JEJU_CITY,jeju_city,제주시,38,쇼핑,spot,UNKNOWN,6,0,6,6,24,25,,1,클래식문구사,1,38:쇼핑,1,제주특별자치도 제주시 관덕로4길 1-2,0,,1,"33.512622602,126.5213492701",0,,1,https://tong.visitkorea.or.kr/cms/resource/23/4073323_image2_1.jpg,0,,0,,0,,0,,0,,0,,0,,1,63168,0,,0,,0,,0,,0,,0,,0,,0,,0,,2b91c56fc7b5196bc828c9238081678ed31b26a21a318ac516580238a40ca35b,hank-place-field-audit-v1,Stage3 Firestore snapshot; live read blocked by RESOURCE_EXHAUSTED
1438,kto-2849980,판포미인,JEJU_CITY,jeju_city,제주시,39,음식점,food,UNKNOWN,6,0,6,6,24,25,,1,판포미인,1,39:음식점,1,제주특별자치도 제주시 판포1길 11,0,,1,"33.365212326,126.1982461153",0,,1,https://tong.visitkorea.or.kr/cms/resource/79/2849979_image2_1.JPG,0,,0,,0,,0,,0,,0,,0,,1,63003,0,,0,,0,,0,,0,,0,,0,,0,,0,,2b91c56fc7b5196bc828c9238081678ed31b26a21a318ac516580238a40ca35b,hank-place-field-audit-v1,Stage3 Firestore snapshot; live read blocked by RESOURCE_EXHAUSTED
1439,kto-2849994,제주몹시,JEJU_CITY,jeju_city,제주시,39,음식점,cafe,UNKNOWN,6,0,6,6,24,25,,1,제주몹시,1,39:음식점,1,제주특별자치도 제주시 월대1길 10 (외도이동),0,,1,"33.4945794928,126.4335894126",0,,1,https://tong.visitkorea.or.kr/cms/resource/88/2849988_image2_1.jpg,0,,0,,0,,0,,0,,0,,0,,1,63068,0,,0,,0,,0,,0,,0,,0,,0,,0,,2b91c56fc7b5196bc828c9238081678ed31b26a21a318ac516580238a40ca35b,hank-place-field-audit-v1,Stage3 Firestore snapshot; live read blocked by RESOURCE_EXHAUSTED
1440,kto-2850014,선흘방주할머니식당,JEJU_CITY,east,동부 (조천),39,음식점,food,UNKNOWN,6,0,6,6,24,25,,1,선흘방주할머니식당,1,39:음식점,1,제주특별자치도 제주시 조천읍 선교로 212,0,,1,"33.4846070775,126.7003970128",0,,1,https://tong.visitkorea.or.kr/cms/resource/01/2850001_image2_1.JPG,0,,0,,0,,0,,0,,0,,0,,1,63341,0,,0,,0,,0,,0,,0,,0,,0,,0,,2b91c56fc7b5196bc828c9238081678ed31b26a21a318ac516580238a40ca35b,hank-place-field-audit-v1,Stage3 Firestore snapshot; live read blocked by RESOURCE_EXHAUSTED
1441,kto-2850039,해물통라면 문개항아리 애월해안도로점,JEJU_CITY,jeju_city,제주시,39,음식점,food,UNKNOWN,6,0,6,6,24,25,,1,해물통라면 문개항아리 애월해안도로점,1,39:음식점,1,제주특별자치도 제주시 가문동길 38,0,,1,"33.4858131444,126.3924515219",0,,1,https://tong.visitkorea.or.kr/cms/resource/34/2850034_image2_1.jpeg,0,,0,,0,,0,,0,,0,,0,,1,63050,0,,0,,0,,0,,0,,0,,0,,0,,0,,2b91c56fc7b5196bc828c9238081678ed31b26a21a318ac516580238a40ca35b,hank-place-field-audit-v1,Stage3 Firestore snapshot; live read blocked by RESOURCE_EXHAUSTED
1442,kto-2850078,원조남원포구식당,SEOGWIPO_CITY,seogwipo,서귀포시,39,음식점,food,UNKNOWN,6,0,6,6,24,25,,1,원조남원포구식당,1,39:음식점,1,제주특별자치도 서귀포시 남원읍 남원회관로 53,0,,1,"33.2783662631,126.7188195525",0,,1,https://tong.visitkorea.or.kr/cms/resource/72/2850072_image2_1.JPG,0,,0,,0,,0,,0,,0,,0,,1,63621,0,,0,,0,,0,,0,,0,,0,,0,,0,,2b91c56fc7b5196bc828c9238081678ed31b26a21a318ac516580238a40ca35b,hank-place-field-audit-v1,Stage3 Firestore snapshot; live read blocked by RESOURCE_EXHAUSTED
1443,kto-2850090,쇠소깍 복순이네,SEOGWIPO_CITY,seogwipo,서귀포시,39,음식점,food,UNKNOWN,6,0,6,6,24,25,,1,쇠소깍 복순이네,1,39:음식점,1,제주특별자치도 서귀포시 쇠소깍로 156 (하효동),0,,1,"33.2509121773,126.6210730819",0,,1,https://tong.visitkorea.or.kr/cms/resource/88/2850088_image2_1.jpg,0,,0,,0,,0,,0,,0,,0,,1,63600,0,,0,,0,,0,,0,,0,,0,,0,,0,,2b91c56fc7b5196bc828c9238081678ed31b26a21a318ac516580238a40ca35b,hank-place-field-audit-v1,Stage3 Firestore snapshot; live read blocked by RESOURCE_EXHAUSTED
1444,kto-2850113,베케,SEOGWIPO_CITY,seogwipo,서귀포시,39,음식점,cafe,UNKNOWN,6,0,6,6,24,25,,1,베케,1,39:음식점,1,제주특별자치도 서귀포시 효돈로 54 (신효동),0,,1,"33.2619829233,126.6049853373",0,,1,https://tong.visitkorea.or.kr/cms/resource/99/2850099_image2_1.JPG,0,,0,,0,,0,,0,,0,,0,,1,63605,0,,0,,0,,0,,0,,0,,0,,0,,0,,2b91c56fc7b5196bc828c9238081678ed31b26a21a318ac516580238a40ca35b,hank-place-field-audit-v1,Stage3 Firestore snapshot; live read blocked by RESOURCE_EXHAUSTED
1445,kto-2850127,더리트리브,SEOGWIPO_CITY,west,서부 (안덕),39,음식점,cafe,UNKNOWN,6,0,6,6,24,25,,1,더리트리브,1,39:음식점,1,제주특별자치도 서귀포시 안덕면 화순로 67,0,,1,"33.2479552633,126.3385643087",0,,1,https://tong.visitkorea.or.kr/cms/resource/17/2850117_image2_1.jpg,0,,0,,0,,0,,0,,0,,0,,1,63530,0,,0,,0,,0,,0,,0,,0,,0,,0,,2b91c56fc7b5196bc828c9238081678ed31b26a21a318ac516580238a40ca35b,hank-place-field-audit-v1,Stage3 Firestore snapshot; live read blocked by RESOURCE_EXHAUSTED
1446,kto-2850913,가는곶 세화,JEJU_CITY,east,동부 (구좌),39,음식점,cafe,UNKNOWN,6,0,6,6,24,25,,1,가는곶 세화,1,39:음식점,1,제주특별자치도 제주시 구좌읍 세화14길 3,0,,1,"33.5205279098,126.860696168",0,,1,https://tong.visitkorea.or.kr/cms/resource/05/2850905_image2_1.jpg,0,,0,,0,,0,,0,,0,,0,,1,63361,0,,0,,0,,0,,0,,0,,0,,0,,0,,2b91c56fc7b5196bc828c9238081678ed31b26a21a318ac516580238a40ca35b,hank-place-field-audit-v1,Stage3 Firestore snapshot; live read blocked by RESOURCE_EXHAUSTED
1447,kto-2850960,중문 모메든식당,SEOGWIPO_CITY,seogwipo,서귀포시,39,음식점,food,UNKNOWN,6,0,6,6,24,25,,1,중문 모메든식당,1,39:음식점,1,제주특별자치도 서귀포시 일주서로 508,0,,1,"33.2535175856,126.4545402345",0,,1,https://tong.visitkorea.or.kr/cms/resource/47/2850947_image2_1.jpg,0,,0,,0,,0,,0,,0,,0,,1,63541,0,,0,,0,,0,,0,,0,,0,,0,,0,,2b91c56fc7b5196bc828c9238081678ed31b26a21a318ac516580238a40ca35b,hank-place-field-audit-v1,Stage3 Firestore snapshot; live read blocked by RESOURCE_EXHAUSTED
1448,kto-2851007,바램목장&카페,SEOGWIPO_CITY,seogwipo,서귀포시,39,음식점,cafe,UNKNOWN,6,0,6,6,24,25,,1,바램목장&카페,1,39:음식점,1,제주특별자치도 서귀포시 신화역사로 611,0,,1,"33.3111818331,126.3525866828",0,,1,https://tong.visitkorea.or.kr/cms/resource/89/2850989_image2_1.jpg,0,,0,,0,,0,,0,,0,,0,,1,63524,0,,0,,0,,0,,0,,0,,0,,0,,0,,2b91c56fc7b5196bc828c9238081678ed31b26a21a318ac516580238a40ca35b,hank-place-field-audit-v1,Stage3 Firestore snapshot; live read blocked by RESOURCE_EXHAUSTED
1449,kto-2851090,볼스카페,SEOGWIPO_CITY,seogwipo,서귀포시,39,음식점,cafe,UNKNOWN,6,0,6,6,24,25,,1,볼스카페,1,39:음식점,1,제주특별자치도 서귀포시 일주서로 626 (회수동),0,,1,"33.2534285165,126.4424940592",0,,1,https://tong.visitkorea.or.kr/cms/resource/57/2851057_image2_1.jpg,0,,0,,0,,0,,0,,0,,0,,1,63540,0,,0,,0,,0,,0,,0,,0,,0,,0,,2b91c56fc7b5196bc828c9238081678ed31b26a21a318ac516580238a40ca35b,hank-place-field-audit-v1,Stage3 Firestore snapshot; live read blocked by RESOURCE_EXHAUSTED
1450,kto-2851126,산지해장국,JEJU_CITY,jeju_city,제주시,39,음식점,food,UNKNOWN,6,0,6,6,24,25,,1,산지해장국,1,39:음식점,1,제주특별자치도 제주시 임항로 34,0,,1,"33.5163924761,126.5285223303",0,,1,https://tong.visitkorea.or.kr/cms/resource/74/2851074_image2_1.jpg,0,,0,,0,,0,,0,,0,,0,,1,63277,0,,0,,0,,0,,0,,0,,0,,0,,0,,2b91c56fc7b5196bc828c9238081678ed31b26a21a318ac516580238a40ca35b,hank-place-field-audit-v1,Stage3 Firestore snapshot; live read blocked by RESOURCE_EXHAUSTED
1451,kto-2851146,자연스러운식당,SEOGWIPO_CITY,seogwipo,서귀포시,39,음식점,food,UNKNOWN,6,0,6,6,24,25,,1,자연스러운식당,1,39:음식점,1,제주특별자치도 서귀포시 태평로92번길 8,0,,1,"33.2435310361,126.5328058954",0,,1,https://tong.visitkorea.or.kr/cms/resource/22/2851122_image2_1.jpg,0,,0,,0,,0,,0,,0,,0,,1,63571,0,,0,,0,,0,,0,,0,,0,,0,,0,,2b91c56fc7b5196bc828c9238081678ed31b26a21a318ac516580238a40ca35b,hank-place-field-audit-v1,Stage3 Firestore snapshot; live read blocked by RESOURCE_EXHAUSTED
1452,kto-2851196,친봉산장,SEOGWIPO_CITY,seogwipo,서귀포시,39,음식점,cafe,UNKNOWN,6,0,6,6,24,25,,1,친봉산장,1,39:음식점,1,제주특별자치도 서귀포시 하신상로 417,0,,1,"33.2911545642,126.5961909984",0,,1,https://tong.visitkorea.or.kr/cms/resource/65/2851165_image2_1.jpg,0,,0,,0,,0,,0,,0,,0,,1,63602,0,,0,,0,,0,,0,,0,,0,,0,,0,,2b91c56fc7b5196bc828c9238081678ed31b26a21a318ac516580238a40ca35b,hank-place-field-audit-v1,Stage3 Firestore snapshot; live read blocked by RESOURCE_EXHAUSTED
1453,kto-2851274,유디에이(UDA),SEOGWIPO_CITY,seogwipo,서귀포시,39,음식점,cafe,UNKNOWN,6,0,6,6,24,25,,1,유디에이(UDA),1,39:음식점,1,제주특별자치도 서귀포시 속골로 13-7 (호근동),0,,1,"33.2410562417,126.5285396544",0,,1,https://tong.visitkorea.or.kr/cms/resource/62/2851262_image2_1.jpg,0,,0,,0,,0,,0,,0,,0,,1,63571,0,,0,,0,,0,,0,,0,,0,,0,,0,,2b91c56fc7b5196bc828c9238081678ed31b26a21a318ac516580238a40ca35b,hank-place-field-audit-v1,Stage3 Firestore snapshot; live read blocked by RESOURCE_EXHAUSTED
1454,kto-2851375,아리,SEOGWIPO_CITY,seogwipo,서귀포시,39,음식점,food,UNKNOWN,6,0,6,6,24,25,,1,아리,1,39:음식점,1,제주특별자치도 서귀포시 홍중로 99 (서홍동),0,,1,"33.2614377519,126.5554202004",0,,1,https://tong.visitkorea.or.kr/cms/resource/55/2851355_image2_1.jpg,0,,0,,0,,0,,0,,0,,0,,1,63584,0,,0,,0,,0,,0,,0,,0,,0,,0,,2b91c56fc7b5196bc828c9238081678ed31b26a21a318ac516580238a40ca35b,hank-place-field-audit-v1,Stage3 Firestore snapshot; live read blocked by RESOURCE_EXHAUSTED
1455,kto-2851443,호자,JEJU_CITY,jeju_city,제주시,39,음식점,food,UNKNOWN,6,0,6,6,24,25,,1,호자,1,39:음식점,1,제주특별자치도 제주시 세화8길 7,0,,1,"33.5215083065,126.8575797487",0,,1,https://tong.visitkorea.or.kr/cms/resource/94/2851394_image2_1.jpg,0,,0,,0,,0,,0,,0,,0,,1,63361,0,,0,,0,,0,,0,,0,,0,,0,,0,,2b91c56fc7b5196bc828c9238081678ed31b26a21a318ac516580238a40ca35b,hank-place-field-audit-v1,Stage3 Firestore snapshot; live read blocked by RESOURCE_EXHAUSTED
1456,kto-2851487,톰톰카레,JEJU_CITY,east,동부 (구좌),39,음식점,food,UNKNOWN,6,0,6,6,24,25,,1,톰톰카레,1,39:음식점,1,제주특별자치도 제주시 구좌읍 해맞이해안로 1112,0,,1,"33.5375034354,126.8375450072",0,,1,https://tong.visitkorea.or.kr/cms/resource/74/2851474_image2_1.jpg,0,,0,,0,,0,,0,,0,,0,,1,63360,0,,0,,0,,0,,0,,0,,0,,0,,0,,2b91c56fc7b5196bc828c9238081678ed31b26a21a318ac516580238a40ca35b,hank-place-field-audit-v1,Stage3 Firestore snapshot; live read blocked by RESOURCE_EXHAUSTED
1457,kto-2851565,쪼끌락,JEJU_CITY,jeju_city,제주시,39,음식점,cafe,UNKNOWN,6,0,6,6,24,25,,1,쪼끌락,1,39:음식점,1,제주특별자치도 제주시 김녕로21길 21,0,,1,"33.5578415238,126.7553155654",0,,1,https://tong.visitkorea.or.kr/cms/resource/53/2851553_image2_1.jpg,0,,0,,0,,0,,0,,0,,0,,1,63357,0,,0,,0,,0,,0,,0,,0,,0,,0,,2b91c56fc7b5196bc828c9238081678ed31b26a21a318ac516580238a40ca35b,hank-place-field-audit-v1,Stage3 Firestore snapshot; live read blocked by RESOURCE_EXHAUSTED
1458,kto-2851610,용꽈배기,JEJU_CITY,jeju_city,제주시,39,음식점,food,UNKNOWN,6,0,6,6,24,25,,1,용꽈배기,1,39:음식점,1,제주특별자치도 제주시 수덕5길 85-7,0,,1,"33.4817204094,126.4716113971",0,,1,https://tong.visitkorea.or.kr/cms/resource/01/2851601_image2_1.jpg,0,,0,,0,,0,,0,,0,,0,,1,63103,0,,0,,0,,0,,0,,0,,0,,0,,0,,2b91c56fc7b5196bc828c9238081678ed31b26a21a318ac516580238a40ca35b,hank-place-field-audit-v1,Stage3 Firestore snapshot; live read blocked by RESOURCE_EXHAUSTED
1459,kto-2851643,모뉴에트,JEJU_CITY,jeju_city,제주시,39,음식점,cafe,UNKNOWN,6,0,6,6,24,25,,1,모뉴에트,1,39:음식점,1,제주특별자치도 제주시 종달동길 23,0,,1,"33.4914873493,126.9022876754",0,,1,https://tong.visitkorea.or.kr/cms/resource/32/2851632_image2_1.jpg,0,,0,,0,,0,,0,,0,,0,,1,63364,0,,0,,0,,0,,0,,0,,0,,0,,0,,2b91c56fc7b5196bc828c9238081678ed31b26a21a318ac516580238a40ca35b,hank-place-field-audit-v1,Stage3 Firestore snapshot; live read blocked by RESOURCE_EXHAUSTED
1460,kto-2851674,마틸다,JEJU_CITY,west,서부 (애월),39,음식점,cafe,UNKNOWN,6,0,6,6,24,25,,1,마틸다,1,39:음식점,1,제주특별자치도 제주시 애월읍 고내1길 33,0,,1,"33.4657311153,126.3342820347",0,,1,https://tong.visitkorea.or.kr/cms/resource/49/2851649_image2_1.jpg,0,,0,,0,,0,,0,,0,,0,,1,63045,0,,0,,0,,0,,0,,0,,0,,0,,0,,2b91c56fc7b5196bc828c9238081678ed31b26a21a318ac516580238a40ca35b,hank-place-field-audit-v1,Stage3 Firestore snapshot; live read blocked by RESOURCE_EXHAUSTED
1461,kto-2851686,김녕오라이,JEJU_CITY,east,동부 (구좌),39,음식점,food,UNKNOWN,6,0,6,6,24,25,,1,김녕오라이,1,39:음식점,1,제주특별자치도 제주시 구좌읍 김녕로21길 21,0,,1,"33.5578415238,126.7553155654",0,,1,https://tong.visitkorea.or.kr/cms/resource/84/2851684_image2_1.jpg,0,,0,,0,,0,,0,,0,,0,,1,63357,0,,0,,0,,0,,0,,0,,0,,0,,0,,2b91c56fc7b5196bc828c9238081678ed31b26a21a318ac516580238a40ca35b,hank-place-field-audit-v1,Stage3 Firestore snapshot; live read blocked by RESOURCE_EXHAUSTED
1462,kto-2851868,꽁순이네,JEJU_CITY,west,서부 (애월),39,음식점,food,UNKNOWN,6,0,6,6,24,25,,1,꽁순이네,1,39:음식점,1,제주특별자치도 제주시 애월읍 중산간서로 5642,0,,1,"33.4469499317,126.3387181818",0,,1,https://tong.visitkorea.or.kr/cms/resource/66/2851866_image2_1.jpg,0,,0,,0,,0,,0,,0,,0,,1,63036,0,,0,,0,,0,,0,,0,,0,,0,,0,,2b91c56fc7b5196bc828c9238081678ed31b26a21a318ac516580238a40ca35b,hank-place-field-audit-v1,Stage3 Firestore snapshot; live read blocked by RESOURCE_EXHAUSTED
1463,kto-2851874,꿈낭밥집,JEJU_CITY,west,서부 (애월),39,음식점,food,UNKNOWN,6,0,6,6,24,25,,1,꿈낭밥집,1,39:음식점,1,제주특별자치도 제주시 애월읍 유수암평화5길 33-3,0,,1,"33.4240646279,126.4053267934",0,,1,https://tong.visitkorea.or.kr/cms/resource/73/2851873_image2_1.jpg,0,,0,,0,,0,,0,,0,,0,,1,63067,0,,0,,0,,0,,0,,0,,0,,0,,0,,2b91c56fc7b5196bc828c9238081678ed31b26a21a318ac516580238a40ca35b,hank-place-field-audit-v1,Stage3 Firestore snapshot; live read blocked by RESOURCE_EXHAUSTED
1464,kto-2851889,노라바,JEJU_CITY,west,서부 (애월),39,음식점,food,UNKNOWN,6,0,6,6,24,25,,1,노라바,1,39:음식점,1,제주특별자치도 제주시 애월읍 구엄길 100,0,,1,"33.4828854364,126.3763307678",0,,1,https://tong.visitkorea.or.kr/cms/resource/83/2851883_image2_1.jpg,0,,0,,0,,0,,0,,0,,0,,1,63049,0,,0,,0,,0,,0,,0,,0,,0,,0,,2b91c56fc7b5196bc828c9238081678ed31b26a21a318ac516580238a40ca35b,hank-place-field-audit-v1,Stage3 Firestore snapshot; live read blocked by RESOURCE_EXHAUSTED
1465,kto-2851902,노을리,JEJU_CITY,west,서부 (애월),39,음식점,cafe,UNKNOWN,6,0,6,6,24,25,,1,노을리,1,39:음식점,1,제주특별자치도 제주시 애월읍 애월해안로 654,0,,1,"33.4801051312,126.3727283662",0,,1,https://tong.visitkorea.or.kr/cms/resource/97/2851897_image2_1.jpg,0,,0,,0,,0,,0,,0,,0,,1,63049,0,,0,,0,,0,,0,,0,,0,,0,,0,,2b91c56fc7b5196bc828c9238081678ed31b26a21a318ac516580238a40ca35b,hank-place-field-audit-v1,Stage3 Firestore snapshot; live read blocked by RESOURCE_EXHAUSTED
1466,kto-2851913,단소,JEJU_CITY,west,서부 (애월),39,음식점,food,UNKNOWN,6,0,6,6,24,25,,1,단소,1,39:음식점,1,제주특별자치도 제주시 애월로 139-4,0,,1,"33.4644477406,126.3226414094",0,,1,https://tong.visitkorea.or.kr/cms/resource/11/2851911_image2_1.jpg,0,,0,,0,,0,,0,,0,,0,,1,63043,0,,0,,0,,0,,0,,0,,0,,0,,0,,2b91c56fc7b5196bc828c9238081678ed31b26a21a318ac516580238a40ca35b,hank-place-field-audit-v1,Stage3 Firestore snapshot; live read blocked by RESOURCE_EXHAUSTED
1467,kto-2851930,도치돌가든,JEJU_CITY,west,서부 (애월),39,음식점,food,UNKNOWN,6,0,6,6,24,25,,1,도치돌가든,1,39:음식점,1,제주특별자치도 제주시 애월읍 천덕로 440-1,0,,1,"33.4199445958,126.3392548524",0,,1,https://tong.visitkorea.or.kr/cms/resource/18/2851918_image2_1.jpg,0,,0,,0,,0,,0,,0,,0,,1,63038,0,,0,,0,,0,,0,,0,,0,,0,,0,,2b91c56fc7b5196bc828c9238081678ed31b26a21a318ac516580238a40ca35b,hank-place-field-audit-v1,Stage3 Firestore snapshot; live read blocked by RESOURCE_EXHAUSTED
1468,kto-2851948,라라카페,JEJU_CITY,west,서부 (애월),39,음식점,cafe,UNKNOWN,6,0,6,6,24,25,,1,라라카페,1,39:음식점,1,제주특별자치도 제주시 애월읍 광령평화10길 13,0,,1,"33.4544368598,126.4427450785",0,,1,https://tong.visitkorea.or.kr/cms/resource/36/2851936_image2_1.jpg,0,,0,,0,,0,,0,,0,,0,,1,63064,0,,0,,0,,0,,0,,0,,0,,0,,0,,2b91c56fc7b5196bc828c9238081678ed31b26a21a318ac516580238a40ca35b,hank-place-field-audit-v1,Stage3 Firestore snapshot; live read blocked by RESOURCE_EXHAUSTED
1469,kto-2852023,봉성식당,JEJU_CITY,jeju_city,제주시,39,음식점,food,UNKNOWN,6,0,6,6,24,25,,1,봉성식당,1,39:음식점,1,제주특별자치도 제주시 봉성로 66,0,,1,"33.4187193119,126.3126266402",0,,1,https://tong.visitkorea.or.kr/cms/resource/19/2852019_image2_1.jpg,0,,0,,0,,0,,0,,0,,0,,1,63039,0,,0,,0,,0,,0,,0,,0,,0,,0,,2b91c56fc7b5196bc828c9238081678ed31b26a21a318ac516580238a40ca35b,hank-place-field-audit-v1,Stage3 Firestore snapshot; live read blocked by RESOURCE_EXHAUSTED
1470,kto-2852038,블루사이공,JEJU_CITY,west,서부 (애월),39,음식점,food,UNKNOWN,6,0,6,6,24,25,,1,블루사이공,1,39:음식점,1,제주특별자치도 제주시 애월읍 중산간서로 6333,0,,1,"33.457044354,126.4080008181",0,,1,https://tong.visitkorea.or.kr/cms/resource/29/2852029_image2_1.jpg,0,,0,,0,,0,,0,,0,,0,,1,63057,0,,0,,0,,0,,0,,0,,0,,0,,0,,2b91c56fc7b5196bc828c9238081678ed31b26a21a318ac516580238a40ca35b,hank-place-field-audit-v1,Stage3 Firestore snapshot; live read blocked by RESOURCE_EXHAUSTED
1471,kto-2852063,삼일해장국,JEJU_CITY,jeju_city,제주시,39,음식점,food,UNKNOWN,6,0,6,6,24,25,,1,삼일해장국,1,39:음식점,1,제주특별자치도 제주시 하귀9길 14,0,,1,"33.4856662979,126.4151162206",0,,1,https://tong.visitkorea.or.kr/cms/resource/56/2852056_image2_1.jpg,0,,0,,0,,0,,0,,0,,0,,1,63054,0,,0,,0,,0,,0,,0,,0,,0,,0,,2b91c56fc7b5196bc828c9238081678ed31b26a21a318ac516580238a40ca35b,hank-place-field-audit-v1,Stage3 Firestore snapshot; live read blocked by RESOURCE_EXHAUSTED
1472,kto-2852108,심바카레,JEJU_CITY,west,서부 (애월),39,음식점,food,UNKNOWN,6,0,6,6,24,25,,1,심바카레,1,39:음식점,1,제주특별자치도 제주시 애월읍 애월로 87-16,0,,1,"33.4634172083,126.3168641577",0,,1,https://tong.visitkorea.or.kr/cms/resource/04/2852104_image2_1.jpg,0,,0,,0,,0,,0,,0,,0,,1,63043,0,,0,,0,,0,,0,,0,,0,,0,,0,,2b91c56fc7b5196bc828c9238081678ed31b26a21a318ac516580238a40ca35b,hank-place-field-audit-v1,Stage3 Firestore snapshot; live read blocked by RESOURCE_EXHAUSTED
1473,kto-2852136,재벌식당,JEJU_CITY,jeju_city,제주시,39,음식점,food,UNKNOWN,6,0,6,6,24,25,,1,재벌식당,1,39:음식점,1,제주특별자치도 제주시 도령로7길 20 신광아파트,0,,1,"33.4908168279,126.4843989686",0,,1,https://tong.visitkorea.or.kr/cms/resource/30/2852130_image2_1.jpg,0,,0,,0,,0,,0,,0,,0,,1,63127,0,,0,,0,,0,,0,,0,,0,,0,,0,,2b91c56fc7b5196bc828c9238081678ed31b26a21a318ac516580238a40ca35b,hank-place-field-audit-v1,Stage3 Firestore snapshot; live read blocked by RESOURCE_EXHAUSTED
1474,kto-2852155,제레미,JEJU_CITY,west,서부 (애월),39,음식점,cafe,UNKNOWN,6,0,6,6,24,25,,1,제레미,1,39:음식점,1,제주특별자치도 제주시 애월읍 애월로 106-1,0,,1,"33.4645504417,126.3185167661",0,,1,https://tong.visitkorea.or.kr/cms/resource/51/2852151_image2_1.jpg,0,,0,,0,,0,,0,,0,,0,,1,63043,0,,0,,0,,0,,0,,0,,0,,0,,0,,2b91c56fc7b5196bc828c9238081678ed31b26a21a318ac516580238a40ca35b,hank-place-field-audit-v1,Stage3 Firestore snapshot; live read blocked by RESOURCE_EXHAUSTED
1475,kto-2852187,카페브리프,JEJU_CITY,jeju_city,제주시,39,음식점,cafe,UNKNOWN,6,0,6,6,24,25,,1,카페브리프,1,39:음식점,1,제주특별자치도 제주시 광성로 76,0,,1,"33.4583721062,126.4156862313",0,,1,https://tong.visitkorea.or.kr/cms/resource/79/2852179_image2_1.jpg,0,,0,,0,,0,,0,,0,,0,,1,63058,0,,0,,0,,0,,0,,0,,0,,0,,0,,2b91c56fc7b5196bc828c9238081678ed31b26a21a318ac516580238a40ca35b,hank-place-field-audit-v1,Stage3 Firestore snapshot; live read blocked by RESOURCE_EXHAUSTED
1476,kto-2852215,코시롱,JEJU_CITY,west,서부 (애월),39,음식점,food,UNKNOWN,6,0,6,6,24,25,,1,코시롱,1,39:음식점,1,제주특별자치도 제주시 애월읍 애월해안로 646,1,1층,1,"33.4792015537743,126.372185699563",0,,0,,0,,0,,0,,0,,0,,0,,0,,1,63049,0,,0,,0,,0,,0,,0,,0,,0,,0,,2b91c56fc7b5196bc828c9238081678ed31b26a21a318ac516580238a40ca35b,hank-place-field-audit-v1,Stage3 Firestore snapshot; live read blocked by RESOURCE_EXHAUSTED
1477,kto-2852232,해녀의집,JEJU_CITY,west,서부 (애월),39,음식점,food,UNKNOWN,6,0,6,6,24,25,,1,해녀의집,1,39:음식점,1,제주특별자치도 제주시 애월읍 애월해안로 591,0,,1,"33.4784135608,126.3669400192",0,,1,https://tong.visitkorea.or.kr/cms/resource/22/2852222_image2_1.jpg,0,,0,,0,,0,,0,,0,,0,,1,63047,0,,0,,0,,0,,0,,0,,0,,0,,0,,2b91c56fc7b5196bc828c9238081678ed31b26a21a318ac516580238a40ca35b,hank-place-field-audit-v1,Stage3 Firestore snapshot; live read blocked by RESOURCE_EXHAUSTED
1478,kto-2852311,골목카페옥수,JEJU_CITY,jeju_city,제주시,39,음식점,cafe,UNKNOWN,6,0,6,6,24,25,,1,골목카페옥수,1,39:음식점,1,제주특별자치도 제주시 소길1길 19,0,,1,"33.4397708216,126.3799286479",0,,1,https://tong.visitkorea.or.kr/cms/resource/03/2852303_image2_1.jpg,0,,0,,0,,0,,0,,0,,0,,1,63037,0,,0,,0,,0,,0,,0,,0,,0,,0,,2b91c56fc7b5196bc828c9238081678ed31b26a21a318ac516580238a40ca35b,hank-place-field-audit-v1,Stage3 Firestore snapshot; live read blocked by RESOURCE_EXHAUSTED
1479,kto-2852374,그러므로 파트2 (part2),JEJU_CITY,jeju_city,제주시,39,음식점,cafe,UNKNOWN,6,0,6,6,24,25,,1,그러므로 파트2 (part2),1,39:음식점,1,제주특별자치도 제주시 수목원길 16-14 (노형동),0,,1,"33.4684609925,126.4858965666",0,,1,https://tong.visitkorea.or.kr/cms/resource/73/2852373_image2_1.jpg,0,,0,,0,,0,,0,,0,,0,,1,63091,0,,0,,0,,0,,0,,0,,0,,0,,0,,2b91c56fc7b5196bc828c9238081678ed31b26a21a318ac516580238a40ca35b,hank-place-field-audit-v1,Stage3 Firestore snapshot; live read blocked by RESOURCE_EXHAUSTED
1480,kto-2852379,구좌읍 우럭튀김 민경이네어등포식당,JEJU_CITY,jeju_city,제주시,39,음식점,food,UNKNOWN,6,0,6,6,24,25,,1,구좌읍 우럭튀김 민경이네어등포식당,1,39:음식점,1,제주특별자치도 제주시 해맞이해안로 830,0,,1,"33.5537681121,126.8257678765",0,,1,https://tong.visitkorea.or.kr/cms/resource/75/2852375_image2_1.jpg,0,,0,,0,,0,,0,,0,,0,,1,63358,0,,0,,0,,0,,0,,0,,0,,0,,0,,2b91c56fc7b5196bc828c9238081678ed31b26a21a318ac516580238a40ca35b,hank-place-field-audit-v1,Stage3 Firestore snapshot; live read blocked by RESOURCE_EXHAUSTED
1481,kto-2852457,ABC 에이팩토리베이커리카페,JEJU_CITY,jeju_city,제주시,39,음식점,cafe,UNKNOWN,6,0,6,6,24,25,,1,ABC 에이팩토리베이커리카페,1,39:음식점,1,제주특별자치도 제주시 관덕로7길 39 (삼도이동),0,,1,"33.5166840271,126.5232394495",0,,1,https://tong.visitkorea.or.kr/cms/resource/55/2852455_image2_1.JPG,0,,0,,0,,0,,0,,0,,0,,1,63166,0,,0,,0,,0,,0,,0,,0,,0,,0,,2b91c56fc7b5196bc828c9238081678ed31b26a21a318ac516580238a40ca35b,hank-place-field-audit-v1,Stage3 Firestore snapshot; live read blocked by RESOURCE_EXHAUSTED
1482,kto-2852520,커피스케치,SEOGWIPO_CITY,seogwipo,서귀포시,39,음식점,cafe,UNKNOWN,6,0,6,6,24,25,,1,커피스케치,1,39:음식점,1,제주특별자치도 서귀포시 사계남로216번길 24-32 네덜란드엿보기전시관,0,,1,"33.2334009178,126.3133001582",0,,1,https://tong.visitkorea.or.kr/cms/resource/18/2852518_image2_1.JPG,0,,0,,0,,0,,0,,0,,0,,1,63528,0,,0,,0,,0,,0,,0,,0,,0,,0,,2b91c56fc7b5196bc828c9238081678ed31b26a21a318ac516580238a40ca35b,hank-place-field-audit-v1,Stage3 Firestore snapshot; live read blocked by RESOURCE_EXHAUSTED
1483,kto-2852532,선물가게 바나나 서귀포중문점,SEOGWIPO_CITY,seogwipo,서귀포시,38,쇼핑,spot,UNKNOWN,6,0,6,6,24,25,,1,선물가게 바나나 서귀포중문점,1,38:쇼핑,1,제주특별자치도 서귀포시 일주서로 875,0,,1,"33.2580338921,126.4171258368",0,,1,https://tong.visitkorea.or.kr/cms/resource/71/4072871_image2_1.jpg,0,,0,,0,,0,,0,,0,,0,,1,63534,0,,0,,0,,0,,0,,0,,0,,0,,0,,2b91c56fc7b5196bc828c9238081678ed31b26a21a318ac516580238a40ca35b,hank-place-field-audit-v1,Stage3 Firestore snapshot; live read blocked by RESOURCE_EXHAUSTED
1484,kto-2852563,제주부영호텔&리조트,SEOGWIPO_CITY,seogwipo,서귀포시,32,숙박,stay,UNKNOWN,6,0,6,6,24,25,,1,제주부영호텔&리조트,1,32:숙박,1,제주특별자치도 서귀포시 중문관광로 222 (중문동),0,,1,"33.242576816414406,126.423203519159",0,,1,https://tong.visitkorea.or.kr/cms/resource/72/4068972_image2_1.jpg,0,,0,,0,,0,,0,,0,,0,,1,63547,0,,0,,0,,0,,0,,0,,0,,0,,0,,2b91c56fc7b5196bc828c9238081678ed31b26a21a318ac516580238a40ca35b,hank-place-field-audit-v1,Stage3 Firestore snapshot; live read blocked by RESOURCE_EXHAUSTED
1485,kto-2852581,머큐어앰배서더 제주,SEOGWIPO_CITY,west,서부 (안덕),32,숙박,stay,UNKNOWN,6,0,6,6,24,25,,1,머큐어앰배서더 제주,1,32:숙박,1,제주특별자치도 서귀포시 안덕면 한창로 365,0,,1,"33.2926141952,126.3481678955",0,,1,https://tong.visitkorea.or.kr/cms/resource/93/4072593_image2_1.jpg,0,,0,,0,,0,,0,,0,,0,,1,63526,0,,0,,0,,0,,0,,0,,0,,0,,0,,2b91c56fc7b5196bc828c9238081678ed31b26a21a318ac516580238a40ca35b,hank-place-field-audit-v1,Stage3 Firestore snapshot; live read blocked by RESOURCE_EXHAUSTED
1486,kto-2852695,예술공간 이아,JEJU_CITY,jeju_city,제주시,14,문화시설,spot,UNKNOWN,6,0,6,6,24,25,,1,예술공간 이아,1,14:문화시설,1,제주특별자치도 제주시 중앙로14길 21 (삼도이동),0,,1,"33.5111557521,126.5220988994",0,,1,https://tong.visitkorea.or.kr/cms/resource/95/3552795_image2_1.jpg,0,,0,,0,,0,,0,,0,,0,,1,63169,0,,0,,0,,0,,0,,0,,0,,0,,0,,2b91c56fc7b5196bc828c9238081678ed31b26a21a318ac516580238a40ca35b,hank-place-field-audit-v1,Stage3 Firestore snapshot; live read blocked by RESOURCE_EXHAUSTED
1487,kto-2853278,하르방짬뽕,JEJU_CITY,jeju_city,제주시,39,음식점,food,UNKNOWN,6,0,6,6,24,25,,1,하르방짬뽕,1,39:음식점,1,제주특별자치도 제주시 하귀동남4길 4,0,,1,"33.4825082726,126.4124692997",0,,1,https://tong.visitkorea.or.kr/cms/resource/71/2853271_image2_1.jpg,0,,0,,0,,0,,0,,0,,0,,1,63052,0,,0,,0,,0,,0,,0,,0,,0,,0,,2b91c56fc7b5196bc828c9238081678ed31b26a21a318ac516580238a40ca35b,hank-place-field-audit-v1,Stage3 Firestore snapshot; live read blocked by RESOURCE_EXHAUSTED
1488,kto-2853291,타무라,JEJU_CITY,east,동부 (조천),39,음식점,food,UNKNOWN,6,0,6,6,24,25,,1,타무라,1,39:음식점,1,제주특별자치도 제주시 조천읍 중산간동로 670,0,,1,"33.4989714565,126.6568893511",0,,1,https://tong.visitkorea.or.kr/cms/resource/90/2853290_image2_1.jpg,0,,0,,0,,0,,0,,0,,0,,1,63343,0,,0,,0,,0,,0,,0,,0,,0,,0,,2b91c56fc7b5196bc828c9238081678ed31b26a21a318ac516580238a40ca35b,hank-place-field-audit-v1,Stage3 Firestore snapshot; live read blocked by RESOURCE_EXHAUSTED
1489,kto-2853302,마노커피하우스,SEOGWIPO_CITY,seogwipo,서귀포시,39,음식점,cafe,UNKNOWN,6,0,6,6,24,25,,1,마노커피하우스,1,39:음식점,1,제주특별자치도 서귀포시 천제연로188번길 6-6 (중문동),0,,1,"33.2513867831,126.4239762659",0,,1,https://tong.visitkorea.or.kr/cms/resource/95/2853295_image2_1.jpg,0,,0,,0,,0,,0,,0,,0,,1,63546,0,,0,,0,,0,,0,,0,,0,,0,,0,,2b91c56fc7b5196bc828c9238081678ed31b26a21a318ac516580238a40ca35b,hank-place-field-audit-v1,Stage3 Firestore snapshot; live read blocked by RESOURCE_EXHAUSTED
1490,kto-2853435,갈치공장,JEJU_CITY,jeju_city,제주시,39,음식점,food,UNKNOWN,6,0,6,6,24,25,,1,갈치공장,1,39:음식점,1,제주특별자치도 제주시 해맞이해안로 1296,0,,1,"33.5319348245,126.8509745258",0,,1,https://tong.visitkorea.or.kr/cms/resource/24/2853424_image2_1.jpg,0,,0,,0,,0,,0,,0,,0,,1,63360,0,,0,,0,,0,,0,,0,,0,,0,,0,,2b91c56fc7b5196bc828c9238081678ed31b26a21a318ac516580238a40ca35b,hank-place-field-audit-v1,Stage3 Firestore snapshot; live read blocked by RESOURCE_EXHAUSTED
1491,kto-2853484,삼무공원,JEJU_CITY,jeju_city,제주시,12,관광지,spot,UNKNOWN,6,0,6,6,24,25,,1,삼무공원,1,12:관광지,1,제주특별자치도 제주시 신대로10길 48-9 (연동),0,,1,"33.4914567959419,126.49245419969505",0,,1,https://tong.visitkorea.or.kr/cms/resource/39/4067839_image2_1.jpg,0,,0,,0,,0,,0,,0,,0,,1,63125,0,,0,,0,,0,,0,,0,,0,,0,,0,,2b91c56fc7b5196bc828c9238081678ed31b26a21a318ac516580238a40ca35b,hank-place-field-audit-v1,Stage3 Firestore snapshot; live read blocked by RESOURCE_EXHAUSTED
1492,kto-2853566,정직한돈 본점,JEJU_CITY,west,서부 (애월),39,음식점,food,UNKNOWN,6,0,6,6,24,25,,1,정직한돈 본점,1,39:음식점,1,제주특별자치도 제주시 애월읍 애월해안로 253,0,,1,"33.467397672,126.3390038084",0,,1,https://tong.visitkorea.or.kr/cms/resource/46/2853546_image2_1.jpg,0,,0,,0,,0,,0,,0,,0,,1,63045,0,,0,,0,,0,,0,,0,,0,,0,,0,,2b91c56fc7b5196bc828c9238081678ed31b26a21a318ac516580238a40ca35b,hank-place-field-audit-v1,Stage3 Firestore snapshot; live read blocked by RESOURCE_EXHAUSTED
1493,kto-2853604,우동카덴,JEJU_CITY,east,동부 (조천),39,음식점,food,UNKNOWN,6,0,6,6,24,25,,1,우동카덴,1,39:음식점,1,제주특별자치도 제주시 조천읍 교래3길 23,0,,1,"33.4358676834,126.6793082885",0,,1,https://tong.visitkorea.or.kr/cms/resource/96/2853596_image2_1.jpg,0,,0,,0,,0,,0,,0,,0,,1,63346,0,,0,,0,,0,,0,,0,,0,,0,,0,,2b91c56fc7b5196bc828c9238081678ed31b26a21a318ac516580238a40ca35b,hank-place-field-audit-v1,Stage3 Firestore snapshot; live read blocked by RESOURCE_EXHAUSTED
1494,kto-2853621,우무 본점,JEJU_CITY,west,서부 (한림),39,음식점,cafe,UNKNOWN,6,0,6,6,24,25,,1,우무 본점,1,39:음식점,1,제주특별자치도 제주시 한림읍 한림로 542-1,0,,1,"33.405928177,126.2564540339",0,,1,https://tong.visitkorea.or.kr/cms/resource/91/2861891_image2_1.jpg,0,,0,,0,,0,,0,,0,,0,,1,63012,0,,0,,0,,0,,0,,0,,0,,0,,0,,2b91c56fc7b5196bc828c9238081678ed31b26a21a318ac516580238a40ca35b,hank-place-field-audit-v1,Stage3 Firestore snapshot; live read blocked by RESOURCE_EXHAUSTED
1495,kto-2853644,잇칸시타,JEJU_CITY,west,서부 (애월),39,음식점,food,UNKNOWN,6,0,6,6,24,25,,1,잇칸시타,1,39:음식점,1,제주특별자치도 제주시 애월읍 신엄안2길 54-1,0,,1,"33.477113757,126.3702508713",0,,1,https://tong.visitkorea.or.kr/cms/resource/30/2853630_image2_1.jpg,0,,0,,0,,0,,0,,0,,0,,1,63047,0,,0,,0,,0,,0,,0,,0,,0,,0,,2b91c56fc7b5196bc828c9238081678ed31b26a21a318ac516580238a40ca35b,hank-place-field-audit-v1,Stage3 Firestore snapshot; live read blocked by RESOURCE_EXHAUSTED
1496,kto-2853982,라토커피제주,JEJU_CITY,jeju_city,제주시,39,음식점,cafe,UNKNOWN,6,0,6,6,24,25,,1,라토커피제주,1,39:음식점,1,제주특별자치도 제주시 광양10길 20 (이도이동),0,,1,"33.4987305369,126.5281672061",0,,1,https://tong.visitkorea.or.kr/cms/resource/75/2853975_image2_1.jpg,0,,0,,0,,0,,0,,0,,0,,1,63207,0,,0,,0,,0,,0,,0,,0,,0,,0,,2b91c56fc7b5196bc828c9238081678ed31b26a21a318ac516580238a40ca35b,hank-place-field-audit-v1,Stage3 Firestore snapshot; live read blocked by RESOURCE_EXHAUSTED
1497,kto-2854015,모들한상,JEJU_CITY,west,서부 (애월),39,음식점,food,UNKNOWN,6,0,6,6,24,25,,1,모들한상,1,39:음식점,1,제주특별자치도 제주시 애월읍 하가로 180,0,,1,"33.455376907,126.346989495",0,,1,https://tong.visitkorea.or.kr/cms/resource/02/2854002_image2_1.jpg,0,,0,,0,,0,,0,,0,,0,,1,63036,0,,0,,0,,0,,0,,0,,0,,0,,0,,2b91c56fc7b5196bc828c9238081678ed31b26a21a318ac516580238a40ca35b,hank-place-field-audit-v1,Stage3 Firestore snapshot; live read blocked by RESOURCE_EXHAUSTED
1498,kto-2854041,별돈별 정원본점,JEJU_CITY,west,서부 (한경),39,음식점,food,UNKNOWN,6,0,6,6,24,25,,1,별돈별 정원본점,1,39:음식점,1,제주특별자치도 제주시 한경면 고산로8길 21-15,0,,1,"33.3088766061,126.1800961663",0,,1,https://tong.visitkorea.or.kr/cms/resource/38/2854038_image2_1.jpg,0,,0,,0,,0,,0,,0,,0,,1,63008,0,,0,,0,,0,,0,,0,,0,,0,,0,,2b91c56fc7b5196bc828c9238081678ed31b26a21a318ac516580238a40ca35b,hank-place-field-audit-v1,Stage3 Firestore snapshot; live read blocked by RESOURCE_EXHAUSTED
1499,kto-2854069,소섬전복,JEJU_CITY,jeju_city,제주시,39,음식점,food,UNKNOWN,6,0,6,6,24,25,,1,소섬전복,1,39:음식점,1,제주특별자치도 제주시 우도면 우도해안길 1158,0,,1,"33.498868108,126.9651070604",0,,1,https://tong.visitkorea.or.kr/cms/resource/58/2854058_image2_1.jpg,0,,0,,0,,0,,0,,0,,0,,1,63365,0,,0,,0,,0,,0,,0,,0,,0,,0,,2b91c56fc7b5196bc828c9238081678ed31b26a21a318ac516580238a40ca35b,hank-place-field-audit-v1,Stage3 Firestore snapshot; live read blocked by RESOURCE_EXHAUSTED
1500,kto-2854078,시골길,JEJU_CITY,jeju_city,제주시,39,음식점,food,UNKNOWN,6,0,6,6,24,25,,1,시골길,1,39:음식점,1,제주특별자치도 제주시 오복2길 23 (이도이동),0,,1,"33.4940311883,126.5363666008",0,,1,https://tong.visitkorea.or.kr/cms/resource/70/2854070_image2_1.jpg,0,,0,,0,,0,,0,,0,,0,,1,63223,0,,0,,0,,0,,0,,0,,0,,0,,0,,2b91c56fc7b5196bc828c9238081678ed31b26a21a318ac516580238a40ca35b,hank-place-field-audit-v1,Stage3 Firestore snapshot; live read blocked by RESOURCE_EXHAUSTED
1501,kto-2854102,신해바라기,JEJU_CITY,jeju_city,제주시,39,음식점,food,UNKNOWN,6,0,6,6,24,25,,1,신해바라기,1,39:음식점,1,제주특별자치도 제주시 관덕로13길 13 (일도일동),0,,1,"33.5142426737,126.5259503799",0,,1,https://tong.visitkorea.or.kr/cms/resource/96/2854096_image2_1.jpg,0,,0,,0,,0,,0,,0,,0,,1,63277,0,,0,,0,,0,,0,,0,,0,,0,,0,,2b91c56fc7b5196bc828c9238081678ed31b26a21a318ac516580238a40ca35b,hank-place-field-audit-v1,Stage3 Firestore snapshot; live read blocked by RESOURCE_EXHAUSTED
1502,kto-2854121,연정식당,JEJU_CITY,jeju_city,제주시,39,음식점,food,UNKNOWN,6,0,6,6,24,25,,1,연정식당,1,39:음식점,1,제주특별자치도 제주시 신광로10길 29 (연동),0,,1,"33.4838148633,126.4867766981",0,,1,https://tong.visitkorea.or.kr/cms/resource/13/2854113_image2_1.jpg,0,,0,,0,,0,,0,,0,,0,,1,63137,0,,0,,0,,0,,0,,0,,0,,0,,0,,2b91c56fc7b5196bc828c9238081678ed31b26a21a318ac516580238a40ca35b,hank-place-field-audit-v1,Stage3 Firestore snapshot; live read blocked by RESOURCE_EXHAUSTED
1503,kto-2854188,우호적무관심,JEJU_CITY,west,서부 (한경),39,음식점,cafe,UNKNOWN,6,0,6,6,24,25,,1,우호적무관심,1,39:음식점,1,제주특별자치도 제주시 한경면 저지12길 103,0,,1,"33.3377608871,126.2672212843",0,,1,https://tong.visitkorea.or.kr/cms/resource/77/2854177_image2_1.jpg,0,,0,,0,,0,,0,,0,,0,,1,63005,0,,0,,0,,0,,0,,0,,0,,0,,0,,2b91c56fc7b5196bc828c9238081678ed31b26a21a318ac516580238a40ca35b,hank-place-field-audit-v1,Stage3 Firestore snapshot; live read blocked by RESOURCE_EXHAUSTED
1504,kto-2854211,인그리드,JEJU_CITY,jeju_city,제주시,39,음식점,cafe,UNKNOWN,6,0,6,6,24,25,,1,인그리드,1,39:음식점,1,제주특별자치도 제주시 서해안로 64,0,,1,"33.502531758,126.4567455524",0,,1,https://tong.visitkorea.or.kr/cms/resource/94/2854194_image2_1.jpg,0,,0,,0,,0,,0,,0,,0,,1,63108,0,,0,,0,,0,,0,,0,,0,,0,,0,,2b91c56fc7b5196bc828c9238081678ed31b26a21a318ac516580238a40ca35b,hank-place-field-audit-v1,Stage3 Firestore snapshot; live read blocked by RESOURCE_EXHAUSTED
1505,kto-2854271,제주미담,JEJU_CITY,jeju_city,제주시,39,음식점,food,UNKNOWN,6,0,6,6,24,25,,1,제주미담,1,39:음식점,1,제주특별자치도 제주시 가령로 19 (이도이동),0,,1,"33.5023775012,126.5372941084",0,,1,https://tong.visitkorea.or.kr/cms/resource/60/2854260_image2_1.jpg,0,,0,,0,,0,,0,,0,,0,,1,63215,0,,0,,0,,0,,0,,0,,0,,0,,0,,2b91c56fc7b5196bc828c9238081678ed31b26a21a318ac516580238a40ca35b,hank-place-field-audit-v1,Stage3 Firestore snapshot; live read blocked by RESOURCE_EXHAUSTED
1506,kto-2854312,죽성고을,JEJU_CITY,jeju_city,제주시,39,음식점,food,UNKNOWN,6,0,6,6,24,25,,1,죽성고을,1,39:음식점,1,제주특별자치도 제주시 한북로 176 (오등동),0,,1,"33.4622818879,126.5341175164",0,,1,https://tong.visitkorea.or.kr/cms/resource/05/2854305_image2_1.jpg,0,,0,,0,,0,,0,,0,,0,,1,63240,0,,0,,0,,0,,0,,0,,0,,0,,0,,2b91c56fc7b5196bc828c9238081678ed31b26a21a318ac516580238a40ca35b,hank-place-field-audit-v1,Stage3 Firestore snapshot; live read blocked by RESOURCE_EXHAUSTED
1507,kto-2854335,피커스 제주,JEJU_CITY,jeju_city,제주시,39,음식점,cafe,UNKNOWN,6,0,6,6,24,25,,1,피커스 제주,1,39:음식점,1,제주특별자치도 제주시 아연로 444-1 (오등동),0,,1,"33.4739110719,126.5287816055",0,,1,https://tong.visitkorea.or.kr/cms/resource/26/2854326_image2_1.jpg,0,,0,,0,,0,,0,,0,,0,,1,63240,0,,0,,0,,0,,0,,0,,0,,0,,0,,2b91c56fc7b5196bc828c9238081678ed31b26a21a318ac516580238a40ca35b,hank-place-field-audit-v1,Stage3 Firestore snapshot; live read blocked by RESOURCE_EXHAUSTED
1508,kto-2854364,하하호호,JEJU_CITY,jeju_city,제주시,39,음식점,food,UNKNOWN,6,0,6,6,24,25,,1,하하호호,1,39:음식점,1,제주특별자치도 제주시 우도해안길 532,0,,1,"33.5209209575,126.9485746495",0,,1,https://tong.visitkorea.or.kr/cms/resource/50/2854350_image2_1.jpg,0,,0,,0,,0,,0,,0,,0,,1,63365,0,,0,,0,,0,,0,,0,,0,,0,,0,,2b91c56fc7b5196bc828c9238081678ed31b26a21a318ac516580238a40ca35b,hank-place-field-audit-v1,Stage3 Firestore snapshot; live read blocked by RESOURCE_EXHAUSTED
1509,kto-2854384,형돈,JEJU_CITY,jeju_city,제주시,39,음식점,food,UNKNOWN,6,0,6,6,24,25,,1,형돈,1,39:음식점,1,제주특별자치도 제주시 구남로 22 (이도이동),0,,1,"33.4893510958,126.5329253392",0,,1,https://tong.visitkorea.or.kr/cms/resource/82/2854382_image2_1.jpg,0,,0,,0,,0,,0,,0,,0,,1,63233,0,,0,,0,,0,,0,,0,,0,,0,,0,,2b91c56fc7b5196bc828c9238081678ed31b26a21a318ac516580238a40ca35b,hank-place-field-audit-v1,Stage3 Firestore snapshot; live read blocked by RESOURCE_EXHAUSTED
1510,kto-2854403,함덕회춘,JEJU_CITY,east,동부 (조천),39,음식점,food,UNKNOWN,6,0,6,6,24,25,,1,함덕회춘,1,39:음식점,1,제주특별자치도 제주시 조천읍 신북로 489,0,,1,"33.5431583226,126.6624906317",0,,1,https://tong.visitkorea.or.kr/cms/resource/99/2854399_image2_1.jpg,0,,0,,0,,0,,0,,0,,0,,1,63333,0,,0,,0,,0,,0,,0,,0,,0,,0,,2b91c56fc7b5196bc828c9238081678ed31b26a21a318ac516580238a40ca35b,hank-place-field-audit-v1,Stage3 Firestore snapshot; live read blocked by RESOURCE_EXHAUSTED
1511,kto-2854417,훈남횟집,JEJU_CITY,east,동부 (조천),39,음식점,food,UNKNOWN,6,0,6,6,24,25,,1,훈남횟집,1,39:음식점,1,제주특별자치도 제주시 조천읍 함덕13길 7,0,,1,"33.5421279676,126.6678651887",0,,1,https://tong.visitkorea.or.kr/cms/resource/11/2854411_image2_1.jpg,0,,0,,0,,0,,0,,0,,0,,1,63333,0,,0,,0,,0,,0,,0,,0,,0,,0,,2b91c56fc7b5196bc828c9238081678ed31b26a21a318ac516580238a40ca35b,hank-place-field-audit-v1,Stage3 Firestore snapshot; live read blocked by RESOURCE_EXHAUSTED
1512,kto-2856999,와르다레스토랑,JEJU_CITY,jeju_city,제주시,39,음식점,food,UNKNOWN,6,0,6,6,24,25,,1,와르다레스토랑,1,39:음식점,1,제주특별자치도 제주시 관덕로8길 24-1 (삼도이동),0,,1,"33.5110679801,126.5231229205",0,,1,https://tong.visitkorea.or.kr/cms/resource/88/2856988_image2_1.JPG,0,,0,,0,,0,,0,,0,,0,,1,63169,0,,0,,0,,0,,0,,0,,0,,0,,0,,2b91c56fc7b5196bc828c9238081678ed31b26a21a318ac516580238a40ca35b,hank-place-field-audit-v1,Stage3 Firestore snapshot; live read blocked by RESOURCE_EXHAUSTED
1513,kto-2857265,513텐동,JEJU_CITY,jeju_city,제주시,39,음식점,food,UNKNOWN,6,0,6,6,24,25,,1,513텐동,1,39:음식점,1,제주특별자치도 제주시 구남로8길 17 (이도이동),0,,1,"33.4902927242,126.5370555146",0,,1,https://tong.visitkorea.or.kr/cms/resource/59/2857259_image2_1.JPG,0,,0,,0,,0,,0,,0,,0,,1,63232,0,,0,,0,,0,,0,,0,,0,,0,,0,,2b91c56fc7b5196bc828c9238081678ed31b26a21a318ac516580238a40ca35b,hank-place-field-audit-v1,Stage3 Firestore snapshot; live read blocked by RESOURCE_EXHAUSTED
1514,kto-2857289,골목식당,JEJU_CITY,jeju_city,제주시,39,음식점,food,UNKNOWN,6,0,6,6,24,25,,1,골목식당,1,39:음식점,1,제주특별자치도 제주시 중앙로 63-9 (이도일동),0,,1,"33.511851257,126.5250282923",0,,1,https://tong.visitkorea.or.kr/cms/resource/79/2857279_image2_1.JPG,0,,0,,0,,0,,0,,0,,0,,1,63192,0,,0,,0,,0,,0,,0,,0,,0,,0,,2b91c56fc7b5196bc828c9238081678ed31b26a21a318ac516580238a40ca35b,hank-place-field-audit-v1,Stage3 Firestore snapshot; live read blocked by RESOURCE_EXHAUSTED
1515,kto-2857329,나라돈까스,JEJU_CITY,jeju_city,제주시,39,음식점,food,UNKNOWN,6,0,6,6,24,25,,1,나라돈까스,1,39:음식점,1,제주특별자치도 제주시 내도1길 23 (내도동),0,,1,"33.4952100334,126.4370363208",0,,1,https://tong.visitkorea.or.kr/cms/resource/94/2857294_image2_1.jpg,0,,0,,0,,0,,0,,0,,0,,1,63074,0,,0,,0,,0,,0,,0,,0,,0,,0,,2b91c56fc7b5196bc828c9238081678ed31b26a21a318ac516580238a40ca35b,hank-place-field-audit-v1,Stage3 Firestore snapshot; live read blocked by RESOURCE_EXHAUSTED
1516,kto-2857350,당당,JEJU_CITY,jeju_city,제주시,39,음식점,cafe,UNKNOWN,6,0,6,6,24,25,,1,당당,1,39:음식점,1,제주특별자치도 제주시 중엄안1길 25,0,,1,"33.4744723929,126.370892542",0,,1,https://tong.visitkorea.or.kr/cms/resource/41/2857341_image2_1.jpg,0,,0,,0,,0,,0,,0,,0,,1,63047,0,,0,,0,,0,,0,,0,,0,,0,,0,,2b91c56fc7b5196bc828c9238081678ed31b26a21a318ac516580238a40ca35b,hank-place-field-audit-v1,Stage3 Firestore snapshot; live read blocked by RESOURCE_EXHAUSTED
1517,kto-2857388,온차,JEJU_CITY,jeju_city,제주시,39,음식점,food,UNKNOWN,6,0,6,6,24,25,,1,온차,1,39:음식점,1,제주특별자치도 제주시 서부두남길 12,0,,1,"33.5151842636,126.5276835417",0,,1,https://tong.visitkorea.or.kr/cms/resource/62/2857362_image2_1.jpg,0,,0,,0,,0,,0,,0,,0,,1,63277,0,,0,,0,,0,,0,,0,,0,,0,,0,,2b91c56fc7b5196bc828c9238081678ed31b26a21a318ac516580238a40ca35b,hank-place-field-audit-v1,Stage3 Firestore snapshot; live read blocked by RESOURCE_EXHAUSTED
1518,kto-2858291,어리목탐방안내소,JEJU_CITY,jeju_city,제주시,14,문화시설,spot,UNKNOWN,6,0,6,6,24,25,,1,어리목탐방안내소,1,14:문화시설,1,제주특별자치도 제주시 1100로 2070-61 (해안동),0,,1,"33.392979,126.495379",0,,1,https://tong.visitkorea.or.kr/cms/resource/94/4073694_image2_1.jpg,0,,0,,0,,0,,0,,0,,0,,1,63077,0,,0,,0,,0,,0,,0,,0,,0,,0,,2b91c56fc7b5196bc828c9238081678ed31b26a21a318ac516580238a40ca35b,hank-place-field-audit-v1,Stage3 Firestore snapshot; live read blocked by RESOURCE_EXHAUSTED
1519,kto-2858304,호텔 더본 제주,SEOGWIPO_CITY,seogwipo,서귀포시,32,숙박,stay,UNKNOWN,6,0,6,6,24,25,,1,호텔 더본 제주,1,32:숙박,1,제주특별자치도 서귀포시 색달로 18 (색달동),0,,1,"33.2597329039,126.4057061035",0,,1,https://tong.visitkorea.or.kr/cms/resource/04/4079104_image2_1.jpg,0,,0,,0,,0,,0,,0,,0,,1,63534,0,,0,,0,,0,,0,,0,,0,,0,,0,,2b91c56fc7b5196bc828c9238081678ed31b26a21a318ac516580238a40ca35b,hank-place-field-audit-v1,Stage3 Firestore snapshot; live read blocked by RESOURCE_EXHAUSTED
1520,kto-2858406,중문회포장센터 새벽야시장,SEOGWIPO_CITY,seogwipo,서귀포시,39,음식점,food,UNKNOWN,6,0,6,6,24,25,,1,중문회포장센터 새벽야시장,1,39:음식점,1,제주특별자치도 서귀포시 중문관광로 293 (대포동),0,,1,"33.2466568335,126.4292786894",0,,1,https://tong.visitkorea.or.kr/cms/resource/02/2858402_image2_1.JPG,0,,0,,0,,0,,0,,0,,0,,1,63546,0,,0,,0,,0,,0,,0,,0,,0,,0,,2b91c56fc7b5196bc828c9238081678ed31b26a21a318ac516580238a40ca35b,hank-place-field-audit-v1,Stage3 Firestore snapshot; live read blocked by RESOURCE_EXHAUSTED
1521,kto-2858423,트로피컬 하이드어웨이 카페,SEOGWIPO_CITY,west,서부 (대정),39,음식점,cafe,UNKNOWN,6,0,6,6,24,25,,1,트로피컬 하이드어웨이 카페,1,39:음식점,1,제주특별자치도 서귀포시 대정읍 형제해안로 284,0,,1,"33.2092671261,126.2912859363",0,,1,https://tong.visitkorea.or.kr/cms/resource/16/2858416_image2_1.JPG,0,,0,,0,,0,,0,,0,,0,,1,63512,0,,0,,0,,0,,0,,0,,0,,0,,0,,2b91c56fc7b5196bc828c9238081678ed31b26a21a318ac516580238a40ca35b,hank-place-field-audit-v1,Stage3 Firestore snapshot; live read blocked by RESOURCE_EXHAUSTED
1522,kto-2858445,쉬리의언덕,SEOGWIPO_CITY,seogwipo,서귀포시,12,관광지,spot,UNKNOWN,6,0,6,6,24,25,,1,쉬리의언덕,1,12:관광지,1,제주특별자치 서귀포시 색달동 3039-41,0,,1,"33.2455907366402,126.407249255306",0,,1,https://tong.visitkorea.or.kr/cms/resource/17/4067817_image2_1.jpg,0,,0,,0,,0,,0,,0,,0,,1,697808,0,,0,,0,,0,,0,,0,,0,,0,,0,,2b91c56fc7b5196bc828c9238081678ed31b26a21a318ac516580238a40ca35b,hank-place-field-audit-v1,Stage3 Firestore snapshot; live read blocked by RESOURCE_EXHAUSTED
1523,kto-2858467,제주곶자왈도립공원,SEOGWIPO_CITY,west,서부 (대정),12,관광지,spot,UNKNOWN,6,0,6,6,24,25,,1,제주곶자왈도립공원,1,12:관광지,1,제주특별자치도 서귀포시 대정읍 에듀시티로 178,0,,1,"33.2832221372,126.2735716622",0,,1,https://tong.visitkorea.or.kr/cms/resource/62/4074562_image2_1.jpg,0,,0,,0,,0,,0,,0,,0,,1,63644,0,,0,,0,,0,,0,,0,,0,,0,,0,,2b91c56fc7b5196bc828c9238081678ed31b26a21a318ac516580238a40ca35b,hank-place-field-audit-v1,Stage3 Firestore snapshot; live read blocked by RESOURCE_EXHAUSTED
1524,kto-2858473,인스밀,SEOGWIPO_CITY,west,서부 (대정),39,음식점,cafe,UNKNOWN,6,0,6,6,24,25,,1,인스밀,1,39:음식점,1,제주특별자치도 서귀포시 대정읍 일과대수로27번길 22,0,,1,"33.238507372,126.2292406748",0,,1,https://tong.visitkorea.or.kr/cms/resource/71/2858471_image2_1.JPG,0,,0,,0,,0,,0,,0,,0,,1,63504,0,,0,,0,,0,,0,,0,,0,,0,,0,,2b91c56fc7b5196bc828c9238081678ed31b26a21a318ac516580238a40ca35b,hank-place-field-audit-v1,Stage3 Firestore snapshot; live read blocked by RESOURCE_EXHAUSTED
1525,kto-2858479,애플망고1947,SEOGWIPO_CITY,west,서부 (대정),39,음식점,cafe,UNKNOWN,6,0,6,6,24,25,,1,애플망고1947,1,39:음식점,1,제주특별자치도 서귀포시 대정읍 신평로 32,0,,1,"33.2662630814,126.2575126051",0,,1,https://tong.visitkorea.or.kr/cms/resource/78/2858478_image2_1.JPG,0,,0,,0,,0,,0,,0,,0,,1,63516,0,,0,,0,,0,,0,,0,,0,,0,,0,,2b91c56fc7b5196bc828c9238081678ed31b26a21a318ac516580238a40ca35b,hank-place-field-audit-v1,Stage3 Firestore snapshot; live read blocked by RESOURCE_EXHAUSTED
1526,kto-2858485,동도원,SEOGWIPO_CITY,seogwipo,서귀포시,39,음식점,food,UNKNOWN,6,0,6,6,24,25,,1,동도원,1,39:음식점,1,제주특별자치도 서귀포시 이어도로 189 (대포동),0,,1,"33.2392606246,126.4417916581",0,,1,https://tong.visitkorea.or.kr/cms/resource/83/2858483_image2_1.JPG,0,,0,,0,,0,,0,,0,,0,,1,63543,0,,0,,0,,0,,0,,0,,0,,0,,0,,2b91c56fc7b5196bc828c9238081678ed31b26a21a318ac516580238a40ca35b,hank-place-field-audit-v1,Stage3 Firestore snapshot; live read blocked by RESOURCE_EXHAUSTED
1527,kto-2858577,명랑스낵,JEJU_CITY,west,서부 (한림),39,음식점,food,UNKNOWN,6,0,6,6,24,25,,1,명랑스낵,1,39:음식점,1,제주특별자치도 제주시 한림읍 한림로 585,0,,1,"33.4092250708,126.2587593151",0,,1,https://tong.visitkorea.or.kr/cms/resource/64/2858564_image2_1.jpg,0,,0,,0,,0,,0,,0,,0,,1,63032,0,,0,,0,,0,,0,,0,,0,,0,,0,,2b91c56fc7b5196bc828c9238081678ed31b26a21a318ac516580238a40ca35b,hank-place-field-audit-v1,Stage3 Firestore snapshot; live read blocked by RESOURCE_EXHAUSTED
1528,kto-2858612,문쏘 제주협재점,JEJU_CITY,west,서부 (한림),39,음식점,food,UNKNOWN,6,0,6,6,24,25,,1,문쏘 제주협재점,1,39:음식점,1,제주특별자치도 제주시 한림상로 15-5,0,,1,"33.4057282066,126.2569178869",0,,1,https://tong.visitkorea.or.kr/cms/resource/85/2858585_image2_1.jpg,0,,0,,0,,0,,0,,0,,0,,1,63012,0,,0,,0,,0,,0,,0,,0,,0,,0,,2b91c56fc7b5196bc828c9238081678ed31b26a21a318ac516580238a40ca35b,hank-place-field-audit-v1,Stage3 Firestore snapshot; live read blocked by RESOURCE_EXHAUSTED
1529,kto-2858656,창꼼,JEJU_CITY,east,동부 (조천),12,관광지,spot,UNKNOWN,6,0,6,6,24,25,,1,창꼼,1,12:관광지,1,제주특별자치도 제주시 조천읍 북촌리 393,0,,1,"33.5524884484,126.7000343788",0,,1,https://tong.visitkorea.or.kr/cms/resource/15/3095515_image2_1.jpg,0,,0,,0,,0,,0,,0,,0,,1,63339,0,,0,,0,,0,,0,,0,,0,,0,,0,,2b91c56fc7b5196bc828c9238081678ed31b26a21a318ac516580238a40ca35b,hank-place-field-audit-v1,Stage3 Firestore snapshot; live read blocked by RESOURCE_EXHAUSTED
1530,kto-2858680,카페콜라,JEJU_CITY,west,서부 (한림),39,음식점,cafe,UNKNOWN,6,0,6,6,24,25,,1,카페콜라,1,39:음식점,1,제주특별자치도 제주시 한림읍 일주서로 5857,0,,1,"33.4433440378,126.291927889",0,,1,https://tong.visitkorea.or.kr/cms/resource/70/2858670_image2_1.jpg,0,,0,,0,,0,,0,,0,,0,,1,63024,0,,0,,0,,0,,0,,0,,0,,0,,0,,2b91c56fc7b5196bc828c9238081678ed31b26a21a318ac516580238a40ca35b,hank-place-field-audit-v1,Stage3 Firestore snapshot; live read blocked by RESOURCE_EXHAUSTED
1531,kto-2858860,액티브파크 제주,JEJU_CITY,west,서부 (한림),12,관광지,spot,UNKNOWN,6,0,6,6,24,25,,1,액티브파크 제주,1,12:관광지,1,제주특별자치도 제주시 한림읍 금능남로 76,0,,1,"33.3811423978,126.2360784858",0,,1,https://tong.visitkorea.or.kr/cms/resource/40/4095340_image2_1.jpg,0,,0,,0,,0,,0,,0,,0,,1,63016,0,,0,,0,,0,,0,,0,,0,,0,,0,,2b91c56fc7b5196bc828c9238081678ed31b26a21a318ac516580238a40ca35b,hank-place-field-audit-v1,Stage3 Firestore snapshot; live read blocked by RESOURCE_EXHAUSTED
1532,kto-2858942,스테이위드커피,JEJU_CITY,jeju_city,제주시,39,음식점,cafe,UNKNOWN,6,0,6,6,24,25,,1,스테이위드커피,1,39:음식점,1,제주특별자치도 제주시 해안마을5길 29 (해안동),0,,1,"33.4582838623,126.4557438621",0,,1,https://tong.visitkorea.or.kr/cms/resource/37/2858937_image2_1.JPG,0,,0,,0,,0,,0,,0,,0,,1,63077,0,,0,,0,,0,,0,,0,,0,,0,,0,,2b91c56fc7b5196bc828c9238081678ed31b26a21a318ac516580238a40ca35b,hank-place-field-audit-v1,Stage3 Firestore snapshot; live read blocked by RESOURCE_EXHAUSTED
1533,kto-2858976,카페더라이트,SEOGWIPO_CITY,east,동부 (성산),39,음식점,cafe,UNKNOWN,6,0,6,6,24,25,,1,카페더라이트,1,39:음식점,1,제주특별자치도 서귀포시 성산읍 한도로 269,0,,1,"33.4656657488,126.9360103489",0,,1,https://tong.visitkorea.or.kr/cms/resource/59/2858959_image2_1.JPG,0,,0,,0,,0,,0,,0,,0,,1,63643,0,,0,,0,,0,,0,,0,,0,,0,,0,,2b91c56fc7b5196bc828c9238081678ed31b26a21a318ac516580238a40ca35b,hank-place-field-audit-v1,Stage3 Firestore snapshot; live read blocked by RESOURCE_EXHAUSTED
1534,kto-2858991,중문해물라면오빠네,SEOGWIPO_CITY,seogwipo,서귀포시,39,음식점,food,UNKNOWN,6,0,6,6,24,25,,1,중문해물라면오빠네,1,39:음식점,1,제주특별자치도 서귀포시 일주서로 962 (색달동),0,,1,"33.2583635404,126.4080774899",0,,1,https://tong.visitkorea.or.kr/cms/resource/78/2858978_image2_1.JPG,0,,0,,0,,0,,0,,0,,0,,1,63534,0,,0,,0,,0,,0,,0,,0,,0,,0,,2b91c56fc7b5196bc828c9238081678ed31b26a21a318ac516580238a40ca35b,hank-place-field-audit-v1,Stage3 Firestore snapshot; live read blocked by RESOURCE_EXHAUSTED
1535,kto-2859012,중문색달통갈치 본점,SEOGWIPO_CITY,seogwipo,서귀포시,39,음식점,food,UNKNOWN,6,0,6,6,24,25,,1,중문색달통갈치 본점,1,39:음식점,1,제주특별자치도 서귀포시 일주서로 993 (색달동),0,,1,"33.2583912595,126.4045389069",0,,1,https://tong.visitkorea.or.kr/cms/resource/05/2859005_image2_1.jpg,0,,0,,0,,0,,0,,0,,0,,1,63535,0,,0,,0,,0,,0,,0,,0,,0,,0,,2b91c56fc7b5196bc828c9238081678ed31b26a21a318ac516580238a40ca35b,hank-place-field-audit-v1,Stage3 Firestore snapshot; live read blocked by RESOURCE_EXHAUSTED
1536,kto-2859034,제스토리,SEOGWIPO_CITY,seogwipo,서귀포시,38,쇼핑,spot,UNKNOWN,6,0,6,6,24,25,,1,제스토리,1,38:쇼핑,1,제주특별자치도 서귀포시 막숙포로 60 (법환동),0,,1,"33.2361121271,126.5149353881",0,,1,https://tong.visitkorea.or.kr/cms/resource/04/3579104_image2_1.jpg,0,,0,,0,,0,,0,,0,,0,,1,63573,0,,0,,0,,0,,0,,0,,0,,0,,0,,2b91c56fc7b5196bc828c9238081678ed31b26a21a318ac516580238a40ca35b,hank-place-field-audit-v1,Stage3 Firestore snapshot; live read blocked by RESOURCE_EXHAUSTED
1537,kto-2859054,올디벗구디,SEOGWIPO_CITY,seogwipo,서귀포시,39,음식점,cafe,UNKNOWN,6,0,6,6,24,25,,1,올디벗구디,1,39:음식점,1,제주특별자치도 서귀포시 일주서로 330,0,,1,"33.252987388,126.473471938",0,,1,https://tong.visitkorea.or.kr/cms/resource/51/2859051_image2_1.JPG,0,,0,,0,,0,,0,,0,,0,,1,63557,0,,0,,0,,0,,0,,0,,0,,0,,0,,2b91c56fc7b5196bc828c9238081678ed31b26a21a318ac516580238a40ca35b,hank-place-field-audit-v1,Stage3 Firestore snapshot; live read blocked by RESOURCE_EXHAUSTED
1538,kto-2859072,앙끄레국수 서귀포본점,SEOGWIPO_CITY,seogwipo,서귀포시,39,음식점,food,UNKNOWN,6,0,6,6,24,25,,1,앙끄레국수 서귀포본점,1,39:음식점,1,제주특별자치도 서귀포시 법환상로2번길 97-18 (법환동),0,,1,"33.2474636019,126.5117576314",0,,1,https://tong.visitkorea.or.kr/cms/resource/65/2859065_image2_1.JPG,0,,0,,0,,0,,0,,0,,0,,1,63572,0,,0,,0,,0,,0,,0,,0,,0,,0,,2b91c56fc7b5196bc828c9238081678ed31b26a21a318ac516580238a40ca35b,hank-place-field-audit-v1,Stage3 Firestore snapshot; live read blocked by RESOURCE_EXHAUSTED
1539,kto-2859090,뷰스트,SEOGWIPO_CITY,west,서부 (안덕),39,음식점,cafe,UNKNOWN,6,0,6,6,24,25,,1,뷰스트,1,39:음식점,1,제주특별자치도 서귀포시 안덕면 형제해안로 30,0,,1,"33.2278069374,126.3034900221",0,,1,https://tong.visitkorea.or.kr/cms/resource/78/2859078_image2_1.JPG,0,,0,,0,,0,,0,,0,,0,,1,63528,0,,0,,0,,0,,0,,0,,0,,0,,0,,2b91c56fc7b5196bc828c9238081678ed31b26a21a318ac516580238a40ca35b,hank-place-field-audit-v1,Stage3 Firestore snapshot; live read blocked by RESOURCE_EXHAUSTED
1540,kto-2859164,그리운바다성산포,SEOGWIPO_CITY,east,동부 (성산),39,음식점,food,UNKNOWN,6,0,6,6,24,25,,1,그리운바다성산포,1,39:음식점,1,제주특별자치도 서귀포시 성산읍 성산등용로 94,0,,1,"33.4698901853,126.9299885503",0,,1,https://tong.visitkorea.or.kr/cms/resource/57/2859157_image2_1.JPG,0,,0,,0,,0,,0,,0,,0,,1,63643,0,,0,,0,,0,,0,,0,,0,,0,,0,,2b91c56fc7b5196bc828c9238081678ed31b26a21a318ac516580238a40ca35b,hank-place-field-audit-v1,Stage3 Firestore snapshot; live read blocked by RESOURCE_EXHAUSTED
1541,kto-2859187,벙커하우스,SEOGWIPO_CITY,seogwipo,서귀포시,39,음식점,cafe,UNKNOWN,6,0,6,6,24,25,,1,벙커하우스,1,39:음식점,1,제주특별자치도 서귀포시 막숙포로41번길 66 (법환동),0,,1,"33.24048949,126.5192349174",0,,1,https://tong.visitkorea.or.kr/cms/resource/72/2859172_image2_1.JPG,0,,0,,0,,0,,0,,0,,0,,1,63573,0,,0,,0,,0,,0,,0,,0,,0,,0,,2b91c56fc7b5196bc828c9238081678ed31b26a21a318ac516580238a40ca35b,hank-place-field-audit-v1,Stage3 Firestore snapshot; live read blocked by RESOURCE_EXHAUSTED
1542,kto-2860575,효퇴국수국밥,JEJU_CITY,jeju_city,제주시,39,음식점,food,UNKNOWN,6,0,6,6,24,25,,1,효퇴국수국밥,1,39:음식점,1,제주특별자치도 제주시 서사로 122-1,0,,1,"33.5015661986,126.51961233",0,,1,https://tong.visitkorea.or.kr/cms/resource/62/2860562_image2_1.jpg,0,,0,,0,,0,,0,,0,,0,,1,63183,0,,0,,0,,0,,0,,0,,0,,0,,0,,2b91c56fc7b5196bc828c9238081678ed31b26a21a318ac516580238a40ca35b,hank-place-field-audit-v1,Stage3 Firestore snapshot; live read blocked by RESOURCE_EXHAUSTED
1543,kto-2860639,송림반점,JEJU_CITY,jeju_city,제주시,39,음식점,food,UNKNOWN,6,0,6,6,24,25,,1,송림반점,1,39:음식점,1,제주특별자치도 제주시 관덕로 2-1,0,,1,"33.5124511065,126.5197592925",0,,1,https://tong.visitkorea.or.kr/cms/resource/30/2860630_image2_1.jpg,0,,0,,0,,0,,0,,0,,0,,1,63168,0,,0,,0,,0,,0,,0,,0,,0,,0,,2b91c56fc7b5196bc828c9238081678ed31b26a21a318ac516580238a40ca35b,hank-place-field-audit-v1,Stage3 Firestore snapshot; live read blocked by RESOURCE_EXHAUSTED
1544,kto-2860662,마마롱,JEJU_CITY,west,서부 (애월),39,음식점,cafe,UNKNOWN,6,0,6,6,24,25,,1,마마롱,1,39:음식점,1,제주특별자치도 제주시 애월읍 평화로 2783,0,,1,"33.4521870521,126.4391926606",0,,1,https://tong.visitkorea.or.kr/cms/resource/46/2860646_image2_1.jpg,0,,0,,0,,0,,0,,0,,0,,1,63062,0,,0,,0,,0,,0,,0,,0,,0,,0,,2b91c56fc7b5196bc828c9238081678ed31b26a21a318ac516580238a40ca35b,hank-place-field-audit-v1,Stage3 Firestore snapshot; live read blocked by RESOURCE_EXHAUSTED
1545,kto-2860705,남춘식당,JEJU_CITY,jeju_city,제주시,39,음식점,food,UNKNOWN,6,0,6,6,24,25,,1,남춘식당,1,39:음식점,1,제주특별자치도 제주시 청귤로 12 (이도이동),0,,1,"33.4996944686,126.5375247049",0,,1,https://tong.visitkorea.or.kr/cms/resource/93/2860693_image2_1.jpg,0,,0,,0,,0,,0,,0,,0,,1,63216,0,,0,,0,,0,,0,,0,,0,,0,,0,,2b91c56fc7b5196bc828c9238081678ed31b26a21a318ac516580238a40ca35b,hank-place-field-audit-v1,Stage3 Firestore snapshot; live read blocked by RESOURCE_EXHAUSTED
1546,kto-2861349,크라운돼지,JEJU_CITY,west,서부 (애월),39,음식점,food,UNKNOWN,6,0,6,6,24,25,,1,크라운돼지,1,39:음식점,1,제주특별자치도 제주시 애월읍 상가목장길 84,0,,1,"33.3934398929,126.3834849354",0,,1,https://tong.visitkorea.or.kr/cms/resource/52/2861352_image2_1.jpg,0,,0,,0,,0,,0,,0,,0,,1,63042,0,,0,,0,,0,,0,,0,,0,,0,,0,,2b91c56fc7b5196bc828c9238081678ed31b26a21a318ac516580238a40ca35b,hank-place-field-audit-v1,Stage3 Firestore snapshot; live read blocked by RESOURCE_EXHAUSTED
1547,kto-2861372,당포로나인 돈카츠,SEOGWIPO_CITY,east,동부 (표선),39,음식점,food,UNKNOWN,6,0,6,6,24,25,,1,당포로나인 돈카츠,1,39:음식점,1,제주특별자치도 서귀포시 표선면 표선당포로 9,0,,1,"33.3257880323,126.8435882289",0,,1,https://tong.visitkorea.or.kr/cms/resource/65/2861365_image2_1.JPG,0,,0,,0,,0,,0,,0,,0,,1,63629,0,,0,,0,,0,,0,,0,,0,,0,,0,,2b91c56fc7b5196bc828c9238081678ed31b26a21a318ac516580238a40ca35b,hank-place-field-audit-v1,Stage3 Firestore snapshot; live read blocked by RESOURCE_EXHAUSTED
1548,kto-2861378,평대스낵,JEJU_CITY,east,동부 (구좌),39,음식점,food,UNKNOWN,6,0,6,6,24,25,,1,평대스낵,1,39:음식점,1,제주특별자치도 제주시 구좌읍 대수길 26,0,,1,"33.5366396491,126.8379755451",0,,1,https://tong.visitkorea.or.kr/cms/resource/67/2861367_image2_1.jpg,0,,0,,0,,0,,0,,0,,0,,1,63360,0,,0,,0,,0,,0,,0,,0,,0,,0,,2b91c56fc7b5196bc828c9238081678ed31b26a21a318ac516580238a40ca35b,hank-place-field-audit-v1,Stage3 Firestore snapshot; live read blocked by RESOURCE_EXHAUSTED
1549,kto-2861390,그레이그로브,SEOGWIPO_CITY,west,서부 (안덕),39,음식점,cafe,UNKNOWN,6,0,6,6,24,25,,1,그레이그로브,1,39:음식점,1,제주특별자치도 서귀포시 안덕면 형제해안로 70,0,,1,"33.2258737598,126.299826494",0,,1,https://tong.visitkorea.or.kr/cms/resource/83/2861383_image2_1.JPG,0,,0,,0,,0,,0,,0,,0,,1,63528,0,,0,,0,,0,,0,,0,,0,,0,,0,,2b91c56fc7b5196bc828c9238081678ed31b26a21a318ac516580238a40ca35b,hank-place-field-audit-v1,Stage3 Firestore snapshot; live read blocked by RESOURCE_EXHAUSTED
1550,kto-2861425,바다보는날,JEJU_CITY,west,서부 (애월),39,음식점,food,UNKNOWN,6,0,6,6,24,25,,1,바다보는날,1,39:음식점,1,제주특별자치도 제주시 애월해안로 722,0,,1,"33.4839603437,126.3780111538",0,,1,https://tong.visitkorea.or.kr/cms/resource/18/2861418_image2_1.JPG,0,,0,,0,,0,,0,,0,,0,,1,63049,0,,0,,0,,0,,0,,0,,0,,0,,0,,2b91c56fc7b5196bc828c9238081678ed31b26a21a318ac516580238a40ca35b,hank-place-field-audit-v1,Stage3 Firestore snapshot; live read blocked by RESOURCE_EXHAUSTED
1551,kto-2861455,릴로,JEJU_CITY,east,동부 (구좌),39,음식점,food,UNKNOWN,6,0,6,6,24,25,,1,릴로,1,39:음식점,1,제주특별자치도 제주시 구좌읍 하도13길 63,0,,1,"33.5108322806,126.8928824885",0,,1,https://tong.visitkorea.or.kr/cms/resource/37/2861437_image2_1.jpg,0,,0,,0,,0,,0,,0,,0,,1,63363,0,,0,,0,,0,,0,,0,,0,,0,,0,,2b91c56fc7b5196bc828c9238081678ed31b26a21a318ac516580238a40ca35b,hank-place-field-audit-v1,Stage3 Firestore snapshot; live read blocked by RESOURCE_EXHAUSTED
1552,kto-2861489,동복뚝배기,JEJU_CITY,east,동부 (구좌),39,음식점,food,UNKNOWN,6,0,6,6,24,25,,1,동복뚝배기,1,39:음식점,1,제주특별자치도 제주시 구좌읍 동복로 30-2,0,,1,"33.5532162949,126.7093335545",0,,1,https://tong.visitkorea.or.kr/cms/resource/78/2861478_image2_1.JPG,0,,0,,0,,0,,0,,0,,0,,1,63347,0,,0,,0,,0,,0,,0,,0,,0,,0,,2b91c56fc7b5196bc828c9238081678ed31b26a21a318ac516580238a40ca35b,hank-place-field-audit-v1,Stage3 Firestore snapshot; live read blocked by RESOURCE_EXHAUSTED
1553,kto-2861515,하라케케,SEOGWIPO_CITY,seogwipo,서귀포시,39,음식점,cafe,UNKNOWN,6,0,6,6,24,25,,1,하라케케,1,39:음식점,1,제주특별자치도 서귀포시 속골로 29-10 (호근동),0,,1,"33.2426199585,126.5285812818",0,,1,https://tong.visitkorea.or.kr/cms/resource/10/2861510_image2_1.JPG,0,,0,,0,,0,,0,,0,,0,,1,63571,0,,0,,0,,0,,0,,0,,0,,0,,0,,2b91c56fc7b5196bc828c9238081678ed31b26a21a318ac516580238a40ca35b,hank-place-field-audit-v1,Stage3 Firestore snapshot; live read blocked by RESOURCE_EXHAUSTED
1554,kto-2861702,이돈갓,JEJU_CITY,jeju_city,제주시,39,음식점,food,UNKNOWN,6,0,6,6,24,25,,1,이돈갓,1,39:음식점,1,제주특별자치도 제주시 칠성로길 27 (일도일동),0,,1,"33.5145343053,126.5257892768",0,,1,https://tong.visitkorea.or.kr/cms/resource/96/2861696_image2_1.jpg,0,,0,,0,,0,,0,,0,,0,,1,63277,0,,0,,0,,0,,0,,0,,0,,0,,0,,2b91c56fc7b5196bc828c9238081678ed31b26a21a318ac516580238a40ca35b,hank-place-field-audit-v1,Stage3 Firestore snapshot; live read blocked by RESOURCE_EXHAUSTED
1555,kto-2861708,피어22,JEJU_CITY,west,서부 (한림),39,음식점,food,UNKNOWN,6,0,6,6,24,25,,1,피어22,1,39:음식점,1,제주특별자치도 제주시 한림읍 금능7길 22,0,,1,"33.3899739377,126.2278124372",0,,1,https://tong.visitkorea.or.kr/cms/resource/07/2861707_image2_1.JPG,0,,0,,0,,0,,0,,0,,0,,1,63010,0,,0,,0,,0,,0,,0,,0,,0,,0,,2b91c56fc7b5196bc828c9238081678ed31b26a21a318ac516580238a40ca35b,hank-place-field-audit-v1,Stage3 Firestore snapshot; live read blocked by RESOURCE_EXHAUSTED
1556,kto-2861940,트라이브,JEJU_CITY,west,서부 (애월),39,음식점,cafe,UNKNOWN,6,0,6,6,24,25,,1,트라이브,1,39:음식점,1,제주특별자치도 제주시 애월읍 애월로 11,0,,1,"33.4600591587,126.3112758307",0,,1,https://tong.visitkorea.or.kr/cms/resource/31/2861931_image2_1.JPG,0,,0,,0,,0,,0,,0,,0,,1,63043,0,,0,,0,,0,,0,,0,,0,,0,,0,,2b91c56fc7b5196bc828c9238081678ed31b26a21a318ac516580238a40ca35b,hank-place-field-audit-v1,Stage3 Firestore snapshot; live read blocked by RESOURCE_EXHAUSTED
1557,kto-2861952,제주에가면,JEJU_CITY,jeju_city,제주시,39,음식점,food,UNKNOWN,6,0,6,6,24,25,,1,제주에가면,1,39:음식점,1,제주특별자치도 제주시 탑동로 119 (삼도이동),0,,1,"33.514764712,126.5180205022",0,,1,https://tong.visitkorea.or.kr/cms/resource/46/2861946_image2_1.JPG,0,,0,,0,,0,,0,,0,,0,,1,63167,0,,0,,0,,0,,0,,0,,0,,0,,0,,2b91c56fc7b5196bc828c9238081678ed31b26a21a318ac516580238a40ca35b,hank-place-field-audit-v1,Stage3 Firestore snapshot; live read blocked by RESOURCE_EXHAUSTED
1558,kto-2861967,장모식탁,JEJU_CITY,jeju_city,제주시,39,음식점,food,UNKNOWN,6,0,6,6,24,25,,1,장모식탁,1,39:음식점,1,제주특별자치도 제주시 연신로 51 (이도이동),0,,1,"33.4968782641,126.5469489499",0,,1,https://tong.visitkorea.or.kr/cms/resource/60/2861960_image2_1.JPG,0,,0,,0,,0,,0,,0,,0,,1,63228,0,,0,,0,,0,,0,,0,,0,,0,,0,,2b91c56fc7b5196bc828c9238081678ed31b26a21a318ac516580238a40ca35b,hank-place-field-audit-v1,Stage3 Firestore snapshot; live read blocked by RESOURCE_EXHAUSTED
1559,kto-2862045,애월더선셋,JEJU_CITY,west,서부 (애월),39,음식점,cafe,UNKNOWN,6,0,6,6,24,25,,1,애월더선셋,1,39:음식점,1,제주특별자치도 제주시 애월읍 일주서로 6111,0,,1,"33.4562095496,126.3090427778",0,,1,https://tong.visitkorea.or.kr/cms/resource/43/2862043_image2_1.JPG,0,,0,,0,,0,,0,,0,,0,,1,63034,0,,0,,0,,0,,0,,0,,0,,0,,0,,2b91c56fc7b5196bc828c9238081678ed31b26a21a318ac516580238a40ca35b,hank-place-field-audit-v1,Stage3 Firestore snapshot; live read blocked by RESOURCE_EXHAUSTED
1560,kto-2862068,비양놀,JEJU_CITY,west,서부 (한림),39,음식점,cafe,UNKNOWN,6,0,6,6,24,25,,1,비양놀,1,39:음식점,1,제주특별자치도 제주시 한림읍 한림해안로 311,0,,1,"33.4290090665,126.2635167927",0,,1,https://tong.visitkorea.or.kr/cms/resource/52/2862052_image2_1.jpg,0,,0,,0,,0,,0,,0,,0,,1,63023,0,,0,,0,,0,,0,,0,,0,,0,,0,,2b91c56fc7b5196bc828c9238081678ed31b26a21a318ac516580238a40ca35b,hank-place-field-audit-v1,Stage3 Firestore snapshot; live read blocked by RESOURCE_EXHAUSTED
1561,kto-2862097,담백 월정리본점,JEJU_CITY,east,동부 (구좌),39,음식점,food,UNKNOWN,6,0,6,6,24,25,,1,담백 월정리본점,1,39:음식점,1,제주특별자치도 제주시 구좌읍 해맞이해안로 518,0,,1,"33.5564618637,126.8013338239",0,,1,https://tong.visitkorea.or.kr/cms/resource/90/2862090_image2_1.JPG,0,,0,,0,,0,,0,,0,,0,,1,63358,0,,0,,0,,0,,0,,0,,0,,0,,0,,2b91c56fc7b5196bc828c9238081678ed31b26a21a318ac516580238a40ca35b,hank-place-field-audit-v1,Stage3 Firestore snapshot; live read blocked by RESOURCE_EXHAUSTED
1562,kto-2862117,그계절,JEJU_CITY,east,동부 (구좌),39,음식점,cafe,UNKNOWN,6,0,6,6,24,25,,1,그계절,1,39:음식점,1,제주특별자치도 제주시 구좌읍 한동로 119,0,,1,"33.5320204007,126.8185162288",0,,1,https://tong.visitkorea.or.kr/cms/resource/08/2862108_image2_1.JPG,0,,0,,0,,0,,0,,0,,0,,1,63350,0,,0,,0,,0,,0,,0,,0,,0,,0,,2b91c56fc7b5196bc828c9238081678ed31b26a21a318ac516580238a40ca35b,hank-place-field-audit-v1,Stage3 Firestore snapshot; live read blocked by RESOURCE_EXHAUSTED
1563,kto-2863597,젬마손,JEJU_CITY,jeju_city,제주시,39,음식점,food,UNKNOWN,6,0,6,6,24,25,,1,젬마손,1,39:음식점,1,"제주특별자치도 제주시 진동로 3 (화북일동, 건하주택)",0,,1,"33.5193788962,126.5686021115",0,,1,https://tong.visitkorea.or.kr/cms/resource/87/2863587_image2_1.jpg,0,,0,,0,,0,,0,,0,,0,,1,63289,0,,0,,0,,0,,0,,0,,0,,0,,0,,2b91c56fc7b5196bc828c9238081678ed31b26a21a318ac516580238a40ca35b,hank-place-field-audit-v1,Stage3 Firestore snapshot; live read blocked by RESOURCE_EXHAUSTED
1564,kto-2863603,차롱보말전복칼국수 제주공항점,JEJU_CITY,jeju_city,제주시,39,음식점,food,UNKNOWN,6,0,6,6,24,25,,1,차롱보말전복칼국수 제주공항점,1,39:음식점,1,제주특별자치도 제주시 서해안로 468-4 (용담삼동),0,,1,"33.5185332833,126.4894034608",0,,1,https://tong.visitkorea.or.kr/cms/resource/02/2863602_image2_1.JPG,0,,0,,0,,0,,0,,0,,0,,1,63114,0,,0,,0,,0,,0,,0,,0,,0,,0,,2b91c56fc7b5196bc828c9238081678ed31b26a21a318ac516580238a40ca35b,hank-place-field-audit-v1,Stage3 Firestore snapshot; live read blocked by RESOURCE_EXHAUSTED
1565,kto-2863622,카페한라산,JEJU_CITY,east,동부 (구좌),39,음식점,cafe,UNKNOWN,6,0,6,6,24,25,,1,카페한라산,1,39:음식점,1,제주특별자치도 제주시 구좌읍 면수1길 48,0,,1,"33.524749702,126.8629764281",0,,1,https://tong.visitkorea.or.kr/cms/resource/20/2863620_image2_1.JPG,0,,0,,0,,0,,0,,0,,0,,1,63362,0,,0,,0,,0,,0,,0,,0,,0,,0,,2b91c56fc7b5196bc828c9238081678ed31b26a21a318ac516580238a40ca35b,hank-place-field-audit-v1,Stage3 Firestore snapshot; live read blocked by RESOURCE_EXHAUSTED
1566,kto-2863633,인카페온더비치,JEJU_CITY,east,동부 (구좌),39,음식점,cafe,UNKNOWN,6,0,6,6,24,25,,1,인카페온더비치,1,39:음식점,1,제주특별자치도 제주시 구좌읍 해맞이해안로 943,0,,1,"33.5452329825,126.8280623182",0,,1,https://tong.visitkorea.or.kr/cms/resource/31/2863631_image2_1.JPG,0,,0,,0,,0,,0,,0,,0,,1,63359,0,,0,,0,,0,,0,,0,,0,,0,,0,,2b91c56fc7b5196bc828c9238081678ed31b26a21a318ac516580238a40ca35b,hank-place-field-audit-v1,Stage3 Firestore snapshot; live read blocked by RESOURCE_EXHAUSTED
1567,kto-2863658,싸이공레시피,JEJU_CITY,west,서부 (애월),39,음식점,food,UNKNOWN,6,0,6,6,24,25,,1,싸이공레시피,1,39:음식점,1,제주특별자치도 제주시 애월읍 하귀로25길 2,0,,1,"33.4797111671,126.4002870893",0,,1,https://tong.visitkorea.or.kr/cms/resource/40/2863640_image2_1.jpg,0,,0,,0,,0,,0,,0,,0,,1,63050,0,,0,,0,,0,,0,,0,,0,,0,,0,,2b91c56fc7b5196bc828c9238081678ed31b26a21a318ac516580238a40ca35b,hank-place-field-audit-v1,Stage3 Firestore snapshot; live read blocked by RESOURCE_EXHAUSTED
1568,kto-2863660,모래비 커피로스터스 앤 베이커리,JEJU_CITY,east,동부 (구좌),39,음식점,cafe,UNKNOWN,6,0,6,6,24,25,,1,모래비 커피로스터스 앤 베이커리,1,39:음식점,1,제주특별자치도 제주시 구좌읍 해맞이해안로 462,0,,1,"33.555539661,126.7962342877",0,,1,https://tong.visitkorea.or.kr/cms/resource/54/2863654_image2_1.JPG,0,,0,,0,,0,,0,,0,,0,,1,63358,0,,0,,0,,0,,0,,0,,0,,0,,0,,2b91c56fc7b5196bc828c9238081678ed31b26a21a318ac516580238a40ca35b,hank-place-field-audit-v1,Stage3 Firestore snapshot; live read blocked by RESOURCE_EXHAUSTED
1569,kto-2863701,중문고등어쌈밥,SEOGWIPO_CITY,seogwipo,서귀포시,39,음식점,food,UNKNOWN,6,0,6,6,24,25,,1,중문고등어쌈밥,1,39:음식점,1,제주특별자치도 서귀포시 일주서로 1240 (상예동),0,,1,"33.26527461107256,126.38092696193935",0,,1,https://tong.visitkorea.or.kr/cms/resource/90/2863690_image2_1.JPG,0,,0,,0,,0,,0,,0,,0,,1,63534,0,,0,,0,,0,,0,,0,,0,,0,,0,,2b91c56fc7b5196bc828c9238081678ed31b26a21a318ac516580238a40ca35b,hank-place-field-audit-v1,Stage3 Firestore snapshot; live read blocked by RESOURCE_EXHAUSTED
1570,kto-2863719,제주약수터,SEOGWIPO_CITY,seogwipo,서귀포시,39,음식점,food,UNKNOWN,6,0,6,6,24,25,,1,제주약수터,1,39:음식점,1,제주특별자치도 서귀포시 중앙로 35 (서귀동),0,,1,"33.2477615824,126.5617171836",0,,1,https://tong.visitkorea.or.kr/cms/resource/12/2863712_image2_1.JPG,0,,0,,0,,0,,0,,0,,0,,1,63592,0,,0,,0,,0,,0,,0,,0,,0,,0,,2b91c56fc7b5196bc828c9238081678ed31b26a21a318ac516580238a40ca35b,hank-place-field-audit-v1,Stage3 Firestore snapshot; live read blocked by RESOURCE_EXHAUSTED
1571,kto-2863775,반양,SEOGWIPO_CITY,west,서부 (대정),39,음식점,food,UNKNOWN,6,0,6,6,24,25,,1,반양,1,39:음식점,1,제주특별자치도 서귀포시 대정읍 중산간서로 2985,0,,1,"33.2812303818,126.2261788847",0,,1,https://tong.visitkorea.or.kr/cms/resource/67/2863767_image2_1.jpg,0,,0,,0,,0,,0,,0,,0,,1,63501,0,,0,,0,,0,,0,,0,,0,,0,,0,,2b91c56fc7b5196bc828c9238081678ed31b26a21a318ac516580238a40ca35b,hank-place-field-audit-v1,Stage3 Firestore snapshot; live read blocked by RESOURCE_EXHAUSTED
1572,kto-2863793,듀포레,JEJU_CITY,jeju_city,제주시,39,음식점,cafe,UNKNOWN,6,0,6,6,24,25,,1,듀포레,1,39:음식점,1,제주특별자치도 제주시 서해안로 579 (용담삼동),0,,1,"33.5185584509,126.5001053072",0,,1,https://tong.visitkorea.or.kr/cms/resource/80/2863780_image2_1.jpg,0,,0,,0,,0,,0,,0,,0,,1,63114,0,,0,,0,,0,,0,,0,,0,,0,,0,,2b91c56fc7b5196bc828c9238081678ed31b26a21a318ac516580238a40ca35b,hank-place-field-audit-v1,Stage3 Firestore snapshot; live read blocked by RESOURCE_EXHAUSTED
1573,kto-2863811,도리 관광농원,JEJU_CITY,east,동부 (조천),39,음식점,cafe,UNKNOWN,6,0,6,6,24,25,,1,도리 관광농원,1,39:음식점,1,제주특별자치도 제주시 조천읍 비자림로 607,0,,1,"33.4339761204,126.6726811287",0,,1,https://tong.visitkorea.or.kr/cms/resource/96/2863796_image2_1.JPG,0,,0,,0,,0,,0,,0,,0,,1,63346,0,,0,,0,,0,,0,,0,,0,,0,,0,,2b91c56fc7b5196bc828c9238081678ed31b26a21a318ac516580238a40ca35b,hank-place-field-audit-v1,Stage3 Firestore snapshot; live read blocked by RESOURCE_EXHAUSTED
1574,kto-2863893,김마리,JEJU_CITY,jeju_city,제주시,39,음식점,food,UNKNOWN,6,0,6,6,24,25,,1,김마리,1,39:음식점,1,제주특별자치도 제주시 광양14길 17-10 (이도이동),0,,1,"33.497169618,126.5293671382",0,,1,https://tong.visitkorea.or.kr/cms/resource/92/2863892_image2_1.JPG,0,,0,,0,,0,,0,,0,,0,,1,63207,0,,0,,0,,0,,0,,0,,0,,0,,0,,2b91c56fc7b5196bc828c9238081678ed31b26a21a318ac516580238a40ca35b,hank-place-field-audit-v1,Stage3 Firestore snapshot; live read blocked by RESOURCE_EXHAUSTED
1575,kto-2863913,고토커피바,JEJU_CITY,west,서부 (애월),39,음식점,cafe,UNKNOWN,6,0,6,6,24,25,,1,고토커피바,1,39:음식점,1,제주특별자치도 제주시 애월읍 구엄동3길 56,0,,1,"33.4810246035,126.380902635",0,,1,https://tong.visitkorea.or.kr/cms/resource/07/2863907_image2_1.jpg,0,,0,,0,,0,,0,,0,,0,,1,63049,0,,0,,0,,0,,0,,0,,0,,0,,0,,2b91c56fc7b5196bc828c9238081678ed31b26a21a318ac516580238a40ca35b,hank-place-field-audit-v1,Stage3 Firestore snapshot; live read blocked by RESOURCE_EXHAUSTED
1576,kto-2863927,고사리커피,JEJU_CITY,east,동부 (구좌),39,음식점,cafe,UNKNOWN,6,0,6,6,24,25,,1,고사리커피,1,39:음식점,1,제주특별자치도 제주시 구좌읍 중산간동로 2064,0,,1,"33.4734065616,126.7640945189",0,,1,https://tong.visitkorea.or.kr/cms/resource/18/2863918_image2_1.JPG,0,,0,,0,,0,,0,,0,,0,,1,63355,0,,0,,0,,0,,0,,0,,0,,0,,0,,2b91c56fc7b5196bc828c9238081678ed31b26a21a318ac516580238a40ca35b,hank-place-field-audit-v1,Stage3 Firestore snapshot; live read blocked by RESOURCE_EXHAUSTED
1577,kto-2864216,애월리순메밀막국수,JEJU_CITY,west,서부 (애월),39,음식점,food,UNKNOWN,6,0,6,6,24,25,,1,애월리순메밀막국수,1,39:음식점,1,제주특별자치도 제주시 애월읍 애월해안로 11,0,,1,"33.4656613963,126.3163947036",0,,1,https://tong.visitkorea.or.kr/cms/resource/13/2864213_image2_1.jpg,0,,0,,0,,0,,0,,0,,0,,1,63043,0,,0,,0,,0,,0,,0,,0,,0,,0,,2b91c56fc7b5196bc828c9238081678ed31b26a21a318ac516580238a40ca35b,hank-place-field-audit-v1,Stage3 Firestore snapshot; live read blocked by RESOURCE_EXHAUSTED
1578,kto-2864237,연화키친,JEJU_CITY,jeju_city,제주시,39,음식점,food,UNKNOWN,6,0,6,6,24,25,,1,연화키친,1,39:음식점,1,제주특별자치도 제주시 상가로 51,0,,1,"33.4489831231,126.3439926768",0,,1,https://tong.visitkorea.or.kr/cms/resource/25/2864225_image2_1.JPG,0,,0,,0,,0,,0,,0,,0,,1,63036,0,,0,,0,,0,,0,,0,,0,,0,,0,,2b91c56fc7b5196bc828c9238081678ed31b26a21a318ac516580238a40ca35b,hank-place-field-audit-v1,Stage3 Firestore snapshot; live read blocked by RESOURCE_EXHAUSTED
1579,kto-2864269,숲 제주,JEJU_CITY,jeju_city,제주시,39,음식점,food,UNKNOWN,6,0,6,6,24,25,,1,숲 제주,1,39:음식점,1,제주특별자치도 제주시 무근성3길 9 (삼도이동),0,,1,"33.513778724,126.5189482217",0,,1,https://tong.visitkorea.or.kr/cms/resource/66/2864266_image2_1.JPG,0,,0,,0,,0,,0,,0,,0,,1,63167,0,,0,,0,,0,,0,,0,,0,,0,,0,,2b91c56fc7b5196bc828c9238081678ed31b26a21a318ac516580238a40ca35b,hank-place-field-audit-v1,Stage3 Firestore snapshot; live read blocked by RESOURCE_EXHAUSTED
1580,kto-2864287,윤스타피자앤파스타,JEJU_CITY,east,동부 (구좌),39,음식점,food,UNKNOWN,6,0,6,6,24,25,,1,윤스타피자앤파스타,1,39:음식점,1,제주특별자치도 제주시 구좌읍 문주란로1길 74-20,0,,1,"33.5252472254,126.8849939513",0,,1,https://tong.visitkorea.or.kr/cms/resource/82/2864282_image2_1.jpg,0,,0,,0,,0,,0,,0,,0,,1,63363,0,,0,,0,,0,,0,,0,,0,,0,,0,,2b91c56fc7b5196bc828c9238081678ed31b26a21a318ac516580238a40ca35b,hank-place-field-audit-v1,Stage3 Firestore snapshot; live read blocked by RESOURCE_EXHAUSTED
1581,kto-2864309,오뚜기빵집,SEOGWIPO_CITY,seogwipo,서귀포시,39,음식점,food,UNKNOWN,6,0,6,6,24,25,,1,오뚜기빵집,1,39:음식점,1,제주특별자치도 서귀포시 남원읍 태위로 129,0,,1,"33.275146254,126.6611773948",0,,1,https://tong.visitkorea.or.kr/cms/resource/97/2864297_image2_1.JPG,0,,0,,0,,0,,0,,0,,0,,1,63611,0,,0,,0,,0,,0,,0,,0,,0,,0,,2b91c56fc7b5196bc828c9238081678ed31b26a21a318ac516580238a40ca35b,hank-place-field-audit-v1,Stage3 Firestore snapshot; live read blocked by RESOURCE_EXHAUSTED
1582,kto-2864429,카페이면,JEJU_CITY,west,서부 (한림),39,음식점,cafe,UNKNOWN,6,0,6,6,24,25,,1,카페이면,1,39:음식점,1,제주특별자치도 제주시 한림읍 금능5길 13,0,,1,"33.3886212901,126.2265653531",0,,1,https://tong.visitkorea.or.kr/cms/resource/67/2864367_image2_1.jpg,0,,0,,0,,0,,0,,0,,0,,1,63010,0,,0,,0,,0,,0,,0,,0,,0,,0,,2b91c56fc7b5196bc828c9238081678ed31b26a21a318ac516580238a40ca35b,hank-place-field-audit-v1,Stage3 Firestore snapshot; live read blocked by RESOURCE_EXHAUSTED
1583,kto-2864448,옹포천어울공원수영장,JEJU_CITY,west,서부 (한림),28,레포츠,spot,UNKNOWN,6,0,6,6,24,25,,1,옹포천어울공원수영장,1,28:레포츠,1,제주특별자치도 제주시 한림읍 월계로 21,0,,1,"33.4030312553,126.2551486564",0,,1,https://tong.visitkorea.or.kr/cms/resource/10/2864410_image2_1.jpg,0,,0,,0,,0,,0,,0,,0,,1,63012,0,,0,,0,,0,,0,,0,,0,,0,,0,,2b91c56fc7b5196bc828c9238081678ed31b26a21a318ac516580238a40ca35b,hank-place-field-audit-v1,Stage3 Firestore snapshot; live read blocked by RESOURCE_EXHAUSTED
1584,kto-2869085,삼일삼오,JEJU_CITY,east,동부 (구좌),32,숙박,stay,UNKNOWN,6,0,6,6,24,25,,1,삼일삼오,1,32:숙박,1,제주특별자치도 제주시 구좌읍 해맞이해안로 1542-4,0,,1,"33.5273951266,126.8687596032",0,,1,https://tong.visitkorea.or.kr/cms/resource/72/4078772_image2_1.jpg,0,,0,,0,,0,,0,,0,,0,,1,63362,0,,0,,0,,0,,0,,0,,0,,0,,0,,2b91c56fc7b5196bc828c9238081678ed31b26a21a318ac516580238a40ca35b,hank-place-field-audit-v1,Stage3 Firestore snapshot; live read blocked by RESOURCE_EXHAUSTED
1585,kto-2870495,만족한상회 중문점,SEOGWIPO_CITY,seogwipo,서귀포시,39,음식점,food,UNKNOWN,6,0,6,6,24,25,,1,만족한상회 중문점,1,39:음식점,1,제주특별자치도 서귀포시 중문상로 58-5 (중문동),0,,1,"33.2535310345,126.4267398674",0,,1,https://tong.visitkorea.or.kr/cms/resource/83/2870483_image2_1.jpg,0,,0,,0,,0,,0,,0,,0,,1,63545,0,,0,,0,,0,,0,,0,,0,,0,,0,,2b91c56fc7b5196bc828c9238081678ed31b26a21a318ac516580238a40ca35b,hank-place-field-audit-v1,Stage3 Firestore snapshot; live read blocked by RESOURCE_EXHAUSTED
1586,kto-2870515,경성수산,JEJU_CITY,west,서부 (한림),39,음식점,food,UNKNOWN,6,0,6,6,24,25,,1,경성수산,1,39:음식점,1,제주특별자치도 제주시 한림상로 111,0,,1,"33.4099473082,126.2648059954",0,,1,https://tong.visitkorea.or.kr/cms/resource/09/2870509_image2_1.jpg,0,,0,,0,,0,,0,,0,,0,,1,63032,0,,0,,0,,0,,0,,0,,0,,0,,0,,2b91c56fc7b5196bc828c9238081678ed31b26a21a318ac516580238a40ca35b,hank-place-field-audit-v1,Stage3 Firestore snapshot; live read blocked by RESOURCE_EXHAUSTED
1587,kto-2870537,귤품은흑돼지 제주공항점,JEJU_CITY,jeju_city,제주시,39,음식점,food,UNKNOWN,6,0,6,6,24,25,,1,귤품은흑돼지 제주공항점,1,39:음식점,1,제주특별자치도 제주시 도두항서길 42,0,,1,"33.5063870002,126.4639059537",0,,1,https://tong.visitkorea.or.kr/cms/resource/33/2870533_image2_1.jpg,0,,0,,0,,0,,0,,0,,0,,1,63113,0,,0,,0,,0,,0,,0,,0,,0,,0,,2b91c56fc7b5196bc828c9238081678ed31b26a21a318ac516580238a40ca35b,hank-place-field-audit-v1,Stage3 Firestore snapshot; live read blocked by RESOURCE_EXHAUSTED
1588,kto-2870559,금악 똣똣라면,JEJU_CITY,west,서부 (한림),39,음식점,food,UNKNOWN,6,0,6,6,24,25,,1,금악 똣똣라면,1,39:음식점,1,제주특별자치도 제주시 한림읍 금악로 18,0,,1,"33.3586812581,126.2966404832",0,,1,https://tong.visitkorea.or.kr/cms/resource/54/2870554_image2_1.jpg,0,,0,,0,,0,,0,,0,,0,,1,63019,0,,0,,0,,0,,0,,0,,0,,0,,0,,2b91c56fc7b5196bc828c9238081678ed31b26a21a318ac516580238a40ca35b,hank-place-field-audit-v1,Stage3 Firestore snapshot; live read blocked by RESOURCE_EXHAUSTED
1589,kto-2870589,도갈비,JEJU_CITY,jeju_city,제주시,39,음식점,food,UNKNOWN,6,0,6,6,24,25,,1,도갈비,1,39:음식점,1,제주특별자치도 제주시 한라대학로 85 (노형동),0,,1,"33.4765544369,126.4793136221",0,,1,https://tong.visitkorea.or.kr/cms/resource/83/2870583_image2_1.jpg,0,,0,,0,,0,,0,,0,,0,,1,63089,0,,0,,0,,0,,0,,0,,0,,0,,0,,2b91c56fc7b5196bc828c9238081678ed31b26a21a318ac516580238a40ca35b,hank-place-field-audit-v1,Stage3 Firestore snapshot; live read blocked by RESOURCE_EXHAUSTED
1590,kto-2870596,도두후레쉬,JEJU_CITY,jeju_city,제주시,39,음식점,food,UNKNOWN,6,0,6,6,24,25,,1,도두후레쉬,1,39:음식점,1,제주특별자치도 제주시 도공로 34 (도두일동),0,,1,"33.503298485,126.4658975168",0,,1,https://tong.visitkorea.or.kr/cms/resource/95/2870595_image2_1.jpg,0,,0,,0,,0,,0,,0,,0,,1,63112,0,,0,,0,,0,,0,,0,,0,,0,,0,,2b91c56fc7b5196bc828c9238081678ed31b26a21a318ac516580238a40ca35b,hank-place-field-audit-v1,Stage3 Firestore snapshot; live read blocked by RESOURCE_EXHAUSTED
1591,kto-2870602,뚱딴지 애월본점,JEJU_CITY,west,서부 (애월),39,음식점,food,UNKNOWN,6,0,6,6,24,25,,1,뚱딴지 애월본점,1,39:음식점,1,제주특별자치도 제주시 애월읍 부룡수길 17,0,,1,"33.474560393,126.354679557",0,,1,https://tong.visitkorea.or.kr/cms/resource/37/3544837_image2_1.jpg,0,,0,,0,,0,,0,,0,,0,,1,63047,0,,0,,0,,0,,0,,0,,0,,0,,0,,2b91c56fc7b5196bc828c9238081678ed31b26a21a318ac516580238a40ca35b,hank-place-field-audit-v1,Stage3 Firestore snapshot; live read blocked by RESOURCE_EXHAUSTED
1592,kto-2870608,로맨틱새우 애월곽지본점,JEJU_CITY,west,서부 (애월),39,음식점,food,UNKNOWN,6,0,6,6,24,25,,1,로맨틱새우 애월곽지본점,1,39:음식점,1,제주특별자치도 제주시 애월읍 곽지1길 12-12 (곽지어촌계펜션),0,,1,"33.4480465039,126.3051849634",0,,1,https://tong.visitkorea.or.kr/cms/resource/06/2870606_image2_1.jpg,0,,0,,0,,0,,0,,0,,0,,1,63034,0,,0,,0,,0,,0,,0,,0,,0,,0,,2b91c56fc7b5196bc828c9238081678ed31b26a21a318ac516580238a40ca35b,hank-place-field-audit-v1,Stage3 Firestore snapshot; live read blocked by RESOURCE_EXHAUSTED
1593,kto-2870619,바당한그릇,JEJU_CITY,west,서부 (애월),39,음식점,food,UNKNOWN,6,0,6,6,24,25,,1,바당한그릇,1,39:음식점,1,제주특별자치도 제주시 애월읍 애월해안로 552-3,0,,1,"33.4784329318,126.3624376332",0,,1,https://tong.visitkorea.or.kr/cms/resource/12/2870612_image2_1.jpg,0,,0,,0,,0,,0,,0,,0,,1,63047,0,,0,,0,,0,,0,,0,,0,,0,,0,,2b91c56fc7b5196bc828c9238081678ed31b26a21a318ac516580238a40ca35b,hank-place-field-audit-v1,Stage3 Firestore snapshot; live read blocked by RESOURCE_EXHAUSTED
1594,kto-2870651,섬소나이 우도본점,JEJU_CITY,jeju_city,제주시,39,음식점,food,UNKNOWN,6,0,6,6,24,25,,1,섬소나이 우도본점,1,39:음식점,1,제주특별자치도 제주시 우도면 우도해안길 814,0,,1,"33.5133691617,126.9576601478",0,,1,https://tong.visitkorea.or.kr/cms/resource/47/2870647_image2_1.jpg,0,,0,,0,,0,,0,,0,,0,,1,63365,0,,0,,0,,0,,0,,0,,0,,0,,0,,2b91c56fc7b5196bc828c9238081678ed31b26a21a318ac516580238a40ca35b,hank-place-field-audit-v1,Stage3 Firestore snapshot; live read blocked by RESOURCE_EXHAUSTED
1595,kto-2870797,어머니의뜻을담다 단지,JEJU_CITY,jeju_city,제주시,39,음식점,food,UNKNOWN,6,0,6,6,24,25,,1,어머니의뜻을담다 단지,1,39:음식점,1,제주특별자치도 제주시 하귀2길 66,1,1층,1,"33.4892763485948,126.41185721493",0,,0,,0,,0,,0,,0,,0,,0,,0,,1,63053,0,,0,,0,,0,,0,,0,,0,,0,,0,,2b91c56fc7b5196bc828c9238081678ed31b26a21a318ac516580238a40ca35b,hank-place-field-audit-v1,Stage3 Firestore snapshot; live read blocked by RESOURCE_EXHAUSTED
1596,kto-2870843,제주시새우리,JEJU_CITY,jeju_city,제주시,39,음식점,food,UNKNOWN,6,0,6,6,24,25,,1,제주시새우리,1,39:음식점,1,제주특별자치도 제주시 무근성7길 24 (삼도이동),0,,1,"33.5146397691,126.5207480456",0,,1,https://tong.visitkorea.or.kr/cms/resource/33/2870833_image2_1.jpg,0,,0,,0,,0,,0,,0,,0,,1,63166,0,,0,,0,,0,,0,,0,,0,,0,,0,,2b91c56fc7b5196bc828c9238081678ed31b26a21a318ac516580238a40ca35b,hank-place-field-audit-v1,Stage3 Firestore snapshot; live read blocked by RESOURCE_EXHAUSTED
1597,kto-2870869,참맛나김밥,JEJU_CITY,jeju_city,제주시,39,음식점,food,UNKNOWN,6,0,6,6,24,25,,1,참맛나김밥,1,39:음식점,1,제주특별자치도 제주시 한라대학로 31 (노형동),0,,1,"33.4786485812,126.4750333913",0,,1,https://tong.visitkorea.or.kr/cms/resource/67/2870867_image2_1.jpg,0,,0,,0,,0,,0,,0,,0,,1,63088,0,,0,,0,,0,,0,,0,,0,,0,,0,,2b91c56fc7b5196bc828c9238081678ed31b26a21a318ac516580238a40ca35b,hank-place-field-audit-v1,Stage3 Firestore snapshot; live read blocked by RESOURCE_EXHAUSTED
1598,kto-2870910,사랑분식,JEJU_CITY,jeju_city,제주시,39,음식점,food,UNKNOWN,6,0,6,6,24,25,,1,사랑분식,1,39:음식점,1,제주특별자치도 제주시 동문로4길 12 (일도일동),0,,1,"33.5124928981,126.5278585879",0,,1,https://tong.visitkorea.or.kr/cms/resource/96/2870896_image2_1.jpg,0,,0,,0,,0,,0,,0,,0,,1,63264,0,,0,,0,,0,,0,,0,,0,,0,,0,,2b91c56fc7b5196bc828c9238081678ed31b26a21a318ac516580238a40ca35b,hank-place-field-audit-v1,Stage3 Firestore snapshot; live read blocked by RESOURCE_EXHAUSTED
1599,kto-2870912,포도원흑돼지,JEJU_CITY,jeju_city,제주시,39,음식점,food,UNKNOWN,6,0,6,6,24,25,,1,포도원흑돼지,1,39:음식점,1,제주특별자치도 제주시 수목원길 51 (연동),0,,1,"33.4700581065,126.4901906019",0,,1,https://tong.visitkorea.or.kr/cms/resource/95/2870895_image2_1.jpg,0,,0,,0,,0,,0,,0,,0,,1,63141,0,,0,,0,,0,,0,,0,,0,,0,,0,,2b91c56fc7b5196bc828c9238081678ed31b26a21a318ac516580238a40ca35b,hank-place-field-audit-v1,Stage3 Firestore snapshot; live read blocked by RESOURCE_EXHAUSTED
1600,kto-2870937,메콩스카이,JEJU_CITY,jeju_city,제주시,39,음식점,food,UNKNOWN,6,0,6,6,24,25,,1,메콩스카이,1,39:음식점,1,제주특별자치도 제주시 연오로 35 (오라삼동),0,,1,"33.4901477379,126.5020363394",0,,1,https://tong.visitkorea.or.kr/cms/resource/18/2870918_image2_1.jpg,0,,0,,0,,0,,0,,0,,0,,1,63145,0,,0,,0,,0,,0,,0,,0,,0,,0,,2b91c56fc7b5196bc828c9238081678ed31b26a21a318ac516580238a40ca35b,hank-place-field-audit-v1,Stage3 Firestore snapshot; live read blocked by RESOURCE_EXHAUSTED
1601,kto-2870955,성산포 자연산 회센타,SEOGWIPO_CITY,east,동부 (성산),39,음식점,food,UNKNOWN,6,0,6,6,24,25,,1,성산포 자연산 회센타,1,39:음식점,1,제주특별자치도 서귀포시 성산읍 한도로 67,0,,1,"33.468170694,126.9154092981",0,,1,https://tong.visitkorea.or.kr/cms/resource/46/2870946_image2_1.jpg,0,,0,,0,,0,,0,,0,,0,,1,63639,0,,0,,0,,0,,0,,0,,0,,0,,0,,2b91c56fc7b5196bc828c9238081678ed31b26a21a318ac516580238a40ca35b,hank-place-field-audit-v1,Stage3 Firestore snapshot; live read blocked by RESOURCE_EXHAUSTED
1602,kto-2870974,협재신국수,JEJU_CITY,west,서부 (한림),39,음식점,food,UNKNOWN,6,0,6,6,24,25,,1,협재신국수,1,39:음식점,1,제주특별자치도 제주시 한림읍 명재로 17,0,,1,"33.3952264638,126.2488049381",0,,1,https://tong.visitkorea.or.kr/cms/resource/66/2870966_image2_1.jpg,0,,0,,0,,0,,0,,0,,0,,1,63011,0,,0,,0,,0,,0,,0,,0,,0,,0,,2b91c56fc7b5196bc828c9238081678ed31b26a21a318ac516580238a40ca35b,hank-place-field-audit-v1,Stage3 Firestore snapshot; live read blocked by RESOURCE_EXHAUSTED
1603,kto-2871099,카페 동백,JEJU_CITY,east,동부 (조천),39,음식점,cafe,UNKNOWN,6,0,6,6,24,25,,1,카페 동백,1,39:음식점,1,제주특별자치도 제주시 조천읍 동백로 68,0,,1,"33.5091407006,126.7144980053",0,,1,https://tong.visitkorea.or.kr/cms/resource/88/2871088_image2_1.jpg,0,,0,,0,,0,,0,,0,,0,,1,63340,0,,0,,0,,0,,0,,0,,0,,0,,0,,2b91c56fc7b5196bc828c9238081678ed31b26a21a318ac516580238a40ca35b,hank-place-field-audit-v1,Stage3 Firestore snapshot; live read blocked by RESOURCE_EXHAUSTED
1604,kto-2871851,누이밥집,SEOGWIPO_CITY,seogwipo,서귀포시,39,음식점,food,UNKNOWN,6,0,6,6,24,25,,1,누이밥집,1,39:음식점,1,제주특별자치도 서귀포시 중산간서로 695 (회수동),0,,1,"33.2631329802,126.4411800675",0,,1,https://tong.visitkorea.or.kr/cms/resource/45/2871845_image2_1.jpg,0,,0,,0,,0,,0,,0,,0,,1,63539,0,,0,,0,,0,,0,,0,,0,,0,,0,,2b91c56fc7b5196bc828c9238081678ed31b26a21a318ac516580238a40ca35b,hank-place-field-audit-v1,Stage3 Firestore snapshot; live read blocked by RESOURCE_EXHAUSTED
1605,kto-2871863,포하노이,JEJU_CITY,jeju_city,제주시,39,음식점,food,UNKNOWN,6,0,6,6,24,25,,1,포하노이,1,39:음식점,1,제주특별자치도 제주시 광령중길 133-2 예그리나,0,,1,"33.4486068479,126.4363513218",0,,1,https://tong.visitkorea.or.kr/cms/resource/43/2871843_image2_1.jpg,0,,0,,0,,0,,0,,0,,0,,1,63062,0,,0,,0,,0,,0,,0,,0,,0,,0,,2b91c56fc7b5196bc828c9238081678ed31b26a21a318ac516580238a40ca35b,hank-place-field-audit-v1,Stage3 Firestore snapshot; live read blocked by RESOURCE_EXHAUSTED
1606,kto-2871879,모해통갈치화덕구이,SEOGWIPO_CITY,east,동부 (성산),39,음식점,food,UNKNOWN,6,0,6,6,24,25,,1,모해통갈치화덕구이,1,39:음식점,1,제주특별자치도 서귀포시 성산읍 일출로 267,0,,1,"33.4618078051,126.9337411898",0,,1,https://tong.visitkorea.or.kr/cms/resource/67/2871867_image2_1.jpg,0,,0,,0,,0,,0,,0,,0,,1,63643,0,,0,,0,,0,,0,,0,,0,,0,,0,,2b91c56fc7b5196bc828c9238081678ed31b26a21a318ac516580238a40ca35b,hank-place-field-audit-v1,Stage3 Firestore snapshot; live read blocked by RESOURCE_EXHAUSTED
1607,kto-2871897,뱅인타코 제주본점,SEOGWIPO_CITY,west,서부 (대정),39,음식점,food,UNKNOWN,6,0,6,6,24,25,,1,뱅인타코 제주본점,1,39:음식점,1,제주특별자치도 서귀포시 대정읍 에듀시티로 74 (라온프라이빗에듀),0,,1,"33.2886026732,126.2826099295",0,,1,https://tong.visitkorea.or.kr/cms/resource/82/2871882_image2_1.jpg,0,,0,,0,,0,,0,,0,,0,,1,63644,0,,0,,0,,0,,0,,0,,0,,0,,0,,2b91c56fc7b5196bc828c9238081678ed31b26a21a318ac516580238a40ca35b,hank-place-field-audit-v1,Stage3 Firestore snapshot; live read blocked by RESOURCE_EXHAUSTED
1608,kto-2871898,제주연탄길 신제주본점,JEJU_CITY,jeju_city,제주시,39,음식점,food,UNKNOWN,6,0,6,6,24,25,,1,제주연탄길 신제주본점,1,39:음식점,1,제주특별자치도 제주시 연화남길 10 (연동),0,,1,"33.4757463539,126.4894322054",0,,1,https://tong.visitkorea.or.kr/cms/resource/92/2871892_image2_1.jpg,0,,0,,0,,0,,0,,0,,0,,1,63141,0,,0,,0,,0,,0,,0,,0,,0,,0,,2b91c56fc7b5196bc828c9238081678ed31b26a21a318ac516580238a40ca35b,hank-place-field-audit-v1,Stage3 Firestore snapshot; live read blocked by RESOURCE_EXHAUSTED
1609,kto-2871913,봉주르마담,SEOGWIPO_CITY,seogwipo,서귀포시,39,음식점,cafe,UNKNOWN,6,0,6,6,24,25,,1,봉주르마담,1,39:음식점,1,제주특별자치도 서귀포시 대청로 33 (강정동),0,,1,"33.2527962138,126.5033360199",0,,1,https://tong.visitkorea.or.kr/cms/resource/06/2871906_image2_1.jpg,0,,0,,0,,0,,0,,0,,0,,1,63559,0,,0,,0,,0,,0,,0,,0,,0,,0,,2b91c56fc7b5196bc828c9238081678ed31b26a21a318ac516580238a40ca35b,hank-place-field-audit-v1,Stage3 Firestore snapshot; live read blocked by RESOURCE_EXHAUSTED
1610,kto-2871919,어멍이해녀,JEJU_CITY,east,동부 (구좌),39,음식점,food,UNKNOWN,6,0,6,6,24,25,,1,어멍이해녀,1,39:음식점,1,제주특별자치도 제주시 구좌읍 해맞이해안로 2244,0,,1,"33.4998782328,126.9112117082",0,,1,https://tong.visitkorea.or.kr/cms/resource/11/2871911_image2_1.jpg,0,,0,,0,,0,,0,,0,,0,,1,63364,0,,0,,0,,0,,0,,0,,0,,0,,0,,2b91c56fc7b5196bc828c9238081678ed31b26a21a318ac516580238a40ca35b,hank-place-field-audit-v1,Stage3 Firestore snapshot; live read blocked by RESOURCE_EXHAUSTED
1611,kto-2871931,센트로,SEOGWIPO_CITY,seogwipo,서귀포시,39,음식점,food,UNKNOWN,6,0,6,6,24,25,,1,센트로,1,39:음식점,1,제주특별자치도 서귀포시 태평로 449 (서귀동),0,,1,"33.2466895723,126.5675833663",0,,1,https://tong.visitkorea.or.kr/cms/resource/21/2871921_image2_1.jpg,0,,0,,0,,0,,0,,0,,0,,1,63595,0,,0,,0,,0,,0,,0,,0,,0,,0,,2b91c56fc7b5196bc828c9238081678ed31b26a21a318ac516580238a40ca35b,hank-place-field-audit-v1,Stage3 Firestore snapshot; live read blocked by RESOURCE_EXHAUSTED
1612,kto-2871934,배셰프,JEJU_CITY,jeju_city,제주시,39,음식점,food,UNKNOWN,6,0,6,6,24,25,,1,배셰프,1,39:음식점,1,제주특별자치도 제주시 구산로 3 (아라일동),0,,1,"33.4843433703,126.5362973823",0,,1,https://tong.visitkorea.or.kr/cms/resource/25/2871925_image2_1.jpg,0,,0,,0,,0,,0,,0,,0,,1,63236,0,,0,,0,,0,,0,,0,,0,,0,,0,,2b91c56fc7b5196bc828c9238081678ed31b26a21a318ac516580238a40ca35b,hank-place-field-audit-v1,Stage3 Firestore snapshot; live read blocked by RESOURCE_EXHAUSTED
1613,kto-2871954,수망다원,SEOGWIPO_CITY,seogwipo,서귀포시,39,음식점,cafe,UNKNOWN,6,0,6,6,24,25,,1,수망다원,1,39:음식점,1,제주특별자치도 서귀포시 남원읍 태수로608번길 84,0,,1,"33.3365903957,126.7189265562",0,,1,https://tong.visitkorea.or.kr/cms/resource/39/2871939_image2_1.jpg,0,,0,,0,,0,,0,,0,,0,,1,63615,0,,0,,0,,0,,0,,0,,0,,0,,0,,2b91c56fc7b5196bc828c9238081678ed31b26a21a318ac516580238a40ca35b,hank-place-field-audit-v1,Stage3 Firestore snapshot; live read blocked by RESOURCE_EXHAUSTED
1614,kto-2871956,만복반미 노형 본점,JEJU_CITY,jeju_city,제주시,39,음식점,food,UNKNOWN,6,0,6,6,24,25,,1,만복반미 노형 본점,1,39:음식점,1,제주특별자치도 제주시 수덕9길 82-4 (노형동),0,,1,"33.4834035344,126.4702031482",0,,1,https://tong.visitkorea.or.kr/cms/resource/49/2871949_image2_1.jpg,0,,0,,0,,0,,0,,0,,0,,1,63103,0,,0,,0,,0,,0,,0,,0,,0,,0,,2b91c56fc7b5196bc828c9238081678ed31b26a21a318ac516580238a40ca35b,hank-place-field-audit-v1,Stage3 Firestore snapshot; live read blocked by RESOURCE_EXHAUSTED
1615,kto-2871971,시스터필드,SEOGWIPO_CITY,seogwipo,서귀포시,39,음식점,cafe,UNKNOWN,6,0,6,6,24,25,,1,시스터필드,1,39:음식점,1,제주특별자치도 서귀포시 월드컵로 8 (강정동),0,,1,"33.2490216935,126.5073357581",0,,1,https://tong.visitkorea.or.kr/cms/resource/59/2871959_image2_1.jpg,0,,0,,0,,0,,0,,0,,0,,1,63560,0,,0,,0,,0,,0,,0,,0,,0,,0,,2b91c56fc7b5196bc828c9238081678ed31b26a21a318ac516580238a40ca35b,hank-place-field-audit-v1,Stage3 Firestore snapshot; live read blocked by RESOURCE_EXHAUSTED
1616,kto-2871977,김녕에사는김영훈,JEJU_CITY,east,동부 (구좌),39,음식점,cafe,UNKNOWN,6,0,6,6,24,25,,1,김녕에사는김영훈,1,39:음식점,1,제주특별자치도 제주시 구좌읍 김녕로6길 2,0,,1,"33.5542973273,126.7463525363",0,,1,https://tong.visitkorea.or.kr/cms/resource/68/2871968_image2_1.jpg,0,,0,,0,,0,,0,,0,,0,,1,63357,0,,0,,0,,0,,0,,0,,0,,0,,0,,2b91c56fc7b5196bc828c9238081678ed31b26a21a318ac516580238a40ca35b,hank-place-field-audit-v1,Stage3 Firestore snapshot; live read blocked by RESOURCE_EXHAUSTED
1617,kto-2871986,그린페블,JEJU_CITY,west,서부 (한림),39,음식점,cafe,UNKNOWN,6,0,6,6,24,25,,1,그린페블,1,39:음식점,1,제주특별자치도 제주시 한림읍 수동7길 54-3,0,,1,"33.3449292436,126.2483810957",0,,1,https://tong.visitkorea.or.kr/cms/resource/84/2871984_image2_1.jpg,0,,0,,0,,0,,0,,0,,0,,1,63017,0,,0,,0,,0,,0,,0,,0,,0,,0,,2b91c56fc7b5196bc828c9238081678ed31b26a21a318ac516580238a40ca35b,hank-place-field-audit-v1,Stage3 Firestore snapshot; live read blocked by RESOURCE_EXHAUSTED
1618,kto-2871997,코우,SEOGWIPO_CITY,seogwipo,서귀포시,39,음식점,food,UNKNOWN,6,0,6,6,24,25,,1,코우,1,39:음식점,1,제주특별자치도 서귀포시 신중로13번길 3-5 (강정동),0,,1,"33.256162556,126.5062940212",0,,1,https://tong.visitkorea.or.kr/cms/resource/91/2871991_image2_1.jpg,0,,0,,0,,0,,0,,0,,0,,1,63565,0,,0,,0,,0,,0,,0,,0,,0,,0,,2b91c56fc7b5196bc828c9238081678ed31b26a21a318ac516580238a40ca35b,hank-place-field-audit-v1,Stage3 Firestore snapshot; live read blocked by RESOURCE_EXHAUSTED
1619,kto-2872007,영육일삼,SEOGWIPO_CITY,seogwipo,서귀포시,39,음식점,food,UNKNOWN,6,0,6,6,24,25,,1,영육일삼,1,39:음식점,1,제주특별자치도 서귀포시 이어도로 679 (강정동),0,,1,"33.2344702214,126.4883516177",0,,1,https://tong.visitkorea.or.kr/cms/resource/00/2872000_image2_1.jpg,0,,0,,0,,0,,0,,0,,0,,1,63564,0,,0,,0,,0,,0,,0,,0,,0,,0,,2b91c56fc7b5196bc828c9238081678ed31b26a21a318ac516580238a40ca35b,hank-place-field-audit-v1,Stage3 Firestore snapshot; live read blocked by RESOURCE_EXHAUSTED
1620,kto-2873679,검은노루,SEOGWIPO_CITY,west,서부 (대정),39,음식점,food,UNKNOWN,6,0,6,6,24,25,,1,검은노루,1,39:음식점,1,제주특별자치도 서귀포시 대정읍 상모로 257,0,,1,"33.2238983821,126.2617326224",0,,1,https://tong.visitkorea.or.kr/cms/resource/69/2873669_image2_1.jpg,0,,0,,0,,0,,0,,0,,0,,1,63510,0,,0,,0,,0,,0,,0,,0,,0,,0,,2b91c56fc7b5196bc828c9238081678ed31b26a21a318ac516580238a40ca35b,hank-place-field-audit-v1,Stage3 Firestore snapshot; live read blocked by RESOURCE_EXHAUSTED
1621,kto-2873708,모카다방,SEOGWIPO_CITY,seogwipo,서귀포시,39,음식점,cafe,UNKNOWN,6,0,6,6,24,25,,1,모카다방,1,39:음식점,1,제주특별자치도 서귀포시 남원읍 태신해안로 125,0,,1,"33.2921987516,126.7613961079",0,,1,https://tong.visitkorea.or.kr/cms/resource/89/2873689_image2_1.jpg,0,,0,,0,,0,,0,,0,,0,,1,63617,0,,0,,0,,0,,0,,0,,0,,0,,0,,2b91c56fc7b5196bc828c9238081678ed31b26a21a318ac516580238a40ca35b,hank-place-field-audit-v1,Stage3 Firestore snapshot; live read blocked by RESOURCE_EXHAUSTED
1622,kto-2873724,수와래베이커리,SEOGWIPO_CITY,seogwipo,서귀포시,39,음식점,cafe,UNKNOWN,6,0,6,6,24,25,,1,수와래베이커리,1,39:음식점,1,제주특별자치도 서귀포시 남원읍 태위로 17,0,,1,"33.2724741457,126.6498228833",0,,1,https://tong.visitkorea.or.kr/cms/resource/15/2873715_image2_1.jpg,0,,0,,0,,0,,0,,0,,0,,1,63611,0,,0,,0,,0,,0,,0,,0,,0,,0,,2b91c56fc7b5196bc828c9238081678ed31b26a21a318ac516580238a40ca35b,hank-place-field-audit-v1,Stage3 Firestore snapshot; live read blocked by RESOURCE_EXHAUSTED
1623,kto-2873771,취향의섬,SEOGWIPO_CITY,seogwipo,서귀포시,39,음식점,food,UNKNOWN,6,0,6,6,24,25,,1,취향의섬,1,39:음식점,1,제주특별자치도 서귀포시 남원읍 태위로398번길 7,0,,1,"33.2744162356,126.6898277081",0,,1,https://tong.visitkorea.or.kr/cms/resource/59/2873759_image2_1.jpg,0,,0,,0,,0,,0,,0,,0,,1,63610,0,,0,,0,,0,,0,,0,,0,,0,,0,,2b91c56fc7b5196bc828c9238081678ed31b26a21a318ac516580238a40ca35b,hank-place-field-audit-v1,Stage3 Firestore snapshot; live read blocked by RESOURCE_EXHAUSTED
1624,kto-2876416,다린,SEOGWIPO_CITY,seogwipo,서귀포시,39,음식점,cafe,UNKNOWN,6,0,6,6,24,25,,1,다린,1,39:음식점,1,제주특별자치도 서귀포시 법환로 11 (법환동),0,,1,"33.2365509509,126.5138521391",0,,1,https://tong.visitkorea.or.kr/cms/resource/89/2876389_image2_1.jpg,0,,0,,0,,0,,0,,0,,0,,1,63573,0,,0,,0,,0,,0,,0,,0,,0,,0,,2b91c56fc7b5196bc828c9238081678ed31b26a21a318ac516580238a40ca35b,hank-place-field-audit-v1,Stage3 Firestore snapshot; live read blocked by RESOURCE_EXHAUSTED
1625,kto-2876488,바타타식탁,SEOGWIPO_CITY,east,동부 (표선),39,음식점,food,UNKNOWN,6,0,6,6,24,25,,1,바타타식탁,1,39:음식점,1,제주특별자치도 서귀포시 표선면 표선동서로264번길 22,0,,1,"33.3271655353,126.8359360817",0,,1,https://tong.visitkorea.or.kr/cms/resource/82/2876482_image2_1.JPG,0,,0,,0,,0,,0,,0,,0,,1,63629,0,,0,,0,,0,,0,,0,,0,,0,,0,,2b91c56fc7b5196bc828c9238081678ed31b26a21a318ac516580238a40ca35b,hank-place-field-audit-v1,Stage3 Firestore snapshot; live read blocked by RESOURCE_EXHAUSTED
1626,kto-2876685,이정의댁,SEOGWIPO_CITY,seogwipo,서귀포시,39,음식점,cafe,UNKNOWN,6,0,6,6,24,25,,1,이정의댁,1,39:음식점,1,제주특별자치도 서귀포시 예래로144번길 22-1,0,,1,"33.2496809134,126.3920651834",0,,1,https://tong.visitkorea.or.kr/cms/resource/73/2876673_image2_1.jpg,0,,0,,0,,0,,0,,0,,0,,1,63537,0,,0,,0,,0,,0,,0,,0,,0,,0,,2b91c56fc7b5196bc828c9238081678ed31b26a21a318ac516580238a40ca35b,hank-place-field-audit-v1,Stage3 Firestore snapshot; live read blocked by RESOURCE_EXHAUSTED
1627,kto-2876795,그랜드 하얏트 제주,JEJU_CITY,jeju_city,제주시,32,숙박,stay,UNKNOWN,6,0,6,6,24,25,,1,그랜드 하얏트 제주,1,32:숙박,1,제주특별자치도 제주시 노연로 12 (노형동),0,,1,"33.4852923931,126.4814715703",0,,1,https://tong.visitkorea.or.kr/cms/resource/83/2876783_image2_1.jpg,0,,0,,0,,0,,0,,0,,0,,1,63082,0,,0,,0,,0,,0,,0,,0,,0,,0,,2b91c56fc7b5196bc828c9238081678ed31b26a21a318ac516580238a40ca35b,hank-place-field-audit-v1,Stage3 Firestore snapshot; live read blocked by RESOURCE_EXHAUSTED
1628,kto-2876836,제주공항그때그집,JEJU_CITY,jeju_city,제주시,39,음식점,food,UNKNOWN,6,0,6,6,24,25,,1,제주공항그때그집,1,39:음식점,1,제주특별자치도 제주시 서해안로 352-1,0,,1,"33.5104174096,126.4827764432",0,,1,https://tong.visitkorea.or.kr/cms/resource/24/2876824_image2_1.JPG,0,,0,,0,,0,,0,,0,,0,,1,63115,0,,0,,0,,0,,0,,0,,0,,0,,0,,2b91c56fc7b5196bc828c9238081678ed31b26a21a318ac516580238a40ca35b,hank-place-field-audit-v1,Stage3 Firestore snapshot; live read blocked by RESOURCE_EXHAUSTED
1629,kto-2877634,랜딩커피,SEOGWIPO_CITY,seogwipo,서귀포시,39,음식점,cafe,UNKNOWN,6,0,6,6,24,25,,1,랜딩커피,1,39:음식점,1,제주특별자치도 서귀포시 신양로122번길 45-1,0,,1,"33.435535467,126.9189153017",0,,1,https://tong.visitkorea.or.kr/cms/resource/22/2877622_image2_1.jpg,0,,0,,0,,0,,0,,0,,0,,1,63641,0,,0,,0,,0,,0,,0,,0,,0,,0,,2b91c56fc7b5196bc828c9238081678ed31b26a21a318ac516580238a40ca35b,hank-place-field-audit-v1,Stage3 Firestore snapshot; live read blocked by RESOURCE_EXHAUSTED
1630,kto-2877671,서홍정원,SEOGWIPO_CITY,seogwipo,서귀포시,39,음식점,cafe,UNKNOWN,6,0,6,6,24,25,,1,서홍정원,1,39:음식점,1,제주특별자치도 서귀포시 솜반천로55번길 12-8,0,,1,"33.2526164877,126.5544260403",0,,1,https://tong.visitkorea.or.kr/cms/resource/55/2877655_image2_1.jpg,0,,0,,0,,0,,0,,0,,0,,1,63584,0,,0,,0,,0,,0,,0,,0,,0,,0,,2b91c56fc7b5196bc828c9238081678ed31b26a21a318ac516580238a40ca35b,hank-place-field-audit-v1,Stage3 Firestore snapshot; live read blocked by RESOURCE_EXHAUSTED
1631,kto-2877734,소규모식탁,SEOGWIPO_CITY,seogwipo,서귀포시,39,음식점,food,UNKNOWN,6,0,6,6,24,25,,1,소규모식탁,1,39:음식점,1,제주특별자치도 서귀포시 서광남로115번길 12,0,,1,"33.2833896168,126.2989780683",0,,1,https://tong.visitkorea.or.kr/cms/resource/25/2877725_image2_1.jpg,0,,0,,0,,0,,0,,0,,0,,1,63521,0,,0,,0,,0,,0,,0,,0,,0,,0,,2b91c56fc7b5196bc828c9238081678ed31b26a21a318ac516580238a40ca35b,hank-place-field-audit-v1,Stage3 Firestore snapshot; live read blocked by RESOURCE_EXHAUSTED
1632,kto-2877937,연미정,JEJU_CITY,jeju_city,제주시,39,음식점,food,UNKNOWN,6,0,6,6,24,25,,1,연미정,1,39:음식점,1,제주특별자치도 제주시 세평항로 14,0,,1,"33.5246662305,126.853854999",0,,1,https://tong.visitkorea.or.kr/cms/resource/27/2877927_image2_1.jpg,0,,0,,0,,0,,0,,0,,0,,1,63361,0,,0,,0,,0,,0,,0,,0,,0,,0,,2b91c56fc7b5196bc828c9238081678ed31b26a21a318ac516580238a40ca35b,hank-place-field-audit-v1,Stage3 Firestore snapshot; live read blocked by RESOURCE_EXHAUSTED
1633,kto-2877950,환영키친,JEJU_CITY,jeju_city,제주시,39,음식점,food,UNKNOWN,6,0,6,6,24,25,,1,환영키친,1,39:음식점,1,제주특별자치도 제주시 송당2길 2,0,,1,"33.4714903929,126.7818624665",0,,1,https://tong.visitkorea.or.kr/cms/resource/47/2877947_image2_1.jpg,0,,0,,0,,0,,0,,0,,0,,1,63355,0,,0,,0,,0,,0,,0,,0,,0,,0,,2b91c56fc7b5196bc828c9238081678ed31b26a21a318ac516580238a40ca35b,hank-place-field-audit-v1,Stage3 Firestore snapshot; live read blocked by RESOURCE_EXHAUSTED
1634,kto-2891382,초가헌,SEOGWIPO_CITY,east,동부 (표선),39,음식점,cafe,UNKNOWN,6,0,6,6,24,25,,1,초가헌,1,39:음식점,1,제주특별자치도 서귀포시 표선면 중산간동로 4628,0,,1,"33.390352448,126.8012793071",0,,1,https://tong.visitkorea.or.kr/cms/resource/86/2877686_image2_1.JPG,0,,0,,0,,0,,0,,0,,0,,1,63624,0,,0,,0,,0,,0,,0,,0,,0,,0,,2b91c56fc7b5196bc828c9238081678ed31b26a21a318ac516580238a40ca35b,hank-place-field-audit-v1,Stage3 Firestore snapshot; live read blocked by RESOURCE_EXHAUSTED
1635,kto-2891397,한길정,SEOGWIPO_CITY,seogwipo,서귀포시,39,음식점,food,UNKNOWN,6,0,6,6,24,25,,1,한길정,1,39:음식점,1,제주특별자치도 서귀포시 중산간동로 8128-6,0,,1,"33.2639818043,126.5484040845",0,,1,https://tong.visitkorea.or.kr/cms/resource/08/2877708_image2_1.JPG,0,,0,,0,,0,,0,,0,,0,,1,63578,0,,0,,0,,0,,0,,0,,0,,0,,0,,2b91c56fc7b5196bc828c9238081678ed31b26a21a318ac516580238a40ca35b,hank-place-field-audit-v1,Stage3 Firestore snapshot; live read blocked by RESOURCE_EXHAUSTED
1636,kto-2891399,젤코바 베이커리 카페,JEJU_CITY,jeju_city,제주시,39,음식점,cafe,UNKNOWN,6,0,6,6,24,25,,1,젤코바 베이커리 카페,1,39:음식점,1,제주특별자치도 제주시 하소로 1,0,,1,"33.4797861527,126.3998926774",0,,1,https://tong.visitkorea.or.kr/cms/resource/17/2877717_image2_1.jpg,0,,0,,0,,0,,0,,0,,0,,1,63050,0,,0,,0,,0,,0,,0,,0,,0,,0,,2b91c56fc7b5196bc828c9238081678ed31b26a21a318ac516580238a40ca35b,hank-place-field-audit-v1,Stage3 Firestore snapshot; live read blocked by RESOURCE_EXHAUSTED
1637,kto-2891424,카페하귀리,JEJU_CITY,jeju_city,제주시,39,음식점,cafe,UNKNOWN,6,0,6,6,24,25,,1,카페하귀리,1,39:음식점,1,제주특별자치도 제주시 일주서로 7000,0,,1,"33.4803471778,126.3983789075",0,,1,https://tong.visitkorea.or.kr/cms/resource/38/2877738_image2_1.jpg,0,,0,,0,,0,,0,,0,,0,,1,63050,0,,0,,0,,0,,0,,0,,0,,0,,0,,2b91c56fc7b5196bc828c9238081678ed31b26a21a318ac516580238a40ca35b,hank-place-field-audit-v1,Stage3 Firestore snapshot; live read blocked by RESOURCE_EXHAUSTED
1638,kto-2891431,하귀정담,JEJU_CITY,jeju_city,제주시,39,음식점,food,UNKNOWN,6,0,6,6,24,25,,1,하귀정담,1,39:음식점,1,제주특별자치도 제주시 중앙로12길 21 (삼도이동),0,,1,"33.512151183,126.5224396217",0,,1,https://tong.visitkorea.or.kr/cms/resource/49/2877749_image2_1.JPG,0,,0,,0,,0,,0,,0,,0,,1,63168,0,,0,,0,,0,,0,,0,,0,,0,,0,,2b91c56fc7b5196bc828c9238081678ed31b26a21a318ac516580238a40ca35b,hank-place-field-audit-v1,Stage3 Firestore snapshot; live read blocked by RESOURCE_EXHAUSTED
1639,kto-2891438,헬로남생이,JEJU_CITY,jeju_city,제주시,39,음식점,cafe,UNKNOWN,6,0,6,6,24,25,,1,헬로남생이,1,39:음식점,1,제주특별자치도 제주시 원당북로 197-20,0,,1,"33.5336113809,126.6140367267",0,,1,https://tong.visitkorea.or.kr/cms/resource/65/2877765_image2_1.jpg,0,,0,,0,,0,,0,,0,,0,,1,63338,0,,0,,0,,0,,0,,0,,0,,0,,0,,2b91c56fc7b5196bc828c9238081678ed31b26a21a318ac516580238a40ca35b,hank-place-field-audit-v1,Stage3 Firestore snapshot; live read blocked by RESOURCE_EXHAUSTED
1640,kto-2892239,볕이드는곳벧디,JEJU_CITY,jeju_city,제주시,39,음식점,cafe,UNKNOWN,6,0,6,6,24,25,,1,볕이드는곳벧디,1,39:음식점,1,제주특별자치도 제주시 은수길 65,0,,1,"33.4706857673,126.4871991809",0,,1,https://tong.visitkorea.or.kr/cms/resource/93/2891893_image2_1.jpg,0,,0,,0,,0,,0,,0,,0,,1,63141,0,,0,,0,,0,,0,,0,,0,,0,,0,,2b91c56fc7b5196bc828c9238081678ed31b26a21a318ac516580238a40ca35b,hank-place-field-audit-v1,Stage3 Firestore snapshot; live read blocked by RESOURCE_EXHAUSTED
1641,kto-2892282,영국찻집,JEJU_CITY,jeju_city,제주시,39,음식점,cafe,UNKNOWN,6,0,6,6,24,25,,1,영국찻집,1,39:음식점,1,제주특별자치도 제주시 녹근로 19-15,0,,1,"33.4172639406,126.3141237647",0,,1,https://tong.visitkorea.or.kr/cms/resource/33/2891933_image2_1.jpg,0,,0,,0,,0,,0,,0,,0,,1,63039,0,,0,,0,,0,,0,,0,,0,,0,,0,,2b91c56fc7b5196bc828c9238081678ed31b26a21a318ac516580238a40ca35b,hank-place-field-audit-v1,Stage3 Firestore snapshot; live read blocked by RESOURCE_EXHAUSTED
1642,kto-2892326,콜린 제주,JEJU_CITY,west,서부 (애월),39,음식점,food,UNKNOWN,6,0,6,6,24,25,,1,콜린 제주,1,39:음식점,1,제주특별자치도 제주시 애월읍 애월로1길 24-8,0,,1,"33.4628814491,126.3104334876",0,,1,https://tong.visitkorea.or.kr/cms/resource/52/2891952_image2_1.jpg,0,,0,,0,,0,,0,,0,,0,,1,63043,0,,0,,0,,0,,0,,0,,0,,0,,0,,2b91c56fc7b5196bc828c9238081678ed31b26a21a318ac516580238a40ca35b,hank-place-field-audit-v1,Stage3 Firestore snapshot; live read blocked by RESOURCE_EXHAUSTED
1643,kto-2893659,마트로 탑동점,JEJU_CITY,jeju_city,제주시,38,쇼핑,spot,UNKNOWN,6,0,6,6,24,25,,1,마트로 탑동점,1,38:쇼핑,1,제주특별자치도 제주시 중앙로 13 (건입동),0,,1,"33.5170046063801,126.525430707999",0,,1,https://tong.visitkorea.or.kr/cms/resource/10/4045710_image2_1.jpg,0,,0,,0,,0,,0,,0,,0,,1,63276,0,,0,,0,,0,,0,,0,,0,,0,,0,,2b91c56fc7b5196bc828c9238081678ed31b26a21a318ac516580238a40ca35b,hank-place-field-audit-v1,Stage3 Firestore snapshot; live read blocked by RESOURCE_EXHAUSTED
1644,kto-2893725,제주해물밥,JEJU_CITY,jeju_city,제주시,39,음식점,food,UNKNOWN,6,0,6,6,24,25,,1,제주해물밥,1,39:음식점,1,제주특별자치도 제주시 월대3길 14-6,0,,1,"33.4947350372,126.4339782641",0,,1,https://tong.visitkorea.or.kr/cms/resource/21/2893721_image2_1.jpg,0,,0,,0,,0,,0,,0,,0,,1,63068,0,,0,,0,,0,,0,,0,,0,,0,,0,,2b91c56fc7b5196bc828c9238081678ed31b26a21a318ac516580238a40ca35b,hank-place-field-audit-v1,Stage3 Firestore snapshot; live read blocked by RESOURCE_EXHAUSTED
1645,kto-2893743,썬셋클리프,JEJU_CITY,west,서부 (애월),39,음식점,cafe,UNKNOWN,6,0,6,6,24,25,,1,썬셋클리프,1,39:음식점,1,제주특별자치도 제주시 애월로1길 19-8,0,,1,"33.4618395082,126.3107175054",0,,1,https://tong.visitkorea.or.kr/cms/resource/37/2893737_image2_1.jpg,0,,0,,0,,0,,0,,0,,0,,1,63043,0,,0,,0,,0,,0,,0,,0,,0,,0,,2b91c56fc7b5196bc828c9238081678ed31b26a21a318ac516580238a40ca35b,hank-place-field-audit-v1,Stage3 Firestore snapshot; live read blocked by RESOURCE_EXHAUSTED
1646,kto-2893826,루이까스텔 신제주점,JEJU_CITY,jeju_city,제주시,38,쇼핑,spot,UNKNOWN,6,0,6,6,24,25,,1,루이까스텔 신제주점,1,38:쇼핑,1,제주특별자치도 제주시 도령로 21 (노형동),0,,1,"33.4873747469543,126.481390371176",0,,1,https://tong.visitkorea.or.kr/cms/resource/43/4020143_image2_1.jpg,0,,0,,0,,0,,0,,0,,0,,1,63098,0,,0,,0,,0,,0,,0,,0,,0,,0,,2b91c56fc7b5196bc828c9238081678ed31b26a21a318ac516580238a40ca35b,hank-place-field-audit-v1,Stage3 Firestore snapshot; live read blocked by RESOURCE_EXHAUSTED
1647,kto-2893962,베네통,JEJU_CITY,jeju_city,제주시,38,쇼핑,spot,UNKNOWN,6,0,6,6,24,25,,1,베네통,1,38:쇼핑,1,제주특별자치도 제주시 칠성로길 32-1 (일도일동),0,,1,"33.5142606208187,126.526303199923",0,,1,https://tong.visitkorea.or.kr/cms/resource/97/4020397_image2_1.jpg,0,,0,,0,,0,,0,,0,,0,,1,63277,0,,0,,0,,0,,0,,0,,0,,0,,0,,2b91c56fc7b5196bc828c9238081678ed31b26a21a318ac516580238a40ca35b,hank-place-field-audit-v1,Stage3 Firestore snapshot; live read blocked by RESOURCE_EXHAUSTED
1648,kto-2894117,테디베어하우스 테지움,JEJU_CITY,west,서부 (애월),38,쇼핑,spot,UNKNOWN,6,0,6,6,24,25,,1,테디베어하우스 테지움,1,38:쇼핑,1,제주특별자치도 제주시 애월읍 평화로 2159,0,,1,"33.4122174958603,126.393536428307",0,,1,https://tong.visitkorea.or.kr/cms/resource/81/4020581_image2_1.jpeg,0,,0,,0,,0,,0,,0,,0,,1,63037,0,,0,,0,,0,,0,,0,,0,,0,,0,,2b91c56fc7b5196bc828c9238081678ed31b26a21a318ac516580238a40ca35b,hank-place-field-audit-v1,Stage3 Firestore snapshot; live read blocked by RESOURCE_EXHAUSTED
1649,kto-2894407,흑돼지해물삼합,SEOGWIPO_CITY,seogwipo,서귀포시,39,음식점,food,UNKNOWN,6,0,6,6,24,25,,1,흑돼지해물삼합,1,39:음식점,1,제주특별자치도 서귀포시 태평로482번길 50,0,,1,"33.2456869486,126.5703303734",0,,1,https://tong.visitkorea.or.kr/cms/resource/00/2894400_image2_1.jpg,0,,0,,0,,0,,0,,0,,0,,1,63595,0,,0,,0,,0,,0,,0,,0,,0,,0,,2b91c56fc7b5196bc828c9238081678ed31b26a21a318ac516580238a40ca35b,hank-place-field-audit-v1,Stage3 Firestore snapshot; live read blocked by RESOURCE_EXHAUSTED
1650,kto-2894478,소리원,JEJU_CITY,jeju_city,제주시,39,음식점,food,UNKNOWN,6,0,6,6,24,25,,1,소리원,1,39:음식점,1,제주특별자치도 제주시 연동12길 37,0,,1,"33.4825012221,126.4932011692",0,,1,https://tong.visitkorea.or.kr/cms/resource/12/2894412_image2_1.jpg,0,,0,,0,,0,,0,,0,,0,,1,63136,0,,0,,0,,0,,0,,0,,0,,0,,0,,2b91c56fc7b5196bc828c9238081678ed31b26a21a318ac516580238a40ca35b,hank-place-field-audit-v1,Stage3 Firestore snapshot; live read blocked by RESOURCE_EXHAUSTED
1651,kto-2894496,순두부엔짬뽕,JEJU_CITY,jeju_city,제주시,39,음식점,food,UNKNOWN,6,0,6,6,24,25,,1,순두부엔짬뽕,1,39:음식점,1,제주특별자치도 제주시 통물길 30,0,,1,"33.4894328604,126.4348421978",0,,1,https://tong.visitkorea.or.kr/cms/resource/89/2894489_image2_1.jpg,0,,0,,0,,0,,0,,0,,0,,1,63071,0,,0,,0,,0,,0,,0,,0,,0,,0,,2b91c56fc7b5196bc828c9238081678ed31b26a21a318ac516580238a40ca35b,hank-place-field-audit-v1,Stage3 Firestore snapshot; live read blocked by RESOURCE_EXHAUSTED
1652,kto-2894609,헬로키티아일랜드,SEOGWIPO_CITY,west,서부 (안덕),38,쇼핑,spot,UNKNOWN,6,0,6,6,24,25,,1,헬로키티아일랜드,1,38:쇼핑,1,제주특별자치도 서귀포시 안덕면 한창로 340,0,,1,"33.2901706416181,126.35212415348",0,,1,https://tong.visitkorea.or.kr/cms/resource/95/4020595_image2_1.jpg,0,,0,,0,,0,,0,,0,,0,,1,63526,0,,0,,0,,0,,0,,0,,0,,0,,0,,2b91c56fc7b5196bc828c9238081678ed31b26a21a318ac516580238a40ca35b,hank-place-field-audit-v1,Stage3 Firestore snapshot; live read blocked by RESOURCE_EXHAUSTED
1653,kto-2899428,흑본오겹 함덕점,JEJU_CITY,jeju_city,제주시,39,음식점,food,UNKNOWN,6,0,6,6,24,25,,1,흑본오겹 함덕점,1,39:음식점,1,제주특별자치도 제주시 신북로 454,0,,1,"33.5436693167,126.6587242813",0,,1,https://tong.visitkorea.or.kr/cms/resource/16/2899416_image2_1.jpg,0,,0,,0,,0,,0,,0,,0,,1,63333,0,,0,,0,,0,,0,,0,,0,,0,,0,,2b91c56fc7b5196bc828c9238081678ed31b26a21a318ac516580238a40ca35b,hank-place-field-audit-v1,Stage3 Firestore snapshot; live read blocked by RESOURCE_EXHAUSTED
1654,kto-2899509,자연과사람들 밀면,JEJU_CITY,jeju_city,제주시,39,음식점,food,UNKNOWN,6,0,6,6,24,25,,1,자연과사람들 밀면,1,39:음식점,1,제주특별자치도 제주시 남조로 2185,0,,1,"33.4604841192,126.6613759501",0,,1,https://tong.visitkorea.or.kr/cms/resource/02/2899502_image2_1.jpg,0,,0,,0,,0,,0,,0,,0,,1,63345,0,,0,,0,,0,,0,,0,,0,,0,,0,,2b91c56fc7b5196bc828c9238081678ed31b26a21a318ac516580238a40ca35b,hank-place-field-audit-v1,Stage3 Firestore snapshot; live read blocked by RESOURCE_EXHAUSTED
1655,kto-2899528,양가형제,JEJU_CITY,jeju_city,제주시,39,음식점,food,UNKNOWN,6,0,6,6,24,25,,1,양가형제,1,39:음식점,1,제주특별자치도 제주시 청수동8길 3,0,,1,"33.3072473859,126.2539592266",0,,1,https://tong.visitkorea.or.kr/cms/resource/20/2899520_image2_1.jpg,0,,0,,0,,0,,0,,0,,0,,1,63006,0,,0,,0,,0,,0,,0,,0,,0,,0,,2b91c56fc7b5196bc828c9238081678ed31b26a21a318ac516580238a40ca35b,hank-place-field-audit-v1,Stage3 Firestore snapshot; live read blocked by RESOURCE_EXHAUSTED
1656,kto-2899568,블루메베이글,JEJU_CITY,jeju_city,제주시,39,음식점,cafe,UNKNOWN,6,0,6,6,24,25,,1,블루메베이글,1,39:음식점,1,제주특별자치도 제주시 가령로4길 3,0,,1,"33.496741947,126.5331112664",0,,1,https://tong.visitkorea.or.kr/cms/resource/60/2899560_image2_1.jpg,0,,0,,0,,0,,0,,0,,0,,1,63210,0,,0,,0,,0,,0,,0,,0,,0,,0,,2b91c56fc7b5196bc828c9238081678ed31b26a21a318ac516580238a40ca35b,hank-place-field-audit-v1,Stage3 Firestore snapshot; live read blocked by RESOURCE_EXHAUSTED
1657,kto-2899586,부온,JEJU_CITY,jeju_city,제주시,39,음식점,food,UNKNOWN,6,0,6,6,24,25,,1,부온,1,39:음식점,1,제주특별자치도 제주시 구남동2길 26,0,,1,"33.4894650097,126.5352862427",0,,1,https://tong.visitkorea.or.kr/cms/resource/79/2899579_image2_1.jpg,0,,0,,0,,0,,0,,0,,0,,1,63232,0,,0,,0,,0,,0,,0,,0,,0,,0,,2b91c56fc7b5196bc828c9238081678ed31b26a21a318ac516580238a40ca35b,hank-place-field-audit-v1,Stage3 Firestore snapshot; live read blocked by RESOURCE_EXHAUSTED
1658,kto-2899599,베카신,JEJU_CITY,jeju_city,제주시,39,음식점,cafe,UNKNOWN,6,0,6,6,24,25,,1,베카신,1,39:음식점,1,제주특별자치도 제주시 우진오름길 144,1,1층,1,"33.4649816279,126.7102243865",0,,0,,0,,0,,0,,0,,0,,0,,0,,1,63341,0,,0,,0,,0,,0,,0,,0,,0,,0,,2b91c56fc7b5196bc828c9238081678ed31b26a21a318ac516580238a40ca35b,hank-place-field-audit-v1,Stage3 Firestore snapshot; live read blocked by RESOURCE_EXHAUSTED
1659,kto-2899623,무거버거,JEJU_CITY,east,동부 (조천),39,음식점,food,UNKNOWN,6,0,6,6,24,25,,1,무거버거,1,39:음식점,1,제주특별자치도 제주시 조천읍 조함해안로 356,0,,1,"33.5492186441,126.6551050241",0,,1,https://tong.visitkorea.or.kr/cms/resource/10/2899610_image2_1.jpg,0,,0,,0,,0,,0,,0,,0,,1,63332,0,,0,,0,,0,,0,,0,,0,,0,,0,,2b91c56fc7b5196bc828c9238081678ed31b26a21a318ac516580238a40ca35b,hank-place-field-audit-v1,Stage3 Firestore snapshot; live read blocked by RESOURCE_EXHAUSTED
1660,kto-2899667,먹돌 제주본점,JEJU_CITY,jeju_city,제주시,39,음식점,food,UNKNOWN,6,0,6,6,24,25,,1,먹돌 제주본점,1,39:음식점,1,제주특별자치도 제주시 공항로1길 14 (용담이동),1,1층,1,"33.5038711465,126.4975003109",0,,0,,0,,0,,0,,0,,0,,0,,0,,1,63164,0,,0,,0,,0,,0,,0,,0,,0,,0,,2b91c56fc7b5196bc828c9238081678ed31b26a21a318ac516580238a40ca35b,hank-place-field-audit-v1,Stage3 Firestore snapshot; live read blocked by RESOURCE_EXHAUSTED
1661,kto-2899679,마두천손칼국수,JEJU_CITY,jeju_city,제주시,39,음식점,food,UNKNOWN,6,0,6,6,24,25,,1,마두천손칼국수,1,39:음식점,1,제주특별자치도 제주시 용해로 45,0,,1,"33.5131340969,126.5029912907",0,,1,https://tong.visitkorea.or.kr/cms/resource/78/2899678_image2_1.jpg,0,,0,,0,,0,,0,,0,,0,,1,63158,0,,0,,0,,0,,0,,0,,0,,0,,0,,2b91c56fc7b5196bc828c9238081678ed31b26a21a318ac516580238a40ca35b,hank-place-field-audit-v1,Stage3 Firestore snapshot; live read blocked by RESOURCE_EXHAUSTED
1662,kto-2901159,게스언더웨어 제주중앙지하상가점,JEJU_CITY,jeju_city,제주시,38,쇼핑,spot,UNKNOWN,6,0,6,6,24,25,,1,게스언더웨어 제주중앙지하상가점,1,38:쇼핑,1,제주특별자치도 제주시 오현길 74 (이도일동),0,,1,"33.5115740689552,126.525527624994",0,,1,https://tong.visitkorea.or.kr/cms/resource/51/4043151_image2_1.jpg,0,,0,,0,,0,,0,,0,,0,,1,63192,0,,0,,0,,0,,0,,0,,0,,0,,0,,2b91c56fc7b5196bc828c9238081678ed31b26a21a318ac516580238a40ca35b,hank-place-field-audit-v1,Stage3 Firestore snapshot; live read blocked by RESOURCE_EXHAUSTED
1663,kto-2901520,오설록 티 뮤지엄,SEOGWIPO_CITY,west,서부 (안덕),38,쇼핑,spot,UNKNOWN,6,0,6,6,24,25,,1,오설록 티 뮤지엄,1,38:쇼핑,1,제주특별자치도 서귀포시 안덕면 신화역사로 15,0,,1,"33.3059240323368,126.289492214804",0,,1,https://tong.visitkorea.or.kr/cms/resource/22/4017322_image2_1.jpg,0,,0,,0,,0,,0,,0,,0,,1,63521,0,,0,,0,,0,,0,,0,,0,,0,,0,,2b91c56fc7b5196bc828c9238081678ed31b26a21a318ac516580238a40ca35b,hank-place-field-audit-v1,Stage3 Firestore snapshot; live read blocked by RESOURCE_EXHAUSTED
1664,kto-2902758,뿌리와열매,JEJU_CITY,jeju_city,제주시,39,음식점,food,UNKNOWN,6,0,6,6,24,25,,1,뿌리와열매,1,39:음식점,1,제주특별자치도 제주시 중산간동로 2255,0,,1,"33.4718264992,126.7838706179",0,,1,https://tong.visitkorea.or.kr/cms/resource/55/2902755_image2_1.jpg,0,,0,,0,,0,,0,,0,,0,,1,63355,0,,0,,0,,0,,0,,0,,0,,0,,0,,2b91c56fc7b5196bc828c9238081678ed31b26a21a318ac516580238a40ca35b,hank-place-field-audit-v1,Stage3 Firestore snapshot; live read blocked by RESOURCE_EXHAUSTED
1665,kto-2902776,쁠랑뜨,JEJU_CITY,jeju_city,제주시,39,음식점,cafe,UNKNOWN,6,0,6,6,24,25,,1,쁠랑뜨,1,39:음식점,1,제주특별자치도 제주시 1100로 2977-15,0,,1,"33.4528293831,126.4855025099",0,,1,https://tong.visitkorea.or.kr/cms/resource/64/2902764_image2_1.jpg,0,,0,,0,,0,,0,,0,,0,,1,63078,0,,0,,0,,0,,0,,0,,0,,0,,0,,2b91c56fc7b5196bc828c9238081678ed31b26a21a318ac516580238a40ca35b,hank-place-field-audit-v1,Stage3 Firestore snapshot; live read blocked by RESOURCE_EXHAUSTED
1666,kto-2902911,아일랜드팩토리 풍류,JEJU_CITY,jeju_city,제주시,39,음식점,cafe,UNKNOWN,6,0,6,6,24,25,,1,아일랜드팩토리 풍류,1,39:음식점,1,제주특별자치도 제주시 관덕로8길 31,0,,1,"33.5105485969,126.5233756881",0,,1,https://tong.visitkorea.or.kr/cms/resource/05/2902905_image2_1.jpg,0,,0,,0,,0,,0,,0,,0,,1,63169,0,,0,,0,,0,,0,,0,,0,,0,,0,,2b91c56fc7b5196bc828c9238081678ed31b26a21a318ac516580238a40ca35b,hank-place-field-audit-v1,Stage3 Firestore snapshot; live read blocked by RESOURCE_EXHAUSTED
1667,kto-2903532,돌담너머바다,JEJU_CITY,jeju_city,제주시,39,음식점,food,UNKNOWN,6,0,6,6,24,25,,1,돌담너머바다,1,39:음식점,1,제주특별자치도 제주시 테우해안로 44-1,0,,1,"33.4957461292,126.4398055121",0,,1,https://tong.visitkorea.or.kr/cms/resource/23/2903523_image2_1.jpg,0,,0,,0,,0,,0,,0,,0,,1,63074,0,,0,,0,,0,,0,,0,,0,,0,,0,,2b91c56fc7b5196bc828c9238081678ed31b26a21a318ac516580238a40ca35b,hank-place-field-audit-v1,Stage3 Firestore snapshot; live read blocked by RESOURCE_EXHAUSTED
1668,kto-2904424,제주명가두루치기,SEOGWIPO_CITY,seogwipo,서귀포시,39,음식점,food,UNKNOWN,6,0,6,6,24,25,,1,제주명가두루치기,1,39:음식점,1,제주특별자치도 서귀포시 태평로 495,0,,1,"33.249605972,126.5710330019",0,,1,https://tong.visitkorea.or.kr/cms/resource/18/2904418_image2_1.jpg,0,,0,,0,,0,,0,,0,,0,,1,63589,0,,0,,0,,0,,0,,0,,0,,0,,0,,2b91c56fc7b5196bc828c9238081678ed31b26a21a318ac516580238a40ca35b,hank-place-field-audit-v1,Stage3 Firestore snapshot; live read blocked by RESOURCE_EXHAUSTED
1669,kto-2904457,헌마공신김만일기념관,SEOGWIPO_CITY,seogwipo,서귀포시,14,문화시설,spot,UNKNOWN,6,0,6,6,24,25,,1,헌마공신김만일기념관,1,14:문화시설,1,제주특별자치도 서귀포시 서성로 919,0,,1,"33.3361458552909,126.690784782692",0,,1,https://tong.visitkorea.or.kr/cms/resource/77/4055977_image2_1.jpg,0,,0,,0,,0,,0,,0,,0,,1,63614,0,,0,,0,,0,,0,,0,,0,,0,,0,,2b91c56fc7b5196bc828c9238081678ed31b26a21a318ac516580238a40ca35b,hank-place-field-audit-v1,Stage3 Firestore snapshot; live read blocked by RESOURCE_EXHAUSTED
1670,kto-2904508,AND 유 CAFE,JEJU_CITY,west,서부 (한림),39,음식점,cafe,UNKNOWN,6,0,6,6,24,25,,1,AND 유 CAFE,1,39:음식점,1,제주특별자치도 제주시 한림읍 한림로 518,0,,1,"33.4046005109,126.2542070367",0,,1,https://tong.visitkorea.or.kr/cms/resource/95/2904495_image2_1.jpg,0,,0,,0,,0,,0,,0,,0,,1,63012,0,,0,,0,,0,,0,,0,,0,,0,,0,,2b91c56fc7b5196bc828c9238081678ed31b26a21a318ac516580238a40ca35b,hank-place-field-audit-v1,Stage3 Firestore snapshot; live read blocked by RESOURCE_EXHAUSTED
1671,kto-2904622,그린마일커피 애월점,JEJU_CITY,west,서부 (애월),39,음식점,cafe,UNKNOWN,6,0,6,6,24,25,,1,그린마일커피 애월점,1,39:음식점,1,제주특별자치도 제주시 애월로 137-1,0,,1,"33.4640949919,126.3220136946",0,,1,https://tong.visitkorea.or.kr/cms/resource/17/2904617_image2_1.jpg,0,,0,,0,,0,,0,,0,,0,,1,63043,0,,0,,0,,0,,0,,0,,0,,0,,0,,2b91c56fc7b5196bc828c9238081678ed31b26a21a318ac516580238a40ca35b,hank-place-field-audit-v1,Stage3 Firestore snapshot; live read blocked by RESOURCE_EXHAUSTED
1672,kto-2904635,도을,JEJU_CITY,jeju_city,제주시,39,음식점,food,UNKNOWN,6,0,6,6,24,25,,1,도을,1,39:음식점,1,제주특별자치도 제주시 남조로 2343,0,,1,"33.4735571124,126.6571236505",0,,1,https://tong.visitkorea.or.kr/cms/resource/27/2904627_image2_1.jpg,0,,0,,0,,0,,0,,0,,0,,1,63344,0,,0,,0,,0,,0,,0,,0,,0,,0,,2b91c56fc7b5196bc828c9238081678ed31b26a21a318ac516580238a40ca35b,hank-place-field-audit-v1,Stage3 Firestore snapshot; live read blocked by RESOURCE_EXHAUSTED
1673,kto-2904827,마음에온,JEJU_CITY,jeju_city,제주시,39,음식점,cafe,UNKNOWN,6,0,6,6,24,25,,1,마음에온,1,39:음식점,1,제주특별자치도 제주시 칠성로길 29-1,0,,1,"33.5146093001,126.5259753695",0,,1,https://tong.visitkorea.or.kr/cms/resource/12/2904812_image2_1.jpg,0,,0,,0,,0,,0,,0,,0,,1,63277,0,,0,,0,,0,,0,,0,,0,,0,,0,,2b91c56fc7b5196bc828c9238081678ed31b26a21a318ac516580238a40ca35b,hank-place-field-audit-v1,Stage3 Firestore snapshot; live read blocked by RESOURCE_EXHAUSTED
1674,kto-2904931,스물다섯,JEJU_CITY,jeju_city,제주시,39,음식점,food,UNKNOWN,6,0,6,6,24,25,,1,스물다섯,1,39:음식점,1,제주특별자치도 제주시 다랑곶6길 19 대성빌라트,0,,1,"33.4889802620529,126.480795249931",0,,1,https://tong.visitkorea.or.kr/cms/resource/25/4056525_image2_1.jpg,0,,0,,0,,0,,0,,0,,0,,1,63098,0,,0,,0,,0,,0,,0,,0,,0,,0,,2b91c56fc7b5196bc828c9238081678ed31b26a21a318ac516580238a40ca35b,hank-place-field-audit-v1,Stage3 Firestore snapshot; live read blocked by RESOURCE_EXHAUSTED
1675,kto-2904947,신한온누리약국,JEJU_CITY,jeju_city,제주시,38,쇼핑,spot,UNKNOWN,6,0,6,6,24,25,,1,신한온누리약국,1,38:쇼핑,1,제주특별자치도 제주시 도령로 74 (연동),0,,1,"33.4897415444847,126.486332954052",0,,1,https://tong.visitkorea.or.kr/cms/resource/62/4020062_image2_1.jpg,0,,0,,0,,0,,0,,0,,0,,1,63129,0,,0,,0,,0,,0,,0,,0,,0,,0,,2b91c56fc7b5196bc828c9238081678ed31b26a21a318ac516580238a40ca35b,hank-place-field-audit-v1,Stage3 Firestore snapshot; live read blocked by RESOURCE_EXHAUSTED
1676,kto-2905045,와흘메밀마을,JEJU_CITY,east,동부 (조천),12,관광지,spot,UNKNOWN,6,0,6,6,24,25,,1,와흘메밀마을,1,12:관광지,1,제주특별자치도 제주시 조천읍 남조로 2455,0,,1,"33.4827833507,126.650068827",0,,1,https://tong.visitkorea.or.kr/cms/resource/09/4074109_image2_1.jpg,0,,0,,0,,0,,0,,0,,0,,1,63344,0,,0,,0,,0,,0,,0,,0,,0,,0,,2b91c56fc7b5196bc828c9238081678ed31b26a21a318ac516580238a40ca35b,hank-place-field-audit-v1,Stage3 Firestore snapshot; live read blocked by RESOURCE_EXHAUSTED
1677,kto-2905079,윤재커피,JEJU_CITY,jeju_city,제주시,39,음식점,cafe,UNKNOWN,6,0,6,6,24,25,,1,윤재커피,1,39:음식점,1,제주특별자치도 제주시 중앙로12길 1,0,,1,"33.5118,126.5241",0,,1,https://tong.visitkorea.or.kr/cms/resource/75/2905075_image2_1.jpg,0,,0,,0,,0,,0,,0,,0,,1,63168,0,,0,,0,,0,,0,,0,,0,,0,,0,,2b91c56fc7b5196bc828c9238081678ed31b26a21a318ac516580238a40ca35b,hank-place-field-audit-v1,Stage3 Firestore snapshot; live read blocked by RESOURCE_EXHAUSTED
1678,kto-2905116,제주과학탐구체험관,JEJU_CITY,jeju_city,제주시,14,문화시설,spot,UNKNOWN,6,0,6,6,24,25,,1,제주과학탐구체험관,1,14:문화시설,1,제주특별자치도 제주시 산록북로 421-1 (오라이동),0,,1,"33.4266496763,126.5314546657",0,,1,https://tong.visitkorea.or.kr/cms/resource/58/3585158_image2_1.jpg,0,,0,,0,,0,,0,,0,,0,,1,63144,0,,0,,0,,0,,0,,0,,0,,0,,0,,2b91c56fc7b5196bc828c9238081678ed31b26a21a318ac516580238a40ca35b,hank-place-field-audit-v1,Stage3 Firestore snapshot; live read blocked by RESOURCE_EXHAUSTED
1679,kto-2905132,카페온,JEJU_CITY,jeju_city,제주시,39,음식점,cafe,UNKNOWN,6,0,6,6,24,25,,1,카페온,1,39:음식점,1,제주특별자치도 제주시 다랑곶6길 39,0,,1,"33.4903439698,126.4794036817",0,,1,https://tong.visitkorea.or.kr/cms/resource/23/2905123_image2_1.jpg,0,,0,,0,,0,,0,,0,,0,,1,63097,0,,0,,0,,0,,0,,0,,0,,0,,0,,2b91c56fc7b5196bc828c9238081678ed31b26a21a318ac516580238a40ca35b,hank-place-field-audit-v1,Stage3 Firestore snapshot; live read blocked by RESOURCE_EXHAUSTED
1680,kto-2905162,K2 서귀포점,SEOGWIPO_CITY,seogwipo,서귀포시,38,쇼핑,spot,UNKNOWN,6,0,6,6,24,25,,1,K2 서귀포점,1,38:쇼핑,1,제주특별자치도 서귀포시 중정로 101 (서귀동),0,,1,"33.2488394403075,126.567148019609",0,,1,https://tong.visitkorea.or.kr/cms/resource/02/4045702_image2_1.jpg,0,,0,,0,,0,,0,,0,,0,,1,63591,0,,0,,0,,0,,0,,0,,0,,0,,0,,2b91c56fc7b5196bc828c9238081678ed31b26a21a318ac516580238a40ca35b,hank-place-field-audit-v1,Stage3 Firestore snapshot; live read blocked by RESOURCE_EXHAUSTED
1681,kto-2905171,카페허그,JEJU_CITY,jeju_city,제주시,39,음식점,cafe,UNKNOWN,6,0,6,6,24,25,,1,카페허그,1,39:음식점,1,제주특별자치도 제주시 관덕로 16-1,0,,1,"33.5128197967,126.5210687362",0,,1,https://tong.visitkorea.or.kr/cms/resource/61/2905161_image2_1.jpg,0,,0,,0,,0,,0,,0,,0,,1,63168,0,,0,,0,,0,,0,,0,,0,,0,,0,,2b91c56fc7b5196bc828c9238081678ed31b26a21a318ac516580238a40ca35b,hank-place-field-audit-v1,Stage3 Firestore snapshot; live read blocked by RESOURCE_EXHAUSTED
1682,kto-2905191,헬로효주,JEJU_CITY,jeju_city,제주시,39,음식점,food,UNKNOWN,6,0,6,6,24,25,,1,헬로효주,1,39:음식점,1,제주특별자치도 제주시 관덕로 10 (삼도이동),0,,1,"33.51277505714625,126.52040597855914",0,,1,https://tong.visitkorea.or.kr/cms/resource/00/4056400_image2_1.jpg,0,,0,,0,,0,,0,,0,,0,,1,63168,0,,0,,0,,0,,0,,0,,0,,0,,0,,2b91c56fc7b5196bc828c9238081678ed31b26a21a318ac516580238a40ca35b,hank-place-field-audit-v1,Stage3 Firestore snapshot; live read blocked by RESOURCE_EXHAUSTED
1683,kto-2905237,태양상회,JEJU_CITY,jeju_city,제주시,39,음식점,food,UNKNOWN,6,0,6,6,24,25,,1,태양상회,1,39:음식점,1,제주특별자치도 제주시 중앙로2길 31,0,,1,"33.5171942957,126.5216102524",0,,1,https://tong.visitkorea.or.kr/cms/resource/24/2905224_image2_1.jpg,0,,0,,0,,0,,0,,0,,0,,1,63166,0,,0,,0,,0,,0,,0,,0,,0,,0,,2b91c56fc7b5196bc828c9238081678ed31b26a21a318ac516580238a40ca35b,hank-place-field-audit-v1,Stage3 Firestore snapshot; live read blocked by RESOURCE_EXHAUSTED
1684,kto-2905293,협재온다정,JEJU_CITY,west,서부 (한림),39,음식점,food,UNKNOWN,6,0,6,6,24,25,,1,협재온다정,1,39:음식점,1,제주특별자치도 제주시 한림로 381-4,0,,1,"33.3969344335,126.243477752",0,,1,https://tong.visitkorea.or.kr/cms/resource/80/2905280_image2_1.jpg,0,,0,,0,,0,,0,,0,,0,,1,63011,0,,0,,0,,0,,0,,0,,0,,0,,0,,2b91c56fc7b5196bc828c9238081678ed31b26a21a318ac516580238a40ca35b,hank-place-field-audit-v1,Stage3 Firestore snapshot; live read blocked by RESOURCE_EXHAUSTED
1685,kto-2905314,협재해물라면 쪼꼴락상회,JEJU_CITY,jeju_city,제주시,39,음식점,food,UNKNOWN,6,0,6,6,24,25,,1,협재해물라면 쪼꼴락상회,1,39:음식점,1,제주특별자치도 제주시 협재4길 9,0,,1,"33.3937458848,126.2415085624",0,,1,https://tong.visitkorea.or.kr/cms/resource/98/2905298_image2_1.jpg,0,,0,,0,,0,,0,,0,,0,,1,63011,0,,0,,0,,0,,0,,0,,0,,0,,0,,2b91c56fc7b5196bc828c9238081678ed31b26a21a318ac516580238a40ca35b,hank-place-field-audit-v1,Stage3 Firestore snapshot; live read blocked by RESOURCE_EXHAUSTED
1686,kto-2905340,살롱드라방,JEJU_CITY,jeju_city,제주시,39,음식점,food,UNKNOWN,6,0,6,6,24,25,,1,살롱드라방,1,39:음식점,1,제주특별자치도 제주시 하가로 146-9,0,,1,"33.4579,126.349",0,,1,https://tong.visitkorea.or.kr/cms/resource/31/2905331_image2_1.JPG,0,,0,,0,,0,,0,,0,,0,,1,63036,0,,0,,0,,0,,0,,0,,0,,0,,0,,2b91c56fc7b5196bc828c9238081678ed31b26a21a318ac516580238a40ca35b,hank-place-field-audit-v1,Stage3 Firestore snapshot; live read blocked by RESOURCE_EXHAUSTED
1687,kto-2905366,옛날국수집,JEJU_CITY,jeju_city,제주시,39,음식점,food,UNKNOWN,6,0,6,6,24,25,,1,옛날국수집,1,39:음식점,1,제주특별자치도 제주시 하귀로 56,0,,1,"33.4803383622,126.4031471176",0,,1,https://tong.visitkorea.or.kr/cms/resource/51/2905351_image2_1.jpg,0,,0,,0,,0,,0,,0,,0,,1,63051,0,,0,,0,,0,,0,,0,,0,,0,,0,,2b91c56fc7b5196bc828c9238081678ed31b26a21a318ac516580238a40ca35b,hank-place-field-audit-v1,Stage3 Firestore snapshot; live read blocked by RESOURCE_EXHAUSTED
1688,kto-2905789,카페숑,SEOGWIPO_CITY,seogwipo,서귀포시,39,음식점,cafe,UNKNOWN,6,0,6,6,24,25,,1,카페숑,1,39:음식점,1,제주특별자치도 서귀포시 공천포로 91,0,,1,"33.266350412,126.6427658253",0,,1,https://tong.visitkorea.or.kr/cms/resource/73/2905773_image2_1.jpg,0,,0,,0,,0,,0,,0,,0,,1,63612,0,,0,,0,,0,,0,,0,,0,,0,,0,,2b91c56fc7b5196bc828c9238081678ed31b26a21a318ac516580238a40ca35b,hank-place-field-audit-v1,Stage3 Firestore snapshot; live read blocked by RESOURCE_EXHAUSTED
1689,kto-2905901,카페단단,JEJU_CITY,jeju_city,제주시,39,음식점,cafe,UNKNOWN,6,0,6,6,24,25,,1,카페단단,1,39:음식점,1,제주특별자치도 제주시 관덕로4길 1-6,0,,1,"33.5125809444647,126.521618690448",0,,1,https://tong.visitkorea.or.kr/cms/resource/02/4058002_image2_1.jpg,0,,0,,0,,0,,0,,0,,0,,1,63168,0,,0,,0,,0,,0,,0,,0,,0,,0,,2b91c56fc7b5196bc828c9238081678ed31b26a21a318ac516580238a40ca35b,hank-place-field-audit-v1,Stage3 Firestore snapshot; live read blocked by RESOURCE_EXHAUSTED
1690,kto-2906140,노스페이스 제주점,JEJU_CITY,jeju_city,제주시,38,쇼핑,spot,UNKNOWN,6,0,6,6,24,25,,1,노스페이스 제주점,1,38:쇼핑,1,제주특별자치도 제주시 관덕로11길 2 (일도일동),0,,1,"33.5133883532632,126.525507712254",0,,1,https://tong.visitkorea.or.kr/cms/resource/38/4020138_image2_1.jpg,0,,0,,0,,0,,0,,0,,0,,1,63277,0,,0,,0,,0,,0,,0,,0,,0,,0,,2b91c56fc7b5196bc828c9238081678ed31b26a21a318ac516580238a40ca35b,hank-place-field-audit-v1,Stage3 Firestore snapshot; live read blocked by RESOURCE_EXHAUSTED
1691,kto-2906222,제주맛집칼국수,JEJU_CITY,jeju_city,제주시,39,음식점,food,UNKNOWN,6,0,6,6,24,25,,1,제주맛집칼국수,1,39:음식점,1,제주특별자치도 제주시 비자림로 685,0,,1,"33.4363590236,126.6794946481",0,,1,https://tong.visitkorea.or.kr/cms/resource/06/2906206_image2_1.JPG,0,,0,,0,,0,,0,,0,,0,,1,63346,0,,0,,0,,0,,0,,0,,0,,0,,0,,2b91c56fc7b5196bc828c9238081678ed31b26a21a318ac516580238a40ca35b,hank-place-field-audit-v1,Stage3 Firestore snapshot; live read blocked by RESOURCE_EXHAUSTED
1692,kto-2906541,한형수정원,JEJU_CITY,west,서부 (한림),39,음식점,food,UNKNOWN,6,0,6,6,24,25,,1,한형수정원,1,39:음식점,1,제주특별자치도 제주시 한림읍 옹포2길 44,0,,1,"33.396957,126.250219",0,,1,https://tong.visitkorea.or.kr/cms/resource/46/3497846_image2_1.jpg,0,,0,,0,,0,,0,,0,,0,,1,63011,0,,0,,0,,0,,0,,0,,0,,0,,0,,2b91c56fc7b5196bc828c9238081678ed31b26a21a318ac516580238a40ca35b,hank-place-field-audit-v1,Stage3 Firestore snapshot; live read blocked by RESOURCE_EXHAUSTED
1693,kto-2906595,하소로커피,JEJU_CITY,west,서부 (한경),39,음식점,cafe,UNKNOWN,6,0,6,6,24,25,,1,하소로커피,1,39:음식점,1,제주특별자치도 제주시 한경면 불그못로 72,0,,1,"33.29574462544849,126.21769000904973",0,,1,https://tong.visitkorea.or.kr/cms/resource/17/4069817_image2_1.jpg,0,,0,,0,,0,,0,,0,,0,,1,63007,0,,0,,0,,0,,0,,0,,0,,0,,0,,2b91c56fc7b5196bc828c9238081678ed31b26a21a318ac516580238a40ca35b,hank-place-field-audit-v1,Stage3 Firestore snapshot; live read blocked by RESOURCE_EXHAUSTED
1694,kto-2907434,생각하는정원(청원),JEJU_CITY,west,서부 (한경),38,쇼핑,spot,UNKNOWN,6,0,6,6,24,25,,1,생각하는정원(청원),1,38:쇼핑,1,제주특별자치도 제주시 한경면 녹차분재로 675,0,,1,"33.32588523261681,126.25528248565925",0,,1,https://tong.visitkorea.or.kr/cms/resource/92/2886992_image2_1.jpg,0,,0,,0,,0,,0,,0,,0,,1,63005,0,,0,,0,,0,,0,,0,,0,,0,,0,,2b91c56fc7b5196bc828c9238081678ed31b26a21a318ac516580238a40ca35b,hank-place-field-audit-v1,Stage3 Firestore snapshot; live read blocked by RESOURCE_EXHAUSTED
1695,kto-2907482,홉히,JEJU_CITY,jeju_city,제주시,39,음식점,food,UNKNOWN,6,0,6,6,24,25,,1,홉히,1,39:음식점,1,제주특별자치도 제주시 서해안로 468-2 (용담삼동),0,,1,"33.51854466220436,126.48926628903267",0,,1,https://tong.visitkorea.or.kr/cms/resource/36/4057736_image2_1.JPG,0,,0,,0,,0,,0,,0,,0,,1,63114,0,,0,,0,,0,,0,,0,,0,,0,,0,,2b91c56fc7b5196bc828c9238081678ed31b26a21a318ac516580238a40ca35b,hank-place-field-audit-v1,Stage3 Firestore snapshot; live read blocked by RESOURCE_EXHAUSTED
1696,kto-2907667,탐라원특산품센터,JEJU_CITY,jeju_city,제주시,38,쇼핑,spot,UNKNOWN,6,0,6,6,24,25,,1,탐라원특산품센터,1,38:쇼핑,1,제주특별자치도 제주시 연북로 381 (도남동),0,,1,"33.4816360429475,126.522848211697",0,,1,https://tong.visitkorea.or.kr/cms/resource/76/4020376_image2_1.jpg,0,,0,,0,,0,,0,,0,,0,,1,63234,0,,0,,0,,0,,0,,0,,0,,0,,0,,2b91c56fc7b5196bc828c9238081678ed31b26a21a318ac516580238a40ca35b,hank-place-field-audit-v1,Stage3 Firestore snapshot; live read blocked by RESOURCE_EXHAUSTED
1697,kto-2907715,금능해수욕장 야영장,JEJU_CITY,west,서부 (한림),28,레포츠,spot,UNKNOWN,6,0,6,6,24,25,,1,금능해수욕장 야영장,1,28:레포츠,1,제주특별자치도 제주시 한림읍 금능길 119-10,0,,1,"33.3912509636,126.2359199635",0,,1,https://tong.visitkorea.or.kr/cms/resource/95/4074695_image2_1.jpg,0,,0,,0,,0,,0,,0,,0,,1,63010,0,,0,,0,,0,,0,,0,,0,,0,,0,,2b91c56fc7b5196bc828c9238081678ed31b26a21a318ac516580238a40ca35b,hank-place-field-audit-v1,Stage3 Firestore snapshot; live read blocked by RESOURCE_EXHAUSTED
1698,kto-2908846,스타빌,SEOGWIPO_CITY,seogwipo,서귀포시,28,레포츠,spot,UNKNOWN,6,0,6,6,24,25,,1,스타빌,1,28:레포츠,1,제주특별자치도 서귀포시 광평로 34-154,0,,1,"33.3377,126.3961",0,,1,https://tong.visitkorea.or.kr/cms/resource/20/4074120_image2_1.jpg,0,,0,,0,,0,,0,,0,,0,,1,63524,0,,0,,0,,0,,0,,0,,0,,0,,0,,2b91c56fc7b5196bc828c9238081678ed31b26a21a318ac516580238a40ca35b,hank-place-field-audit-v1,Stage3 Firestore snapshot; live read blocked by RESOURCE_EXHAUSTED
1699,kto-2909373,트리플스토어 칠성점,JEJU_CITY,jeju_city,제주시,38,쇼핑,spot,UNKNOWN,6,0,6,6,24,25,,1,트리플스토어 칠성점,1,38:쇼핑,1,제주특별자치도 제주시 관덕로15길 15 (일도일동),0,,1,"33.5146318767033,126.526557666517",0,,1,https://tong.visitkorea.or.kr/cms/resource/66/4020366_image2_1.jpg,0,,0,,0,,0,,0,,0,,0,,1,63277,0,,0,,0,,0,,0,,0,,0,,0,,0,,2b91c56fc7b5196bc828c9238081678ed31b26a21a318ac516580238a40ca35b,hank-place-field-audit-v1,Stage3 Firestore snapshot; live read blocked by RESOURCE_EXHAUSTED
1700,kto-2909982,컴플리트커피,JEJU_CITY,jeju_city,제주시,39,음식점,cafe,UNKNOWN,6,0,6,6,24,25,,1,컴플리트커피,1,39:음식점,1,제주특별자치도 제주시 노형6길 21,1,1층,1,"33.480617305432,126.478179017205",0,,0,,0,,0,,0,,0,,0,,0,,0,,1,63088,0,,0,,0,,0,,0,,0,,0,,0,,0,,2b91c56fc7b5196bc828c9238081678ed31b26a21a318ac516580238a40ca35b,hank-place-field-audit-v1,Stage3 Firestore snapshot; live read blocked by RESOURCE_EXHAUSTED
1701,kto-2910664,레노마홈 신제주노형점,JEJU_CITY,jeju_city,제주시,38,쇼핑,spot,UNKNOWN,6,0,6,6,24,25,,1,레노마홈 신제주노형점,1,38:쇼핑,1,"제주특별자치도 제주시 신대로 136 (연동, 코스모스태홍누리안5차아파트)",0,,1,"33.4850752435992,126.496033953453",0,,1,https://tong.visitkorea.or.kr/cms/resource/74/4020374_image2_1.jpg,0,,0,,0,,0,,0,,0,,0,,1,63133,0,,0,,0,,0,,0,,0,,0,,0,,0,,2b91c56fc7b5196bc828c9238081678ed31b26a21a318ac516580238a40ca35b,hank-place-field-audit-v1,Stage3 Firestore snapshot; live read blocked by RESOURCE_EXHAUSTED
1702,kto-2910815,카페보롬왓,SEOGWIPO_CITY,seogwipo,서귀포시,39,음식점,cafe,UNKNOWN,6,0,6,6,24,25,,1,카페보롬왓,1,39:음식점,1,제주특별자치도 서귀포시 번영로 2350-104,0,,1,"33.4134934171129,126.752493951494",0,,1,https://tong.visitkorea.or.kr/cms/resource/19/4069919_image2_1.jpg,0,,0,,0,,0,,0,,0,,0,,1,63624,0,,0,,0,,0,,0,,0,,0,,0,,0,,2b91c56fc7b5196bc828c9238081678ed31b26a21a318ac516580238a40ca35b,hank-place-field-audit-v1,Stage3 Firestore snapshot; live read blocked by RESOURCE_EXHAUSTED
1703,kto-2910852,하례감귤점빵협동조합,SEOGWIPO_CITY,seogwipo,서귀포시,39,음식점,food,UNKNOWN,6,0,6,6,24,25,,1,하례감귤점빵협동조합,1,39:음식점,1,제주특별자치도 서귀포시 하례로 272,0,,1,"33.2713439657,126.6233508455",0,,1,https://tong.visitkorea.or.kr/cms/resource/38/2910838_image2_1.jpg,0,,0,,0,,0,,0,,0,,0,,1,63613,0,,0,,0,,0,,0,,0,,0,,0,,0,,2b91c56fc7b5196bc828c9238081678ed31b26a21a318ac516580238a40ca35b,hank-place-field-audit-v1,Stage3 Firestore snapshot; live read blocked by RESOURCE_EXHAUSTED
1704,kto-2910854,이마트 서귀포점,SEOGWIPO_CITY,seogwipo,서귀포시,38,쇼핑,spot,UNKNOWN,6,0,6,6,24,25,,1,이마트 서귀포점,1,38:쇼핑,1,제주특별자치도 서귀포시 일주동로 9209 (법환동),0,,1,"33.2483380261564,126.509117350341",0,,1,https://tong.visitkorea.or.kr/cms/resource/34/4044634_image2_1.jpg,0,,0,,0,,0,,0,,0,,0,,1,63572,0,,0,,0,,0,,0,,0,,0,,0,,0,,2b91c56fc7b5196bc828c9238081678ed31b26a21a318ac516580238a40ca35b,hank-place-field-audit-v1,Stage3 Firestore snapshot; live read blocked by RESOURCE_EXHAUSTED
1705,kto-2910907,망고하이,SEOGWIPO_CITY,seogwipo,서귀포시,39,음식점,food,UNKNOWN,6,0,6,6,24,25,,1,망고하이,1,39:음식점,1,제주특별자치도 서귀포시 일주서로 972,0,,1,"33.2582253738,126.4068628965",0,,1,https://tong.visitkorea.or.kr/cms/resource/01/2910901_image2_1.jpg,0,,0,,0,,0,,0,,0,,0,,1,63534,0,,0,,0,,0,,0,,0,,0,,0,,0,,2b91c56fc7b5196bc828c9238081678ed31b26a21a318ac516580238a40ca35b,hank-place-field-audit-v1,Stage3 Firestore snapshot; live read blocked by RESOURCE_EXHAUSTED
1706,kto-2910930,래용,JEJU_CITY,jeju_city,제주시,39,음식점,food,UNKNOWN,6,0,6,6,24,25,,1,래용,1,39:음식점,1,제주특별자치도 제주시 우정로 17 제웅1차솔내음빌리지,0,,1,"33.4912097647,126.4311637071",0,,1,https://tong.visitkorea.or.kr/cms/resource/13/2910913_image2_1.jpg,0,,0,,0,,0,,0,,0,,0,,1,63070,0,,0,,0,,0,,0,,0,,0,,0,,0,,2b91c56fc7b5196bc828c9238081678ed31b26a21a318ac516580238a40ca35b,hank-place-field-audit-v1,Stage3 Firestore snapshot; live read blocked by RESOURCE_EXHAUSTED
1707,kto-2911053,알동네집,JEJU_CITY,west,서부 (한경),39,음식점,food,UNKNOWN,6,0,6,6,24,25,,1,알동네집,1,39:음식점,1,제주특별자치도 제주시 한경면 연명로 543,0,,1,"33.3164470445,126.2673880277",0,,1,https://tong.visitkorea.or.kr/cms/resource/41/2911041_image2_1.JPG,0,,0,,0,,0,,0,,0,,0,,1,63005,0,,0,,0,,0,,0,,0,,0,,0,,0,,2b91c56fc7b5196bc828c9238081678ed31b26a21a318ac516580238a40ca35b,hank-place-field-audit-v1,Stage3 Firestore snapshot; live read blocked by RESOURCE_EXHAUSTED
1708,kto-2911088,5L2F,JEJU_CITY,jeju_city,제주시,39,음식점,food,UNKNOWN,6,0,6,6,24,25,,1,5L2F,1,39:음식점,1,제주특별자치도 제주시 와흘상길 30,0,,1,"33.4939265833,126.6335448189",0,,1,https://tong.visitkorea.or.kr/cms/resource/76/2911076_image2_1.jpg,0,,0,,0,,0,,0,,0,,0,,1,63344,0,,0,,0,,0,,0,,0,,0,,0,,0,,2b91c56fc7b5196bc828c9238081678ed31b26a21a318ac516580238a40ca35b,hank-place-field-audit-v1,Stage3 Firestore snapshot; live read blocked by RESOURCE_EXHAUSTED
1709,kto-2911298,웨스트우드 구제주점,JEJU_CITY,jeju_city,제주시,38,쇼핑,spot,UNKNOWN,6,0,6,6,24,25,,1,웨스트우드 구제주점,1,38:쇼핑,1,제주특별자치도 제주시 관덕로 65 (일도일동),0,,1,"33.5133299212057,126.526259191883",0,,1,https://tong.visitkorea.or.kr/cms/resource/88/4020088_image2_1.jpg,0,,0,,0,,0,,0,,0,,0,,1,63277,0,,0,,0,,0,,0,,0,,0,,0,,0,,2b91c56fc7b5196bc828c9238081678ed31b26a21a318ac516580238a40ca35b,hank-place-field-audit-v1,Stage3 Firestore snapshot; live read blocked by RESOURCE_EXHAUSTED
1710,kto-2911513,웨스트우드 신제주점,JEJU_CITY,jeju_city,제주시,38,쇼핑,spot,UNKNOWN,6,0,6,6,24,25,,1,웨스트우드 신제주점,1,38:쇼핑,1,제주특별자치도 제주시 연동7길 31 (연동),0,,1,"33.4870580655126,126.490860091921",0,,1,https://tong.visitkorea.or.kr/cms/resource/69/4042069_image2_1.jpg,0,,0,,0,,0,,0,,0,,0,,1,63123,0,,0,,0,,0,,0,,0,,0,,0,,0,,2b91c56fc7b5196bc828c9238081678ed31b26a21a318ac516580238a40ca35b,hank-place-field-audit-v1,Stage3 Firestore snapshot; live read blocked by RESOURCE_EXHAUSTED
1711,kto-2911579,올리브영 제주동문시장점,JEJU_CITY,jeju_city,제주시,38,쇼핑,spot,UNKNOWN,6,0,6,6,24,25,,1,올리브영 제주동문시장점,1,38:쇼핑,1,제주특별자치도 제주시 관덕로 62-1 (일도일동),0,,1,"33.5128700923869,126.525948168862",0,,1,https://tong.visitkorea.or.kr/cms/resource/92/4029192_image2_1.JPG,0,,0,,0,,0,,0,,0,,0,,1,63192,0,,0,,0,,0,,0,,0,,0,,0,,0,,2b91c56fc7b5196bc828c9238081678ed31b26a21a318ac516580238a40ca35b,hank-place-field-audit-v1,Stage3 Firestore snapshot; live read blocked by RESOURCE_EXHAUSTED
1712,kto-2912583,금강제화 제주지점,JEJU_CITY,jeju_city,제주시,38,쇼핑,spot,UNKNOWN,6,0,6,6,24,25,,1,금강제화 제주지점,1,38:쇼핑,1,제주특별자치도 제주시 관덕로 57 (일도일동),0,,1,"33.5132997324997,126.525509164692",0,,1,https://tong.visitkorea.or.kr/cms/resource/05/4020405_image2_1.jpg,0,,0,,0,,0,,0,,0,,0,,1,63277,0,,0,,0,,0,,0,,0,,0,,0,,0,,2b91c56fc7b5196bc828c9238081678ed31b26a21a318ac516580238a40ca35b,hank-place-field-audit-v1,Stage3 Firestore snapshot; live read blocked by RESOURCE_EXHAUSTED
1713,kto-2916457,아트박스 제주연동점,JEJU_CITY,jeju_city,제주시,38,쇼핑,spot,UNKNOWN,6,0,6,6,24,25,,1,아트박스 제주연동점,1,38:쇼핑,1,제주특별자치도 제주시 신대로14길 51 (연동),0,,1,"33.4877224633981,126.490951429845",0,,1,https://tong.visitkorea.or.kr/cms/resource/92/4042792_image2_1.jpg,0,,0,,0,,0,,0,,0,,0,,1,63123,0,,0,,0,,0,,0,,0,,0,,0,,0,,2b91c56fc7b5196bc828c9238081678ed31b26a21a318ac516580238a40ca35b,hank-place-field-audit-v1,Stage3 Firestore snapshot; live read blocked by RESOURCE_EXHAUSTED
1714,kto-2916532,로이드 신제주점,JEJU_CITY,jeju_city,제주시,38,쇼핑,spot,UNKNOWN,6,0,6,6,24,25,,1,로이드 신제주점,1,38:쇼핑,1,제주특별자치도 제주시 연동7길 22 (연동),0,,1,"33.4881294735739,126.49056416284",0,,1,https://tong.visitkorea.or.kr/cms/resource/09/4045709_image2_1.jpg,0,,0,,0,,0,,0,,0,,0,,1,63124,0,,0,,0,,0,,0,,0,,0,,0,,0,,2b91c56fc7b5196bc828c9238081678ed31b26a21a318ac516580238a40ca35b,hank-place-field-audit-v1,Stage3 Firestore snapshot; live read blocked by RESOURCE_EXHAUSTED
1715,kto-2918447,다인오세아노 호텔,JEJU_CITY,west,서부 (애월),32,숙박,stay,UNKNOWN,6,0,6,6,24,25,,1,다인오세아노 호텔,1,32:숙박,1,제주특별자치도 제주시 애월읍 애월해안로 394,0,,1,"33.4724996508,126.3504700269",0,,1,https://tong.visitkorea.or.kr/cms/resource/92/4076292_image2_1.jpg,0,,0,,0,,0,,0,,0,,0,,1,63046,0,,0,,0,,0,,0,,0,,0,,0,,0,,2b91c56fc7b5196bc828c9238081678ed31b26a21a318ac516580238a40ca35b,hank-place-field-audit-v1,Stage3 Firestore snapshot; live read blocked by RESOURCE_EXHAUSTED
1716,kto-2918548,"헤이, 서귀포",SEOGWIPO_CITY,seogwipo,서귀포시,32,숙박,stay,UNKNOWN,6,0,6,6,24,25,,1,"헤이, 서귀포",1,32:숙박,1,제주특별자치도 서귀포시 태평로 363 (서귀동),0,,1,"33.2461172827,126.5600780016",0,,1,https://tong.visitkorea.or.kr/cms/resource/05/4074405_image2_1.jpg,0,,0,,0,,0,,0,,0,,0,,1,63595,0,,0,,0,,0,,0,,0,,0,,0,,0,,2b91c56fc7b5196bc828c9238081678ed31b26a21a318ac516580238a40ca35b,hank-place-field-audit-v1,Stage3 Firestore snapshot; live read blocked by RESOURCE_EXHAUSTED
1717,kto-2922976,한국기념품백화점,JEJU_CITY,jeju_city,제주시,38,쇼핑,spot,UNKNOWN,6,0,6,6,24,25,,1,한국기념품백화점,1,38:쇼핑,1,제주특별자치도 제주시 원노형로 13 (노형동),0,,1,"33.48746545315,126.484763713528",0,,1,https://tong.visitkorea.or.kr/cms/resource/46/4020346_image2_1.jpg,0,,0,,0,,0,,0,,0,,0,,1,63081,0,,0,,0,,0,,0,,0,,0,,0,,0,,2b91c56fc7b5196bc828c9238081678ed31b26a21a318ac516580238a40ca35b,hank-place-field-audit-v1,Stage3 Firestore snapshot; live read blocked by RESOURCE_EXHAUSTED
1718,kto-2923735,스파오 신제주점,JEJU_CITY,jeju_city,제주시,38,쇼핑,spot,UNKNOWN,6,0,6,6,24,25,,1,스파오 신제주점,1,38:쇼핑,1,제주특별자치도 제주시 신광로 42 (연동),0,,1,"33.4884518138034,126.489824135742",0,,1,https://tong.visitkorea.or.kr/cms/resource/69/4020369_image2_1.jpg,0,,0,,0,,0,,0,,0,,0,,1,63129,0,,0,,0,,0,,0,,0,,0,,0,,0,,2b91c56fc7b5196bc828c9238081678ed31b26a21a318ac516580238a40ca35b,hank-place-field-audit-v1,Stage3 Firestore snapshot; live read blocked by RESOURCE_EXHAUSTED
1719,kto-2924345,나이키 칠성로점,JEJU_CITY,jeju_city,제주시,38,쇼핑,spot,UNKNOWN,6,0,6,6,24,25,,1,나이키 칠성로점,1,38:쇼핑,1,제주특별자치도 제주시 칠성로길 26 (일도일동),0,,1,"33.5142562605355,126.525564325141",0,,1,https://tong.visitkorea.or.kr/cms/resource/83/4020383_image2_1.jpg,0,,0,,0,,0,,0,,0,,0,,1,63277,0,,0,,0,,0,,0,,0,,0,,0,,0,,2b91c56fc7b5196bc828c9238081678ed31b26a21a318ac516580238a40ca35b,hank-place-field-audit-v1,Stage3 Firestore snapshot; live read blocked by RESOURCE_EXHAUSTED
1720,kto-2926949,제주엠리조트,SEOGWIPO_CITY,seogwipo,서귀포시,32,숙박,stay,UNKNOWN,6,0,6,6,24,25,,1,제주엠리조트,1,32:숙박,1,제주특별자치도 서귀포시 중산간서로157번길 28-6 (강정동),0,,1,"33.2578066302,126.4943561301",0,,1,https://tong.visitkorea.or.kr/cms/resource/34/2926934_image2_1.jpg,0,,0,,0,,0,,0,,0,,0,,1,63558,0,,0,,0,,0,,0,,0,,0,,0,,0,,2b91c56fc7b5196bc828c9238081678ed31b26a21a318ac516580238a40ca35b,hank-place-field-audit-v1,Stage3 Firestore snapshot; live read blocked by RESOURCE_EXHAUSTED
1721,kto-2928853,제일모직아울렛 노형점,JEJU_CITY,jeju_city,제주시,38,쇼핑,spot,UNKNOWN,6,0,6,6,24,25,,1,제일모직아울렛 노형점,1,38:쇼핑,1,제주특별자치도 제주시 도령로 22 (노형동),0,,1,"33.4870114649942,126.481814108192",0,,1,https://tong.visitkorea.or.kr/cms/resource/30/4020330_image2_1.jpg,0,,0,,0,,0,,0,,0,,0,,1,63081,0,,0,,0,,0,,0,,0,,0,,0,,0,,2b91c56fc7b5196bc828c9238081678ed31b26a21a318ac516580238a40ca35b,hank-place-field-audit-v1,Stage3 Firestore snapshot; live read blocked by RESOURCE_EXHAUSTED
1722,kto-2930611,홈플러스 메가푸드마켓 서귀포점,SEOGWIPO_CITY,seogwipo,서귀포시,38,쇼핑,spot,UNKNOWN,6,0,6,6,24,25,,1,홈플러스 메가푸드마켓 서귀포점,1,38:쇼핑,1,제주특별자치도 서귀포시 중앙로 180 (동홍동),0,,1,"33.2604859888121,126.559934556059",0,,1,https://tong.visitkorea.or.kr/cms/resource/32/4019932_image2_1.jpg,0,,0,,0,,0,,0,,0,,0,,1,63585,0,,0,,0,,0,,0,,0,,0,,0,,0,,2b91c56fc7b5196bc828c9238081678ed31b26a21a318ac516580238a40ca35b,hank-place-field-audit-v1,Stage3 Firestore snapshot; live read blocked by RESOURCE_EXHAUSTED
1723,kto-2930613,데상트골프 신제주점,JEJU_CITY,jeju_city,제주시,38,쇼핑,spot,UNKNOWN,6,0,6,6,24,25,,1,데상트골프 신제주점,1,38:쇼핑,1,제주특별자치도 제주시 노연로 94 (연동),0,,1,"33.4857110958867,126.490204421725",0,,1,https://tong.visitkorea.or.kr/cms/resource/40/4020140_image2_1.jpg,0,,0,,0,,0,,0,,0,,0,,1,63133,0,,0,,0,,0,,0,,0,,0,,0,,0,,2b91c56fc7b5196bc828c9238081678ed31b26a21a318ac516580238a40ca35b,hank-place-field-audit-v1,Stage3 Firestore snapshot; live read blocked by RESOURCE_EXHAUSTED
1724,kto-2930914,루이까스텔 서귀포점,SEOGWIPO_CITY,seogwipo,서귀포시,38,쇼핑,spot,UNKNOWN,6,0,6,6,24,25,,1,루이까스텔 서귀포점,1,38:쇼핑,1,제주특별자치도 서귀포시 중정로 104 (서귀동),0,,1,"33.2483906273506,126.567334798204",0,,1,https://tong.visitkorea.or.kr/cms/resource/84/4020084_image2_1.jpg,0,,0,,0,,0,,0,,0,,0,,1,63595,0,,0,,0,,0,,0,,0,,0,,0,,0,,2b91c56fc7b5196bc828c9238081678ed31b26a21a318ac516580238a40ca35b,hank-place-field-audit-v1,Stage3 Firestore snapshot; live read blocked by RESOURCE_EXHAUSTED
1725,kto-2930935,한담해안산책로,JEJU_CITY,west,서부 (애월),12,관광지,spot,UNKNOWN,6,0,6,6,24,25,,1,한담해안산책로,1,12:관광지,1,제주특별자치도 제주시 애월읍 곽지리,0,,1,"33.4591976873,126.3105978795",0,,1,https://tong.visitkorea.or.kr/cms/resource_photo/66/3587666_image2_1.jpg,0,,0,,0,,0,,0,,0,,0,,1,63034,0,,0,,0,,0,,0,,0,,0,,0,,0,,2b91c56fc7b5196bc828c9238081678ed31b26a21a318ac516580238a40ca35b,hank-place-field-audit-v1,Stage3 Firestore snapshot; live read blocked by RESOURCE_EXHAUSTED
1726,kto-2931257,수목원길 야시장,JEJU_CITY,jeju_city,제주시,38,쇼핑,spot,UNKNOWN,6,0,6,6,24,25,,1,수목원길 야시장,1,38:쇼핑,1,제주특별자치도 제주시 은수길 69,0,,1,"33.4706491825,126.4882144217",0,,1,https://tong.visitkorea.or.kr/cms/resource/46/4074046_image2_1.jpg,0,,0,,0,,0,,0,,0,,0,,1,63141,0,,0,,0,,0,,0,,0,,0,,0,,0,,2b91c56fc7b5196bc828c9238081678ed31b26a21a318ac516580238a40ca35b,hank-place-field-audit-v1,Stage3 Firestore snapshot; live read blocked by RESOURCE_EXHAUSTED
1727,kto-2931723,제주901,JEJU_CITY,jeju_city,제주시,32,숙박,stay,UNKNOWN,6,0,6,6,24,25,,1,제주901,1,32:숙박,1,제주특별자치도 제주시 1100로 2977-10 (노형동),0,,1,"33.45289418805199,126.48627741278395",0,,1,https://tong.visitkorea.or.kr/cms/resource/80/4068980_image2_1.jpg,0,,0,,0,,0,,0,,0,,0,,1,63078,0,,0,,0,,0,,0,,0,,0,,0,,0,,2b91c56fc7b5196bc828c9238081678ed31b26a21a318ac516580238a40ca35b,hank-place-field-audit-v1,Stage3 Firestore snapshot; live read blocked by RESOURCE_EXHAUSTED
1728,kto-2931775,고려홍삼,JEJU_CITY,jeju_city,제주시,38,쇼핑,spot,UNKNOWN,6,0,6,6,24,25,,1,고려홍삼,1,38:쇼핑,1,제주특별자치도 제주시 신광로 27 (연동),0,,1,"33.489681748482,126.490323944513",0,,1,https://tong.visitkorea.or.kr/cms/resource/47/4020347_image2_1.jpg,0,,0,,0,,0,,0,,0,,0,,1,63124,0,,0,,0,,0,,0,,0,,0,,0,,0,,2b91c56fc7b5196bc828c9238081678ed31b26a21a318ac516580238a40ca35b,hank-place-field-audit-v1,Stage3 Firestore snapshot; live read blocked by RESOURCE_EXHAUSTED
1729,kto-2931892,빛의 벙커,SEOGWIPO_CITY,east,동부 (성산),14,문화시설,spot,UNKNOWN,6,0,6,6,24,25,,1,빛의 벙커,1,14:문화시설,1,제주특별자치도 서귀포시 성산읍 서성일로1168번길 89-17,0,,1,"33.4399,126.8996",0,,1,https://tong.visitkorea.or.kr/cms/resource/08/3548808_image2_1.jpg,0,,0,,0,,0,,0,,0,,0,,1,63641,0,,0,,0,,0,,0,,0,,0,,0,,0,,2b91c56fc7b5196bc828c9238081678ed31b26a21a318ac516580238a40ca35b,hank-place-field-audit-v1,Stage3 Firestore snapshot; live read blocked by RESOURCE_EXHAUSTED
1730,kto-2931932,아라리오뮤지엄 탑동시네마,JEJU_CITY,jeju_city,제주시,14,문화시설,spot,UNKNOWN,6,0,6,6,24,25,,1,아라리오뮤지엄 탑동시네마,1,14:문화시설,1,제주특별자치도 제주시 탑동로 14 (삼도이동),0,,1,"33.5174206183,126.5233924898",0,,1,https://tong.visitkorea.or.kr/cms/resource/17/2931917_image2_1.jpg,0,,0,,0,,0,,0,,0,,0,,1,63165,0,,0,,0,,0,,0,,0,,0,,0,,0,,2b91c56fc7b5196bc828c9238081678ed31b26a21a318ac516580238a40ca35b,hank-place-field-audit-v1,Stage3 Firestore snapshot; live read blocked by RESOURCE_EXHAUSTED
1731,kto-2932006,서귀포 패류화석산지,SEOGWIPO_CITY,seogwipo,서귀포시,12,관광지,spot,UNKNOWN,6,0,6,6,24,25,,1,서귀포 패류화석산지,1,12:관광지,1,제주특별자치도 서귀포시 남성중로 43 (서홍동),0,,1,"33.2397925522,126.5582663116",0,,1,https://tong.visitkorea.or.kr/cms/resource/17/3391817_image2_1.jpg,0,,0,,0,,0,,0,,0,,0,,1,63594,0,,0,,0,,0,,0,,0,,0,,0,,0,,2b91c56fc7b5196bc828c9238081678ed31b26a21a318ac516580238a40ca35b,hank-place-field-audit-v1,Stage3 Firestore snapshot; live read blocked by RESOURCE_EXHAUSTED
1732,kto-2932531,장수애섬식당,SEOGWIPO_CITY,seogwipo,서귀포시,39,음식점,food,UNKNOWN,6,0,6,6,24,25,,1,장수애섬식당,1,39:음식점,1,제주특별자치도 서귀포시 남성중로 2-3,0,,1,"33.2433684182,126.5596823834",0,,1,https://tong.visitkorea.or.kr/cms/resource/29/2932529_image2_1.jpg,0,,0,,0,,0,,0,,0,,0,,1,63594,0,,0,,0,,0,,0,,0,,0,,0,,0,,2b91c56fc7b5196bc828c9238081678ed31b26a21a318ac516580238a40ca35b,hank-place-field-audit-v1,Stage3 Firestore snapshot; live read blocked by RESOURCE_EXHAUSTED
1733,kto-2940981,루나폴,SEOGWIPO_CITY,seogwipo,서귀포시,12,관광지,spot,UNKNOWN,6,0,6,6,24,25,,1,루나폴,1,12:관광지,1,제주특별자치도 서귀포시 일주서로 1836,0,,1,"33.2514073999,126.3219962251",0,,1,https://tong.visitkorea.or.kr/cms/resource/85/3423685_image2_1.jpg,0,,0,,0,,0,,0,,0,,0,,1,63527,0,,0,,0,,0,,0,,0,,0,,0,,0,,2b91c56fc7b5196bc828c9238081678ed31b26a21a318ac516580238a40ca35b,hank-place-field-audit-v1,Stage3 Firestore snapshot; live read blocked by RESOURCE_EXHAUSTED
1734,kto-2946074,금능포구,JEJU_CITY,west,서부 (한림),12,관광지,spot,UNKNOWN,6,0,6,6,24,25,,1,금능포구,1,12:관광지,1,제주특별자치도 제주시 한림읍 금능리,0,,1,"33.3902295795,126.2351090186",0,,1,https://tong.visitkorea.or.kr/cms/resource/86/2947286_image2_1.jpg,0,,0,,0,,0,,0,,0,,0,,1,63010,0,,0,,0,,0,,0,,0,,0,,0,,0,,2b91c56fc7b5196bc828c9238081678ed31b26a21a318ac516580238a40ca35b,hank-place-field-audit-v1,Stage3 Firestore snapshot; live read blocked by RESOURCE_EXHAUSTED
1735,kto-2946085,롤링브루잉,JEJU_CITY,jeju_city,제주시,39,음식점,food,UNKNOWN,6,0,6,6,24,25,,1,롤링브루잉,1,39:음식점,1,제주특별자치도 제주시 동문로 21-1 (일도일동),0,,1,"33.5131031405,126.5291124418",0,,1,https://tong.visitkorea.or.kr/cms/resource/01/2947401_image2_1.jpg,0,,0,,0,,0,,0,,0,,0,,1,63278,0,,0,,0,,0,,0,,0,,0,,0,,0,,2b91c56fc7b5196bc828c9238081678ed31b26a21a318ac516580238a40ca35b,hank-place-field-audit-v1,Stage3 Firestore snapshot; live read blocked by RESOURCE_EXHAUSTED
1736,kto-2946628,환상숲곶자왈공원,JEJU_CITY,west,서부 (한경),12,관광지,spot,UNKNOWN,6,0,6,6,24,25,,1,환상숲곶자왈공원,1,12:관광지,1,제주특별자치도 제주시 한경면 녹차분재로 594-1,0,,1,"33.322401864,126.262919972",0,,1,https://tong.visitkorea.or.kr/cms/resource/63/4073563_image2_1.jpg,0,,0,,0,,0,,0,,0,,0,,1,63005,0,,0,,0,,0,,0,,0,,0,,0,,0,,2b91c56fc7b5196bc828c9238081678ed31b26a21a318ac516580238a40ca35b,hank-place-field-audit-v1,Stage3 Firestore snapshot; live read blocked by RESOURCE_EXHAUSTED
1737,kto-2948165,에코랜드 호텔,JEJU_CITY,jeju_city,제주시,32,숙박,stay,UNKNOWN,6,0,6,6,24,25,,1,에코랜드 호텔,1,32:숙박,1,제주특별자치도 제주시 번영로 1278-169,0,,1,"33.4558430751,126.6681893538",0,,1,https://tong.visitkorea.or.kr/cms/resource/47/2948147_image2_1.png,0,,0,,0,,0,,0,,0,,0,,1,63346,0,,0,,0,,0,,0,,0,,0,,0,,0,,2b91c56fc7b5196bc828c9238081678ed31b26a21a318ac516580238a40ca35b,hank-place-field-audit-v1,Stage3 Firestore snapshot; live read blocked by RESOURCE_EXHAUSTED
1738,kto-2949573,제주문학관,JEJU_CITY,jeju_city,제주시,14,문화시설,spot,UNKNOWN,6,0,6,6,24,25,,1,제주문학관,1,14:문화시설,1,제주특별자치도 제주시 연북로 339 (도남동),0,,1,"33.4813850713,126.5178573851",0,,1,https://tong.visitkorea.or.kr/cms/resource/29/2949529_image2_1.JPG,0,,0,,0,,0,,0,,0,,0,,1,63234,0,,0,,0,,0,,0,,0,,0,,0,,0,,2b91c56fc7b5196bc828c9238081678ed31b26a21a318ac516580238a40ca35b,hank-place-field-audit-v1,Stage3 Firestore snapshot; live read blocked by RESOURCE_EXHAUSTED
1739,kto-2953017,제주수울 (JEJUSUUL),JEJU_CITY,jeju_city,제주시,38,쇼핑,spot,UNKNOWN,6,0,6,6,24,25,,1,제주수울 (JEJUSUUL),1,38:쇼핑,1,제주특별자치도 제주시 서문로 72-1,0,,1,"33.5120353174,126.5186569134",0,,1,https://tong.visitkorea.or.kr/cms/resource/16/2953016_image2_1.jpg,0,,0,,0,,0,,0,,0,,0,,1,63154,0,,0,,0,,0,,0,,0,,0,,0,,0,,2b91c56fc7b5196bc828c9238081678ed31b26a21a318ac516580238a40ca35b,hank-place-field-audit-v1,Stage3 Firestore snapshot; live read blocked by RESOURCE_EXHAUSTED
1740,kto-2986689,제주고산리유적안내센터,JEJU_CITY,jeju_city,제주시,14,문화시설,spot,UNKNOWN,6,0,6,6,24,25,,1,제주고산리유적안내센터,1,14:문화시설,1,제주특별자치도 제주시 노을해안로 1100,0,,1,"33.304455348,126.1659029816",0,,1,https://tong.visitkorea.or.kr/cms/resource/87/2986687_image2_1.jpg,0,,0,,0,,0,,0,,0,,0,,1,63008,0,,0,,0,,0,,0,,0,,0,,0,,0,,2b91c56fc7b5196bc828c9238081678ed31b26a21a318ac516580238a40ca35b,hank-place-field-audit-v1,Stage3 Firestore snapshot; live read blocked by RESOURCE_EXHAUSTED
1741,kto-2991120,물결그림,JEJU_CITY,jeju_city,제주시,32,숙박,stay,UNKNOWN,6,0,6,6,24,25,,1,물결그림,1,32:숙박,1,제주특별자치도 제주시 함덕5길 8-7,0,,1,"33.5444525773,126.6595658566",0,,1,https://tong.visitkorea.or.kr/cms/resource/94/2991094_image2_1.jpg,0,,0,,0,,0,,0,,0,,0,,1,63333,0,,0,,0,,0,,0,,0,,0,,0,,0,,2b91c56fc7b5196bc828c9238081678ed31b26a21a318ac516580238a40ca35b,hank-place-field-audit-v1,Stage3 Firestore snapshot; live read blocked by RESOURCE_EXHAUSTED
1742,kto-3005374,아이바가든,JEJU_CITY,west,서부 (애월),14,문화시설,spot,UNKNOWN,6,0,6,6,24,25,,1,아이바가든,1,14:문화시설,1,제주특별자치도 제주시 애월읍 고성남서길 10,0,,1,"33.4336186579,126.4220642723",0,,1,https://tong.visitkorea.or.kr/cms/resource/43/3552843_image2_1.jpg,0,,0,,0,,0,,0,,0,,0,,1,63065,0,,0,,0,,0,,0,,0,,0,,0,,0,,2b91c56fc7b5196bc828c9238081678ed31b26a21a318ac516580238a40ca35b,hank-place-field-audit-v1,Stage3 Firestore snapshot; live read blocked by RESOURCE_EXHAUSTED
1743,kto-3008392,성읍녹차동굴,SEOGWIPO_CITY,seogwipo,서귀포시,12,관광지,spot,UNKNOWN,6,0,6,6,24,25,,1,성읍녹차동굴,1,12:관광지,1,제주특별자치도 서귀포시 중산간동로 4772,0,,1,"33.381059712535404,126.79127221088336",0,,1,https://tong.visitkorea.or.kr/cms/resource/79/3008379_image2_1.jpg,0,,0,,0,,0,,0,,0,,0,,1,63624,0,,0,,0,,0,,0,,0,,0,,0,,0,,2b91c56fc7b5196bc828c9238081678ed31b26a21a318ac516580238a40ca35b,hank-place-field-audit-v1,Stage3 Firestore snapshot; live read blocked by RESOURCE_EXHAUSTED
1744,kto-3009659,성읍녹차마을,SEOGWIPO_CITY,seogwipo,서귀포시,12,관광지,spot,UNKNOWN,6,0,6,6,24,25,,1,성읍녹차마을,1,12:관광지,1,제주특별자치도 서귀포시 중산간동로 4778 녹차가공공장,0,,1,"33.3813449392,126.7906832086",0,,1,https://tong.visitkorea.or.kr/cms/resource/38/3009638_image2_1.jpg,0,,0,,0,,0,,0,,0,,0,,1,63624,0,,0,,0,,0,,0,,0,,0,,0,,0,,2b91c56fc7b5196bc828c9238081678ed31b26a21a318ac516580238a40ca35b,hank-place-field-audit-v1,Stage3 Firestore snapshot; live read blocked by RESOURCE_EXHAUSTED
1745,kto-3011245,수산한못,SEOGWIPO_CITY,east,동부 (성산),12,관광지,spot,UNKNOWN,6,0,6,6,24,25,,1,수산한못,1,12:관광지,1,제주특별자치도 서귀포시 성산읍 수산리,0,,1,"33.429055,126.843215",0,,1,https://tong.visitkorea.or.kr/cms/resource/20/3009620_image2_1.jpg,0,,0,,0,,0,,0,,0,,0,,1,63630,0,,0,,0,,0,,0,,0,,0,,0,,0,,2b91c56fc7b5196bc828c9238081678ed31b26a21a318ac516580238a40ca35b,hank-place-field-audit-v1,Stage3 Firestore snapshot; live read blocked by RESOURCE_EXHAUSTED
1746,kto-3013172,신천리 벽화마을,SEOGWIPO_CITY,east,동부 (성산),12,관광지,spot,UNKNOWN,6,0,6,6,24,25,,1,신천리 벽화마을,1,12:관광지,1,제주특별자치도 서귀포시 성산읍 신천서로 5,0,,1,"33.34418048945659,126.84980128954909",0,,1,https://tong.visitkorea.or.kr/cms/resource/59/3013159_image2_1.jpg,0,,0,,0,,0,,0,,0,,0,,1,63637,0,,0,,0,,0,,0,,0,,0,,0,,0,,2b91c56fc7b5196bc828c9238081678ed31b26a21a318ac516580238a40ca35b,hank-place-field-audit-v1,Stage3 Firestore snapshot; live read blocked by RESOURCE_EXHAUSTED
1747,kto-3015172,졸띠유채밭,SEOGWIPO_CITY,east,동부 (성산),12,관광지,spot,UNKNOWN,6,0,6,6,24,25,,1,졸띠유채밭,1,12:관광지,1,제주특별자치도 서귀포시 성산읍 동류암로 8,0,,1,"33.4497589013,126.9192593887",0,,1,https://tong.visitkorea.or.kr/cms/resource/61/3013261_image2_1.jpg,0,,0,,0,,0,,0,,0,,0,,1,63640,0,,0,,0,,0,,0,,0,,0,,0,,0,,2b91c56fc7b5196bc828c9238081678ed31b26a21a318ac516580238a40ca35b,hank-place-field-audit-v1,Stage3 Firestore snapshot; live read blocked by RESOURCE_EXHAUSTED
1748,kto-3015632,쇠소깍산물관광농원,SEOGWIPO_CITY,seogwipo,서귀포시,12,관광지,spot,UNKNOWN,6,0,6,6,24,25,,1,쇠소깍산물관광농원,1,12:관광지,1,제주특별자치도 서귀포시 남원읍 하례로 90,0,,1,"33.2578722425109,126.62470544688196",0,,1,https://tong.visitkorea.or.kr/cms/resource/26/3015626_image2_1.jpg,0,,0,,0,,0,,0,,0,,0,,1,63613,0,,0,,0,,0,,0,,0,,0,,0,,0,,2b91c56fc7b5196bc828c9238081678ed31b26a21a318ac516580238a40ca35b,hank-place-field-audit-v1,Stage3 Firestore snapshot; live read blocked by RESOURCE_EXHAUSTED
1749,kto-3015651,태웃개,SEOGWIPO_CITY,seogwipo,서귀포시,12,관광지,spot,UNKNOWN,6,0,6,6,24,25,,1,태웃개,1,12:관광지,1,제주특별자치도 서귀포시 남원읍 태위로398번길 57,0,,1,"33.2706439223,126.6908965386",0,,1,https://tong.visitkorea.or.kr/cms/resource/45/3015645_image2_1.jpg,0,,0,,0,,0,,0,,0,,0,,1,63610,0,,0,,0,,0,,0,,0,,0,,0,,0,,2b91c56fc7b5196bc828c9238081678ed31b26a21a318ac516580238a40ca35b,hank-place-field-audit-v1,Stage3 Firestore snapshot; live read blocked by RESOURCE_EXHAUSTED
1750,kto-3015718,편백포레스트,SEOGWIPO_CITY,seogwipo,서귀포시,12,관광지,spot,UNKNOWN,6,0,6,6,24,25,,1,편백포레스트,1,12:관광지,1,제주특별자치도 서귀포시 남원읍 서성로 544-97,0,,1,"33.31725189925932,126.6597257315336",0,,1,https://tong.visitkorea.or.kr/cms/resource/82/3015682_image2_1.jpg,0,,0,,0,,0,,0,,0,,0,,1,63614,0,,0,,0,,0,,0,,0,,0,,0,,0,,2b91c56fc7b5196bc828c9238081678ed31b26a21a318ac516580238a40ca35b,hank-place-field-audit-v1,Stage3 Firestore snapshot; live read blocked by RESOURCE_EXHAUSTED
1751,kto-3015782,거린사슴전망대,SEOGWIPO_CITY,seogwipo,서귀포시,12,관광지,spot,UNKNOWN,6,0,6,6,24,25,,1,거린사슴전망대,1,12:관광지,1,제주특별자치도 서귀포시 1100로 791 (대포동),0,,1,"33.3075,126.4547",0,,1,https://tong.visitkorea.or.kr/cms/resource/57/3015757_image2_1.jpg,0,,0,,0,,0,,0,,0,,0,,1,63554,0,,0,,0,,0,,0,,0,,0,,0,,0,,2b91c56fc7b5196bc828c9238081678ed31b26a21a318ac516580238a40ca35b,hank-place-field-audit-v1,Stage3 Firestore snapshot; live read blocked by RESOURCE_EXHAUSTED
1752,kto-3022258,제원하늘농원,JEJU_CITY,east,동부 (조천),12,관광지,spot,UNKNOWN,6,0,6,6,24,25,,1,제원하늘농원,1,12:관광지,1,제주특별자치도 제주시 조천읍 대흘북길 72-5,0,,1,"33.502978324166364,126.6664495134059",0,,1,https://tong.visitkorea.or.kr/cms/resource/49/3510949_image2_1.jpg,0,,0,,0,,0,,0,,0,,0,,1,63343,0,,0,,0,,0,,0,,0,,0,,0,,0,,2b91c56fc7b5196bc828c9238081678ed31b26a21a318ac516580238a40ca35b,hank-place-field-audit-v1,Stage3 Firestore snapshot; live read blocked by RESOURCE_EXHAUSTED
1753,kto-3026604,효명사,SEOGWIPO_CITY,seogwipo,서귀포시,12,관광지,spot,UNKNOWN,6,0,6,6,24,25,,1,효명사,1,12:관광지,1,제주특별자치도 서귀포시 516로 815-41 효명사,0,,1,"33.3233287582,126.5941765584",0,,1,https://tong.visitkorea.or.kr/cms/resource/93/3026593_image2_1.jpg,0,,0,,0,,0,,0,,0,,0,,1,63607,0,,0,,0,,0,,0,,0,,0,,0,,0,,2b91c56fc7b5196bc828c9238081678ed31b26a21a318ac516580238a40ca35b,hank-place-field-audit-v1,Stage3 Firestore snapshot; live read blocked by RESOURCE_EXHAUSTED
1754,kto-3026668,안덕 월라봉,SEOGWIPO_CITY,west,서부 (안덕),12,관광지,spot,UNKNOWN,6,0,6,6,24,25,,1,안덕 월라봉,1,12:관광지,1,제주특별자치도 서귀포시 안덕면 감산리,0,,1,"33.243644,126.349773",0,,1,https://tong.visitkorea.or.kr/cms/resource/50/3026650_image2_1.jpg,0,,0,,0,,0,,0,,0,,0,,1,63531,0,,0,,0,,0,,0,,0,,0,,0,,0,,2b91c56fc7b5196bc828c9238081678ed31b26a21a318ac516580238a40ca35b,hank-place-field-audit-v1,Stage3 Firestore snapshot; live read blocked by RESOURCE_EXHAUSTED
1755,kto-3026711,가시리국산화풍력발전단지,SEOGWIPO_CITY,east,동부 (표선),12,관광지,spot,UNKNOWN,6,0,6,6,24,25,,1,가시리국산화풍력발전단지,1,12:관광지,1,제주특별자치도 서귀포시 표선면 녹산로 464-78,0,,1,"33.3939370848,126.7341100468",0,,1,https://tong.visitkorea.or.kr/cms/resource/92/3026692_image2_1.jpg,0,,0,,0,,0,,0,,0,,0,,1,63622,0,,0,,0,,0,,0,,0,,0,,0,,0,,2b91c56fc7b5196bc828c9238081678ed31b26a21a318ac516580238a40ca35b,hank-place-field-audit-v1,Stage3 Firestore snapshot; live read blocked by RESOURCE_EXHAUSTED
1756,kto-3026734,표선소금막해변,SEOGWIPO_CITY,east,동부 (표선),12,관광지,spot,UNKNOWN,6,0,6,6,24,25,,1,표선소금막해변,1,12:관광지,1,제주특별자치도 서귀포시 표선면 표선동서로 378-18,0,,1,"33.333980788052564,126.84151895207609",0,,1,https://tong.visitkorea.or.kr/cms/resource/26/3026726_image2_1.jpg,0,,0,,0,,0,,0,,0,,0,,1,63629,0,,0,,0,,0,,0,,0,,0,,0,,0,,2b91c56fc7b5196bc828c9238081678ed31b26a21a318ac516580238a40ca35b,hank-place-field-audit-v1,Stage3 Firestore snapshot; live read blocked by RESOURCE_EXHAUSTED
1757,kto-3030120,옥돔마을,SEOGWIPO_CITY,seogwipo,서귀포시,39,음식점,food,UNKNOWN,6,0,6,6,24,25,,1,옥돔마을,1,39:음식점,1,제주특별자치도 서귀포시 남원읍 남태해안로 509,0,,1,"33.28756273496645,126.74950594180186",0,,1,https://tong.visitkorea.or.kr/cms/resource/75/3038075_image2_1.jpg,0,,0,,0,,0,,0,,0,,0,,1,63617,0,,0,,0,,0,,0,,0,,0,,0,,0,,2b91c56fc7b5196bc828c9238081678ed31b26a21a318ac516580238a40ca35b,hank-place-field-audit-v1,Stage3 Firestore snapshot; live read blocked by RESOURCE_EXHAUSTED
1758,kto-3030178,로빙화,SEOGWIPO_CITY,seogwipo,서귀포시,39,음식점,food,UNKNOWN,6,0,6,6,24,25,,1,로빙화,1,39:음식점,1,제주특별자치도 서귀포시 남원읍 남태해안로 13,0,,1,"33.27511663280418,126.70926191840505",0,,1,https://tong.visitkorea.or.kr/cms/resource/51/3030151_image2_1.jpg,0,,0,,0,,0,,0,,0,,0,,1,63621,0,,0,,0,,0,,0,,0,,0,,0,,0,,2b91c56fc7b5196bc828c9238081678ed31b26a21a318ac516580238a40ca35b,hank-place-field-audit-v1,Stage3 Firestore snapshot; live read blocked by RESOURCE_EXHAUSTED
1759,kto-3030286,어린왕자감귤밭,SEOGWIPO_CITY,west,서부 (대정),39,음식점,food,UNKNOWN,6,0,6,6,24,25,,1,어린왕자감귤밭,1,39:음식점,1,제주특별자치도 서귀포시 대정읍 추사로36번길 45-1,0,,1,"33.25329704972264,126.28183165687958",0,,1,https://tong.visitkorea.or.kr/cms/resource/59/3030259_image2_1.jpg,0,,0,,0,,0,,0,,0,,0,,1,63520,0,,0,,0,,0,,0,,0,,0,,0,,0,,2b91c56fc7b5196bc828c9238081678ed31b26a21a318ac516580238a40ca35b,hank-place-field-audit-v1,Stage3 Firestore snapshot; live read blocked by RESOURCE_EXHAUSTED
1760,kto-3030351,서귀포예술의전당,SEOGWIPO_CITY,seogwipo,서귀포시,14,문화시설,spot,UNKNOWN,6,0,6,6,24,25,,1,서귀포예술의전당,1,14:문화시설,1,제주특별자치도 서귀포시 태평로 270 (서홍동),0,,1,"33.24633337911781,126.55079114238754",0,,1,https://tong.visitkorea.or.kr/cms/resource/35/3030335_image2_1.jpg,0,,0,,0,,0,,0,,0,,0,,1,63594,0,,0,,0,,0,,0,,0,,0,,0,,0,,2b91c56fc7b5196bc828c9238081678ed31b26a21a318ac516580238a40ca35b,hank-place-field-audit-v1,Stage3 Firestore snapshot; live read blocked by RESOURCE_EXHAUSTED
1761,kto-3030930,감귤카트,SEOGWIPO_CITY,seogwipo,서귀포시,28,레포츠,spot,UNKNOWN,6,0,6,6,24,25,,1,감귤카트,1,28:레포츠,1,제주특별자치도 서귀포시 중문관광로 42 (색달동),0,,1,"33.254956,126.407836",0,,1,https://tong.visitkorea.or.kr/cms/resource/23/3030923_image2_1.jpg,0,,0,,0,,0,,0,,0,,0,,1,63535,0,,0,,0,,0,,0,,0,,0,,0,,0,,2b91c56fc7b5196bc828c9238081678ed31b26a21a318ac516580238a40ca35b,hank-place-field-audit-v1,Stage3 Firestore snapshot; live read blocked by RESOURCE_EXHAUSTED
1762,kto-3030949,우리승마장,SEOGWIPO_CITY,east,동부 (성산),28,레포츠,spot,UNKNOWN,6,0,6,6,24,25,,1,우리승마장,1,28:레포츠,1,제주특별자치도 서귀포시 성산읍 중산간동로 4517,0,,1,"33.38689755308953,126.81236938482873",0,,1,https://tong.visitkorea.or.kr/cms/resource/35/3030935_image2_1.jpg,0,,0,,0,,0,,0,,0,,0,,1,63636,0,,0,,0,,0,,0,,0,,0,,0,,0,,2b91c56fc7b5196bc828c9238081678ed31b26a21a318ac516580238a40ca35b,hank-place-field-audit-v1,Stage3 Firestore snapshot; live read blocked by RESOURCE_EXHAUSTED
1763,kto-3030978,쇠와꽃승마장,SEOGWIPO_CITY,east,동부 (성산),28,레포츠,spot,UNKNOWN,6,0,6,6,24,25,,1,쇠와꽃승마장,1,28:레포츠,1,제주특별자치도 서귀포시 성산읍 섭지코지로25번길 88-17,0,,1,"33.447315605017515,126.92000566003668",0,,1,https://tong.visitkorea.or.kr/cms/resource/68/3030968_image2_1.jpg,0,,0,,0,,0,,0,,0,,0,,1,63641,0,,0,,0,,0,,0,,0,,0,,0,,0,,2b91c56fc7b5196bc828c9238081678ed31b26a21a318ac516580238a40ca35b,hank-place-field-audit-v1,Stage3 Firestore snapshot; live read blocked by RESOURCE_EXHAUSTED
1764,kto-3031021,제주아리온승마장,SEOGWIPO_CITY,west,서부 (안덕),28,레포츠,spot,UNKNOWN,6,0,6,6,24,25,,1,제주아리온승마장,1,28:레포츠,1,제주특별자치도 서귀포시 안덕면 신화역사로403번길 79,0,,1,"33.31102329396897,126.33401003465123",0,,1,https://tong.visitkorea.or.kr/cms/resource/98/3030998_image2_1.jpg,0,,0,,0,,0,,0,,0,,0,,1,63523,0,,0,,0,,0,,0,,0,,0,,0,,0,,2b91c56fc7b5196bc828c9238081678ed31b26a21a318ac516580238a40ca35b,hank-place-field-audit-v1,Stage3 Firestore snapshot; live read blocked by RESOURCE_EXHAUSTED
1765,kto-3031466,디아넥스호텔,SEOGWIPO_CITY,west,서부 (안덕),32,숙박,stay,UNKNOWN,6,0,6,6,24,25,,1,디아넥스호텔,1,32:숙박,1,제주특별자치도 서귀포시 안덕면 산록남로762번길 71,0,,1,"33.303039319526924,126.39263481977545",0,,1,https://tong.visitkorea.or.kr/cms/resource/03/3571403_image2_1.jpg,0,,0,,0,,0,,0,,0,,0,,1,63525,0,,0,,0,,0,,0,,0,,0,,0,,0,,2b91c56fc7b5196bc828c9238081678ed31b26a21a318ac516580238a40ca35b,hank-place-field-audit-v1,Stage3 Firestore snapshot; live read blocked by RESOURCE_EXHAUSTED
1766,kto-3031467,모구리야영장,SEOGWIPO_CITY,east,동부 (성산),28,레포츠,spot,UNKNOWN,6,0,6,6,24,25,,1,모구리야영장,1,28:레포츠,1,제주특별자치도 서귀포시 성산읍 서성일로 260,0,,1,"33.40662861624756,126.82215932549602",0,,1,https://tong.visitkorea.or.kr/cms/resource/50/3031150_image2_1.jpg,0,,0,,0,,0,,0,,0,,0,,1,63632,0,,0,,0,,0,,0,,0,,0,,0,,0,,2b91c56fc7b5196bc828c9238081678ed31b26a21a318ac516580238a40ca35b,hank-place-field-audit-v1,Stage3 Firestore snapshot; live read blocked by RESOURCE_EXHAUSTED
1767,kto-3031492,뷰 제주하늘,SEOGWIPO_CITY,east,동부 (성산),28,레포츠,spot,UNKNOWN,6,0,6,6,24,25,,1,뷰 제주하늘,1,28:레포츠,1,제주특별자치도 서귀포시 성산읍 서성일로 397,0,,1,"33.41308749999648,126.83281088482597",0,,1,https://tong.visitkorea.or.kr/cms/resource/76/3031476_image2_1.jpg,0,,0,,0,,0,,0,,0,,0,,1,63632,0,,0,,0,,0,,0,,0,,0,,0,,0,,2b91c56fc7b5196bc828c9238081678ed31b26a21a318ac516580238a40ca35b,hank-place-field-audit-v1,Stage3 Firestore snapshot; live read blocked by RESOURCE_EXHAUSTED
1768,kto-3031517,표선해수욕장 야영장,SEOGWIPO_CITY,east,동부 (표선),28,레포츠,spot,UNKNOWN,6,0,6,6,24,25,,1,표선해수욕장 야영장,1,28:레포츠,1,제주특별자치도 서귀포시 표선면 민속해안로 620,0,,1,"33.32561225733271,126.83937164463333",0,,1,https://tong.visitkorea.or.kr/cms/resource/07/3031507_image2_1.jpg,0,,0,,0,,0,,0,,0,,0,,1,63629,0,,0,,0,,0,,0,,0,,0,,0,,0,,2b91c56fc7b5196bc828c9238081678ed31b26a21a318ac516580238a40ca35b,hank-place-field-audit-v1,Stage3 Firestore snapshot; live read blocked by RESOURCE_EXHAUSTED
1769,kto-3031552,서귀포홍리실내수영장,SEOGWIPO_CITY,seogwipo,서귀포시,28,레포츠,spot,UNKNOWN,6,0,6,6,24,25,,1,서귀포홍리실내수영장,1,28:레포츠,1,제주특별자치도 서귀포시 지장샘로182번길 149 (동홍동),0,,1,"33.26830609934349,126.56501565723214",0,,1,https://tong.visitkorea.or.kr/cms/resource/49/3031549_image2_1.jpg,0,,0,,0,,0,,0,,0,,0,,1,63579,0,,0,,0,,0,,0,,0,,0,,0,,0,,2b91c56fc7b5196bc828c9238081678ed31b26a21a318ac516580238a40ca35b,hank-place-field-audit-v1,Stage3 Firestore snapshot; live read blocked by RESOURCE_EXHAUSTED
1770,kto-3031581,카세로지,SEOGWIPO_CITY,east,동부 (표선),32,숙박,stay,UNKNOWN,6,0,6,6,24,25,,1,카세로지,1,32:숙박,1,제주특별자치도 서귀포시 표선면 가시로 383,0,,1,"33.3454127339,126.7869121327",0,,1,https://tong.visitkorea.or.kr/cms/resource/79/3031579_image2_1.jpg,0,,0,,0,,0,,0,,0,,0,,1,63623,0,,0,,0,,0,,0,,0,,0,,0,,0,,2b91c56fc7b5196bc828c9238081678ed31b26a21a318ac516580238a40ca35b,hank-place-field-audit-v1,Stage3 Firestore snapshot; live read blocked by RESOURCE_EXHAUSTED
1771,kto-3037417,미깡창고,JEJU_CITY,west,서부 (애월),12,관광지,spot,UNKNOWN,6,0,6,6,24,25,,1,미깡창고,1,12:관광지,1,제주특별자치도 제주시 애월읍 중산간서로 6710-1,0,,1,"33.4605140048,126.4452558345",0,,1,https://tong.visitkorea.or.kr/cms/resource/89/3037389_image2_1.jpg,0,,0,,0,,0,,0,,0,,0,,1,63062,0,,0,,0,,0,,0,,0,,0,,0,,0,,2b91c56fc7b5196bc828c9238081678ed31b26a21a318ac516580238a40ca35b,hank-place-field-audit-v1,Stage3 Firestore snapshot; live read blocked by RESOURCE_EXHAUSTED
1772,kto-3037603,맛동산 감귤체험농장,JEJU_CITY,west,서부 (애월),12,관광지,spot,UNKNOWN,6,0,6,6,24,25,,1,맛동산 감귤체험농장,1,12:관광지,1,제주특별자치도 제주시 애월읍 광령2길 62-1,0,,1,"33.45476723766368,126.42985216031016",0,,1,https://tong.visitkorea.or.kr/cms/resource/88/3037588_image2_1.jpg,0,,0,,0,,0,,0,,0,,0,,1,63062,0,,0,,0,,0,,0,,0,,0,,0,,0,,2b91c56fc7b5196bc828c9238081678ed31b26a21a318ac516580238a40ca35b,hank-place-field-audit-v1,Stage3 Firestore snapshot; live read blocked by RESOURCE_EXHAUSTED
1773,kto-3037623,제주 스카이워터쇼,JEJU_CITY,east,동부 (구좌),14,문화시설,spot,UNKNOWN,6,0,6,6,24,25,,1,제주 스카이워터쇼,1,14:문화시설,1,제주특별자치도 제주시 구좌읍 번영로 2172-80,0,,1,"33.42422382472475,126.7442727110463",0,,1,https://tong.visitkorea.or.kr/cms/resource/08/3037608_image2_1.jpg,0,,0,,0,,0,,0,,0,,0,,1,63355,0,,0,,0,,0,,0,,0,,0,,0,,0,,2b91c56fc7b5196bc828c9238081678ed31b26a21a318ac516580238a40ca35b,hank-place-field-audit-v1,Stage3 Firestore snapshot; live read blocked by RESOURCE_EXHAUSTED
1774,kto-3037793,금능돌담해변길,JEJU_CITY,west,서부 (한림),12,관광지,spot,UNKNOWN,6,0,6,6,24,25,,1,금능돌담해변길,1,12:관광지,1,제주특별자치도 제주시 한림읍 금능9길 24,0,,1,"33.39031479807184,126.22905593237593",0,,1,https://tong.visitkorea.or.kr/cms/resource/81/3037781_image2_1.jpg,0,,0,,0,,0,,0,,0,,0,,1,63010,0,,0,,0,,0,,0,,0,,0,,0,,0,,2b91c56fc7b5196bc828c9238081678ed31b26a21a318ac516580238a40ca35b,hank-place-field-audit-v1,Stage3 Firestore snapshot; live read blocked by RESOURCE_EXHAUSTED
1775,kto-3038449,더힐링타임,JEJU_CITY,jeju_city,제주시,39,음식점,food,UNKNOWN,6,0,6,6,24,25,,1,더힐링타임,1,39:음식점,1,제주특별자치도 제주시 서해안로 652 (용담삼동),0,,1,"33.515923124308,126.506458568504",0,,1,https://tong.visitkorea.or.kr/cms/resource/32/3038432_image2_1.jpg,0,,0,,0,,0,,0,,0,,0,,1,63151,0,,0,,0,,0,,0,,0,,0,,0,,0,,2b91c56fc7b5196bc828c9238081678ed31b26a21a318ac516580238a40ca35b,hank-place-field-audit-v1,Stage3 Firestore snapshot; live read blocked by RESOURCE_EXHAUSTED
1776,kto-3038479,장생의숲길,JEJU_CITY,jeju_city,제주시,12,관광지,spot,UNKNOWN,6,0,6,6,24,25,,1,장생의숲길,1,12:관광지,1,제주특별자치도 제주시 명림로 584 (봉개동),0,,1,"33.439737252689625,126.63036259117361",0,,1,https://tong.visitkorea.or.kr/cms/resource/66/3038466_image2_1.jpg,0,,0,,0,,0,,0,,0,,0,,1,63313,0,,0,,0,,0,,0,,0,,0,,0,,0,,2b91c56fc7b5196bc828c9238081678ed31b26a21a318ac516580238a40ca35b,hank-place-field-audit-v1,Stage3 Firestore snapshot; live read blocked by RESOURCE_EXHAUSTED
1777,kto-3056135,호떡골목,JEJU_CITY,jeju_city,제주시,12,관광지,spot,UNKNOWN,6,0,6,6,24,25,,1,호떡골목,1,12:관광지,1,제주특별자치도 제주시 동문로 16 (일도일동),0,,1,"33.51279665661436,126.52831973043567",0,,1,https://tong.visitkorea.or.kr/cms/resource/29/3056129_image2_1.jpg,0,,0,,0,,0,,0,,0,,0,,1,63264,0,,0,,0,,0,,0,,0,,0,,0,,0,,2b91c56fc7b5196bc828c9238081678ed31b26a21a318ac516580238a40ca35b,hank-place-field-audit-v1,Stage3 Firestore snapshot; live read blocked by RESOURCE_EXHAUSTED
1778,kto-3056151,제동목장 입구,JEJU_CITY,east,동부 (조천),12,관광지,spot,UNKNOWN,6,0,6,6,24,25,,1,제동목장 입구,1,12:관광지,1,제주특별자치도 제주시 조천읍 교래7길 218,0,,1,"33.41950376280661,126.6969128618206",0,,1,https://tong.visitkorea.or.kr/cms/resource/70/3056070_image2_1.jpg,0,,0,,0,,0,,0,,0,,0,,1,63346,0,,0,,0,,0,,0,,0,,0,,0,,0,,2b91c56fc7b5196bc828c9238081678ed31b26a21a318ac516580238a40ca35b,hank-place-field-audit-v1,Stage3 Firestore snapshot; live read blocked by RESOURCE_EXHAUSTED
1779,kto-3056205,관곶,JEJU_CITY,east,동부 (조천),12,관광지,spot,UNKNOWN,6,0,6,6,24,25,,1,관곶,1,12:관광지,1,제주특별자치도 제주시 조천읍 조함해안로 217-1,0,,1,"33.5532235889717,126.64406921204653",0,,1,https://tong.visitkorea.or.kr/cms/resource/34/4054634_image2_1.jpg,0,,0,,0,,0,,0,,0,,0,,1,63332,0,,0,,0,,0,,0,,0,,0,,0,,0,,2b91c56fc7b5196bc828c9238081678ed31b26a21a318ac516580238a40ca35b,hank-place-field-audit-v1,Stage3 Firestore snapshot; live read blocked by RESOURCE_EXHAUSTED
1780,kto-3056279,누웨마루거리,JEJU_CITY,jeju_city,제주시,12,관광지,spot,UNKNOWN,6,0,6,6,24,25,,1,누웨마루거리,1,12:관광지,1,제주특별자치도 제주시 신광로 47 (연동),0,,1,"33.487754418626565,126.49029390914617",0,,1,https://tong.visitkorea.or.kr/cms/resource/54/3056254_image2_1.jpg,0,,0,,0,,0,,0,,0,,0,,1,63123,0,,0,,0,,0,,0,,0,,0,,0,,0,,2b91c56fc7b5196bc828c9238081678ed31b26a21a318ac516580238a40ca35b,hank-place-field-audit-v1,Stage3 Firestore snapshot; live read blocked by RESOURCE_EXHAUSTED
1781,kto-3056401,감수굴 밭담길,JEJU_CITY,east,동부 (구좌),12,관광지,spot,UNKNOWN,6,0,6,6,24,25,,1,감수굴 밭담길,1,12:관광지,1,제주특별자치도 제주시 구좌읍 평대7길 34,0,,1,"33.53102682077065,126.84326807148297",0,,1,https://tong.visitkorea.or.kr/cms/resource/87/3056387_image2_1.jpg,0,,0,,0,,0,,0,,0,,0,,1,63360,0,,0,,0,,0,,0,,0,,0,,0,,0,,2b91c56fc7b5196bc828c9238081678ed31b26a21a318ac516580238a40ca35b,hank-place-field-audit-v1,Stage3 Firestore snapshot; live read blocked by RESOURCE_EXHAUSTED
1782,kto-3056448,올레바당체험마을,JEJU_CITY,west,서부 (한림),12,관광지,spot,UNKNOWN,6,0,6,6,24,25,,1,올레바당체험마을,1,12:관광지,1,제주특별자치도 제주시 한림읍 한림해안로 267-6,0,,1,"33.42542169301652,126.26406290297412",0,,1,https://tong.visitkorea.or.kr/cms/resource/29/3056429_image2_1.jpg,0,,0,,0,,0,,0,,0,,0,,1,63023,0,,0,,0,,0,,0,,0,,0,,0,,0,,2b91c56fc7b5196bc828c9238081678ed31b26a21a318ac516580238a40ca35b,hank-place-field-audit-v1,Stage3 Firestore snapshot; live read blocked by RESOURCE_EXHAUSTED
1783,kto-3056519,귤의정원 바령,JEJU_CITY,east,동부 (조천),12,관광지,spot,UNKNOWN,6,0,6,6,24,25,,1,귤의정원 바령,1,12:관광지,1,제주특별자치도 제주시 조천읍 선흘남3길 87,0,,1,"33.505387985002336,126.70604748291626",0,,1,https://tong.visitkorea.or.kr/cms/resource/69/3056469_image2_1.jpg,0,,0,,0,,0,,0,,0,,0,,1,63340,0,,0,,0,,0,,0,,0,,0,,0,,0,,2b91c56fc7b5196bc828c9238081678ed31b26a21a318ac516580238a40ca35b,hank-place-field-audit-v1,Stage3 Firestore snapshot; live read blocked by RESOURCE_EXHAUSTED
1784,kto-3056592,용담레포츠공원,JEJU_CITY,jeju_city,제주시,12,관광지,spot,UNKNOWN,6,0,6,6,24,25,,1,용담레포츠공원,1,12:관광지,1,제주특별자치도 제주시 서해안로 580 (용담삼동),0,,1,"33.51823715798163,126.4994427069005",0,,1,https://tong.visitkorea.or.kr/cms/resource/45/3056545_image2_1.jpg,0,,0,,0,,0,,0,,0,,0,,1,63114,0,,0,,0,,0,,0,,0,,0,,0,,0,,2b91c56fc7b5196bc828c9238081678ed31b26a21a318ac516580238a40ca35b,hank-place-field-audit-v1,Stage3 Firestore snapshot; live read blocked by RESOURCE_EXHAUSTED
1785,kto-3056625,애월한담공원,JEJU_CITY,west,서부 (애월),12,관광지,spot,UNKNOWN,6,0,6,6,24,25,,1,애월한담공원,1,12:관광지,1,제주특별자치도 제주시 애월읍 애월로 11,0,,1,"33.46002879059966,126.31126447797632",0,,1,https://tong.visitkorea.or.kr/cms/resource/01/3056601_image2_1.jpg,0,,0,,0,,0,,0,,0,,0,,1,63043,0,,0,,0,,0,,0,,0,,0,,0,,0,,2b91c56fc7b5196bc828c9238081678ed31b26a21a318ac516580238a40ca35b,hank-place-field-audit-v1,Stage3 Firestore snapshot; live read blocked by RESOURCE_EXHAUSTED
1786,kto-3056663,엉알해안산책로,JEJU_CITY,west,서부 (한경),12,관광지,spot,UNKNOWN,6,0,6,6,24,25,,1,엉알해안산책로,1,12:관광지,1,제주특별자치도 제주시 한경면 노을해안로 1143,0,,1,"33.30805442882491,126.16412263702532",0,,1,https://tong.visitkorea.or.kr/cms/resource/42/3056642_image2_1.jpg,0,,0,,0,,0,,0,,0,,0,,1,63008,0,,0,,0,,0,,0,,0,,0,,0,,0,,2b91c56fc7b5196bc828c9238081678ed31b26a21a318ac516580238a40ca35b,hank-place-field-audit-v1,Stage3 Firestore snapshot; live read blocked by RESOURCE_EXHAUSTED
1787,kto-3056829,제주바다체험장,JEJU_CITY,east,동부 (구좌),12,관광지,spot,UNKNOWN,6,0,6,6,24,25,,1,제주바다체험장,1,12:관광지,1,제주특별자치도 제주시 구좌읍 일주동로 1921,0,,1,"33.55543573406823,126.73709456410437",0,,1,https://tong.visitkorea.or.kr/cms/resource/62/3056762_image2_1.jpg,0,,0,,0,,0,,0,,0,,0,,1,63357,0,,0,,0,,0,,0,,0,,0,,0,,0,,2b91c56fc7b5196bc828c9238081678ed31b26a21a318ac516580238a40ca35b,hank-place-field-audit-v1,Stage3 Firestore snapshot; live read blocked by RESOURCE_EXHAUSTED
1788,kto-3057021,개똥이네농장,JEJU_CITY,east,동부 (조천),12,관광지,spot,UNKNOWN,6,0,6,6,24,25,,1,개똥이네농장,1,12:관광지,1,제주특별자치도 제주시 조천읍 종인내길 133,0,,1,"33.49488846768377,126.62278314549967",0,,1,https://tong.visitkorea.or.kr/cms/resource/62/3056962_image2_1.jpg,0,,0,,0,,0,,0,,0,,0,,1,63344,0,,0,,0,,0,,0,,0,,0,,0,,0,,2b91c56fc7b5196bc828c9238081678ed31b26a21a318ac516580238a40ca35b,hank-place-field-audit-v1,Stage3 Firestore snapshot; live read blocked by RESOURCE_EXHAUSTED
1789,kto-3057180,차귀도유람선,JEJU_CITY,west,서부 (한경),12,관광지,spot,UNKNOWN,6,0,6,6,24,25,,1,차귀도유람선,1,12:관광지,1,제주특별자치도 제주시 한경면 노을해안로 1160,0,,1,"33.30892422479478,126.16489810263236",0,,1,https://tong.visitkorea.or.kr/cms/resource/19/3556219_image2_1.jpg,0,,0,,0,,0,,0,,0,,0,,1,63008,0,,0,,0,,0,,0,,0,,0,,0,,0,,2b91c56fc7b5196bc828c9238081678ed31b26a21a318ac516580238a40ca35b,hank-place-field-audit-v1,Stage3 Firestore snapshot; live read blocked by RESOURCE_EXHAUSTED
1790,kto-3057286,함덕잠수함,JEJU_CITY,east,동부 (조천),12,관광지,spot,UNKNOWN,6,0,6,6,24,25,,1,함덕잠수함,1,12:관광지,1,제주특별자치도 제주시 조천읍 조함해안로 378,0,,1,"33.54780234884782,126.65681931018375",0,,1,https://tong.visitkorea.or.kr/cms/resource/77/3057277_image2_1.jpg,0,,0,,0,,0,,0,,0,,0,,1,63333,0,,0,,0,,0,,0,,0,,0,,0,,0,,2b91c56fc7b5196bc828c9238081678ed31b26a21a318ac516580238a40ca35b,hank-place-field-audit-v1,Stage3 Firestore snapshot; live read blocked by RESOURCE_EXHAUSTED
1791,kto-3057363,탐나는농장,JEJU_CITY,west,서부 (애월),12,관광지,spot,UNKNOWN,6,0,6,6,24,25,,1,탐나는농장,1,12:관광지,1,제주특별자치도 제주시 애월읍 오당빌레길 88,0,,1,"33.4480342148416,126.3585287584191",0,,1,https://tong.visitkorea.or.kr/cms/resource/55/3057355_image2_1.jpg,0,,0,,0,,0,,0,,0,,0,,1,63036,0,,0,,0,,0,,0,,0,,0,,0,,0,,2b91c56fc7b5196bc828c9238081678ed31b26a21a318ac516580238a40ca35b,hank-place-field-audit-v1,Stage3 Firestore snapshot; live read blocked by RESOURCE_EXHAUSTED
1792,kto-3057412,보메와산감귤체험농장,JEJU_CITY,east,동부 (조천),12,관광지,spot,UNKNOWN,6,0,6,6,24,25,,1,보메와산감귤체험농장,1,12:관광지,1,제주특별자치도 제주시 조천읍 미래로 53,0,,1,"33.48449858436093,126.68018591188707",0,,1,https://tong.visitkorea.or.kr/cms/resource/86/3057386_image2_1.jpg,0,,0,,0,,0,,0,,0,,0,,1,63342,0,,0,,0,,0,,0,,0,,0,,0,,0,,2b91c56fc7b5196bc828c9238081678ed31b26a21a318ac516580238a40ca35b,hank-place-field-audit-v1,Stage3 Firestore snapshot; live read blocked by RESOURCE_EXHAUSTED
1793,kto-3057498,자드부팡,JEJU_CITY,east,동부 (조천),39,음식점,food,UNKNOWN,6,0,6,6,24,25,,1,자드부팡,1,39:음식점,1,제주특별자치도 제주시 조천읍 북흘로 385-216,0,,1,"33.512477923076446,126.7108781046064",0,,1,https://tong.visitkorea.or.kr/cms/resource/59/3057459_image2_1.jpg,0,,0,,0,,0,,0,,0,,0,,1,63340,0,,0,,0,,0,,0,,0,,0,,0,,0,,2b91c56fc7b5196bc828c9238081678ed31b26a21a318ac516580238a40ca35b,hank-place-field-audit-v1,Stage3 Firestore snapshot; live read blocked by RESOURCE_EXHAUSTED
1794,kto-3059362,혼저,JEJU_CITY,west,서부 (한림),39,음식점,food,UNKNOWN,6,0,6,6,24,25,,1,혼저,1,39:음식점,1,제주특별자치도 제주시 한림읍 한림로 158,0,,1,"33.3857660241,126.2248544545",0,,1,https://tong.visitkorea.or.kr/cms/resource/59/3059359_image2_1.jpg,0,,0,,0,,0,,0,,0,,0,,1,63010,0,,0,,0,,0,,0,,0,,0,,0,,0,,2b91c56fc7b5196bc828c9238081678ed31b26a21a318ac516580238a40ca35b,hank-place-field-audit-v1,Stage3 Firestore snapshot; live read blocked by RESOURCE_EXHAUSTED
1795,kto-3061575,흑돼지거리,JEJU_CITY,jeju_city,제주시,12,관광지,spot,UNKNOWN,6,0,6,6,24,25,,1,흑돼지거리,1,12:관광지,1,제주특별자치도 제주시 일도일동,0,,1,"33.515417,126.526861",0,,1,https://tong.visitkorea.or.kr/cms/resource/69/3061569_image2_1.jpg,0,,0,,0,,0,,0,,0,,0,,1,63277,0,,0,,0,,0,,0,,0,,0,,0,,0,,2b91c56fc7b5196bc828c9238081678ed31b26a21a318ac516580238a40ca35b,hank-place-field-audit-v1,Stage3 Firestore snapshot; live read blocked by RESOURCE_EXHAUSTED
1796,kto-3061637,렛츠런팜,JEJU_CITY,east,동부 (조천),12,관광지,spot,UNKNOWN,6,0,6,6,24,25,,1,렛츠런팜,1,12:관광지,1,제주특별자치도 제주시 조천읍 남조로 1649-24,0,,1,"33.41304730702276,126.67552416119422",0,,1,https://tong.visitkorea.or.kr/cms/resource/32/3061632_image2_1.jpg,0,,0,,0,,0,,0,,0,,0,,1,63345,0,,0,,0,,0,,0,,0,,0,,0,,0,,2b91c56fc7b5196bc828c9238081678ed31b26a21a318ac516580238a40ca35b,hank-place-field-audit-v1,Stage3 Firestore snapshot; live read blocked by RESOURCE_EXHAUSTED
1797,kto-3061676,너븐숭이 4.3기념관,JEJU_CITY,east,동부 (조천),14,문화시설,spot,UNKNOWN,6,0,6,6,24,25,,1,너븐숭이 4.3기념관,1,14:문화시설,1,제주특별자치도 제주시 조천읍 북촌3길 3,0,,1,"33.546012249070245,126.68865605865707",0,,1,https://tong.visitkorea.or.kr/cms/resource/46/3061646_image2_1.jpg,0,,0,,0,,0,,0,,0,,0,,1,63339,0,,0,,0,,0,,0,,0,,0,,0,,0,,2b91c56fc7b5196bc828c9238081678ed31b26a21a318ac516580238a40ca35b,hank-place-field-audit-v1,Stage3 Firestore snapshot; live read blocked by RESOURCE_EXHAUSTED
1798,kto-3061701,용두암해안도로,JEJU_CITY,jeju_city,제주시,12,관광지,spot,UNKNOWN,6,0,6,6,24,25,,1,용두암해안도로,1,12:관광지,1,제주특별자치도 제주시 서해안로 687-8 (용담이동),0,,1,"33.515548807796954,126.51209310788026",0,,1,https://tong.visitkorea.or.kr/cms/resource/94/3061694_image2_1.jpg,0,,0,,0,,0,,0,,0,,0,,1,63152,0,,0,,0,,0,,0,,0,,0,,0,,0,,2b91c56fc7b5196bc828c9238081678ed31b26a21a318ac516580238a40ca35b,hank-place-field-audit-v1,Stage3 Firestore snapshot; live read blocked by RESOURCE_EXHAUSTED
1799,kto-3061738,산지항로표지관리소,JEJU_CITY,jeju_city,제주시,12,관광지,spot,UNKNOWN,6,0,6,6,24,25,,1,산지항로표지관리소,1,12:관광지,1,제주특별자치도 제주시 사라봉동길 108-1 (건입동),0,,1,"33.52120444391013,126.5455560998841",0,,1,https://tong.visitkorea.or.kr/cms/resource/19/3061719_image2_1.jpg,0,,0,,0,,0,,0,,0,,0,,1,63284,0,,0,,0,,0,,0,,0,,0,,0,,0,,2b91c56fc7b5196bc828c9238081678ed31b26a21a318ac516580238a40ca35b,hank-place-field-audit-v1,Stage3 Firestore snapshot; live read blocked by RESOURCE_EXHAUSTED
1800,kto-3061788,삼다수승마목장,JEJU_CITY,east,동부 (조천),28,레포츠,spot,UNKNOWN,6,0,6,6,24,25,,1,삼다수승마목장,1,28:레포츠,1,제주특별자치도 제주시 조천읍 비자림로 485-15,0,,1,"33.42929212362723,126.66151165000895",0,,1,https://tong.visitkorea.or.kr/cms/resource/80/3061780_image2_1.jpg,0,,0,,0,,0,,0,,0,,0,,1,63345,0,,0,,0,,0,,0,,0,,0,,0,,0,,2b91c56fc7b5196bc828c9238081678ed31b26a21a318ac516580238a40ca35b,hank-place-field-audit-v1,Stage3 Firestore snapshot; live read blocked by RESOURCE_EXHAUSTED
1801,kto-3062141,카페광령올레17,JEJU_CITY,west,서부 (애월),39,음식점,cafe,UNKNOWN,6,0,6,6,24,25,,1,카페광령올레17,1,39:음식점,1,제주특별자치도 제주시 애월읍 광성로 295,0,,1,"33.46102534870949,126.43881107885791",0,,1,https://tong.visitkorea.or.kr/cms/resource/34/3062134_image2_1.jpg,0,,0,,0,,0,,0,,0,,0,,1,63062,0,,0,,0,,0,,0,,0,,0,,0,,0,,2b91c56fc7b5196bc828c9238081678ed31b26a21a318ac516580238a40ca35b,hank-place-field-audit-v1,Stage3 Firestore snapshot; live read blocked by RESOURCE_EXHAUSTED
1802,kto-3063420,디앤디파트먼트,JEJU_CITY,jeju_city,제주시,14,문화시설,spot,UNKNOWN,6,0,6,6,24,25,,1,디앤디파트먼트,1,14:문화시설,1,제주특별자치도 제주시 탑동로2길 3 (삼도이동),0,,1,"33.51770459484915,126.52331515099465",0,,1,https://tong.visitkorea.or.kr/cms/resource/61/3552761_image2_1.jpg,0,,0,,0,,0,,0,,0,,0,,1,63165,0,,0,,0,,0,,0,,0,,0,,0,,0,,2b91c56fc7b5196bc828c9238081678ed31b26a21a318ac516580238a40ca35b,hank-place-field-audit-v1,Stage3 Firestore snapshot; live read blocked by RESOURCE_EXHAUSTED
1803,kto-3065203,애월본카페,JEJU_CITY,west,서부 (애월),39,음식점,cafe,UNKNOWN,6,0,6,6,24,25,,1,애월본카페,1,39:음식점,1,제주특별자치도 제주시 애월읍 애월해안로 179,0,,1,"33.4677831838,126.3320764177",0,,1,https://tong.visitkorea.or.kr/cms/resource/78/3065178_image2_1.jpg,0,,0,,0,,0,,0,,0,,0,,1,63045,0,,0,,0,,0,,0,,0,,0,,0,,0,,2b91c56fc7b5196bc828c9238081678ed31b26a21a318ac516580238a40ca35b,hank-place-field-audit-v1,Stage3 Firestore snapshot; live read blocked by RESOURCE_EXHAUSTED
1804,kto-3066880,이스트포레스트,JEJU_CITY,east,동부 (구좌),39,음식점,food,UNKNOWN,6,0,6,6,24,25,,1,이스트포레스트,1,39:음식점,1,제주특별자치도 제주시 구좌읍 종달로1길 26-1,0,,1,"33.4958816395,126.898766602",0,,1,https://tong.visitkorea.or.kr/cms/resource/31/3066831_image2_1.jpg,0,,0,,0,,0,,0,,0,,0,,1,63364,0,,0,,0,,0,,0,,0,,0,,0,,0,,2b91c56fc7b5196bc828c9238081678ed31b26a21a318ac516580238a40ca35b,hank-place-field-audit-v1,Stage3 Firestore snapshot; live read blocked by RESOURCE_EXHAUSTED
1805,kto-3066924,제주웰컴센터,JEJU_CITY,jeju_city,제주시,14,문화시설,spot,UNKNOWN,6,0,6,6,24,25,,1,제주웰컴센터,1,14:문화시설,1,제주특별자치도 제주시 선덕로 23 (연동),0,,1,"33.4857565119,126.499189464",0,,1,https://tong.visitkorea.or.kr/cms/resource/08/3066908_image2_1.jpg,0,,0,,0,,0,,0,,0,,0,,1,63122,0,,0,,0,,0,,0,,0,,0,,0,,0,,2b91c56fc7b5196bc828c9238081678ed31b26a21a318ac516580238a40ca35b,hank-place-field-audit-v1,Stage3 Firestore snapshot; live read blocked by RESOURCE_EXHAUSTED
1806,kto-3066943,귀덕바다투명카약,JEJU_CITY,west,서부 (한림),28,레포츠,spot,UNKNOWN,6,0,6,6,24,25,,1,귀덕바다투명카약,1,28:레포츠,1,제주특별자치도 제주시 한림읍 귀덕9길 4,0,,1,"33.4433002202,126.2911820698",0,,1,https://tong.visitkorea.or.kr/cms/resource/29/3066929_image2_1.jpg,0,,0,,0,,0,,0,,0,,0,,1,63024,0,,0,,0,,0,,0,,0,,0,,0,,0,,2b91c56fc7b5196bc828c9238081678ed31b26a21a318ac516580238a40ca35b,hank-place-field-audit-v1,Stage3 Firestore snapshot; live read blocked by RESOURCE_EXHAUSTED
1807,kto-3066990,중문오프로드체험장,SEOGWIPO_CITY,seogwipo,서귀포시,28,레포츠,spot,UNKNOWN,6,0,6,6,24,25,,1,중문오프로드체험장,1,28:레포츠,1,제주특별자치도 서귀포시 상예로 349 (상예동),0,,1,"33.2758000517,126.3969317768",0,,1,https://tong.visitkorea.or.kr/cms/resource/63/3066963_image2_1.jpg,0,,0,,0,,0,,0,,0,,0,,1,63548,0,,0,,0,,0,,0,,0,,0,,0,,0,,2b91c56fc7b5196bc828c9238081678ed31b26a21a318ac516580238a40ca35b,hank-place-field-audit-v1,Stage3 Firestore snapshot; live read blocked by RESOURCE_EXHAUSTED
1808,kto-3067040,제주홀스타승마장,JEJU_CITY,jeju_city,제주시,28,레포츠,spot,UNKNOWN,6,0,6,6,24,25,,1,제주홀스타승마장,1,28:레포츠,1,제주특별자치도 제주시 산록북로 8 (연동),0,,1,"33.4223830885,126.4938240985",0,,1,https://tong.visitkorea.or.kr/cms/resource/27/3067027_image2_1.jpg,0,,0,,0,,0,,0,,0,,0,,1,63080,0,,0,,0,,0,,0,,0,,0,,0,,0,,2b91c56fc7b5196bc828c9238081678ed31b26a21a318ac516580238a40ca35b,hank-place-field-audit-v1,Stage3 Firestore snapshot; live read blocked by RESOURCE_EXHAUSTED
1809,kto-3067072,뱅듸승마클럽,JEJU_CITY,east,동부 (조천),28,레포츠,spot,UNKNOWN,6,0,6,6,24,25,,1,뱅듸승마클럽,1,28:레포츠,1,제주특별자치도 제주시 조천읍 번영로 1118-33,0,,1,"33.466651008,126.6534918471",0,,1,https://tong.visitkorea.or.kr/cms/resource/63/3067063_image2_1.jpg,0,,0,,0,,0,,0,,0,,0,,1,63345,0,,0,,0,,0,,0,,0,,0,,0,,0,,2b91c56fc7b5196bc828c9238081678ed31b26a21a318ac516580238a40ca35b,hank-place-field-audit-v1,Stage3 Firestore snapshot; live read blocked by RESOURCE_EXHAUSTED
1810,kto-3071677,서귀포 제주에인 감귤밭 카페,SEOGWIPO_CITY,seogwipo,서귀포시,39,음식점,cafe,UNKNOWN,6,0,6,6,24,25,,1,서귀포 제주에인 감귤밭 카페,1,39:음식점,1,제주특별자치도 서귀포시 호근서호로 20-14 (호근동),0,,1,"33.2565638566,126.5390093115",0,,1,https://tong.visitkorea.or.kr/cms/resource/46/3071646_image2_1.jpg,0,,0,,0,,0,,0,,0,,0,,1,63569,0,,0,,0,,0,,0,,0,,0,,0,,0,,2b91c56fc7b5196bc828c9238081678ed31b26a21a318ac516580238a40ca35b,hank-place-field-audit-v1,Stage3 Firestore snapshot; live read blocked by RESOURCE_EXHAUSTED
1811,kto-3071718,엉또돌다카페앤농원,SEOGWIPO_CITY,seogwipo,서귀포시,12,관광지,spot,UNKNOWN,6,0,6,6,24,25,,1,엉또돌다카페앤농원,1,12:관광지,1,제주특별자치도 서귀포시 월산로 30 (강정동),0,,1,"33.2633393524,126.494353229",0,,1,https://tong.visitkorea.or.kr/cms/resource/87/3071687_image2_1.jpg,0,,0,,0,,0,,0,,0,,0,,1,63556,0,,0,,0,,0,,0,,0,,0,,0,,0,,2b91c56fc7b5196bc828c9238081678ed31b26a21a318ac516580238a40ca35b,hank-place-field-audit-v1,Stage3 Firestore snapshot; live read blocked by RESOURCE_EXHAUSTED
1812,kto-3071776,트로이테마농원,SEOGWIPO_CITY,west,서부 (안덕),12,관광지,spot,UNKNOWN,6,0,6,6,24,25,,1,트로이테마농원,1,12:관광지,1,제주특별자치도 서귀포시 안덕면 녹차분재로 56,0,,1,"33.2906707905,126.3020508283",0,,1,https://tong.visitkorea.or.kr/cms/resource/71/3071771_image2_1.jpg,0,,0,,0,,0,,0,,0,,0,,1,63521,0,,0,,0,,0,,0,,0,,0,,0,,0,,2b91c56fc7b5196bc828c9238081678ed31b26a21a318ac516580238a40ca35b,hank-place-field-audit-v1,Stage3 Firestore snapshot; live read blocked by RESOURCE_EXHAUSTED
1813,kto-3071796,제주향농원,SEOGWIPO_CITY,seogwipo,서귀포시,12,관광지,spot,UNKNOWN,6,0,6,6,24,25,,1,제주향농원,1,12:관광지,1,제주특별자치도 서귀포시 천제연로 315-29 (회수동),0,,1,"33.254,126.4389",0,,1,https://tong.visitkorea.or.kr/cms/resource/88/3071788_image2_1.jpg,0,,0,,0,,0,,0,,0,,0,,1,63540,0,,0,,0,,0,,0,,0,,0,,0,,0,,2b91c56fc7b5196bc828c9238081678ed31b26a21a318ac516580238a40ca35b,hank-place-field-audit-v1,Stage3 Firestore snapshot; live read blocked by RESOURCE_EXHAUSTED
1814,kto-3071816,오저여,JEJU_CITY,east,동부 (구좌),12,관광지,spot,UNKNOWN,6,0,6,6,24,25,,1,오저여,1,12:관광지,1,제주특별자치도 제주시 구좌읍 행원리,0,,1,"33.561454,126.814276",0,,1,https://tong.visitkorea.or.kr/cms/resource/00/3071800_image2_1.jpg,0,,0,,0,,0,,0,,0,,0,,1,63349,0,,0,,0,,0,,0,,0,,0,,0,,0,,2b91c56fc7b5196bc828c9238081678ed31b26a21a318ac516580238a40ca35b,hank-place-field-audit-v1,Stage3 Firestore snapshot; live read blocked by RESOURCE_EXHAUSTED
1815,kto-3071841,에코승마아카데미,JEJU_CITY,east,동부 (조천),28,레포츠,spot,UNKNOWN,6,0,6,6,24,25,,1,에코승마아카데미,1,28:레포츠,1,제주특별자치도 제주시 조천읍 비자림로 1065,0,,1,"33.43447842869007,126.71885605224321",0,,1,https://tong.visitkorea.or.kr/cms/resource/25/3071825_image2_1.jpg,0,,0,,0,,0,,0,,0,,0,,1,63346,0,,0,,0,,0,,0,,0,,0,,0,,0,,2b91c56fc7b5196bc828c9238081678ed31b26a21a318ac516580238a40ca35b,hank-place-field-audit-v1,Stage3 Firestore snapshot; live read blocked by RESOURCE_EXHAUSTED
1816,kto-3073199,유리바닥보트,SEOGWIPO_CITY,west,서부 (안덕),28,레포츠,spot,UNKNOWN,6,0,6,6,24,25,,1,유리바닥보트,1,28:레포츠,1,제주특별자치도 서귀포시 안덕면 화순해안로106번길 8,0,,1,"33.2382738043,126.3364143813",0,,1,https://tong.visitkorea.or.kr/cms/resource/67/3073167_image2_1.jpg,0,,0,,0,,0,,0,,0,,0,,1,63530,0,,0,,0,,0,,0,,0,,0,,0,,0,,2b91c56fc7b5196bc828c9238081678ed31b26a21a318ac516580238a40ca35b,hank-place-field-audit-v1,Stage3 Firestore snapshot; live read blocked by RESOURCE_EXHAUSTED
1817,kto-3075388,생약누리,SEOGWIPO_CITY,seogwipo,서귀포시,12,관광지,spot,UNKNOWN,6,0,6,6,24,25,,1,생약누리,1,12:관광지,1,제주특별자치도 서귀포시 돈내코로 260 (상효동),0,,1,"33.305574,126.571653",0,,1,https://tong.visitkorea.or.kr/cms/resource/73/3075373_image2_1.jpg,0,,0,,0,,0,,0,,0,,0,,1,63577,0,,0,,0,,0,,0,,0,,0,,0,,0,,2b91c56fc7b5196bc828c9238081678ed31b26a21a318ac516580238a40ca35b,hank-place-field-audit-v1,Stage3 Firestore snapshot; live read blocked by RESOURCE_EXHAUSTED
1818,kto-3075941,온오프,JEJU_CITY,jeju_city,제주시,39,음식점,food,UNKNOWN,6,0,6,6,24,25,,1,온오프,1,39:음식점,1,제주특별자치도 제주시 우도면 우도해안길 876,0,,1,"33.5129139781341,126.96134190527647",0,,1,https://tong.visitkorea.or.kr/cms/resource/49/4055749_image2_1.jpg,0,,0,,0,,0,,0,,0,,0,,1,63365,0,,0,,0,,0,,0,,0,,0,,0,,0,,2b91c56fc7b5196bc828c9238081678ed31b26a21a318ac516580238a40ca35b,hank-place-field-audit-v1,Stage3 Firestore snapshot; live read blocked by RESOURCE_EXHAUSTED
1819,kto-3076375,골드원호텔앤스위트,SEOGWIPO_CITY,seogwipo,서귀포시,32,숙박,stay,UNKNOWN,6,0,6,6,24,25,,1,골드원호텔앤스위트,1,32:숙박,1,제주특별자치도 서귀포시 이어도로 1032 (서호동),0,,1,"33.2442095839,126.5223874248",0,,1,https://tong.visitkorea.or.kr/cms/resource/32/4075932_image2_1.jpg,0,,0,,0,,0,,0,,0,,0,,1,63571,0,,0,,0,,0,,0,,0,,0,,0,,0,,2b91c56fc7b5196bc828c9238081678ed31b26a21a318ac516580238a40ca35b,hank-place-field-audit-v1,Stage3 Firestore snapshot; live read blocked by RESOURCE_EXHAUSTED
1820,kto-3076381,유어스호텔,SEOGWIPO_CITY,seogwipo,서귀포시,32,숙박,stay,UNKNOWN,6,0,6,6,24,25,,1,유어스호텔,1,32:숙박,1,제주특별자치도 서귀포시 천제연로178번길 21 (중문동),0,,1,"33.2498275995,126.4238174278",0,,1,https://tong.visitkorea.or.kr/cms/resource/95/4072795_image2_1.jpg,0,,0,,0,,0,,0,,0,,0,,1,63546,0,,0,,0,,0,,0,,0,,0,,0,,0,,2b91c56fc7b5196bc828c9238081678ed31b26a21a318ac516580238a40ca35b,hank-place-field-audit-v1,Stage3 Firestore snapshot; live read blocked by RESOURCE_EXHAUSTED
1821,kto-3076392,오션스퀘어리조트,SEOGWIPO_CITY,east,동부 (성산),32,숙박,stay,UNKNOWN,6,0,6,6,24,25,,1,오션스퀘어리조트,1,32:숙박,1,제주특별자치도 서귀포시 성산읍 환해장성로 667,0,,1,"33.4131469205,126.9092223004",0,,1,https://tong.visitkorea.or.kr/cms/resource/50/4075050_image2_1.jpg,0,,0,,0,,0,,0,,0,,0,,1,63633,0,,0,,0,,0,,0,,0,,0,,0,,0,,2b91c56fc7b5196bc828c9238081678ed31b26a21a318ac516580238a40ca35b,hank-place-field-audit-v1,Stage3 Firestore snapshot; live read blocked by RESOURCE_EXHAUSTED
1822,kto-3076441,제주헬스케어타운리조트,SEOGWIPO_CITY,seogwipo,서귀포시,32,숙박,stay,UNKNOWN,6,0,6,6,24,25,,1,제주헬스케어타운리조트,1,32:숙박,1,제주특별자치도 서귀포시 솔오름로20번길 12 (동홍동),0,,1,"33.2849601944,126.5565295379",0,,1,https://tong.visitkorea.or.kr/cms/resource/13/4102113_image2_1.jpg,0,,0,,0,,0,,0,,0,,0,,1,63579,0,,0,,0,,0,,0,,0,,0,,0,,0,,2b91c56fc7b5196bc828c9238081678ed31b26a21a318ac516580238a40ca35b,hank-place-field-audit-v1,Stage3 Firestore snapshot; live read blocked by RESOURCE_EXHAUSTED
1823,kto-3076459,비케이호텔 제주(BK호텔 제주),SEOGWIPO_CITY,seogwipo,서귀포시,32,숙박,stay,UNKNOWN,6,0,6,6,24,25,,1,비케이호텔 제주(BK호텔 제주),1,32:숙박,1,제주특별자치도 서귀포시 칠십리로91번길 12 (서귀동),0,,1,"33.241037583296624,126.56427492237869",0,,1,https://tong.visitkorea.or.kr/cms/resource/29/3525329_image2_1.jpg,0,,0,,0,,0,,0,,0,,0,,1,63596,0,,0,,0,,0,,0,,0,,0,,0,,0,,2b91c56fc7b5196bc828c9238081678ed31b26a21a318ac516580238a40ca35b,hank-place-field-audit-v1,Stage3 Firestore snapshot; live read blocked by RESOURCE_EXHAUSTED
1824,kto-3076467,담모라 호텔앤리조트,SEOGWIPO_CITY,west,서부 (안덕),32,숙박,stay,UNKNOWN,6,0,6,6,24,25,,1,담모라 호텔앤리조트,1,32:숙박,1,제주특별자치도 서귀포시 안덕면 일주서로 1975-11,0,,1,"33.2497188899302,126.306031842984",0,,1,https://tong.visitkorea.or.kr/cms/resource/94/3526494_image2_1.jpg,0,,0,,0,,0,,0,,0,,0,,1,63528,0,,0,,0,,0,,0,,0,,0,,0,,0,,2b91c56fc7b5196bc828c9238081678ed31b26a21a318ac516580238a40ca35b,hank-place-field-audit-v1,Stage3 Firestore snapshot; live read blocked by RESOURCE_EXHAUSTED
1825,kto-3076491,제주티라호텔,SEOGWIPO_CITY,east,동부 (성산),32,숙박,stay,UNKNOWN,6,0,6,6,24,25,,1,제주티라호텔,1,32:숙박,1,제주특별자치도 서귀포시 성산읍 섭지코지로25번길 41,0,,1,"33.4426841764,126.9184414759",0,,1,https://tong.visitkorea.or.kr/cms/resource/08/4077708_image2_1.jpg,0,,0,,0,,0,,0,,0,,0,,1,63641,0,,0,,0,,0,,0,,0,,0,,0,,0,,2b91c56fc7b5196bc828c9238081678ed31b26a21a318ac516580238a40ca35b,hank-place-field-audit-v1,Stage3 Firestore snapshot; live read blocked by RESOURCE_EXHAUSTED
1826,kto-3079902,샐리스제주호텔,JEJU_CITY,west,서부 (애월),32,숙박,stay,UNKNOWN,6,0,6,6,24,25,,1,샐리스제주호텔,1,32:숙박,1,제주특별자치도 제주시 애월읍 고내로 46,0,,1,"33.4646615533,126.3417157599",0,,1,https://tong.visitkorea.or.kr/cms/resource/42/4075442_image2_1.jpg,0,,0,,0,,0,,0,,0,,0,,1,63046,0,,0,,0,,0,,0,,0,,0,,0,,0,,2b91c56fc7b5196bc828c9238081678ed31b26a21a318ac516580238a40ca35b,hank-place-field-audit-v1,Stage3 Firestore snapshot; live read blocked by RESOURCE_EXHAUSTED
1827,kto-3079917,팜파스호텔 제주,JEJU_CITY,jeju_city,제주시,32,숙박,stay,UNKNOWN,6,0,6,6,24,25,,1,팜파스호텔 제주,1,32:숙박,1,제주특별자치도 제주시 서해안로 368-3 (용담삼동),0,,1,"33.5115579258,126.4849928083",0,,1,https://tong.visitkorea.or.kr/cms/resource/42/4096342_image2_1.jpg,0,,0,,0,,0,,0,,0,,0,,1,63115,0,,0,,0,,0,,0,,0,,0,,0,,0,,2b91c56fc7b5196bc828c9238081678ed31b26a21a318ac516580238a40ca35b,hank-place-field-audit-v1,Stage3 Firestore snapshot; live read blocked by RESOURCE_EXHAUSTED
1828,kto-3079952,제주서우봉비치호텔,JEJU_CITY,east,동부 (조천),32,숙박,stay,UNKNOWN,6,0,6,6,24,25,,1,제주서우봉비치호텔,1,32:숙박,1,제주특별자치도 제주시 조천읍 함덕6길 10,0,,1,"33.5428304494,126.6602866568",0,,1,https://tong.visitkorea.or.kr/cms/resource/94/4073794_image2_1.jpg,0,,0,,0,,0,,0,,0,,0,,1,63333,0,,0,,0,,0,,0,,0,,0,,0,,0,,2b91c56fc7b5196bc828c9238081678ed31b26a21a318ac516580238a40ca35b,hank-place-field-audit-v1,Stage3 Firestore snapshot; live read blocked by RESOURCE_EXHAUSTED
1829,kto-3079965,탑스텐 빌라드 애월 제주,JEJU_CITY,west,서부 (애월),32,숙박,stay,UNKNOWN,6,0,6,6,24,25,,1,탑스텐 빌라드 애월 제주,1,32:숙박,1,제주특별자치도 제주시 애월읍 애월해안로 516-7,0,,1,"33.477081,126.359354",0,,1,https://tong.visitkorea.or.kr/cms/resource/06/4077606_image2_1.jpg,0,,0,,0,,0,,0,,0,,0,,1,63047,0,,0,,0,,0,,0,,0,,0,,0,,0,,2b91c56fc7b5196bc828c9238081678ed31b26a21a318ac516580238a40ca35b,hank-place-field-audit-v1,Stage3 Firestore snapshot; live read blocked by RESOURCE_EXHAUSTED
1830,kto-3079973,일성리조트 제주비치,JEJU_CITY,west,서부 (한림),32,숙박,stay,UNKNOWN,6,0,6,6,24,25,,1,일성리조트 제주비치,1,32:숙박,1,제주특별자치도 제주시 한림읍 한림로 127,0,,1,"33.3856640884,126.2211180134",0,,1,https://tong.visitkorea.or.kr/cms/resource/98/4074098_image2_1.jpg,0,,0,,0,,0,,0,,0,,0,,1,63010,0,,0,,0,,0,,0,,0,,0,,0,,0,,2b91c56fc7b5196bc828c9238081678ed31b26a21a318ac516580238a40ca35b,hank-place-field-audit-v1,Stage3 Firestore snapshot; live read blocked by RESOURCE_EXHAUSTED
1831,kto-3079994,MJ리조트,JEJU_CITY,east,동부 (구좌),32,숙박,stay,UNKNOWN,6,0,6,6,24,25,,1,MJ리조트,1,32:숙박,1,제주특별자치도 제주시 구좌읍 해맞이해안로 1651,0,,1,"33.5292043387,126.8800922865",0,,1,https://tong.visitkorea.or.kr/cms/resource/87/4074387_image2_1.jpg,0,,0,,0,,0,,0,,0,,0,,1,63363,0,,0,,0,,0,,0,,0,,0,,0,,0,,2b91c56fc7b5196bc828c9238081678ed31b26a21a318ac516580238a40ca35b,hank-place-field-audit-v1,Stage3 Firestore snapshot; live read blocked by RESOURCE_EXHAUSTED
1832,kto-3080046,수앤수리조트&호텔,JEJU_CITY,west,서부 (애월),32,숙박,stay,UNKNOWN,6,0,6,6,24,25,,1,수앤수리조트&호텔,1,32:숙박,1,제주특별자치도 제주시 애월읍 부룡수길 60,0,,1,"33.4746062077,126.3587681636",0,,1,https://tong.visitkorea.or.kr/cms/resource/96/4075496_image2_1.jpg,0,,0,,0,,0,,0,,0,,0,,1,63047,0,,0,,0,,0,,0,,0,,0,,0,,0,,2b91c56fc7b5196bc828c9238081678ed31b26a21a318ac516580238a40ca35b,hank-place-field-audit-v1,Stage3 Firestore snapshot; live read blocked by RESOURCE_EXHAUSTED
1833,kto-3080144,김경숙해바라기농장,JEJU_CITY,jeju_city,제주시,12,관광지,spot,UNKNOWN,6,0,6,6,24,25,,1,김경숙해바라기농장,1,12:관광지,1,제주특별자치도 제주시 번영로 854-1 (회천동),0,,1,"33.47770045117845,126.62792591776503",0,,1,https://tong.visitkorea.or.kr/cms/resource/81/3556281_image2_1.jpg,0,,0,,0,,0,,0,,0,,0,,1,63330,0,,0,,0,,0,,0,,0,,0,,0,,0,,2b91c56fc7b5196bc828c9238081678ed31b26a21a318ac516580238a40ca35b,hank-place-field-audit-v1,Stage3 Firestore snapshot; live read blocked by RESOURCE_EXHAUSTED
1834,kto-3080382,아이미제주비치호텔 함덕,JEJU_CITY,east,동부 (조천),32,숙박,stay,UNKNOWN,6,0,6,6,24,25,,1,아이미제주비치호텔 함덕,1,32:숙박,1,제주특별자치도 제주시 조천읍 조함해안로 474,0,,1,"33.5432848478,126.663413335",0,,1,https://tong.visitkorea.or.kr/cms/resource/57/4086557_image2_1.jpg,0,,0,,0,,0,,0,,0,,0,,1,63333,0,,0,,0,,0,,0,,0,,0,,0,,0,,2b91c56fc7b5196bc828c9238081678ed31b26a21a318ac516580238a40ca35b,hank-place-field-audit-v1,Stage3 Firestore snapshot; live read blocked by RESOURCE_EXHAUSTED
1835,kto-3080405,캔디원,JEJU_CITY,east,동부 (조천),12,관광지,spot,UNKNOWN,6,0,6,6,24,25,,1,캔디원,1,12:관광지,1,제주특별자치도 제주시 조천읍 선교로 384,0,,1,"33.47129448253796,126.70775177421912",0,,1,https://tong.visitkorea.or.kr/cms/resource/37/3553437_image2_1.jpg,0,,0,,0,,0,,0,,0,,0,,1,63341,0,,0,,0,,0,,0,,0,,0,,0,,0,,2b91c56fc7b5196bc828c9238081678ed31b26a21a318ac516580238a40ca35b,hank-place-field-audit-v1,Stage3 Firestore snapshot; live read blocked by RESOURCE_EXHAUSTED
1836,kto-3080468,마노르블랑,SEOGWIPO_CITY,west,서부 (안덕),39,음식점,food,UNKNOWN,6,0,6,6,24,25,,1,마노르블랑,1,39:음식점,1,제주특별자치도 서귀포시 안덕면 일주서로2100번길 46,0,,1,"33.25482361959292,126.29498660505223",0,,1,https://tong.visitkorea.or.kr/cms/resource/32/3505432_image2_1.jpg,0,,0,,0,,0,,0,,0,,0,,1,63527,0,,0,,0,,0,,0,,0,,0,,0,,0,,2b91c56fc7b5196bc828c9238081678ed31b26a21a318ac516580238a40ca35b,hank-place-field-audit-v1,Stage3 Firestore snapshot; live read blocked by RESOURCE_EXHAUSTED
1837,kto-3082119,발트하우스,SEOGWIPO_CITY,east,동부 (표선),32,숙박,stay,UNKNOWN,6,0,6,6,24,25,,1,발트하우스,1,32:숙박,1,제주특별자치도 서귀포시 표선면 번영로 3361-26,0,,1,"33.3491324273,126.8279307185",0,,1,https://tong.visitkorea.or.kr/cms/resource/58/3082058_image2_1.jpg,0,,0,,0,,0,,0,,0,,0,,1,63627,0,,0,,0,,0,,0,,0,,0,,0,,0,,2b91c56fc7b5196bc828c9238081678ed31b26a21a318ac516580238a40ca35b,hank-place-field-audit-v1,Stage3 Firestore snapshot; live read blocked by RESOURCE_EXHAUSTED
1838,kto-3082301,감사공묘역,JEJU_CITY,east,동부 (조천),12,관광지,spot,UNKNOWN,6,0,6,6,24,25,,1,감사공묘역,1,12:관광지,1,제주특별자치도 제주시 조천읍 함대로 362,0,,1,"33.51296425339782,126.66113556108903",0,,1,https://tong.visitkorea.or.kr/cms/resource/96/3082296_image2_1.jpg,0,,0,,0,,0,,0,,0,,0,,1,63335,0,,0,,0,,0,,0,,0,,0,,0,,0,,2b91c56fc7b5196bc828c9238081678ed31b26a21a318ac516580238a40ca35b,hank-place-field-audit-v1,Stage3 Firestore snapshot; live read blocked by RESOURCE_EXHAUSTED
1839,kto-3083715,제주홀릭뮤지엄,JEJU_CITY,west,서부 (애월),14,문화시설,spot,UNKNOWN,6,0,6,6,24,25,,1,제주홀릭뮤지엄,1,14:문화시설,1,제주특별자치도 제주시 애월읍 평화로 2835,0,,1,"33.45646869202743,126.44162522614434",0,,1,https://tong.visitkorea.or.kr/cms/resource/90/3302890_image2_1.jpg,0,,0,,0,,0,,0,,0,,0,,1,63062,0,,0,,0,,0,,0,,0,,0,,0,,0,,2b91c56fc7b5196bc828c9238081678ed31b26a21a318ac516580238a40ca35b,hank-place-field-audit-v1,Stage3 Firestore snapshot; live read blocked by RESOURCE_EXHAUSTED
1840,kto-3084957,리치호텔,JEJU_CITY,west,서부 (애월),32,숙박,stay,UNKNOWN,6,0,6,6,24,25,,1,리치호텔,1,32:숙박,1,제주특별자치도 제주시 애월읍 고내로13길 100,0,,1,"33.472097309,126.3489500598",0,,1,https://tong.visitkorea.or.kr/cms/resource/26/3084826_image2_1.jpg,0,,0,,0,,0,,0,,0,,0,,1,63046,0,,0,,0,,0,,0,,0,,0,,0,,0,,2b91c56fc7b5196bc828c9238081678ed31b26a21a318ac516580238a40ca35b,hank-place-field-audit-v1,Stage3 Firestore snapshot; live read blocked by RESOURCE_EXHAUSTED
1841,kto-3084988,아덴힐리조트&골프,JEJU_CITY,west,서부 (한림),32,숙박,stay,UNKNOWN,6,0,6,6,24,25,,1,아덴힐리조트&골프,1,32:숙박,1,제주특별자치도 제주시 한림읍 화전길 82,0,,1,"33.348127981,126.3672651377",0,,1,https://tong.visitkorea.or.kr/cms/resource/35/3084635_image2_1.jpg,0,,0,,0,,0,,0,,0,,0,,1,63021,0,,0,,0,,0,,0,,0,,0,,0,,0,,2b91c56fc7b5196bc828c9238081678ed31b26a21a318ac516580238a40ca35b,hank-place-field-audit-v1,Stage3 Firestore snapshot; live read blocked by RESOURCE_EXHAUSTED
1842,kto-3089161,호텔컬리넌 제주,JEJU_CITY,jeju_city,제주시,32,숙박,stay,UNKNOWN,6,0,6,6,24,25,,1,호텔컬리넌 제주,1,32:숙박,1,제주특별자치도 제주시 사장1길 26 (연동),0,,1,"33.4853639388,126.4928419664",0,,1,https://tong.visitkorea.or.kr/cms/resource/60/3089160_image2_1.jpg,0,,0,,0,,0,,0,,0,,0,,1,63133,0,,0,,0,,0,,0,,0,,0,,0,,0,,2b91c56fc7b5196bc828c9238081678ed31b26a21a318ac516580238a40ca35b,hank-place-field-audit-v1,Stage3 Firestore snapshot; live read blocked by RESOURCE_EXHAUSTED
1843,kto-3089169,호텔스위트캐슬,JEJU_CITY,east,동부 (조천),32,숙박,stay,UNKNOWN,6,0,6,6,24,25,,1,호텔스위트캐슬,1,32:숙박,1,제주특별자치도 제주시 조천읍 신북로 443,0,,1,"33.5442077624247,126.65690366800033",0,,1,https://tong.visitkorea.or.kr/cms/resource/62/3089162_image2_1.jpg,0,,0,,0,,0,,0,,0,,0,,1,63333,0,,0,,0,,0,,0,,0,,0,,0,,0,,2b91c56fc7b5196bc828c9238081678ed31b26a21a318ac516580238a40ca35b,hank-place-field-audit-v1,Stage3 Firestore snapshot; live read blocked by RESOURCE_EXHAUSTED
1844,kto-3089186,글로스터호텔 제주,JEJU_CITY,jeju_city,제주시,32,숙박,stay,UNKNOWN,6,0,6,6,24,25,,1,글로스터호텔 제주,1,32:숙박,1,제주특별자치도 제주시 삼무로 57 (연동),0,,1,"33.4901138624,126.4926516048",0,,1,https://tong.visitkorea.or.kr/cms/resource/82/3089182_image2_1.jpg,0,,0,,0,,0,,0,,0,,0,,1,63125,0,,0,,0,,0,,0,,0,,0,,0,,0,,2b91c56fc7b5196bc828c9238081678ed31b26a21a318ac516580238a40ca35b,hank-place-field-audit-v1,Stage3 Firestore snapshot; live read blocked by RESOURCE_EXHAUSTED
1845,kto-3089195,어반아일랜드호텔,JEJU_CITY,jeju_city,제주시,32,숙박,stay,UNKNOWN,6,0,6,6,24,25,,1,어반아일랜드호텔,1,32:숙박,1,제주특별자치도 제주시 삼무로 76 (연동),0,,1,"33.4895608526,126.4947405461",0,,1,https://tong.visitkorea.or.kr/cms/resource/87/3089187_image2_1.jpg,0,,0,,0,,0,,0,,0,,0,,1,63124,0,,0,,0,,0,,0,,0,,0,,0,,0,,2b91c56fc7b5196bc828c9238081678ed31b26a21a318ac516580238a40ca35b,hank-place-field-audit-v1,Stage3 Firestore snapshot; live read blocked by RESOURCE_EXHAUSTED
1846,kto-3090896,더스테이센추리호텔,JEJU_CITY,west,서부 (애월),32,숙박,stay,UNKNOWN,6,0,6,6,24,25,,1,더스테이센추리호텔,1,32:숙박,1,제주특별자치도 제주시 애월읍 일주서로 7113,0,,1,"33.48486587221451,126.40892247238192",0,,1,https://tong.visitkorea.or.kr/cms/resource/16/4057816_image2_1.jpg,0,,0,,0,,0,,0,,0,,0,,1,63053,0,,0,,0,,0,,0,,0,,0,,0,,0,,2b91c56fc7b5196bc828c9238081678ed31b26a21a318ac516580238a40ca35b,hank-place-field-audit-v1,Stage3 Firestore snapshot; live read blocked by RESOURCE_EXHAUSTED
1847,kto-3097805,떠오르길·김녕 바닷길,JEJU_CITY,east,동부 (구좌),12,관광지,spot,UNKNOWN,6,0,6,6,24,25,,1,떠오르길·김녕 바닷길,1,12:관광지,1,제주특별자치도 제주시 구좌읍 김녕로1길 51-3,0,,1,"33.55789195458667,126.74888021379536",0,,1,https://tong.visitkorea.or.kr/cms/resource/47/4054647_image2_1.jpg,0,,0,,0,,0,,0,,0,,0,,1,63357,0,,0,,0,,0,,0,,0,,0,,0,,0,,2b91c56fc7b5196bc828c9238081678ed31b26a21a318ac516580238a40ca35b,hank-place-field-audit-v1,Stage3 Firestore snapshot; live read blocked by RESOURCE_EXHAUSTED
1848,kto-3102129,연월한옥,JEJU_CITY,west,서부 (한경),32,숙박,stay,UNKNOWN,6,0,6,6,24,25,,1,연월한옥,1,32:숙박,1,제주특별자치도 제주시 한경면 녹차분재로 505,1,연월한옥,1,"33.317032664,126.2698159646",0,,0,,0,,0,,0,,0,,0,,0,,0,,1,63005,0,,0,,0,,0,,0,,0,,0,,0,,0,,2b91c56fc7b5196bc828c9238081678ed31b26a21a318ac516580238a40ca35b,hank-place-field-audit-v1,Stage3 Firestore snapshot; live read blocked by RESOURCE_EXHAUSTED
1849,kto-3110802,씬오브제주,JEJU_CITY,west,서부 (애월),12,관광지,spot,UNKNOWN,6,0,6,6,24,25,,1,씬오브제주,1,12:관광지,1,제주특별자치도 제주시 애월읍 금성3길 21,0,,1,"33.44605117498354,126.300416650902",0,,1,https://tong.visitkorea.or.kr/cms/resource/46/3470746_image2_1.jpg,0,,0,,0,,0,,0,,0,,0,,1,63034,0,,0,,0,,0,,0,,0,,0,,0,,0,,2b91c56fc7b5196bc828c9238081678ed31b26a21a318ac516580238a40ca35b,hank-place-field-audit-v1,Stage3 Firestore snapshot; live read blocked by RESOURCE_EXHAUSTED
1850,kto-3303346,하우스오브레퓨즈,JEJU_CITY,west,서부 (애월),12,관광지,spot,UNKNOWN,6,0,6,6,24,25,,1,하우스오브레퓨즈,1,12:관광지,1,제주특별자치도 제주시 애월읍 하소로 735,0,,1,"33.41928303869619,126.39600577939106",0,,1,https://tong.visitkorea.or.kr/cms/resource/33/3303333_image2_1.JPG,0,,0,,0,,0,,0,,0,,0,,1,63067,0,,0,,0,,0,,0,,0,,0,,0,,0,,2b91c56fc7b5196bc828c9238081678ed31b26a21a318ac516580238a40ca35b,hank-place-field-audit-v1,Stage3 Firestore snapshot; live read blocked by RESOURCE_EXHAUSTED
1851,kto-3303893,목장카페 밭디,SEOGWIPO_CITY,east,동부 (표선),39,음식점,cafe,UNKNOWN,6,0,6,6,24,25,,1,목장카페 밭디,1,39:음식점,1,제주특별자치도 서귀포시 표선면 번영로 2486,0,,1,"33.40790001470019,126.7722162922663",0,,1,https://tong.visitkorea.or.kr/cms/resource/81/4066981_image2_1.jpg,0,,0,,0,,0,,0,,0,,0,,1,63624,0,,0,,0,,0,,0,,0,,0,,0,,0,,2b91c56fc7b5196bc828c9238081678ed31b26a21a318ac516580238a40ca35b,hank-place-field-audit-v1,Stage3 Firestore snapshot; live read blocked by RESOURCE_EXHAUSTED
1852,kto-3305786,GS25 서귀오션점,SEOGWIPO_CITY,seogwipo,서귀포시,38,쇼핑,spot,UNKNOWN,6,0,6,6,24,25,,1,GS25 서귀오션점,1,38:쇼핑,1,제주특별자치도 서귀포시 중앙로 19-1 (서귀동),0,,1,"33.2462413271495,126.561774311883",0,,1,https://tong.visitkorea.or.kr/cms/resource/46/4043146_image2_1.jpg,0,,0,,0,,0,,0,,0,,0,,1,63595,0,,0,,0,,0,,0,,0,,0,,0,,0,,2b91c56fc7b5196bc828c9238081678ed31b26a21a318ac516580238a40ca35b,hank-place-field-audit-v1,Stage3 Firestore snapshot; live read blocked by RESOURCE_EXHAUSTED
1853,kto-3317905,현애원,SEOGWIPO_CITY,east,동부 (성산),12,관광지,spot,UNKNOWN,6,0,6,6,24,25,,1,현애원,1,12:관광지,1,제주특별자치도 서귀포시 성산읍 산성효자로114번길 131-1,0,,1,"33.456075237513254,126.90839950157283",0,,1,https://tong.visitkorea.or.kr/cms/resource/32/3514132_image2_1.jpg,0,,0,,0,,0,,0,,0,,0,,1,63639,0,,0,,0,,0,,0,,0,,0,,0,,0,,2b91c56fc7b5196bc828c9238081678ed31b26a21a318ac516580238a40ca35b,hank-place-field-audit-v1,Stage3 Firestore snapshot; live read blocked by RESOURCE_EXHAUSTED
1854,kto-3329719,제주안전체험관,JEJU_CITY,west,서부 (애월),12,관광지,spot,UNKNOWN,6,0,6,6,24,25,,1,제주안전체험관,1,12:관광지,1,제주특별자치도 제주시 애월읍 평화로 1885,0,,1,"33.394132960406694,126.3734284420147",0,,1,https://tong.visitkorea.or.kr/cms/resource/18/3329718_image2_1.jpg,0,,0,,0,,0,,0,,0,,0,,1,63038,0,,0,,0,,0,,0,,0,,0,,0,,0,,2b91c56fc7b5196bc828c9238081678ed31b26a21a318ac516580238a40ca35b,hank-place-field-audit-v1,Stage3 Firestore snapshot; live read blocked by RESOURCE_EXHAUSTED
1855,kto-3343597,오레브핫스프링앤스파,SEOGWIPO_CITY,seogwipo,서귀포시,12,관광지,spot,UNKNOWN,6,0,6,6,24,25,,1,오레브핫스프링앤스파,1,12:관광지,1,제주특별자치도 서귀포시 태평로 152 (호근동),0,,1,"33.24329540701989,126.53825656755784",0,,1,https://tong.visitkorea.or.kr/cms/resource/11/3343511_image2_1.jpg,0,,0,,0,,0,,0,,0,,0,,1,63571,0,,0,,0,,0,,0,,0,,0,,0,,0,,2b91c56fc7b5196bc828c9238081678ed31b26a21a318ac516580238a40ca35b,hank-place-field-audit-v1,Stage3 Firestore snapshot; live read blocked by RESOURCE_EXHAUSTED
1856,kto-3344565,JW 메리어트 제주 리조트 & 스파,SEOGWIPO_CITY,seogwipo,서귀포시,32,숙박,stay,UNKNOWN,6,0,6,6,24,25,,1,JW 메리어트 제주 리조트 & 스파,1,32:숙박,1,제주특별자치도 서귀포시 태평로 152 (호근동),0,,1,"33.243844,126.538638",0,,1,https://tong.visitkorea.or.kr/cms/resource/32/3344532_image2_1.jpg,0,,0,,0,,0,,0,,0,,0,,1,63571,0,,0,,0,,0,,0,,0,,0,,0,,0,,2b91c56fc7b5196bc828c9238081678ed31b26a21a318ac516580238a40ca35b,hank-place-field-audit-v1,Stage3 Firestore snapshot; live read blocked by RESOURCE_EXHAUSTED
1857,kto-3371999,제주동화마을,JEJU_CITY,east,동부 (구좌),12,관광지,spot,UNKNOWN,6,0,6,6,24,25,,1,제주동화마을,1,12:관광지,1,제주특별자치도 제주시 구좌읍 비자림로 1191,0,,1,"33.4354329703,126.7320377305",0,,1,https://tong.visitkorea.or.kr/cms/resource/33/4094033_image2_1.JPG,0,,0,,0,,0,,0,,0,,0,,1,63355,0,,0,,0,,0,,0,,0,,0,,0,,0,,2b91c56fc7b5196bc828c9238081678ed31b26a21a318ac516580238a40ca35b,hank-place-field-audit-v1,Stage3 Firestore snapshot; live read blocked by RESOURCE_EXHAUSTED
1858,kto-3386123,주정공장수용소 4·3역사관,JEJU_CITY,jeju_city,제주시,14,문화시설,spot,UNKNOWN,6,0,6,6,24,25,,1,주정공장수용소 4·3역사관,1,14:문화시설,1,제주특별자치도 제주시 임항로 98 (건입동),0,,1,"33.51810710408291,126.53480935519346",0,,1,https://tong.visitkorea.or.kr/cms/resource/06/3386706_image2_1.jpg,0,,0,,0,,0,,0,,0,,0,,1,63280,0,,0,,0,,0,,0,,0,,0,,0,,0,,2b91c56fc7b5196bc828c9238081678ed31b26a21a318ac516580238a40ca35b,hank-place-field-audit-v1,Stage3 Firestore snapshot; live read blocked by RESOURCE_EXHAUSTED
1859,kto-3396532,안의울림,JEJU_CITY,west,서부 (애월),12,관광지,spot,UNKNOWN,6,0,6,6,24,25,,1,안의울림,1,12:관광지,1,제주특별자치도 제주시 애월읍 애월북서길 15,0,,1,"33.465353093269776,126.31198657631539",0,,1,https://tong.visitkorea.or.kr/cms/resource/41/3396341_image2_1.jpg,0,,0,,0,,0,,0,,0,,0,,1,63043,0,,0,,0,,0,,0,,0,,0,,0,,0,,2b91c56fc7b5196bc828c9238081678ed31b26a21a318ac516580238a40ca35b,hank-place-field-audit-v1,Stage3 Firestore snapshot; live read blocked by RESOURCE_EXHAUSTED
1860,kto-3410530,뽀로로앤타요 테마파크 제주,SEOGWIPO_CITY,west,서부 (안덕),12,관광지,spot,UNKNOWN,6,0,6,6,24,25,,1,뽀로로앤타요 테마파크 제주,1,12:관광지,1,제주특별자치도 서귀포시 안덕면 병악로 269,0,,1,"33.29915276484855,126.37078169480472",0,,1,https://tong.visitkorea.or.kr/cms/resource/46/3409746_image2_1.jpg,0,,0,,0,,0,,0,,0,,0,,1,63526,0,,0,,0,,0,,0,,0,,0,,0,,0,,2b91c56fc7b5196bc828c9238081678ed31b26a21a318ac516580238a40ca35b,hank-place-field-audit-v1,Stage3 Firestore snapshot; live read blocked by RESOURCE_EXHAUSTED
1861,kto-3410648,가을동화 감귤밭,SEOGWIPO_CITY,seogwipo,서귀포시,12,관광지,spot,UNKNOWN,6,0,6,6,24,25,,1,가을동화 감귤밭,1,12:관광지,1,제주특별자치도 서귀포시 남원읍 하례로 504,0,,1,"33.291322899887895,126.61653673940317",0,,1,https://tong.visitkorea.or.kr/cms/resource/43/3410543_image2_1.jpg,0,,0,,0,,0,,0,,0,,0,,1,63607,0,,0,,0,,0,,0,,0,,0,,0,,0,,2b91c56fc7b5196bc828c9238081678ed31b26a21a318ac516580238a40ca35b,hank-place-field-audit-v1,Stage3 Firestore snapshot; live read blocked by RESOURCE_EXHAUSTED
1862,kto-3439423,아르떼 키즈파크 제주,JEJU_CITY,west,서부 (애월),12,관광지,spot,UNKNOWN,6,0,6,6,24,25,,1,아르떼 키즈파크 제주,1,12:관광지,1,제주특별자치도 제주시 애월읍 월각로 929,0,,1,"33.3539454457208,126.358596923303",0,,1,https://tong.visitkorea.or.kr/cms/resource/08/3441108_image2_1.png,0,,0,,0,,0,,0,,0,,0,,1,63039,0,,0,,0,,0,,0,,0,,0,,0,,0,,2b91c56fc7b5196bc828c9238081678ed31b26a21a318ac516580238a40ca35b,hank-place-field-audit-v1,Stage3 Firestore snapshot; live read blocked by RESOURCE_EXHAUSTED
1863,kto-3464225,제주 서핑도 실내서핑장,JEJU_CITY,west,서부 (애월),28,레포츠,spot,UNKNOWN,6,0,6,6,24,25,,1,제주 서핑도 실내서핑장,1,28:레포츠,1,제주특별자치도 제주시 애월읍 광령평화3길 21,0,,1,"33.44729215921779,126.4325584456548",0,,1,https://tong.visitkorea.or.kr/cms/resource/88/3464488_image2_1.jpg,0,,0,,0,,0,,0,,0,,0,,1,63062,0,,0,,0,,0,,0,,0,,0,,0,,0,,2b91c56fc7b5196bc828c9238081678ed31b26a21a318ac516580238a40ca35b,hank-place-field-audit-v1,Stage3 Firestore snapshot; live read blocked by RESOURCE_EXHAUSTED
1864,kto-3478595,레몬뮤지엄,SEOGWIPO_CITY,seogwipo,서귀포시,39,음식점,food,UNKNOWN,6,0,6,6,24,25,,1,레몬뮤지엄,1,39:음식점,1,제주특별자치도 서귀포시 남원읍 하례로620번길 41,0,,1,"33.2988584963486,126.61785145715464",0,,1,https://tong.visitkorea.or.kr/cms/resource/55/3478455_image2_1.jpg,0,,0,,0,,0,,0,,0,,0,,1,63608,0,,0,,0,,0,,0,,0,,0,,0,,0,,2b91c56fc7b5196bc828c9238081678ed31b26a21a318ac516580238a40ca35b,hank-place-field-audit-v1,Stage3 Firestore snapshot; live read blocked by RESOURCE_EXHAUSTED
1865,kto-3482430,켄싱턴리조트 제주중문,SEOGWIPO_CITY,seogwipo,서귀포시,32,숙박,stay,UNKNOWN,6,0,6,6,24,25,,1,켄싱턴리조트 제주중문,1,32:숙박,1,제주특별자치도 서귀포시 중문관광로72번길 29-29 (색달동),0,,1,"33.24761409007948,126.41253340355246",0,,1,https://tong.visitkorea.or.kr/cms/resource/08/3482408_image2_1.jpg,0,,0,,0,,0,,0,,0,,0,,1,63535,0,,0,,0,,0,,0,,0,,0,,0,,0,,2b91c56fc7b5196bc828c9238081678ed31b26a21a318ac516580238a40ca35b,hank-place-field-audit-v1,Stage3 Firestore snapshot; live read blocked by RESOURCE_EXHAUSTED
1866,kto-3487794,선셋티아,JEJU_CITY,east,동부 (조천),32,숙박,stay,UNKNOWN,6,0,6,6,24,25,,1,선셋티아,1,32:숙박,1,제주특별자치도 제주시 조천읍 선흘남4길 31,0,,1,"33.5077912236,126.7057134727",0,,1,https://tong.visitkorea.or.kr/cms/resource/89/3487789_image2_1.jpg,0,,0,,0,,0,,0,,0,,0,,1,63340,0,,0,,0,,0,,0,,0,,0,,0,,0,,2b91c56fc7b5196bc828c9238081678ed31b26a21a318ac516580238a40ca35b,hank-place-field-audit-v1,Stage3 Firestore snapshot; live read blocked by RESOURCE_EXHAUSTED
1867,kto-3491457,빛의 섬 루미버스,SEOGWIPO_CITY,east,동부 (표선),12,관광지,spot,UNKNOWN,6,0,6,6,24,25,,1,빛의 섬 루미버스,1,12:관광지,1,제주특별자치도 서귀포시 표선면 민속해안로 631-34,0,,1,"33.321287172094095,126.84308825727145",0,,1,https://tong.visitkorea.or.kr/cms/resource/55/3491455_image2_1.jpg,0,,0,,0,,0,,0,,0,,0,,1,63629,0,,0,,0,,0,,0,,0,,0,,0,,0,,2b91c56fc7b5196bc828c9238081678ed31b26a21a318ac516580238a40ca35b,hank-place-field-audit-v1,Stage3 Firestore snapshot; live read blocked by RESOURCE_EXHAUSTED
1868,kto-3492149,모아시 (MOASI),SEOGWIPO_CITY,west,서부 (대정),39,음식점,food,UNKNOWN,6,0,6,6,24,25,,1,모아시 (MOASI),1,39:음식점,1,제주특별자치도 서귀포시 대정읍 무릉중앙로24번길 16,0,,1,"33.27084661663679,126.19915947894222",0,,1,https://tong.visitkorea.or.kr/cms/resource/47/3492147_image2_1.png,0,,0,,0,,0,,0,,0,,0,,1,63501,0,,0,,0,,0,,0,,0,,0,,0,,0,,2b91c56fc7b5196bc828c9238081678ed31b26a21a318ac516580238a40ca35b,hank-place-field-audit-v1,Stage3 Firestore snapshot; live read blocked by RESOURCE_EXHAUSTED
1869,kto-3497636,자매국수,JEJU_CITY,jeju_city,제주시,39,음식점,food,UNKNOWN,6,0,6,6,24,25,,1,자매국수,1,39:음식점,1,제주특별자치도 제주시 항골남길 46 (이호일동),0,,1,"33.49857683347304,126.45916675751323",0,,1,https://tong.visitkorea.or.kr/cms/resource/09/3497609_image2_1.jpg,0,,0,,0,,0,,0,,0,,0,,1,63108,0,,0,,0,,0,,0,,0,,0,,0,,0,,2b91c56fc7b5196bc828c9238081678ed31b26a21a318ac516580238a40ca35b,hank-place-field-audit-v1,Stage3 Firestore snapshot; live read blocked by RESOURCE_EXHAUSTED
1870,kto-3498094,세화리 농어촌체험휴양마을,JEJU_CITY,east,동부 (구좌),12,관광지,spot,UNKNOWN,6,0,6,6,24,25,,1,세화리 농어촌체험휴양마을,1,12:관광지,1,제주특별자치도 제주시 구좌읍 세평항로 46-9,0,,1,"33.526991970150945,126.85603220698485",0,,1,https://tong.visitkorea.or.kr/cms/resource/88/3498088_image2_1.jpg,0,,0,,0,,0,,0,,0,,0,,1,63361,0,,0,,0,,0,,0,,0,,0,,0,,0,,2b91c56fc7b5196bc828c9238081678ed31b26a21a318ac516580238a40ca35b,hank-place-field-audit-v1,Stage3 Firestore snapshot; live read blocked by RESOURCE_EXHAUSTED
1871,kto-3502045,선물고팡 공항본점,JEJU_CITY,jeju_city,제주시,38,쇼핑,spot,UNKNOWN,6,0,6,6,24,25,,1,선물고팡 공항본점,1,38:쇼핑,1,제주특별자치도 제주시 월성로 15 (용담이동),0,,1,"33.50297178700443,126.50494102693447",0,,1,https://tong.visitkorea.or.kr/cms/resource/22/3502022_image2_1.jpg,0,,0,,0,,0,,0,,0,,0,,1,63162,0,,0,,0,,0,,0,,0,,0,,0,,0,,2b91c56fc7b5196bc828c9238081678ed31b26a21a318ac516580238a40ca35b,hank-place-field-audit-v1,Stage3 Firestore snapshot; live read blocked by RESOURCE_EXHAUSTED
1872,kto-3505052,꽃귤농장,SEOGWIPO_CITY,seogwipo,서귀포시,12,관광지,spot,UNKNOWN,6,0,6,6,24,25,,1,꽃귤농장,1,12:관광지,1,제주특별자치도 서귀포시 대포로 116 (대포동),0,,1,"33.23980796182953,126.43365754364268",0,,1,https://tong.visitkorea.or.kr/cms/resource/23/3505023_image2_1.jpg,0,,0,,0,,0,,0,,0,,0,,1,63544,0,,0,,0,,0,,0,,0,,0,,0,,0,,2b91c56fc7b5196bc828c9238081678ed31b26a21a318ac516580238a40ca35b,hank-place-field-audit-v1,Stage3 Firestore snapshot; live read blocked by RESOURCE_EXHAUSTED
1873,kto-3515241,호텔 골든데이지 서귀포오션,SEOGWIPO_CITY,seogwipo,서귀포시,32,숙박,stay,UNKNOWN,6,0,6,6,24,25,,1,호텔 골든데이지 서귀포오션,1,32:숙박,1,제주특별자치도 서귀포시 동홍로 7 (서귀동),0,,1,"33.24938478003323,126.56742464706149",0,,1,https://tong.visitkorea.or.kr/cms/resource/25/3515125_image2_1.jpg,0,,0,,0,,0,,0,,0,,0,,1,63590,0,,0,,0,,0,,0,,0,,0,,0,,0,,2b91c56fc7b5196bc828c9238081678ed31b26a21a318ac516580238a40ca35b,hank-place-field-audit-v1,Stage3 Firestore snapshot; live read blocked by RESOURCE_EXHAUSTED
1874,kto-3520495,취다선 리조트,SEOGWIPO_CITY,east,동부 (성산),32,숙박,stay,UNKNOWN,6,0,6,6,24,25,,1,취다선 리조트,1,32:숙박,1,제주특별자치도 서귀포시 성산읍 해맞이해안로 2688,0,,1,"33.471847887441896,126.91270319146102",0,,1,https://tong.visitkorea.or.kr/cms/resource/59/3520459_image2_1.png,0,,0,,0,,0,,0,,0,,0,,1,63639,0,,0,,0,,0,,0,,0,,0,,0,,0,,2b91c56fc7b5196bc828c9238081678ed31b26a21a318ac516580238a40ca35b,hank-place-field-audit-v1,Stage3 Firestore snapshot; live read blocked by RESOURCE_EXHAUSTED
1875,kto-3530411,정모시쉼터,SEOGWIPO_CITY,seogwipo,서귀포시,12,관광지,spot,UNKNOWN,6,0,6,6,24,25,,1,정모시쉼터,1,12:관광지,1,제주특별자치도 서귀포시 칠십리로 156-8 (서귀동),0,,1,"33.244898585742895,126.57062993878547",0,,1,https://tong.visitkorea.or.kr/cms/resource/12/3530412_image2_1.jpg,0,,0,,0,,0,,0,,0,,0,,1,63596,0,,0,,0,,0,,0,,0,,0,,0,,0,,2b91c56fc7b5196bc828c9238081678ed31b26a21a318ac516580238a40ca35b,hank-place-field-audit-v1,Stage3 Firestore snapshot; live read blocked by RESOURCE_EXHAUSTED
1876,kto-3545719,돌낭예술원,SEOGWIPO_CITY,seogwipo,서귀포시,12,관광지,spot,UNKNOWN,6,0,6,6,24,25,,1,돌낭예술원,1,12:관광지,1,제주특별자치도 서귀포시 남원읍 서성로 544-35,0,,1,"33.31977178437227,126.65460327821138",0,,1,https://tong.visitkorea.or.kr/cms/resource/25/3545625_image2_1.jpg,0,,0,,0,,0,,0,,0,,0,,1,63609,0,,0,,0,,0,,0,,0,,0,,0,,0,,2b91c56fc7b5196bc828c9238081678ed31b26a21a318ac516580238a40ca35b,hank-place-field-audit-v1,Stage3 Firestore snapshot; live read blocked by RESOURCE_EXHAUSTED
1877,kto-3545735,만춘서점,JEJU_CITY,east,동부 (조천),14,문화시설,spot,UNKNOWN,6,0,6,6,24,25,,1,만춘서점,1,14:문화시설,1,제주특별자치도 제주시 조천읍 함덕로 9,0,,1,"33.54072434423091,126.67343088634944",0,,1,https://tong.visitkorea.or.kr/cms/resource/50/3545550_image2_1.jpg,0,,0,,0,,0,,0,,0,,0,,1,63333,0,,0,,0,,0,,0,,0,,0,,0,,0,,2b91c56fc7b5196bc828c9238081678ed31b26a21a318ac516580238a40ca35b,hank-place-field-audit-v1,Stage3 Firestore snapshot; live read blocked by RESOURCE_EXHAUSTED
1878,kto-3546163,김영수도서관,JEJU_CITY,jeju_city,제주시,14,문화시설,spot,UNKNOWN,6,0,6,6,24,25,,1,김영수도서관,1,14:문화시설,1,제주특별자치도 제주시 중앙로8길 18 (삼도이동),0,,1,"33.5149928252347,126.52138373358315",0,,1,https://tong.visitkorea.or.kr/cms/resource/35/3546135_image2_1.jpg,0,,0,,0,,0,,0,,0,,0,,1,63166,0,,0,,0,,0,,0,,0,,0,,0,,0,,2b91c56fc7b5196bc828c9238081678ed31b26a21a318ac516580238a40ca35b,hank-place-field-audit-v1,Stage3 Firestore snapshot; live read blocked by RESOURCE_EXHAUSTED
1879,kto-3553653,온평리 포구,SEOGWIPO_CITY,east,동부 (성산),12,관광지,spot,UNKNOWN,6,0,6,6,24,25,,1,온평리 포구,1,12:관광지,1,제주특별자치도 서귀포시 성산읍 환해장성로 513,0,,1,"33.4017,126.903",0,,1,https://tong.visitkorea.or.kr/cms/resource/13/3553613_image2_1.jpg,0,,0,,0,,0,,0,,0,,0,,1,63633,0,,0,,0,,0,,0,,0,,0,,0,,0,,2b91c56fc7b5196bc828c9238081678ed31b26a21a318ac516580238a40ca35b,hank-place-field-audit-v1,Stage3 Firestore snapshot; live read blocked by RESOURCE_EXHAUSTED
1880,kto-3553902,신산환해장성,SEOGWIPO_CITY,east,동부 (성산),12,관광지,spot,UNKNOWN,6,0,6,6,24,25,,1,신산환해장성,1,12:관광지,1,제주특별자치도 서귀포시 성산읍 환해장성로 201,0,,1,"33.3874,126.8817",0,,1,https://tong.visitkorea.or.kr/cms/resource/70/3553870_image2_1.jpg,0,,0,,0,,0,,0,,0,,0,,1,63634,0,,0,,0,,0,,0,,0,,0,,0,,0,,2b91c56fc7b5196bc828c9238081678ed31b26a21a318ac516580238a40ca35b,hank-place-field-audit-v1,Stage3 Firestore snapshot; live read blocked by RESOURCE_EXHAUSTED
1881,kto-3553979,소라의성,SEOGWIPO_CITY,seogwipo,서귀포시,12,관광지,spot,UNKNOWN,6,0,6,6,24,25,,1,소라의성,1,12:관광지,1,제주특별자치도 서귀포시 칠십리로214번길 17-17 (동홍동),0,,1,"33.24517918333078,126.57695532118301",0,,1,https://tong.visitkorea.or.kr/cms/resource/64/3553964_image2_1.jpg,0,,0,,0,,0,,0,,0,,0,,1,63599,0,,0,,0,,0,,0,,0,,0,,0,,0,,2b91c56fc7b5196bc828c9238081678ed31b26a21a318ac516580238a40ca35b,hank-place-field-audit-v1,Stage3 Firestore snapshot; live read blocked by RESOURCE_EXHAUSTED
1882,kto-3557958,상추자항,JEJU_CITY,jeju_city,제주시,12,관광지,spot,UNKNOWN,6,0,6,6,24,25,,1,상추자항,1,12:관광지,1,제주특별자치도 제주시 추자면 추자로 37,0,,1,"33.96267344496003,126.29562905541727",0,,1,https://tong.visitkorea.or.kr/cms/resource/55/3557955_image2_1.jpg,0,,0,,0,,0,,0,,0,,0,,1,63000,0,,0,,0,,0,,0,,0,,0,,0,,0,,2b91c56fc7b5196bc828c9238081678ed31b26a21a318ac516580238a40ca35b,hank-place-field-audit-v1,Stage3 Firestore snapshot; live read blocked by RESOURCE_EXHAUSTED
1883,kto-3559716,대수산봉,SEOGWIPO_CITY,east,동부 (성산),12,관광지,spot,UNKNOWN,6,0,6,6,24,25,,1,대수산봉,1,12:관광지,1,제주특별자치도 서귀포시 성산읍 서성일로1168번길 89-17,0,,1,"33.438,126.9023",0,,1,https://tong.visitkorea.or.kr/cms/resource/45/3559645_image2_1.jpg,0,,0,,0,,0,,0,,0,,0,,1,63641,0,,0,,0,,0,,0,,0,,0,,0,,0,,2b91c56fc7b5196bc828c9238081678ed31b26a21a318ac516580238a40ca35b,hank-place-field-audit-v1,Stage3 Firestore snapshot; live read blocked by RESOURCE_EXHAUSTED
1884,kto-3559736,통오름,SEOGWIPO_CITY,east,동부 (성산),12,관광지,spot,UNKNOWN,6,0,6,6,24,25,,1,통오름,1,12:관광지,1,제주특별자치도 서귀포시 성산읍 독자봉로 281,0,,1,"33.3927,126.8556",0,,1,https://tong.visitkorea.or.kr/cms/resource/56/3559656_image2_1.jpg,0,,0,,0,,0,,0,,0,,0,,1,63635,0,,0,,0,,0,,0,,0,,0,,0,,0,,2b91c56fc7b5196bc828c9238081678ed31b26a21a318ac516580238a40ca35b,hank-place-field-audit-v1,Stage3 Firestore snapshot; live read blocked by RESOURCE_EXHAUSTED
1885,kto-3559794,모진이몽돌해변,JEJU_CITY,jeju_city,제주시,12,관광지,spot,UNKNOWN,6,0,6,6,24,25,,1,모진이몽돌해변,1,12:관광지,1,제주특별자치도 제주시 추자면 신양4길 18,0,,1,"33.9457,126.3346",0,,1,https://tong.visitkorea.or.kr/cms/resource/75/3559675_image2_1.jpg,0,,0,,0,,0,,0,,0,,0,,1,63001,0,,0,,0,,0,,0,,0,,0,,0,,0,,2b91c56fc7b5196bc828c9238081678ed31b26a21a318ac516580238a40ca35b,hank-place-field-audit-v1,Stage3 Firestore snapshot; live read blocked by RESOURCE_EXHAUSTED
1886,kto-3563239,남원용암해수풀장,SEOGWIPO_CITY,seogwipo,서귀포시,28,레포츠,spot,UNKNOWN,6,0,6,6,24,25,,1,남원용암해수풀장,1,28:레포츠,1,제주특별자치도 서귀포시 남원읍 남태해안로 140,0,,1,"33.27781728662693,126.71960459494495",0,,1,https://tong.visitkorea.or.kr/cms/resource/33/3563233_image2_1.jpg,0,,0,,0,,0,,0,,0,,0,,1,63621,0,,0,,0,,0,,0,,0,,0,,0,,0,,2b91c56fc7b5196bc828c9238081678ed31b26a21a318ac516580238a40ca35b,hank-place-field-audit-v1,Stage3 Firestore snapshot; live read blocked by RESOURCE_EXHAUSTED
1887,kto-3571055,무릉외갓집,SEOGWIPO_CITY,west,서부 (대정),38,쇼핑,spot,UNKNOWN,6,0,6,6,24,25,,1,무릉외갓집,1,38:쇼핑,1,제주특별자치도 서귀포시 대정읍 중산간서로2881번길 35-8,0,,1,"33.2729,126.2366",0,,1,https://tong.visitkorea.or.kr/cms/resource/25/3571025_image2_1.jpg,0,,0,,0,,0,,0,,0,,0,,1,63501,0,,0,,0,,0,,0,,0,,0,,0,,0,,2b91c56fc7b5196bc828c9238081678ed31b26a21a318ac516580238a40ca35b,hank-place-field-audit-v1,Stage3 Firestore snapshot; live read blocked by RESOURCE_EXHAUSTED
1888,kto-3584915,코코컬처클럽,SEOGWIPO_CITY,east,동부 (성산),14,문화시설,spot,UNKNOWN,6,0,6,6,24,25,,1,코코컬처클럽,1,14:문화시설,1,제주특별자치도 서귀포시 성산읍 환해장성로 201,0,,1,"33.387,126.8881",0,,1,https://tong.visitkorea.or.kr/cms/resource/01/3584901_image2_1.jpg,0,,0,,0,,0,,0,,0,,0,,1,63634,0,,0,,0,,0,,0,,0,,0,,0,,0,,2b91c56fc7b5196bc828c9238081678ed31b26a21a318ac516580238a40ca35b,hank-place-field-audit-v1,Stage3 Firestore snapshot; live read blocked by RESOURCE_EXHAUSTED
1889,kto-4002695,대들보,SEOGWIPO_CITY,seogwipo,서귀포시,39,음식점,food,UNKNOWN,6,0,6,6,24,25,,1,대들보,1,39:음식점,1,제주특별자치도 서귀포시 막숙포로 64 (법환동),0,,1,"33.2358737269205,126.514769215191",0,,1,https://tong.visitkorea.or.kr/cms/resource/90/4002690_image2_1.jpg,0,,0,,0,,0,,0,,0,,0,,1,63573,0,,0,,0,,0,,0,,0,,0,,0,,0,,2b91c56fc7b5196bc828c9238081678ed31b26a21a318ac516580238a40ca35b,hank-place-field-audit-v1,Stage3 Firestore snapshot; live read blocked by RESOURCE_EXHAUSTED
1890,kto-4002730,바다풍경 정육식당,JEJU_CITY,jeju_city,제주시,39,음식점,food,UNKNOWN,6,0,6,6,24,25,,1,바다풍경 정육식당,1,39:음식점,1,제주특별자치도 제주시 서해안로 654 (용담삼동),0,,1,"33.5161742212317,126.506844520896",0,,1,https://tong.visitkorea.or.kr/cms/resource/24/4002724_image2_1.jpg,0,,0,,0,,0,,0,,0,,0,,1,63151,0,,0,,0,,0,,0,,0,,0,,0,,0,,2b91c56fc7b5196bc828c9238081678ed31b26a21a318ac516580238a40ca35b,hank-place-field-audit-v1,Stage3 Firestore snapshot; live read blocked by RESOURCE_EXHAUSTED
1891,kto-4002769,이금돈지,JEJU_CITY,jeju_city,제주시,39,음식점,food,UNKNOWN,6,0,6,6,24,25,,1,이금돈지,1,39:음식점,1,제주특별자치도 제주시 노연로 143 (연동),0,,1,"33.4860847312458,126.495362938093",0,,1,https://tong.visitkorea.or.kr/cms/resource/68/4002768_image2_1.jpg,0,,0,,0,,0,,0,,0,,0,,1,63123,0,,0,,0,,0,,0,,0,,0,,0,,0,,2b91c56fc7b5196bc828c9238081678ed31b26a21a318ac516580238a40ca35b,hank-place-field-audit-v1,Stage3 Firestore snapshot; live read blocked by RESOURCE_EXHAUSTED
1892,kto-4002802,제미니국수김밥,SEOGWIPO_CITY,seogwipo,서귀포시,39,음식점,food,UNKNOWN,6,0,6,6,24,25,,1,제미니국수김밥,1,39:음식점,1,제주특별자치도 서귀포시 쇠소깍로 134 (하효동),0,,1,"33.2522463123755,126.62263544788",0,,1,https://tong.visitkorea.or.kr/cms/resource/01/4002801_image2_1.jpg,0,,0,,0,,0,,0,,0,,0,,1,63600,0,,0,,0,,0,,0,,0,,0,,0,,0,,2b91c56fc7b5196bc828c9238081678ed31b26a21a318ac516580238a40ca35b,hank-place-field-audit-v1,Stage3 Firestore snapshot; live read blocked by RESOURCE_EXHAUSTED
1893,kto-4002839,제주할망밥상,SEOGWIPO_CITY,west,서부 (안덕),39,음식점,food,UNKNOWN,6,0,6,6,24,25,,1,제주할망밥상,1,39:음식점,1,제주특별자치도 서귀포시 안덕면 화순해안로 89,0,,1,"33.2400420030732,126.335716162007",0,,1,https://tong.visitkorea.or.kr/cms/resource/38/4002838_image2_1.jpg,0,,0,,0,,0,,0,,0,,0,,1,63530,0,,0,,0,,0,,0,,0,,0,,0,,0,,2b91c56fc7b5196bc828c9238081678ed31b26a21a318ac516580238a40ca35b,hank-place-field-audit-v1,Stage3 Firestore snapshot; live read blocked by RESOURCE_EXHAUSTED
1894,kto-4002890,더해장,SEOGWIPO_CITY,seogwipo,서귀포시,39,음식점,food,UNKNOWN,6,0,6,6,24,25,,1,더해장,1,39:음식점,1,제주특별자치도 서귀포시 일주서로 680 (회수동),0,,1,"33.2550879893374,126.437249555931",0,,1,https://tong.visitkorea.or.kr/cms/resource/87/4002887_image2_1.jpg,0,,0,,0,,0,,0,,0,,0,,1,63540,0,,0,,0,,0,,0,,0,,0,,0,,0,,2b91c56fc7b5196bc828c9238081678ed31b26a21a318ac516580238a40ca35b,hank-place-field-audit-v1,Stage3 Firestore snapshot; live read blocked by RESOURCE_EXHAUSTED
1895,kto-4002932,볼고롱짬뽕,SEOGWIPO_CITY,seogwipo,서귀포시,39,음식점,food,UNKNOWN,6,0,6,6,24,25,,1,볼고롱짬뽕,1,39:음식점,1,제주특별자치도 서귀포시 서호로 40-1 (서호동),0,,1,"33.2576235257242,126.522831174436",0,,1,https://tong.visitkorea.or.kr/cms/resource/21/4002921_image2_1.jpg,0,,0,,0,,0,,0,,0,,0,,1,63569,0,,0,,0,,0,,0,,0,,0,,0,,0,,2b91c56fc7b5196bc828c9238081678ed31b26a21a318ac516580238a40ca35b,hank-place-field-audit-v1,Stage3 Firestore snapshot; live read blocked by RESOURCE_EXHAUSTED
1896,kto-4009593,제주김치스쿨,JEJU_CITY,jeju_city,제주시,38,쇼핑,spot,UNKNOWN,6,0,6,6,24,25,,1,제주김치스쿨,1,38:쇼핑,1,제주특별자치도 제주시 서해안로 136 (도두일동),0,,1,"33.5024496477088,126.464173013342",0,,1,https://tong.visitkorea.or.kr/cms/resource/53/4024253_image2_1.jpeg,0,,0,,0,,0,,0,,0,,0,,1,63112,0,,0,,0,,0,,0,,0,,0,,0,,0,,2b91c56fc7b5196bc828c9238081678ed31b26a21a318ac516580238a40ca35b,hank-place-field-audit-v1,Stage3 Firestore snapshot; live read blocked by RESOURCE_EXHAUSTED
1897,kto-4012413,블랙야크 제주점,JEJU_CITY,jeju_city,제주시,38,쇼핑,spot,UNKNOWN,6,0,6,6,24,25,,1,블랙야크 제주점,1,38:쇼핑,1,제주특별자치도 제주시 관덕로11길 27-1 (일도일동),0,,1,"33.515667245905,126.525422295579",0,,1,https://tong.visitkorea.or.kr/cms/resource/75/4024275_image2_1.jpeg,0,,0,,0,,0,,0,,0,,0,,1,63277,0,,0,,0,,0,,0,,0,,0,,0,,0,,2b91c56fc7b5196bc828c9238081678ed31b26a21a318ac516580238a40ca35b,hank-place-field-audit-v1,Stage3 Firestore snapshot; live read blocked by RESOURCE_EXHAUSTED
1898,kto-4013216,탠저비 한라병원점,JEJU_CITY,jeju_city,제주시,38,쇼핑,spot,UNKNOWN,6,0,6,6,24,25,,1,탠저비 한라병원점,1,38:쇼핑,1,"제주특별자치도 제주시 도령로 73 (연동, 연동 펠리체)",0,,1,"33.4901161837273,126.485948322561",0,,1,https://tong.visitkorea.or.kr/cms/resource/14/4024314_image2_1.jpeg,0,,0,,0,,0,,0,,0,,0,,1,63127,0,,0,,0,,0,,0,,0,,0,,0,,0,,2b91c56fc7b5196bc828c9238081678ed31b26a21a318ac516580238a40ca35b,hank-place-field-audit-v1,Stage3 Firestore snapshot; live read blocked by RESOURCE_EXHAUSTED
1899,kto-4013231,갤럭시 제주점,JEJU_CITY,jeju_city,제주시,38,쇼핑,spot,UNKNOWN,6,0,6,6,24,25,,1,갤럭시 제주점,1,38:쇼핑,1,제주특별자치도 제주시 연북로 259 (오라이동),0,,1,"33.4815139753064,126.509136801609",0,,1,https://tong.visitkorea.or.kr/cms/resource/19/4024819_image2_1.jpeg,0,,0,,0,,0,,0,,0,,0,,1,63145,0,,0,,0,,0,,0,,0,,0,,0,,0,,2b91c56fc7b5196bc828c9238081678ed31b26a21a318ac516580238a40ca35b,hank-place-field-audit-v1,Stage3 Firestore snapshot; live read blocked by RESOURCE_EXHAUSTED
1900,kto-4013241,링스스포츠,JEJU_CITY,jeju_city,제주시,38,쇼핑,spot,UNKNOWN,6,0,6,6,24,25,,1,링스스포츠,1,38:쇼핑,1,제주특별자치도 제주시 중앙로 60 (일도일동),0,,1,"33.512837715448,126.524440112964",0,,1,https://tong.visitkorea.or.kr/cms/resource/19/4024419_image2_1.jpeg,0,,0,,0,,0,,0,,0,,0,,1,63168,0,,0,,0,,0,,0,,0,,0,,0,,0,,2b91c56fc7b5196bc828c9238081678ed31b26a21a318ac516580238a40ca35b,hank-place-field-audit-v1,Stage3 Firestore snapshot; live read blocked by RESOURCE_EXHAUSTED
1901,kto-4026808,신화테마파크,SEOGWIPO_CITY,west,서부 (안덕),38,쇼핑,spot,UNKNOWN,6,0,6,6,24,25,,1,신화테마파크,1,38:쇼핑,1,제주특별자치도 서귀포시 안덕면 신화역사로304번길 98,0,,1,"33.3065311964764,126.307543154776",0,,1,https://tong.visitkorea.or.kr/cms/resource/66/4042066_image2_1.png,0,,0,,0,,0,,0,,0,,0,,1,63521,0,,0,,0,,0,,0,,0,,0,,0,,0,,2b91c56fc7b5196bc828c9238081678ed31b26a21a318ac516580238a40ca35b,hank-place-field-audit-v1,Stage3 Firestore snapshot; live read blocked by RESOURCE_EXHAUSTED
1902,kto-4026815,휠라키즈 서귀포점,SEOGWIPO_CITY,seogwipo,서귀포시,38,쇼핑,spot,UNKNOWN,6,0,6,6,24,25,,1,휠라키즈 서귀포점,1,38:쇼핑,1,제주특별자치도 서귀포시 중앙로 69 (서귀동),0,,1,"33.2507362088925,126.561079374369",0,,1,https://tong.visitkorea.or.kr/cms/resource/68/4042368_image2_1.png,0,,0,,0,,0,,0,,0,,0,,1,63592,0,,0,,0,,0,,0,,0,,0,,0,,0,,2b91c56fc7b5196bc828c9238081678ed31b26a21a318ac516580238a40ca35b,hank-place-field-audit-v1,Stage3 Firestore snapshot; live read blocked by RESOURCE_EXHAUSTED
1903,kto-4026817,호성이네 빛나는 선물가게,SEOGWIPO_CITY,seogwipo,서귀포시,38,쇼핑,spot,UNKNOWN,6,0,6,6,24,25,,1,호성이네 빛나는 선물가게,1,38:쇼핑,1,제주특별자치도 서귀포시 중앙로54번길 34 (서귀동),0,,1,"33.2495843440587,126.563452546323",0,,1,https://tong.visitkorea.or.kr/cms/resource/74/4045274_image2_1.jpg,0,,0,,0,,0,,0,,0,,0,,1,63591,0,,0,,0,,0,,0,,0,,0,,0,,0,,2b91c56fc7b5196bc828c9238081678ed31b26a21a318ac516580238a40ca35b,hank-place-field-audit-v1,Stage3 Firestore snapshot; live read blocked by RESOURCE_EXHAUSTED
1904,kto-4026830,오브젝트 제주점,JEJU_CITY,east,동부 (구좌),38,쇼핑,spot,UNKNOWN,6,0,6,6,24,25,,1,오브젝트 제주점,1,38:쇼핑,1,제주특별자치도 제주시 구좌읍 동복로 87,0,,1,"33.5534231894041,126.715696257598",0,,1,https://tong.visitkorea.or.kr/cms/resource/21/4045021_image2_1.png,0,,0,,0,,0,,0,,0,,0,,1,63347,0,,0,,0,,0,,0,,0,,0,,0,,0,,2b91c56fc7b5196bc828c9238081678ed31b26a21a318ac516580238a40ca35b,hank-place-field-audit-v1,Stage3 Firestore snapshot; live read blocked by RESOURCE_EXHAUSTED
1905,kto-4026834,다비치안경 신제주점,JEJU_CITY,jeju_city,제주시,38,쇼핑,spot,UNKNOWN,6,0,6,6,24,25,,1,다비치안경 신제주점,1,38:쇼핑,1,제주특별자치도 제주시 노연로 43 (노형동),0,,1,"33.4862387876833,126.484686728105",0,,1,https://tong.visitkorea.or.kr/cms/resource/74/4042074_image2_1.jpg,0,,0,,0,,0,,0,,0,,0,,1,63081,0,,0,,0,,0,,0,,0,,0,,0,,0,,2b91c56fc7b5196bc828c9238081678ed31b26a21a318ac516580238a40ca35b,hank-place-field-audit-v1,Stage3 Firestore snapshot; live read blocked by RESOURCE_EXHAUSTED
1906,kto-4026836,와이드앵글 신제주점,JEJU_CITY,jeju_city,제주시,38,쇼핑,spot,UNKNOWN,6,0,6,6,24,25,,1,와이드앵글 신제주점,1,38:쇼핑,1,제주특별자치도 제주시 노연로 94 (연동),0,,1,"33.4857110958867,126.490204421725",0,,1,https://tong.visitkorea.or.kr/cms/resource/59/4045059_image2_1.png,0,,0,,0,,0,,0,,0,,0,,1,63133,0,,0,,0,,0,,0,,0,,0,,0,,0,,2b91c56fc7b5196bc828c9238081678ed31b26a21a318ac516580238a40ca35b,hank-place-field-audit-v1,Stage3 Firestore snapshot; live read blocked by RESOURCE_EXHAUSTED
1907,kto-4026839,한국선간보,JEJU_CITY,jeju_city,제주시,38,쇼핑,spot,UNKNOWN,6,0,6,6,24,25,,1,한국선간보,1,38:쇼핑,1,제주특별자치도 제주시 도리로 111 (이호일동),0,,1,"33.5014840558179,126.463279504351",0,,1,https://tong.visitkorea.or.kr/cms/resource/66/4045066_image2_1.png,0,,0,,0,,0,,0,,0,,0,,1,63108,0,,0,,0,,0,,0,,0,,0,,0,,0,,2b91c56fc7b5196bc828c9238081678ed31b26a21a318ac516580238a40ca35b,hank-place-field-audit-v1,Stage3 Firestore snapshot; live read blocked by RESOURCE_EXHAUSTED
1908,kto-4026844,정관장 연동점,JEJU_CITY,jeju_city,제주시,38,쇼핑,spot,UNKNOWN,6,0,6,6,24,25,,1,정관장 연동점,1,38:쇼핑,1,제주특별자치도 제주시 삼무로 52 (연동),0,,1,"33.4896424620914,126.492218293124",0,,1,https://tong.visitkorea.or.kr/cms/resource/31/4045731_image2_1.jpg,0,,0,,0,,0,,0,,0,,0,,1,63124,0,,0,,0,,0,,0,,0,,0,,0,,0,,2b91c56fc7b5196bc828c9238081678ed31b26a21a318ac516580238a40ca35b,hank-place-field-audit-v1,Stage3 Firestore snapshot; live read blocked by RESOURCE_EXHAUSTED
1909,kto-4026853,블랙야크키즈 제주점,JEJU_CITY,jeju_city,제주시,38,쇼핑,spot,UNKNOWN,6,0,6,6,24,25,,1,블랙야크키즈 제주점,1,38:쇼핑,1,제주특별자치도 제주시 연북로 21 (노형동),0,,1,"33.4824009588886,126.483555411697",0,,1,https://tong.visitkorea.or.kr/cms/resource/30/4044230_image2_1.png,0,,0,,0,,0,,0,,0,,0,,1,63084,0,,0,,0,,0,,0,,0,,0,,0,,0,,2b91c56fc7b5196bc828c9238081678ed31b26a21a318ac516580238a40ca35b,hank-place-field-audit-v1,Stage3 Firestore snapshot; live read blocked by RESOURCE_EXHAUSTED
1910,kto-4026856,한국인삼백화점,JEJU_CITY,jeju_city,제주시,38,쇼핑,spot,UNKNOWN,6,0,6,6,24,25,,1,한국인삼백화점,1,38:쇼핑,1,제주특별자치도 제주시 연삼로 3 (연동),0,,1,"33.4940460849342,126.492917648102",0,,1,https://tong.visitkorea.or.kr/cms/resource/63/4045963_image2_1.jpg,0,,0,,0,,0,,0,,0,,0,,1,63117,0,,0,,0,,0,,0,,0,,0,,0,,0,,2b91c56fc7b5196bc828c9238081678ed31b26a21a318ac516580238a40ca35b,hank-place-field-audit-v1,Stage3 Firestore snapshot; live read blocked by RESOURCE_EXHAUSTED
1911,kto-4026857,삼성스토어 제주인화,JEJU_CITY,jeju_city,제주시,38,쇼핑,spot,UNKNOWN,6,0,6,6,24,25,,1,삼성스토어 제주인화,1,38:쇼핑,1,제주특별자치도 제주시 연삼로 633 (건입동),0,,1,"33.5071030859558,126.554775045425",0,,1,https://tong.visitkorea.or.kr/cms/resource/67/4042267_image2_1.png,0,,0,,0,,0,,0,,0,,0,,1,63307,0,,0,,0,,0,,0,,0,,0,,0,,0,,2b91c56fc7b5196bc828c9238081678ed31b26a21a318ac516580238a40ca35b,hank-place-field-audit-v1,Stage3 Firestore snapshot; live read blocked by RESOURCE_EXHAUSTED
1912,kto-4026859,정관장 노형점,JEJU_CITY,jeju_city,제주시,38,쇼핑,spot,UNKNOWN,6,0,6,6,24,25,,1,정관장 노형점,1,38:쇼핑,1,제주특별자치도 제주시 월랑로 13 (노형동),0,,1,"33.4870314567262,126.477578042735",0,,1,https://tong.visitkorea.or.kr/cms/resource/67/4045067_image2_1.png,0,,0,,0,,0,,0,,0,,0,,1,63099,0,,0,,0,,0,,0,,0,,0,,0,,0,,2b91c56fc7b5196bc828c9238081678ed31b26a21a318ac516580238a40ca35b,hank-place-field-audit-v1,Stage3 Firestore snapshot; live read blocked by RESOURCE_EXHAUSTED
1913,kto-4053764,담소요,SEOGWIPO_CITY,seogwipo,서귀포시,39,음식점,food,UNKNOWN,6,0,6,6,24,25,,1,담소요,1,39:음식점,1,제주특별자치도 서귀포시 남원읍 신례천로 193,0,,1,"33.2996250887575,126.6243207151",0,,1,https://tong.visitkorea.or.kr/cms/resource/60/4053760_image2_1.jpg,0,,0,,0,,0,,0,,0,,0,,1,63608,0,,0,,0,,0,,0,,0,,0,,0,,0,,2b91c56fc7b5196bc828c9238081678ed31b26a21a318ac516580238a40ca35b,hank-place-field-audit-v1,Stage3 Firestore snapshot; live read blocked by RESOURCE_EXHAUSTED
1914,kto-4054639,시인이생진시비거리,SEOGWIPO_CITY,east,동부 (성산),12,관광지,spot,UNKNOWN,6,0,6,6,24,25,,1,시인이생진시비거리,1,12:관광지,1,제주 서귀포시 성산읍 성산리 305-1,0,,1,"33.467033,126.935946",0,,1,https://tong.visitkorea.or.kr/cms/resource/40/4054640_image2_1.jpg,0,,0,,0,,0,,0,,0,,0,,1,699903,0,,0,,0,,0,,0,,0,,0,,0,,0,,2b91c56fc7b5196bc828c9238081678ed31b26a21a318ac516580238a40ca35b,hank-place-field-audit-v1,Stage3 Firestore snapshot; live read blocked by RESOURCE_EXHAUSTED
1915,kto-4055439,카페 어림비,JEJU_CITY,west,서부 (애월),39,음식점,cafe,UNKNOWN,6,0,6,6,24,25,,1,카페 어림비,1,39:음식점,1,제주특별자치도 제주시 애월읍 어림비로 300-14,0,,1,"33.4072120312608,126.334024756053",0,,1,https://tong.visitkorea.or.kr/cms/resource/85/4055085_image2_1.jpg,0,,0,,0,,0,,0,,0,,0,,1,63038,0,,0,,0,,0,,0,,0,,0,,0,,0,,2b91c56fc7b5196bc828c9238081678ed31b26a21a318ac516580238a40ca35b,hank-place-field-audit-v1,Stage3 Firestore snapshot; live read blocked by RESOURCE_EXHAUSTED
1916,kto-4056853,애월전당포,JEJU_CITY,west,서부 (애월),39,음식점,food,UNKNOWN,6,0,6,6,24,25,,1,애월전당포,1,39:음식점,1,제주특별자치도 제주시 애월읍 애월로 117,0,,1,"33.4647213162589,126.32006438561",0,,1,https://tong.visitkorea.or.kr/cms/resource/49/4056849_image2_1.jpg,0,,0,,0,,0,,0,,0,,0,,1,63043,0,,0,,0,,0,,0,,0,,0,,0,,0,,2b91c56fc7b5196bc828c9238081678ed31b26a21a318ac516580238a40ca35b,hank-place-field-audit-v1,Stage3 Firestore snapshot; live read blocked by RESOURCE_EXHAUSTED
1917,kto-4057186,뚜띠콜로리 뮤제오,JEJU_CITY,west,서부 (애월),38,쇼핑,spot,UNKNOWN,6,0,6,6,24,25,,1,뚜띠콜로리 뮤제오,1,38:쇼핑,1,제주특별자치도 제주시 애월읍 장전로 109-12,0,,1,"33.4518970262277,126.389788617726",0,,1,https://tong.visitkorea.or.kr/cms/resource/52/4057152_image2_1.jpg,0,,0,,0,,0,,0,,0,,0,,1,63055,0,,0,,0,,0,,0,,0,,0,,0,,0,,2b91c56fc7b5196bc828c9238081678ed31b26a21a318ac516580238a40ca35b,hank-place-field-audit-v1,Stage3 Firestore snapshot; live read blocked by RESOURCE_EXHAUSTED
1918,kto-4057215,회수다옥,SEOGWIPO_CITY,seogwipo,서귀포시,39,음식점,food,UNKNOWN,6,0,6,6,24,25,,1,회수다옥,1,39:음식점,1,제주특별자치도 서귀포시 1100로 453-38 (회수동),0,,1,"33.28626052,126.4508562411",0,,1,https://tong.visitkorea.or.kr/cms/resource/35/4056735_image2_1.jpg,0,,0,,0,,0,,0,,0,,0,,1,63551,0,,0,,0,,0,,0,,0,,0,,0,,0,,2b91c56fc7b5196bc828c9238081678ed31b26a21a318ac516580238a40ca35b,hank-place-field-audit-v1,Stage3 Firestore snapshot; live read blocked by RESOURCE_EXHAUSTED
1919,kto-4057731,제주책방·사랑방,JEJU_CITY,jeju_city,제주시,14,문화시설,spot,UNKNOWN,6,0,6,6,24,25,,1,제주책방·사랑방,1,14:문화시설,1,제주특별자치도 제주시 관덕로17길 27-1 (일도일동),0,,1,"33.5149162874,126.5283194776",0,,1,https://tong.visitkorea.or.kr/cms/resource/12/4057712_image2_1.jpg,0,,0,,0,,0,,0,,0,,0,,1,63277,0,,0,,0,,0,,0,,0,,0,,0,,0,,2b91c56fc7b5196bc828c9238081678ed31b26a21a318ac516580238a40ca35b,hank-place-field-audit-v1,Stage3 Firestore snapshot; live read blocked by RESOURCE_EXHAUSTED
1920,kto-4057922,건입박물관,JEJU_CITY,jeju_city,제주시,14,문화시설,spot,UNKNOWN,6,0,6,6,24,25,,1,건입박물관,1,14:문화시설,1,제주특별자치도 제주시 산지로 5-14 (건입동),0,,1,"33.5159813698533,126.530845054356",0,,1,https://tong.visitkorea.or.kr/cms/resource/93/4057893_image2_1.jpg,0,,0,,0,,0,,0,,0,,0,,1,63278,0,,0,,0,,0,,0,,0,,0,,0,,0,,2b91c56fc7b5196bc828c9238081678ed31b26a21a318ac516580238a40ca35b,hank-place-field-audit-v1,Stage3 Firestore snapshot; live read blocked by RESOURCE_EXHAUSTED
1921,kto-4057941,제주물사랑홍보관,JEJU_CITY,jeju_city,제주시,14,문화시설,spot,UNKNOWN,6,0,6,6,24,25,,1,제주물사랑홍보관,1,14:문화시설,1,제주특별자치도 제주시 산지로 5-16 (건입동),0,,1,"33.5155645236088,126.531024685825",0,,1,https://tong.visitkorea.or.kr/cms/resource/30/4057930_image2_1.jpg,0,,0,,0,,0,,0,,0,,0,,1,63278,0,,0,,0,,0,,0,,0,,0,,0,,0,,2b91c56fc7b5196bc828c9238081678ed31b26a21a318ac516580238a40ca35b,hank-place-field-audit-v1,Stage3 Firestore snapshot; live read blocked by RESOURCE_EXHAUSTED
1922,kto-4058180,우뭇개해안,SEOGWIPO_CITY,east,동부 (성산),12,관광지,spot,UNKNOWN,6,0,6,6,24,25,,1,우뭇개해안,1,12:관광지,1,제주특별자치도 서귀포시 성산읍 성산리,0,,1,"33.46229,126.939029",0,,1,https://tong.visitkorea.or.kr/cms/resource/72/4058172_image2_1.jpg,0,,0,,0,,0,,0,,0,,0,,1,63643,0,,0,,0,,0,,0,,0,,0,,0,,0,,2b91c56fc7b5196bc828c9238081678ed31b26a21a318ac516580238a40ca35b,hank-place-field-audit-v1,Stage3 Firestore snapshot; live read blocked by RESOURCE_EXHAUSTED
1923,kto-4058357,책방 소리소문,JEJU_CITY,west,서부 (한경),38,쇼핑,spot,UNKNOWN,6,0,6,6,24,25,,1,책방 소리소문,1,38:쇼핑,1,제주특별자치도 제주시 한경면 저지동길 8-31,0,,1,"33.3325842923743,126.259522468691",0,,1,https://tong.visitkorea.or.kr/cms/resource/94/4058294_image2_1.jpg,0,,0,,0,,0,,0,,0,,0,,1,63005,0,,0,,0,,0,,0,,0,,0,,0,,0,,2b91c56fc7b5196bc828c9238081678ed31b26a21a318ac516580238a40ca35b,hank-place-field-audit-v1,Stage3 Firestore snapshot; live read blocked by RESOURCE_EXHAUSTED
1924,kto-4058390,신라스테이 플러스 이호테우,JEJU_CITY,jeju_city,제주시,32,숙박,stay,UNKNOWN,6,0,6,6,24,25,,1,신라스테이 플러스 이호테우,1,32:숙박,1,제주특별자치도 제주시 연대마을길 76 (외도이동),0,,1,"33.4928286939994,126.421984587718",0,,1,https://tong.visitkorea.or.kr/cms/resource/88/4058388_image2_1.jpg,0,,0,,0,,0,,0,,0,,0,,1,63068,0,,0,,0,,0,,0,,0,,0,,0,,0,,2b91c56fc7b5196bc828c9238081678ed31b26a21a318ac516580238a40ca35b,hank-place-field-audit-v1,Stage3 Firestore snapshot; live read blocked by RESOURCE_EXHAUSTED
1925,kto-4060735,하르방식당,SEOGWIPO_CITY,seogwipo,서귀포시,39,음식점,food,UNKNOWN,6,0,6,6,24,25,,1,하르방식당,1,39:음식점,1,제주특별자치도 서귀포시 태평로353번길 11 (서귀동),0,,1,"33.2470816098434,126.560103683633",0,,1,https://tong.visitkorea.or.kr/cms/resource/31/4060731_image2_1.jpg,0,,0,,0,,0,,0,,0,,0,,1,63592,0,,0,,0,,0,,0,,0,,0,,0,,0,,2b91c56fc7b5196bc828c9238081678ed31b26a21a318ac516580238a40ca35b,hank-place-field-audit-v1,Stage3 Firestore snapshot; live read blocked by RESOURCE_EXHAUSTED
1926,kto-4060785,이끼숲소길,JEJU_CITY,west,서부 (애월),39,음식점,food,UNKNOWN,6,0,6,6,24,25,,1,이끼숲소길,1,39:음식점,1,제주특별자치도 제주시 애월읍 장소로 621,0,,1,"33.399481181624,126.389440763927",0,,1,https://tong.visitkorea.or.kr/cms/resource/84/4060684_image2_1.jpg,0,,0,,0,,0,,0,,0,,0,,1,63042,0,,0,,0,,0,,0,,0,,0,,0,,0,,2b91c56fc7b5196bc828c9238081678ed31b26a21a318ac516580238a40ca35b,hank-place-field-audit-v1,Stage3 Firestore snapshot; live read blocked by RESOURCE_EXHAUSTED
1927,kto-4060957,하리보 해피월드,JEJU_CITY,jeju_city,제주시,14,문화시설,spot,UNKNOWN,6,0,6,6,24,25,,1,하리보 해피월드,1,14:문화시설,1,제주특별자치도 제주시 아연로 444-1 (오등동),0,,1,"33.4738817185569,126.528770546154",0,,1,https://tong.visitkorea.or.kr/cms/resource/45/4060945_image2_1.jpg,0,,0,,0,,0,,0,,0,,0,,1,63240,0,,0,,0,,0,,0,,0,,0,,0,,0,,2b91c56fc7b5196bc828c9238081678ed31b26a21a318ac516580238a40ca35b,hank-place-field-audit-v1,Stage3 Firestore snapshot; live read blocked by RESOURCE_EXHAUSTED
1928,kto-4061120,아라동 치유의 숲,JEJU_CITY,jeju_city,제주시,12,관광지,spot,UNKNOWN,6,0,6,6,24,25,,1,아라동 치유의 숲,1,12:관광지,1,제주특별자치도 제주시 아라일동 산31-8,0,,1,"33.443987,126.555575",0,,1,https://tong.visitkorea.or.kr/cms/resource/87/4061087_image2_1.jpg,0,,0,,0,,0,,0,,0,,0,,1,690121,0,,0,,0,,0,,0,,0,,0,,0,,0,,2b91c56fc7b5196bc828c9238081678ed31b26a21a318ac516580238a40ca35b,hank-place-field-audit-v1,Stage3 Firestore snapshot; live read blocked by RESOURCE_EXHAUSTED
1929,kto-4063148,수산저수지,JEJU_CITY,west,서부 (애월),12,관광지,spot,UNKNOWN,6,0,6,6,24,25,,1,수산저수지,1,12:관광지,1,제주특별자치도 제주시 애월읍 수산리,0,,1,"33.471222,126.387528",0,,1,https://tong.visitkorea.or.kr/cms/resource/34/4063134_image2_1.jpg,0,,0,,0,,0,,0,,0,,0,,1,63049,0,,0,,0,,0,,0,,0,,0,,0,,0,,2b91c56fc7b5196bc828c9238081678ed31b26a21a318ac516580238a40ca35b,hank-place-field-audit-v1,Stage3 Firestore snapshot; live read blocked by RESOURCE_EXHAUSTED
1930,kto-4063885,안친오름,JEJU_CITY,east,동부 (구좌),12,관광지,spot,UNKNOWN,6,0,6,6,24,25,,1,안친오름,1,12:관광지,1,제주특별자치도 제주시 구좌읍 송당리 880-1,0,,1,"33.478751,126.785714",0,,1,https://tong.visitkorea.or.kr/cms/resource/72/4063872_image2_1.jpg,0,,0,,0,,0,,0,,0,,0,,1,63355,0,,0,,0,,0,,0,,0,,0,,0,,0,,2b91c56fc7b5196bc828c9238081678ed31b26a21a318ac516580238a40ca35b,hank-place-field-audit-v1,Stage3 Firestore snapshot; live read blocked by RESOURCE_EXHAUSTED
1931,kto-4068781,뽈살집 본점,SEOGWIPO_CITY,seogwipo,서귀포시,39,음식점,food,UNKNOWN,6,0,6,6,24,25,,1,뽈살집 본점,1,39:음식점,1,제주특별자치도 서귀포시 중정로91번길 41 (서귀동),0,,1,"33.2508287213035,126.562847146656",0,,1,https://tong.visitkorea.or.kr/cms/resource/97/4066997_image2_1.jpg,0,,0,,0,,0,,0,,0,,0,,1,63591,0,,0,,0,,0,,0,,0,,0,,0,,0,,2b91c56fc7b5196bc828c9238081678ed31b26a21a318ac516580238a40ca35b,hank-place-field-audit-v1,Stage3 Firestore snapshot; live read blocked by RESOURCE_EXHAUSTED
1932,kto-4071126,핀스,SEOGWIPO_CITY,west,서부 (대정),39,음식점,food,UNKNOWN,6,0,6,6,24,25,,1,핀스,1,39:음식점,1,제주특별자치도 서귀포시 대정읍 노을해안로532번길 8,0,,1,"33.2635820339,126.1822142971",0,,1,https://tong.visitkorea.or.kr/cms/resource/03/4070603_image2_1.jpg,0,,0,,0,,0,,0,,0,,0,,1,63501,0,,0,,0,,0,,0,,0,,0,,0,,0,,2b91c56fc7b5196bc828c9238081678ed31b26a21a318ac516580238a40ca35b,hank-place-field-audit-v1,Stage3 Firestore snapshot; live read blocked by RESOURCE_EXHAUSTED
1933,kto-4071128,뿔소라공원,SEOGWIPO_CITY,west,서부 (대정),12,관광지,spot,UNKNOWN,6,0,6,6,24,25,,1,뿔소라공원,1,12:관광지,1,제주특별자치도 서귀포시 대정읍 신도리 3125-5,0,,1,"33.273677,126.171961",0,,1,https://tong.visitkorea.or.kr/cms/resource/98/4070598_image2_1.jpg,0,,0,,0,,0,,0,,0,,0,,1,63500,0,,0,,0,,0,,0,,0,,0,,0,,0,,2b91c56fc7b5196bc828c9238081678ed31b26a21a318ac516580238a40ca35b,hank-place-field-audit-v1,Stage3 Firestore snapshot; live read blocked by RESOURCE_EXHAUSTED
1934,kto-4073368,향사당,JEJU_CITY,jeju_city,제주시,12,관광지,spot,UNKNOWN,6,0,6,6,24,25,,1,향사당,1,12:관광지,1,제주특별자치도 제주시 중앙로12길 29 (삼도이동),0,,1,"33.5120459469,126.5216321815",0,,1,https://tong.visitkorea.or.kr/cms/resource/77/4072177_image2_1.jpeg,0,,0,,0,,0,,0,,0,,0,,1,63168,0,,0,,0,,0,,0,,0,,0,,0,,0,,2b91c56fc7b5196bc828c9238081678ed31b26a21a318ac516580238a40ca35b,hank-place-field-audit-v1,Stage3 Firestore snapshot; live read blocked by RESOURCE_EXHAUSTED
1935,kto-4073374,음파,JEJU_CITY,jeju_city,제주시,39,음식점,food,UNKNOWN,6,0,6,6,24,25,,1,음파,1,39:음식점,1,제주특별자치도 제주시 관덕로4길 6 (삼도이동),0,,1,"33.5124374574,126.5211524708",0,,1,https://tong.visitkorea.or.kr/cms/resource/70/4072170_image2_1.jpg,0,,0,,0,,0,,0,,0,,0,,1,63168,0,,0,,0,,0,,0,,0,,0,,0,,0,,2b91c56fc7b5196bc828c9238081678ed31b26a21a318ac516580238a40ca35b,hank-place-field-audit-v1,Stage3 Firestore snapshot; live read blocked by RESOURCE_EXHAUSTED
1936,kto-4074622,연호제 구내식당,JEJU_CITY,jeju_city,제주시,39,음식점,food,UNKNOWN,6,0,6,6,24,25,,1,연호제 구내식당,1,39:음식점,1,제주특별자치도 제주시 산지로 5 (건입동),0,,1,"33.5161703617,126.5306357603",0,,1,https://tong.visitkorea.or.kr/cms/resource/96/4074296_image2_1.jpg,0,,0,,0,,0,,0,,0,,0,,1,63278,0,,0,,0,,0,,0,,0,,0,,0,,0,,2b91c56fc7b5196bc828c9238081678ed31b26a21a318ac516580238a40ca35b,hank-place-field-audit-v1,Stage3 Firestore snapshot; live read blocked by RESOURCE_EXHAUSTED
1937,kto-4075750,보말칼국수 해월정,JEJU_CITY,east,동부 (구좌),39,음식점,food,UNKNOWN,6,0,6,6,24,25,,1,보말칼국수 해월정,1,39:음식점,1,제주특별자치도 제주시 구좌읍 해맞이해안로 2340,0,,1,"33.4922552414,126.909632791",0,,1,https://tong.visitkorea.or.kr/cms/resource/22/4075322_image2_1.jpg,0,,0,,0,,0,,0,,0,,0,,1,63364,0,,0,,0,,0,,0,,0,,0,,0,,0,,2b91c56fc7b5196bc828c9238081678ed31b26a21a318ac516580238a40ca35b,hank-place-field-audit-v1,Stage3 Firestore snapshot; live read blocked by RESOURCE_EXHAUSTED
1938,kto-4078062,족은노꼬메오름,JEJU_CITY,west,서부 (애월),12,관광지,spot,UNKNOWN,6,0,6,6,24,25,,1,족은노꼬메오름,1,12:관광지,1,제주특별자치도 제주시 애월읍 유수암리 산138,0,,1,"33.3937,126.418",0,,1,https://tong.visitkorea.or.kr/cms/resource/58/4078058_image2_1.jpg,0,,0,,0,,0,,0,,0,,0,,1,695916,0,,0,,0,,0,,0,,0,,0,,0,,0,,2b91c56fc7b5196bc828c9238081678ed31b26a21a318ac516580238a40ca35b,hank-place-field-audit-v1,Stage3 Firestore snapshot; live read blocked by RESOURCE_EXHAUSTED
1939,kto-4081269,파르나스 호텔 제주,SEOGWIPO_CITY,seogwipo,서귀포시,32,숙박,stay,UNKNOWN,6,0,6,6,24,25,,1,파르나스 호텔 제주,1,32:숙박,1,제주특별자치도 서귀포시 중문관광로72번길 100 (색달동),0,,1,"33.244169395,126.4055743672",0,,1,https://tong.visitkorea.or.kr/cms/resource/80/4081280_image2_1.jpg,0,,0,,0,,0,,0,,0,,0,,1,63535,0,,0,,0,,0,,0,,0,,0,,0,,0,,2b91c56fc7b5196bc828c9238081678ed31b26a21a318ac516580238a40ca35b,hank-place-field-audit-v1,Stage3 Firestore snapshot; live read blocked by RESOURCE_EXHAUSTED
1940,kto-4091197,흘아카이브,JEJU_CITY,east,동부 (조천),12,관광지,spot,UNKNOWN,6,0,6,6,24,25,,1,흘아카이브,1,12:관광지,1,제주특별자치도 제주시 조천읍 선진길 88,0,,1,"33.4580967783,126.7109921676",0,,1,https://tong.visitkorea.or.kr/cms/resource/75/4090175_image2_1.jpg,0,,0,,0,,0,,0,,0,,0,,1,63341,0,,0,,0,,0,,0,,0,,0,,0,,0,,2b91c56fc7b5196bc828c9238081678ed31b26a21a318ac516580238a40ca35b,hank-place-field-audit-v1,Stage3 Firestore snapshot; live read blocked by RESOURCE_EXHAUSTED
1941,kto-4093735,오르머,JEJU_CITY,east,동부 (구좌),38,쇼핑,spot,UNKNOWN,6,0,6,6,24,25,,1,오르머,1,38:쇼핑,1,제주특별자치도 제주시 구좌읍 비자림로 1661-13,0,,1,"33.4567756749,126.7718735675",0,,1,https://tong.visitkorea.or.kr/cms/resource/42/4093342_image2_1.jpg,0,,0,,0,,0,,0,,0,,0,,1,63355,0,,0,,0,,0,,0,,0,,0,,0,,0,,2b91c56fc7b5196bc828c9238081678ed31b26a21a318ac516580238a40ca35b,hank-place-field-audit-v1,Stage3 Firestore snapshot; live read blocked by RESOURCE_EXHAUSTED
1942,kto-126665,서귀포잠수함,SEOGWIPO_CITY,seogwipo,서귀포시,12,관광지,spot,UNKNOWN,5,0,5,5,24,20.83,,1,서귀포잠수함,1,12:관광지,1,제주특별자치도 서귀포시 남성중로 40 (서홍동),0,,1,"33.239237,126.558636",0,,0,,0,,0,,0,,0,,0,,0,,0,,1,63594,0,,0,,0,,0,,0,,0,,0,,0,,0,,2b91c56fc7b5196bc828c9238081678ed31b26a21a318ac516580238a40ca35b,hank-place-field-audit-v1,Stage3 Firestore snapshot; live read blocked by RESOURCE_EXHAUSTED
1943,kto-127479,제주절물자연휴양림,JEJU_CITY,jeju_city,제주시,12,관광지,spot,UNKNOWN,5,0,5,5,24,20.83,,1,제주절물자연휴양림,1,12:관광지,1,제주특별자치도 제주시 명림로 584,0,,1,"33.4400774642,126.6252156649",0,,0,,0,,0,,0,,0,,0,,0,,0,,1,63313,0,,0,,0,,0,,0,,0,,0,,0,,0,,2b91c56fc7b5196bc828c9238081678ed31b26a21a318ac516580238a40ca35b,hank-place-field-audit-v1,Stage3 Firestore snapshot; live read blocked by RESOURCE_EXHAUSTED
1944,kto-129455,제주 삼양동 유적,JEJU_CITY,jeju_city,제주시,12,관광지,spot,UNKNOWN,5,0,5,5,24,20.83,,1,제주 삼양동 유적,1,12:관광지,1,제주특별자치도 제주시 선사로2길 13,0,,1,"33.5232668738,126.5877845121",0,,0,,0,,0,,0,,0,,0,,0,,0,,1,63318,0,,0,,0,,0,,0,,0,,0,,0,,0,,2b91c56fc7b5196bc828c9238081678ed31b26a21a318ac516580238a40ca35b,hank-place-field-audit-v1,Stage3 Firestore snapshot; live read blocked by RESOURCE_EXHAUSTED
1945,kto-131836,네모바지선,SEOGWIPO_CITY,seogwipo,서귀포시,28,레포츠,spot,UNKNOWN,5,0,5,5,24,20.83,,1,네모바지선,1,28:레포츠,1,제주특별자치도 서귀포시 칠십리로 61 (서귀동),0,,1,"33.2400489654788,126.562759604456",0,,0,,0,,0,,0,,0,,0,,0,,0,,1,63596,0,,0,,0,,0,,0,,0,,0,,0,,0,,2b91c56fc7b5196bc828c9238081678ed31b26a21a318ac516580238a40ca35b,hank-place-field-audit-v1,Stage3 Firestore snapshot; live read blocked by RESOURCE_EXHAUSTED
1946,kto-133258,도라지식당,JEJU_CITY,jeju_city,제주시,39,음식점,food,UNKNOWN,5,0,5,5,24,20.83,,1,도라지식당,1,39:음식점,1,제주특별자치도 제주시 연삼로 128,0,,1,"33.4927114054,126.50594983",0,,0,,0,,0,,0,,0,,0,,0,,0,,1,63145,0,,0,,0,,0,,0,,0,,0,,0,,0,,2b91c56fc7b5196bc828c9238081678ed31b26a21a318ac516580238a40ca35b,hank-place-field-audit-v1,Stage3 Firestore snapshot; live read blocked by RESOURCE_EXHAUSTED
1947,kto-133990,큰갯물횟집,SEOGWIPO_CITY,seogwipo,서귀포시,39,음식점,food,UNKNOWN,5,0,5,5,24,20.83,,1,큰갯물횟집,1,39:음식점,1,제주특별자치도 서귀포시 대포로 161,0,,1,"33.2393863926313,126.438215964584",0,,0,,0,,0,,0,,0,,0,,0,,0,,1,63544,0,,0,,0,,0,,0,,0,,0,,0,,0,,2b91c56fc7b5196bc828c9238081678ed31b26a21a318ac516580238a40ca35b,hank-place-field-audit-v1,Stage3 Firestore snapshot; live read blocked by RESOURCE_EXHAUSTED
1948,kto-135919,돔베돈,JEJU_CITY,jeju_city,제주시,39,음식점,food,UNKNOWN,5,0,5,5,24,20.83,,1,돔베돈,1,39:음식점,1,제주특별자치도 제주시 관덕로15길 25,0,,1,"33.5155647604,126.5266586225",0,,0,,0,,0,,0,,0,,0,,0,,0,,1,63277,0,,0,,0,,0,,0,,0,,0,,0,,0,,2b91c56fc7b5196bc828c9238081678ed31b26a21a318ac516580238a40ca35b,hank-place-field-audit-v1,Stage3 Firestore snapshot; live read blocked by RESOURCE_EXHAUSTED
1949,kto-137368,켄싱턴리조트 제주한림,JEJU_CITY,west,서부 (한림),32,숙박,stay,UNKNOWN,5,0,5,5,24,20.83,,1,켄싱턴리조트 제주한림,1,32:숙박,1,제주특별자치도 제주시 한림읍 한림해안로 530,0,,1,"33.4357887313025,126.274482325683",0,,0,,0,,0,,0,,0,,0,,0,,0,,1,63024,0,,0,,0,,0,,0,,0,,0,,0,,0,,2b91c56fc7b5196bc828c9238081678ed31b26a21a318ac516580238a40ca35b,hank-place-field-audit-v1,Stage3 Firestore snapshot; live read blocked by RESOURCE_EXHAUSTED
1950,kto-138594,솔바람풍경소리,SEOGWIPO_CITY,seogwipo,서귀포시,32,숙박,stay,UNKNOWN,5,0,5,5,24,20.83,,1,솔바람풍경소리,1,32:숙박,1,제주특별자치도 서귀포시 남원읍 태수로143번길 132-37,0,,1,"33.2905072524633,126.724421594447",0,,0,,0,,0,,0,,0,,0,,0,,0,,1,63617,0,,0,,0,,0,,0,,0,,0,,0,,0,,2b91c56fc7b5196bc828c9238081678ed31b26a21a318ac516580238a40ca35b,hank-place-field-audit-v1,Stage3 Firestore snapshot; live read blocked by RESOURCE_EXHAUSTED
1951,kto-142943,제주 퍼시픽 호텔,JEJU_CITY,jeju_city,제주시,32,숙박,stay,UNKNOWN,5,0,5,5,24,20.83,,1,제주 퍼시픽 호텔,1,32:숙박,1,제주특별자치도 제주시 서사로 20,0,,1,"33.5106616793836,126.518860657615",0,,0,,0,,0,,0,,0,,0,,0,,0,,1,63154,0,,0,,0,,0,,0,,0,,0,,0,,0,,2b91c56fc7b5196bc828c9238081678ed31b26a21a318ac516580238a40ca35b,hank-place-field-audit-v1,Stage3 Firestore snapshot; live read blocked by RESOURCE_EXHAUSTED
1952,kto-232284,제주애 펜션,SEOGWIPO_CITY,east,동부 (성산),32,숙박,stay,UNKNOWN,5,0,5,5,24,20.83,,1,제주애 펜션,1,32:숙박,1,제주특별자치도 서귀포시 성산읍 일주동로 5047,0,,1,"33.3851904426305,126.880149430141",0,,0,,0,,0,,0,,0,,0,,0,,0,,1,63634,0,,0,,0,,0,,0,,0,,0,,0,,0,,2b91c56fc7b5196bc828c9238081678ed31b26a21a318ac516580238a40ca35b,hank-place-field-audit-v1,Stage3 Firestore snapshot; live read blocked by RESOURCE_EXHAUSTED
1953,kto-404128,금강민물장어,SEOGWIPO_CITY,seogwipo,서귀포시,39,음식점,food,UNKNOWN,5,0,5,5,24,20.83,,1,금강민물장어,1,39:음식점,1,제주특별자치도 서귀포시 일주동로 8597,0,,1,"33.2543165395,126.5695496912",0,,0,,0,,0,,0,,0,,0,,0,,0,,1,63589,0,,0,,0,,0,,0,,0,,0,,0,,0,,2b91c56fc7b5196bc828c9238081678ed31b26a21a318ac516580238a40ca35b,hank-place-field-audit-v1,Stage3 Firestore snapshot; live read blocked by RESOURCE_EXHAUSTED
1954,kto-404135,대우정,SEOGWIPO_CITY,seogwipo,서귀포시,39,음식점,food,UNKNOWN,5,0,5,5,24,20.83,,1,대우정,1,39:음식점,1,제주특별자치도 서귀포시 이어도로 866-37,0,,1,"33.2330187782401,126.506865293603",0,,0,,0,,0,,0,,0,,0,,0,,0,,1,63573,0,,0,,0,,0,,0,,0,,0,,0,,0,,2b91c56fc7b5196bc828c9238081678ed31b26a21a318ac516580238a40ca35b,hank-place-field-audit-v1,Stage3 Firestore snapshot; live read blocked by RESOURCE_EXHAUSTED
1955,kto-404173,장수해장국,SEOGWIPO_CITY,seogwipo,서귀포시,39,음식점,food,UNKNOWN,5,0,5,5,24,20.83,,1,장수해장국,1,39:음식점,1,제주특별자치도 서귀포시 천제연로 152,0,,1,"33.2525401479201,126.421039485757",0,,0,,0,,0,,0,,0,,0,,0,,0,,1,63546,0,,0,,0,,0,,0,,0,,0,,0,,0,,2b91c56fc7b5196bc828c9238081678ed31b26a21a318ac516580238a40ca35b,hank-place-field-audit-v1,Stage3 Firestore snapshot; live read blocked by RESOURCE_EXHAUSTED
1956,kto-404209,어장군,JEJU_CITY,jeju_city,제주시,39,음식점,food,UNKNOWN,5,0,5,5,24,20.83,,1,어장군,1,39:음식점,1,제주특별자치도 제주시 신대로 72,0,,1,"33.4909364471,126.4962284931",0,,0,,0,,0,,0,,0,,0,,0,,0,,1,63125,0,,0,,0,,0,,0,,0,,0,,0,,0,,2b91c56fc7b5196bc828c9238081678ed31b26a21a318ac516580238a40ca35b,hank-place-field-audit-v1,Stage3 Firestore snapshot; live read blocked by RESOURCE_EXHAUSTED
1957,kto-599863,동복해녀식당,JEJU_CITY,east,동부 (구좌),39,음식점,food,UNKNOWN,5,0,5,5,24,20.83,,1,동복해녀식당,1,39:음식점,1,제주특별자치도 제주시 구좌읍 동복로 5,0,,1,"33.5534819438594,126.706894961199",0,,0,,0,,0,,0,,0,,0,,0,,0,,1,63347,0,,0,,0,,0,,0,,0,,0,,0,,0,,2b91c56fc7b5196bc828c9238081678ed31b26a21a318ac516580238a40ca35b,hank-place-field-audit-v1,Stage3 Firestore snapshot; live read blocked by RESOURCE_EXHAUSTED
1958,kto-664223,네거리식당,SEOGWIPO_CITY,seogwipo,서귀포시,39,음식점,food,UNKNOWN,5,0,5,5,24,20.83,,1,네거리식당,1,39:음식점,1,제주특별자치도 서귀포시 서문로29번길 20,0,,1,"33.2517535175317,126.557285194047",0,,0,,0,,0,,0,,0,,0,,0,,0,,1,63592,0,,0,,0,,0,,0,,0,,0,,0,,0,,2b91c56fc7b5196bc828c9238081678ed31b26a21a318ac516580238a40ca35b,hank-place-field-audit-v1,Stage3 Firestore snapshot; live read blocked by RESOURCE_EXHAUSTED
1959,kto-686399,황금어장,JEJU_CITY,jeju_city,제주시,39,음식점,food,UNKNOWN,5,0,5,5,24,20.83,,1,황금어장,1,39:음식점,1,제주특별자치도 제주시 사장길 14,0,,1,"33.4843838081,126.495344001",0,,0,,0,,0,,0,,0,,0,,0,,0,,1,63133,0,,0,,0,,0,,0,,0,,0,,0,,0,,2b91c56fc7b5196bc828c9238081678ed31b26a21a318ac516580238a40ca35b,hank-place-field-audit-v1,Stage3 Firestore snapshot; live read blocked by RESOURCE_EXHAUSTED
1960,kto-687563,제주미향,SEOGWIPO_CITY,seogwipo,서귀포시,39,음식점,food,UNKNOWN,5,0,5,5,24,20.83,,1,제주미향,1,39:음식점,1,제주특별자치도 서귀포시 천제연로 99,0,,1,"33.2551612466,126.4163601758",0,,0,,0,,0,,0,,0,,0,,0,,0,,1,63534,0,,0,,0,,0,,0,,0,,0,,0,,0,,2b91c56fc7b5196bc828c9238081678ed31b26a21a318ac516580238a40ca35b,hank-place-field-audit-v1,Stage3 Firestore snapshot; live read blocked by RESOURCE_EXHAUSTED
1961,kto-687869,도남오거리식당,JEJU_CITY,jeju_city,제주시,39,음식점,food,UNKNOWN,5,0,5,5,24,20.83,,1,도남오거리식당,1,39:음식점,1,제주특별자치도 제주시 도남로6길 16,0,,1,"33.4965335254,126.5261257672",0,,0,,0,,0,,0,,0,,0,,0,,0,,1,63201,0,,0,,0,,0,,0,,0,,0,,0,,0,,2b91c56fc7b5196bc828c9238081678ed31b26a21a318ac516580238a40ca35b,hank-place-field-audit-v1,Stage3 Firestore snapshot; live read blocked by RESOURCE_EXHAUSTED
1962,kto-733414,노인과바다,SEOGWIPO_CITY,seogwipo,서귀포시,32,숙박,stay,UNKNOWN,5,0,5,5,24,20.83,,1,노인과바다,1,32:숙박,1,제주특별자치도 서귀포시 남원읍 남태해안로 11-12,0,,1,"33.2750504808085,126.709962176037",0,,0,,0,,0,,0,,0,,0,,0,,0,,1,63621,0,,0,,0,,0,,0,,0,,0,,0,,0,,2b91c56fc7b5196bc828c9238081678ed31b26a21a318ac516580238a40ca35b,hank-place-field-audit-v1,Stage3 Firestore snapshot; live read blocked by RESOURCE_EXHAUSTED
1963,kto-905600,제주 뉴오션리조트,JEJU_CITY,west,서부 (애월),32,숙박,stay,UNKNOWN,5,0,5,5,24,20.83,,1,제주 뉴오션리조트,1,32:숙박,1,제주특별자치도 제주시 애월읍 고내로13길 59,0,,1,"33.4694947659,126.3455948543",0,,0,,0,,0,,0,,0,,0,,0,,0,,1,63046,0,,0,,0,,0,,0,,0,,0,,0,,0,,2b91c56fc7b5196bc828c9238081678ed31b26a21a318ac516580238a40ca35b,hank-place-field-audit-v1,Stage3 Firestore snapshot; live read blocked by RESOURCE_EXHAUSTED
1964,kto-906173,제주 씨에코비치,JEJU_CITY,east,동부 (조천),32,숙박,stay,UNKNOWN,5,0,5,5,24,20.83,,1,제주 씨에코비치,1,32:숙박,1,제주특별자치도 제주시 조천읍 신흥관전길 89-5,0,,1,"33.5482038153383,126.647189524311",0,,0,,0,,0,,0,,0,,0,,0,,0,,1,63332,0,,0,,0,,0,,0,,0,,0,,0,,0,,2b91c56fc7b5196bc828c9238081678ed31b26a21a318ac516580238a40ca35b,hank-place-field-audit-v1,Stage3 Firestore snapshot; live read blocked by RESOURCE_EXHAUSTED
1965,kto-930345,한수풀 해녀학교,JEJU_CITY,west,서부 (한림),12,관광지,spot,UNKNOWN,5,0,5,5,24,20.83,,1,한수풀 해녀학교,1,12:관광지,1,제주특별자치도 제주시 한림읍 한림해안로 623-6,0,,1,"33.4430935099646,126.279165058509",0,,0,,0,,0,,0,,0,,0,,0,,0,,1,63024,0,,0,,0,,0,,0,,0,,0,,0,,0,,2b91c56fc7b5196bc828c9238081678ed31b26a21a318ac516580238a40ca35b,hank-place-field-audit-v1,Stage3 Firestore snapshot; live read blocked by RESOURCE_EXHAUSTED
1966,kto-988238,제주 블랙스톤 골프클럽,JEJU_CITY,west,서부 (한림),28,레포츠,spot,UNKNOWN,5,0,5,5,24,20.83,,1,제주 블랙스톤 골프클럽,1,28:레포츠,1,제주특별자치도 제주시 한림읍 한창로 925-122,0,,1,"33.3377949264,126.3124118005",0,,0,,0,,0,,0,,0,,0,,0,,0,,1,63020,0,,0,,0,,0,,0,,0,,0,,0,,0,,2b91c56fc7b5196bc828c9238081678ed31b26a21a318ac516580238a40ca35b,hank-place-field-audit-v1,Stage3 Firestore snapshot; live read blocked by RESOURCE_EXHAUSTED
1967,kto-989206,아난티 클럽 제주,JEJU_CITY,east,동부 (구좌),28,레포츠,spot,UNKNOWN,5,0,5,5,24,20.83,,1,아난티 클럽 제주,1,28:레포츠,1,제주특별자치도 제주시 구좌읍 선유로 445-55,0,,1,"33.5205474040773,126.738606663097",0,,0,,0,,0,,0,,0,,0,,0,,0,,1,63348,0,,0,,0,,0,,0,,0,,0,,0,,0,,2b91c56fc7b5196bc828c9238081678ed31b26a21a318ac516580238a40ca35b,hank-place-field-audit-v1,Stage3 Firestore snapshot; live read blocked by RESOURCE_EXHAUSTED
1968,kto-1019491,흑돈가 제주,JEJU_CITY,jeju_city,제주시,39,음식점,food,UNKNOWN,5,0,5,5,24,20.83,,1,흑돈가 제주,1,39:음식점,1,제주특별자치도 제주시 한라대학로 11,0,,1,"33.4800372929,126.473552933",0,,0,,0,,0,,0,,0,,0,,0,,0,,1,63088,0,,0,,0,,0,,0,,0,,0,,0,,0,,2b91c56fc7b5196bc828c9238081678ed31b26a21a318ac516580238a40ca35b,hank-place-field-audit-v1,Stage3 Firestore snapshot; live read blocked by RESOURCE_EXHAUSTED
1969,kto-1064572,김녕요트투어,JEJU_CITY,east,동부 (구좌),28,레포츠,spot,UNKNOWN,5,0,5,5,24,20.83,,1,김녕요트투어,1,28:레포츠,1,제주특별자치도 제주시 구좌읍 구좌해안로 229-16,0,,1,"33.5582318813904,126.737175369368",0,,0,,0,,0,,0,,0,,0,,0,,0,,1,63348,0,,0,,0,,0,,0,,0,,0,,0,,0,,2b91c56fc7b5196bc828c9238081678ed31b26a21a318ac516580238a40ca35b,hank-place-field-audit-v1,Stage3 Firestore snapshot; live read blocked by RESOURCE_EXHAUSTED
1970,kto-1305270,수희식당,SEOGWIPO_CITY,seogwipo,서귀포시,39,음식점,food,UNKNOWN,5,0,5,5,24,20.83,,1,수희식당,1,39:음식점,1,제주특별자치도 서귀포시 태평로 377,0,,1,"33.2453646181,126.5612617215",0,,0,,0,,0,,0,,0,,0,,0,,0,,1,63595,0,,0,,0,,0,,0,,0,,0,,0,,0,,2b91c56fc7b5196bc828c9238081678ed31b26a21a318ac516580238a40ca35b,hank-place-field-audit-v1,Stage3 Firestore snapshot; live read blocked by RESOURCE_EXHAUSTED
1971,kto-1403482,오션스위츠 제주호텔,JEJU_CITY,jeju_city,제주시,32,숙박,stay,UNKNOWN,5,0,5,5,24,20.83,,1,오션스위츠 제주호텔,1,32:숙박,1,제주특별자치도 제주시 탑동해안로 74,0,,1,"33.5183414084125,126.523112864166",0,,0,,0,,0,,0,,0,,0,,0,,0,,1,63165,0,,0,,0,,0,,0,,0,,0,,0,,0,,2b91c56fc7b5196bc828c9238081678ed31b26a21a318ac516580238a40ca35b,hank-place-field-audit-v1,Stage3 Firestore snapshot; live read blocked by RESOURCE_EXHAUSTED
1972,kto-1404293,바그다드,JEJU_CITY,jeju_city,제주시,39,음식점,food,UNKNOWN,5,0,5,5,24,20.83,,1,바그다드,1,39:음식점,1,제주특별자치도 제주시 관덕로8길 34,0,,1,"33.5103069552,126.523242372",0,,0,,0,,0,,0,,0,,0,,0,,0,,1,63169,0,,0,,0,,0,,0,,0,,0,,0,,0,,2b91c56fc7b5196bc828c9238081678ed31b26a21a318ac516580238a40ca35b,hank-place-field-audit-v1,Stage3 Firestore snapshot; live read blocked by RESOURCE_EXHAUSTED
1973,kto-1405489,라지마할,JEJU_CITY,jeju_city,제주시,39,음식점,food,UNKNOWN,5,0,5,5,24,20.83,,1,라지마할,1,39:음식점,1,제주특별자치도 제주시 신광로 43,0,,1,"33.4882477612,126.4902735165",0,,0,,0,,0,,0,,0,,0,,0,,0,,1,63124,0,,0,,0,,0,,0,,0,,0,,0,,0,,2b91c56fc7b5196bc828c9238081678ed31b26a21a318ac516580238a40ca35b,hank-place-field-audit-v1,Stage3 Firestore snapshot; live read blocked by RESOURCE_EXHAUSTED
1974,kto-1420586,해녀횟집,JEJU_CITY,jeju_city,제주시,39,음식점,food,UNKNOWN,5,0,5,5,24,20.83,,1,해녀횟집,1,39:음식점,1,제주특별자치도 제주시 탑동로 35 (삼도이동),0,,1,"33.51754291819985,126.52097567798324",0,,0,,0,,0,,0,,0,,0,,0,,0,,1,63166,0,,0,,0,,0,,0,,0,,0,,0,,0,,2b91c56fc7b5196bc828c9238081678ed31b26a21a318ac516580238a40ca35b,hank-place-field-audit-v1,Stage3 Firestore snapshot; live read blocked by RESOURCE_EXHAUSTED
1975,kto-1620863,양금석가옥,SEOGWIPO_CITY,seogwipo,서귀포시,12,관광지,spot,UNKNOWN,5,0,5,5,24,20.83,,1,양금석가옥,1,12:관광지,1,제주특별자치도 서귀포시 남원읍 신례로298번길 3-6,0,,1,"33.2913111755089,126.628597127791",0,,0,,0,,0,,0,,0,,0,,0,,0,,1,63608,0,,0,,0,,0,,0,,0,,0,,0,,0,,2b91c56fc7b5196bc828c9238081678ed31b26a21a318ac516580238a40ca35b,hank-place-field-audit-v1,Stage3 Firestore snapshot; live read blocked by RESOURCE_EXHAUSTED
1976,kto-1620988,이어도 승마장,SEOGWIPO_CITY,east,동부 (성산),28,레포츠,spot,UNKNOWN,5,0,5,5,24,20.83,,1,이어도 승마장,1,28:레포츠,1,제주특별자치도 서귀포시 성산읍 서성일로 269,0,,1,"33.4075552393,126.8209644499",0,,0,,0,,0,,0,,0,,0,,0,,0,,1,63632,0,,0,,0,,0,,0,,0,,0,,0,,0,,2b91c56fc7b5196bc828c9238081678ed31b26a21a318ac516580238a40ca35b,hank-place-field-audit-v1,Stage3 Firestore snapshot; live read blocked by RESOURCE_EXHAUSTED
1977,kto-1827714,올래국수,JEJU_CITY,jeju_city,제주시,39,음식점,food,UNKNOWN,5,0,5,5,24,20.83,,1,올래국수,1,39:음식점,1,제주특별자치도 제주시 귀아랑길 24,0,,1,"33.4914891794,126.4972061735",0,,0,,0,,0,,0,,0,,0,,0,,0,,1,63119,0,,0,,0,,0,,0,,0,,0,,0,,0,,2b91c56fc7b5196bc828c9238081678ed31b26a21a318ac516580238a40ca35b,hank-place-field-audit-v1,Stage3 Firestore snapshot; live read blocked by RESOURCE_EXHAUSTED
1978,kto-1827790,돈사돈,JEJU_CITY,jeju_city,제주시,39,음식점,food,UNKNOWN,5,0,5,5,24,20.83,,1,돈사돈,1,39:음식점,1,제주특별자치도 제주시 우평로 19,0,,1,"33.4788450641,126.4640748143",0,,0,,0,,0,,0,,0,,0,,0,,0,,1,63107,0,,0,,0,,0,,0,,0,,0,,0,,0,,2b91c56fc7b5196bc828c9238081678ed31b26a21a318ac516580238a40ca35b,hank-place-field-audit-v1,Stage3 Firestore snapshot; live read blocked by RESOURCE_EXHAUSTED
1979,kto-1828395,순옥이네명가,JEJU_CITY,jeju_city,제주시,39,음식점,food,UNKNOWN,5,0,5,5,24,20.83,,1,순옥이네명가,1,39:음식점,1,제주특별자치도 제주시 도공로 8,0,,1,"33.5054447582115,126.465018565223",0,,0,,0,,0,,0,,0,,0,,0,,0,,1,63113,0,,0,,0,,0,,0,,0,,0,,0,,0,,2b91c56fc7b5196bc828c9238081678ed31b26a21a318ac516580238a40ca35b,hank-place-field-audit-v1,Stage3 Firestore snapshot; live read blocked by RESOURCE_EXHAUSTED
1980,kto-1861280,은희네해장국,JEJU_CITY,jeju_city,제주시,39,음식점,food,UNKNOWN,5,0,5,5,24,20.83,,1,은희네해장국,1,39:음식점,1,제주특별자치도 제주시 고마로13길 8,0,,1,"33.5085574275,126.540738113",0,,0,,0,,0,,0,,0,,0,,0,,0,,1,63253,0,,0,,0,,0,,0,,0,,0,,0,,0,,2b91c56fc7b5196bc828c9238081678ed31b26a21a318ac516580238a40ca35b,hank-place-field-audit-v1,Stage3 Firestore snapshot; live read blocked by RESOURCE_EXHAUSTED
1981,kto-1861333,비지곶식당,JEJU_CITY,east,동부 (구좌),39,음식점,food,UNKNOWN,5,0,5,5,24,20.83,,1,비지곶식당,1,39:음식점,1,제주특별자치도 제주시 구좌읍 일주동로 3002,0,,1,"33.5280378892,126.8420753877",0,,0,,0,,0,,0,,0,,0,,0,,0,,1,63360,0,,0,,0,,0,,0,,0,,0,,0,,0,,2b91c56fc7b5196bc828c9238081678ed31b26a21a318ac516580238a40ca35b,hank-place-field-audit-v1,Stage3 Firestore snapshot; live read blocked by RESOURCE_EXHAUSTED
1982,kto-1866954,감나무집,JEJU_CITY,jeju_city,제주시,39,음식점,food,UNKNOWN,5,0,5,5,24,20.83,,1,감나무집,1,39:음식점,1,제주특별자치도 제주시 오남로 12,0,,1,"33.4941441700543,126.51954708216",0,,0,,0,,0,,0,,0,,0,,0,,0,,1,63191,0,,0,,0,,0,,0,,0,,0,,0,,0,,2b91c56fc7b5196bc828c9238081678ed31b26a21a318ac516580238a40ca35b,hank-place-field-audit-v1,Stage3 Firestore snapshot; live read blocked by RESOURCE_EXHAUSTED
1983,kto-1867129,제주민속식품(사월의 꿩),JEJU_CITY,east,동부 (구좌),38,쇼핑,spot,UNKNOWN,5,0,5,5,24,20.83,,1,제주민속식품(사월의 꿩),1,38:쇼핑,1,제주특별자치도 제주시 구좌읍 번영로 2178,0,,1,"33.4279139380959,126.750977093973",0,,0,,0,,0,,0,,0,,0,,0,,0,,1,63355,0,,0,,0,,0,,0,,0,,0,,0,,0,,2b91c56fc7b5196bc828c9238081678ed31b26a21a318ac516580238a40ca35b,hank-place-field-audit-v1,Stage3 Firestore snapshot; live read blocked by RESOURCE_EXHAUSTED
1984,kto-1868009,골막식당,JEJU_CITY,jeju_city,제주시,39,음식점,food,UNKNOWN,5,0,5,5,24,20.83,,1,골막식당,1,39:음식점,1,제주특별자치도 제주시 천수로 12,0,,1,"33.5024185092047,126.538434024914",0,,0,,0,,0,,0,,0,,0,,0,,0,,1,63215,0,,0,,0,,0,,0,,0,,0,,0,,0,,2b91c56fc7b5196bc828c9238081678ed31b26a21a318ac516580238a40ca35b,hank-place-field-audit-v1,Stage3 Firestore snapshot; live read blocked by RESOURCE_EXHAUSTED
1985,kto-1872476,그옛맛,JEJU_CITY,jeju_city,제주시,39,음식점,food,UNKNOWN,5,0,5,5,24,20.83,,1,그옛맛,1,39:음식점,1,제주특별자치도 제주시 서사로24길 12,0,,1,"33.4984915228,126.5185930442",0,,0,,0,,0,,0,,0,,0,,0,,0,,1,63185,0,,0,,0,,0,,0,,0,,0,,0,,0,,2b91c56fc7b5196bc828c9238081678ed31b26a21a318ac516580238a40ca35b,hank-place-field-audit-v1,Stage3 Firestore snapshot; live read blocked by RESOURCE_EXHAUSTED
1986,kto-1874612,지속가능환경교육센터,JEJU_CITY,jeju_city,제주시,12,관광지,spot,UNKNOWN,5,0,5,5,24,20.83,,1,지속가능환경교육센터,1,12:관광지,1,제주특별자치도 제주시 송이길 226 (회천동),0,,1,"33.462080972123374,126.62930257715661",0,,0,,0,,0,,0,,0,,0,,0,,0,,1,63330,0,,0,,0,,0,,0,,0,,0,,0,,0,,2b91c56fc7b5196bc828c9238081678ed31b26a21a318ac516580238a40ca35b,hank-place-field-audit-v1,Stage3 Firestore snapshot; live read blocked by RESOURCE_EXHAUSTED
1987,kto-1876804,금바우흑돼지참숯구이,SEOGWIPO_CITY,seogwipo,서귀포시,39,음식점,food,UNKNOWN,5,0,5,5,24,20.83,,1,금바우흑돼지참숯구이,1,39:음식점,1,제주특별자치도 서귀포시 태평로371번길 4,0,,1,"33.2455126351554,126.561026654739",0,,0,,0,,0,,0,,0,,0,,0,,0,,1,63595,0,,0,,0,,0,,0,,0,,0,,0,,0,,2b91c56fc7b5196bc828c9238081678ed31b26a21a318ac516580238a40ca35b,hank-place-field-audit-v1,Stage3 Firestore snapshot; live read blocked by RESOURCE_EXHAUSTED
1988,kto-1876813,김대감숯불갈비,SEOGWIPO_CITY,seogwipo,서귀포시,39,음식점,food,UNKNOWN,5,0,5,5,24,20.83,,1,김대감숯불갈비,1,39:음식점,1,제주특별자치도 서귀포시 동홍중앙로 67,0,,1,"33.256630961501,126.571850399499",0,,0,,0,,0,,0,,0,,0,,0,,0,,1,63588,0,,0,,0,,0,,0,,0,,0,,0,,0,,2b91c56fc7b5196bc828c9238081678ed31b26a21a318ac516580238a40ca35b,hank-place-field-audit-v1,Stage3 Firestore snapshot; live read blocked by RESOURCE_EXHAUSTED
1989,kto-1876822,깜돈 흑돼지,JEJU_CITY,jeju_city,제주시,39,음식점,food,UNKNOWN,5,0,5,5,24,20.83,,1,깜돈 흑돼지,1,39:음식점,1,제주특별자치도 제주시 삼무로3길 6,0,,1,"33.4904525446527,126.495282757239",0,,0,,0,,0,,0,,0,,0,,0,,0,,1,63125,0,,0,,0,,0,,0,,0,,0,,0,,0,,2b91c56fc7b5196bc828c9238081678ed31b26a21a318ac516580238a40ca35b,hank-place-field-audit-v1,Stage3 Firestore snapshot; live read blocked by RESOURCE_EXHAUSTED
1990,kto-1876996,내가 찾은 맛고을,JEJU_CITY,jeju_city,제주시,39,음식점,food,UNKNOWN,5,0,5,5,24,20.83,,1,내가 찾은 맛고을,1,39:음식점,1,제주특별자치도 제주시 진남로8길 39,0,,1,"33.5221555488305,126.566442078607",0,,0,,0,,0,,0,,0,,0,,0,,0,,1,63290,0,,0,,0,,0,,0,,0,,0,,0,,0,,2b91c56fc7b5196bc828c9238081678ed31b26a21a318ac516580238a40ca35b,hank-place-field-audit-v1,Stage3 Firestore snapshot; live read blocked by RESOURCE_EXHAUSTED
1991,kto-1877081,다미회,JEJU_CITY,jeju_city,제주시,39,음식점,food,UNKNOWN,5,0,5,5,24,20.83,,1,다미회,1,39:음식점,1,제주특별자치도 제주시 동광로2길 9-4,0,,1,"33.5003964070051,126.531234740894",0,,0,,0,,0,,0,,0,,0,,0,,0,,1,63208,0,,0,,0,,0,,0,,0,,0,,0,,0,,2b91c56fc7b5196bc828c9238081678ed31b26a21a318ac516580238a40ca35b,hank-place-field-audit-v1,Stage3 Firestore snapshot; live read blocked by RESOURCE_EXHAUSTED
1992,kto-1882201,돈향기,JEJU_CITY,jeju_city,제주시,39,음식점,food,UNKNOWN,5,0,5,5,24,20.83,,1,돈향기,1,39:음식점,1,제주특별자치도 제주시 관덕로15길 30,0,,1,"33.5157639942051,126.527057000526",0,,0,,0,,0,,0,,0,,0,,0,,0,,1,63277,0,,0,,0,,0,,0,,0,,0,,0,,0,,2b91c56fc7b5196bc828c9238081678ed31b26a21a318ac516580238a40ca35b,hank-place-field-audit-v1,Stage3 Firestore snapshot; live read blocked by RESOURCE_EXHAUSTED
1993,kto-1882504,킴스캐빈,SEOGWIPO_CITY,east,동부 (성산),32,숙박,stay,UNKNOWN,5,0,5,5,24,20.83,,1,킴스캐빈,1,32:숙박,1,제주특별자치도 서귀포시 성산읍 시흥상동로53번길 88-54,0,,1,"33.4744579511549,126.8866773139",0,,0,,0,,0,,0,,0,,0,,0,,0,,1,63638,0,,0,,0,,0,,0,,0,,0,,0,,0,,2b91c56fc7b5196bc828c9238081678ed31b26a21a318ac516580238a40ca35b,hank-place-field-audit-v1,Stage3 Firestore snapshot; live read blocked by RESOURCE_EXHAUSTED
1994,kto-1890177,동검은이오름,JEJU_CITY,east,동부 (구좌),12,관광지,spot,UNKNOWN,5,0,5,5,24,20.83,,1,동검은이오름,1,12:관광지,1,제주특별자치도 제주시 구좌읍 종달리 산70,0,,1,"33.4494,126.8047",0,,0,,0,,0,,0,,0,,0,,0,,0,,1,695976,0,,0,,0,,0,,0,,0,,0,,0,,0,,2b91c56fc7b5196bc828c9238081678ed31b26a21a318ac516580238a40ca35b,hank-place-field-audit-v1,Stage3 Firestore snapshot; live read blocked by RESOURCE_EXHAUSTED
1995,kto-1891943,맛있는 집,SEOGWIPO_CITY,seogwipo,서귀포시,39,음식점,food,UNKNOWN,5,0,5,5,24,20.83,,1,맛있는 집,1,39:음식점,1,제주특별자치도 서귀포시 중앙로 110,0,,1,"33.2542671760391,126.561137557689",0,,0,,0,,0,,0,,0,,0,,0,,0,,1,63585,0,,0,,0,,0,,0,,0,,0,,0,,0,,2b91c56fc7b5196bc828c9238081678ed31b26a21a318ac516580238a40ca35b,hank-place-field-audit-v1,Stage3 Firestore snapshot; live read blocked by RESOURCE_EXHAUSTED
1996,kto-1893137,펠리스타운,SEOGWIPO_CITY,east,동부 (성산),32,숙박,stay,UNKNOWN,5,0,5,5,24,20.83,,1,펠리스타운,1,32:숙박,1,제주특별자치도 서귀포시 성산읍 시흥하동로50번길 23,0,,1,"33.4744809898,126.9081014524",0,,0,,0,,0,,0,,0,,0,,0,,0,,1,63638,0,,0,,0,,0,,0,,0,,0,,0,,0,,2b91c56fc7b5196bc828c9238081678ed31b26a21a318ac516580238a40ca35b,hank-place-field-audit-v1,Stage3 Firestore snapshot; live read blocked by RESOURCE_EXHAUSTED
1997,kto-1895793,바다잔치,JEJU_CITY,jeju_city,제주시,39,음식점,food,UNKNOWN,5,0,5,5,24,20.83,,1,바다잔치,1,39:음식점,1,제주특별자치도 제주시 탑동로 79,0,,1,"33.5176969388984,126.516869015496",0,,0,,0,,0,,0,,0,,0,,0,,0,,1,63167,0,,0,,0,,0,,0,,0,,0,,0,,0,,2b91c56fc7b5196bc828c9238081678ed31b26a21a318ac516580238a40ca35b,hank-place-field-audit-v1,Stage3 Firestore snapshot; live read blocked by RESOURCE_EXHAUSTED
1998,kto-1896585,금뽕똘,JEJU_CITY,jeju_city,제주시,39,음식점,food,UNKNOWN,5,0,5,5,24,20.83,,1,금뽕똘,1,39:음식점,1,제주특별자치도 제주시 번영로 500,0,,1,"33.4900875185698,126.594862392249",0,,0,,0,,0,,0,,0,,0,,0,,0,,1,63313,0,,0,,0,,0,,0,,0,,0,,0,,0,,2b91c56fc7b5196bc828c9238081678ed31b26a21a318ac516580238a40ca35b,hank-place-field-audit-v1,Stage3 Firestore snapshot; live read blocked by RESOURCE_EXHAUSTED
1999,kto-1896649,본가 1호점,JEJU_CITY,jeju_city,제주시,39,음식점,food,UNKNOWN,5,0,5,5,24,20.83,,1,본가 1호점,1,39:음식점,1,제주특별자치도 제주시 도남로 101,0,,1,"33.4912113226067,126.528546311951",0,,0,,0,,0,,0,,0,,0,,0,,0,,1,63221,0,,0,,0,,0,,0,,0,,0,,0,,0,,2b91c56fc7b5196bc828c9238081678ed31b26a21a318ac516580238a40ca35b,hank-place-field-audit-v1,Stage3 Firestore snapshot; live read blocked by RESOURCE_EXHAUSTED
2000,kto-1898255,호텔제이엠,JEJU_CITY,jeju_city,제주시,32,숙박,stay,UNKNOWN,5,0,5,5,24,20.83,,1,호텔제이엠,1,32:숙박,1,제주특별자치도 제주시 삼무로1길 10-7,0,,1,"33.49036633896,126.488747256192",0,,0,,0,,0,,0,,0,,0,,0,,0,,1,63125,0,,0,,0,,0,,0,,0,,0,,0,,0,,2b91c56fc7b5196bc828c9238081678ed31b26a21a318ac516580238a40ca35b,hank-place-field-audit-v1,Stage3 Firestore snapshot; live read blocked by RESOURCE_EXHAUSTED
2001,kto-1905280,THE BAY 제주리조트 (더베이 제주리조트),SEOGWIPO_CITY,seogwipo,서귀포시,32,숙박,stay,UNKNOWN,5,0,5,5,24,20.83,,1,THE BAY 제주리조트 (더베이 제주리조트),1,32:숙박,1,제주특별자치도 서귀포시 문필로35번길 46,0,,1,"33.2411969877814,126.593484853543",0,,0,,0,,0,,0,,0,,0,,0,,0,,1,63599,0,,0,,0,,0,,0,,0,,0,,0,,0,,2b91c56fc7b5196bc828c9238081678ed31b26a21a318ac516580238a40ca35b,hank-place-field-audit-v1,Stage3 Firestore snapshot; live read blocked by RESOURCE_EXHAUSTED
2002,kto-1906127,샤론의집,SEOGWIPO_CITY,east,동부 (성산),32,숙박,stay,UNKNOWN,5,0,5,5,24,20.83,,1,샤론의집,1,32:숙박,1,제주특별자치도 서귀포시 성산읍 금백조로131번길 177-1,0,,1,"33.4305734727705,126.844154497431",0,,0,,0,,0,,0,,0,,0,,0,,0,,1,63631,0,,0,,0,,0,,0,,0,,0,,0,,0,,2b91c56fc7b5196bc828c9238081678ed31b26a21a318ac516580238a40ca35b,hank-place-field-audit-v1,Stage3 Firestore snapshot; live read blocked by RESOURCE_EXHAUSTED
2003,kto-1909258,수다뜰,JEJU_CITY,jeju_city,제주시,39,음식점,food,UNKNOWN,5,0,5,5,24,20.83,,1,수다뜰,1,39:음식점,1,제주특별자치도 제주시 명림로 164,0,,1,"33.4720843045889,126.610128052093",0,,0,,0,,0,,0,,0,,0,,0,,0,,1,63313,0,,0,,0,,0,,0,,0,,0,,0,,0,,2b91c56fc7b5196bc828c9238081678ed31b26a21a318ac516580238a40ca35b,hank-place-field-audit-v1,Stage3 Firestore snapshot; live read blocked by RESOURCE_EXHAUSTED
2004,kto-1909319,종달수다뜰,JEJU_CITY,east,동부 (구좌),39,음식점,food,UNKNOWN,5,0,5,5,24,20.83,,1,종달수다뜰,1,39:음식점,1,제주특별자치도 제주시 구좌읍 용눈이오름로 8,0,,1,"33.4918621597,126.8931273496",0,,0,,0,,0,,0,,0,,0,,0,,0,,1,63354,0,,0,,0,,0,,0,,0,,0,,0,,0,,2b91c56fc7b5196bc828c9238081678ed31b26a21a318ac516580238a40ca35b,hank-place-field-audit-v1,Stage3 Firestore snapshot; live read blocked by RESOURCE_EXHAUSTED
2005,kto-1918643,한대오름,JEJU_CITY,west,서부 (애월),12,관광지,spot,UNKNOWN,5,0,5,5,24,20.83,,1,한대오름,1,12:관광지,1,제주 제주시 애월읍 봉성리,0,,1,"33.357249,126.426735",0,,0,,0,,0,,0,,0,,0,,0,,0,,1,695916,0,,0,,0,,0,,0,,0,,0,,0,,0,,2b91c56fc7b5196bc828c9238081678ed31b26a21a318ac516580238a40ca35b,hank-place-field-audit-v1,Stage3 Firestore snapshot; live read blocked by RESOURCE_EXHAUSTED
2006,kto-1964460,바당국수,SEOGWIPO_CITY,seogwipo,서귀포시,39,음식점,food,UNKNOWN,5,0,5,5,24,20.83,,1,바당국수,1,39:음식점,1,제주특별자치도 서귀포시 중앙로48번길 43,0,,1,"33.2503565911511,126.565659448919",0,,0,,0,,0,,0,,0,,0,,0,,0,,1,63590,0,,0,,0,,0,,0,,0,,0,,0,,0,,2b91c56fc7b5196bc828c9238081678ed31b26a21a318ac516580238a40ca35b,hank-place-field-audit-v1,Stage3 Firestore snapshot; live read blocked by RESOURCE_EXHAUSTED
2007,kto-1966821,모드락572,SEOGWIPO_CITY,east,동부 (표선),39,음식점,cafe,UNKNOWN,5,0,5,5,24,20.83,,1,모드락572,1,39:음식점,1,제주특별자치도 서귀포시 표선면 가시로 572,0,,1,"33.3544670791,126.7737630658",0,,0,,0,,0,,0,,0,,0,,0,,0,,1,63623,0,,0,,0,,0,,0,,0,,0,,0,,0,,2b91c56fc7b5196bc828c9238081678ed31b26a21a318ac516580238a40ca35b,hank-place-field-audit-v1,Stage3 Firestore snapshot; live read blocked by RESOURCE_EXHAUSTED
2008,kto-1984276,오늘은 회,SEOGWIPO_CITY,seogwipo,서귀포시,39,음식점,food,UNKNOWN,5,0,5,5,24,20.83,,1,오늘은 회,1,39:음식점,1,제주특별자치도 서귀포시 예래로 468,0,,1,"33.2353163155,126.3684114247",0,,0,,0,,0,,0,,0,,0,,0,,0,,1,63538,0,,0,,0,,0,,0,,0,,0,,0,,0,,2b91c56fc7b5196bc828c9238081678ed31b26a21a318ac516580238a40ca35b,hank-place-field-audit-v1,Stage3 Firestore snapshot; live read blocked by RESOURCE_EXHAUSTED
2009,kto-1986683,청운식당,SEOGWIPO_CITY,east,동부 (성산),39,음식점,food,UNKNOWN,5,0,5,5,24,20.83,,1,청운식당,1,39:음식점,1,제주특별자치도 서귀포시 성산읍 일출로 285,0,,1,"33.4630572852514,126.934875885195",0,,0,,0,,0,,0,,0,,0,,0,,0,,1,63643,0,,0,,0,,0,,0,,0,,0,,0,,0,,2b91c56fc7b5196bc828c9238081678ed31b26a21a318ac516580238a40ca35b,hank-place-field-audit-v1,Stage3 Firestore snapshot; live read blocked by RESOURCE_EXHAUSTED
2010,kto-2023328,하도어촌체험마을,JEJU_CITY,east,동부 (구좌),12,관광지,spot,UNKNOWN,5,0,5,5,24,20.83,,1,하도어촌체험마을,1,12:관광지,1,제주특별자치도 제주시 구좌읍 해맞이해안로 1897-27,0,,1,"33.5199140583,126.9040579779",0,,0,,0,,0,,0,,0,,0,,0,,0,,1,63363,0,,0,,0,,0,,0,,0,,0,,0,,0,,2b91c56fc7b5196bc828c9238081678ed31b26a21a318ac516580238a40ca35b,hank-place-field-audit-v1,Stage3 Firestore snapshot; live read blocked by RESOURCE_EXHAUSTED
2011,kto-2035397,오름나그네,JEJU_CITY,east,동부 (조천),39,음식점,food,UNKNOWN,5,0,5,5,24,20.83,,1,오름나그네,1,39:음식점,1,제주특별자치도 제주시 조천읍 선교로 525,0,,1,"33.4590652411562,126.712063323898",0,,0,,0,,0,,0,,0,,0,,0,,0,,1,63341,0,,0,,0,,0,,0,,0,,0,,0,,0,,2b91c56fc7b5196bc828c9238081678ed31b26a21a318ac516580238a40ca35b,hank-place-field-audit-v1,Stage3 Firestore snapshot; live read blocked by RESOURCE_EXHAUSTED
2012,kto-2359168,안거리 밖거리,SEOGWIPO_CITY,seogwipo,서귀포시,39,음식점,food,UNKNOWN,5,0,5,5,24,20.83,,1,안거리 밖거리,1,39:음식점,1,제주특별자치도 서귀포시 솔동산로 6-1,0,,1,"33.2442786707,126.5640615038",0,,0,,0,,0,,0,,0,,0,,0,,0,,1,63596,0,,0,,0,,0,,0,,0,,0,,0,,0,,2b91c56fc7b5196bc828c9238081678ed31b26a21a318ac516580238a40ca35b,hank-place-field-audit-v1,Stage3 Firestore snapshot; live read blocked by RESOURCE_EXHAUSTED
2013,kto-2363045,와랑와랑,SEOGWIPO_CITY,seogwipo,서귀포시,39,음식점,food,UNKNOWN,5,0,5,5,24,20.83,,1,와랑와랑,1,39:음식점,1,제주특별자치도 서귀포시 남원읍 위미중앙로300번길 28,0,,1,"33.2722336039511,126.676529228064",0,,0,,0,,0,,0,,0,,0,,0,,0,,1,63610,0,,0,,0,,0,,0,,0,,0,,0,,0,,2b91c56fc7b5196bc828c9238081678ed31b26a21a318ac516580238a40ca35b,hank-place-field-audit-v1,Stage3 Firestore snapshot; live read blocked by RESOURCE_EXHAUSTED
2014,kto-2384971,지오아라,SEOGWIPO_CITY,west,서부 (안덕),39,음식점,cafe,UNKNOWN,5,0,5,5,24,20.83,,1,지오아라,1,39:음식점,1,제주특별자치도 서귀포시 안덕면 사계로114번길 54-86,0,,1,"33.2363505061,126.3078283451",0,,0,,0,,0,,0,,0,,0,,0,,0,,1,63528,0,,0,,0,,0,,0,,0,,0,,0,,0,,2b91c56fc7b5196bc828c9238081678ed31b26a21a318ac516580238a40ca35b,hank-place-field-audit-v1,Stage3 Firestore snapshot; live read blocked by RESOURCE_EXHAUSTED
2015,kto-2384996,젠하이드어웨이,SEOGWIPO_CITY,west,서부 (안덕),39,음식점,food,UNKNOWN,5,0,5,5,24,20.83,,1,젠하이드어웨이,1,39:음식점,1,제주특별자치도 서귀포시 안덕면 사계남로 186-8,0,,1,"33.2292077474358,126.30858378365",0,,0,,0,,0,,0,,0,,0,,0,,0,,1,63528,0,,0,,0,,0,,0,,0,,0,,0,,0,,2b91c56fc7b5196bc828c9238081678ed31b26a21a318ac516580238a40ca35b,hank-place-field-audit-v1,Stage3 Firestore snapshot; live read blocked by RESOURCE_EXHAUSTED
2016,kto-2405964,팜밸리 풀빌라,SEOGWIPO_CITY,seogwipo,서귀포시,32,숙박,stay,UNKNOWN,5,0,5,5,24,20.83,,1,팜밸리 풀빌라,1,32:숙박,1,제주특별자치도 서귀포시 중산간서로 193,0,,1,"33.2591432659799,126.490755088572",0,,0,,0,,0,,0,,0,,0,,0,,0,,1,63558,0,,0,,0,,0,,0,,0,,0,,0,,0,,2b91c56fc7b5196bc828c9238081678ed31b26a21a318ac516580238a40ca35b,hank-place-field-audit-v1,Stage3 Firestore snapshot; live read blocked by RESOURCE_EXHAUSTED
2017,kto-2406368,더럭펜션,JEJU_CITY,west,서부 (애월),32,숙박,stay,UNKNOWN,5,0,5,5,24,20.83,,1,더럭펜션,1,32:숙박,1,제주특별자치도 제주시 애월읍 상가북2길 14-3,0,,1,"33.4504547511148,126.341459092384",0,,0,,0,,0,,0,,0,,0,,0,,0,,1,63036,0,,0,,0,,0,,0,,0,,0,,0,,0,,2b91c56fc7b5196bc828c9238081678ed31b26a21a318ac516580238a40ca35b,hank-place-field-audit-v1,Stage3 Firestore snapshot; live read blocked by RESOURCE_EXHAUSTED
2018,kto-2481642,사해방흑돼지,SEOGWIPO_CITY,seogwipo,서귀포시,39,음식점,food,UNKNOWN,5,0,5,5,24,20.83,,1,사해방흑돼지,1,39:음식점,1,제주특별자치도 서귀포시 천제연로 263,0,,1,"33.2514987875865,126.432727313043",0,,0,,0,,0,,0,,0,,0,,0,,0,,1,63540,0,,0,,0,,0,,0,,0,,0,,0,,0,,2b91c56fc7b5196bc828c9238081678ed31b26a21a318ac516580238a40ca35b,hank-place-field-audit-v1,Stage3 Firestore snapshot; live read blocked by RESOURCE_EXHAUSTED
2019,kto-2499713,송당나무,JEJU_CITY,east,동부 (구좌),39,음식점,cafe,UNKNOWN,5,0,5,5,24,20.83,,1,송당나무,1,39:음식점,1,제주특별자치도 제주시 구좌읍 송당5길 68-140,0,,1,"33.4769510167,126.7890922698",0,,0,,0,,0,,0,,0,,0,,0,,0,,1,63355,0,,0,,0,,0,,0,,0,,0,,0,,0,,2b91c56fc7b5196bc828c9238081678ed31b26a21a318ac516580238a40ca35b,hank-place-field-audit-v1,Stage3 Firestore snapshot; live read blocked by RESOURCE_EXHAUSTED
2020,kto-2522221,제주레포츠랜드,JEJU_CITY,east,동부 (조천),28,레포츠,spot,UNKNOWN,5,0,5,5,24,20.83,,1,제주레포츠랜드,1,28:레포츠,1,제주특별자치도 제주시 조천읍 와흘상서2길 47,0,,1,"33.48179049429083,126.63856704374975",0,,0,,0,,0,,0,,0,,0,,0,,0,,1,63344,0,,0,,0,,0,,0,,0,,0,,0,,0,,2b91c56fc7b5196bc828c9238081678ed31b26a21a318ac516580238a40ca35b,hank-place-field-audit-v1,Stage3 Firestore snapshot; live read blocked by RESOURCE_EXHAUSTED
2021,kto-2563236,향원복집,SEOGWIPO_CITY,seogwipo,서귀포시,39,음식점,food,UNKNOWN,5,0,5,5,24,20.83,,1,향원복집,1,39:음식점,1,제주특별자치도 서귀포시 부두로 43,0,,1,"33.2411790255,126.5648726139",0,,0,,0,,0,,0,,0,,0,,0,,0,,1,63596,0,,0,,0,,0,,0,,0,,0,,0,,0,,2b91c56fc7b5196bc828c9238081678ed31b26a21a318ac516580238a40ca35b,hank-place-field-audit-v1,Stage3 Firestore snapshot; live read blocked by RESOURCE_EXHAUSTED
2022,kto-2626800,오션힐스테이,SEOGWIPO_CITY,west,서부 (안덕),32,숙박,stay,UNKNOWN,5,0,5,5,24,20.83,,1,오션힐스테이,1,32:숙박,1,제주특별자치도 서귀포시 안덕면 사계북로 208,0,,1,"33.2368032498,126.3088143604",0,,0,,0,,0,,0,,0,,0,,0,,0,,1,63528,0,,0,,0,,0,,0,,0,,0,,0,,0,,2b91c56fc7b5196bc828c9238081678ed31b26a21a318ac516580238a40ca35b,hank-place-field-audit-v1,Stage3 Firestore snapshot; live read blocked by RESOURCE_EXHAUSTED
2023,kto-2667643,카이 호스텔,JEJU_CITY,west,서부 (한림),32,숙박,stay,UNKNOWN,5,0,5,5,24,20.83,,1,카이 호스텔,1,32:숙박,1,제주특별자치도 제주시 한림읍 협재2길 10,0,,1,"33.3922238993,126.2412473291",0,,0,,0,,0,,0,,0,,0,,0,,0,,1,63011,0,,0,,0,,0,,0,,0,,0,,0,,0,,2b91c56fc7b5196bc828c9238081678ed31b26a21a318ac516580238a40ca35b,hank-place-field-audit-v1,Stage3 Firestore snapshot; live read blocked by RESOURCE_EXHAUSTED
2024,kto-2699343,솔트,JEJU_CITY,west,서부 (애월),32,숙박,stay,UNKNOWN,5,0,5,5,24,20.83,,1,솔트,1,32:숙박,1,제주특별자치도 제주시 애월읍 애월해안로 226,0,,1,"33.4670365589,126.3363346046",0,,0,,0,,0,,0,,0,,0,,0,,0,,1,63045,0,,0,,0,,0,,0,,0,,0,,0,,0,,2b91c56fc7b5196bc828c9238081678ed31b26a21a318ac516580238a40ca35b,hank-place-field-audit-v1,Stage3 Firestore snapshot; live read blocked by RESOURCE_EXHAUSTED
2025,kto-2704351,영주산,SEOGWIPO_CITY,east,동부 (표선),12,관광지,spot,UNKNOWN,5,0,5,5,24,20.83,,1,영주산,1,12:관광지,1,제주특별자치도 서귀포시 표선면 성읍리,0,,0,"33.4042093891,12.79737228191",0,,1,https://tong.visitkorea.or.kr/cms/resource/68/3528268_image2_1.jpg,0,,0,,0,,0,,0,,0,,0,,1,63624,0,,0,,0,,0,,0,,0,,0,,0,,0,,2b91c56fc7b5196bc828c9238081678ed31b26a21a318ac516580238a40ca35b,hank-place-field-audit-v1,Stage3 Firestore snapshot; live read blocked by RESOURCE_EXHAUSTED
2026,kto-2708692,색달해녀의집,SEOGWIPO_CITY,seogwipo,서귀포시,39,음식점,food,UNKNOWN,5,0,5,5,24,20.83,,1,색달해녀의집,1,39:음식점,1,제주특별자치도 서귀포시 중문관광로 154-17,0,,1,"33.2450679043,126.4156104662",0,,0,,0,,0,,0,,0,,0,,0,,0,,1,63535,0,,0,,0,,0,,0,,0,,0,,0,,0,,2b91c56fc7b5196bc828c9238081678ed31b26a21a318ac516580238a40ca35b,hank-place-field-audit-v1,Stage3 Firestore snapshot; live read blocked by RESOURCE_EXHAUSTED
2027,kto-2710264,옷귀마테마타운,SEOGWIPO_CITY,seogwipo,서귀포시,28,레포츠,spot,UNKNOWN,5,0,5,5,24,20.83,,1,옷귀마테마타운,1,28:레포츠,1,제주특별자치도 서귀포시 남원읍 서성로 955-117,0,,1,"33.3404480149004,126.68342981118",0,,0,,0,,0,,0,,0,,0,,0,,0,,1,63614,0,,0,,0,,0,,0,,0,,0,,0,,0,,2b91c56fc7b5196bc828c9238081678ed31b26a21a318ac516580238a40ca35b,hank-place-field-audit-v1,Stage3 Firestore snapshot; live read blocked by RESOURCE_EXHAUSTED
2028,kto-2711404,내창트레킹,SEOGWIPO_CITY,seogwipo,서귀포시,28,레포츠,spot,UNKNOWN,5,0,5,5,24,20.83,,1,내창트레킹,1,28:레포츠,1,제주특별자치도 서귀포시 남원읍 하례중앙로 95,0,,1,"33.269169250149,126.625347931884",0,,0,,0,,0,,0,,0,,0,,0,,0,,1,63613,0,,0,,0,,0,,0,,0,,0,,0,,0,,2b91c56fc7b5196bc828c9238081678ed31b26a21a318ac516580238a40ca35b,hank-place-field-audit-v1,Stage3 Firestore snapshot; live read blocked by RESOURCE_EXHAUSTED
2029,kto-2714241,아르떼뮤지엄 제주,JEJU_CITY,west,서부 (애월),12,관광지,spot,UNKNOWN,5,0,5,5,24,20.83,,1,아르떼뮤지엄 제주,1,12:관광지,1,제주특별자치도 제주시 애월읍 어림비로 478,0,,1,"33.3966944005763,126.344976644835",0,,0,,0,,0,,0,,0,,0,,0,,0,,1,63038,0,,0,,0,,0,,0,,0,,0,,0,,0,,2b91c56fc7b5196bc828c9238081678ed31b26a21a318ac516580238a40ca35b,hank-place-field-audit-v1,Stage3 Firestore snapshot; live read blocked by RESOURCE_EXHAUSTED
2030,kto-2714306,제주 무지개해안도로,JEJU_CITY,jeju_city,제주시,12,관광지,spot,UNKNOWN,5,0,5,5,24,20.83,,1,제주 무지개해안도로,1,12:관광지,1,제주특별자치도 제주시 도두일동 1734,0,,1,"33.5093583102,126.4724622276",0,,1,https://tong.visitkorea.or.kr/cms/resource/07/4094007_image2_1.jpg,0,,0,,0,,0,,0,,0,,0,,0,,0,,0,,0,,0,,0,,0,,0,,0,,0,,2b91c56fc7b5196bc828c9238081678ed31b26a21a318ac516580238a40ca35b,hank-place-field-audit-v1,Stage3 Firestore snapshot; live read blocked by RESOURCE_EXHAUSTED
2031,kto-2714826,수산봉,JEJU_CITY,west,서부 (애월),12,관광지,spot,UNKNOWN,5,0,5,5,24,20.83,,1,수산봉,1,12:관광지,1,제주특별자치도 제주시 애월읍 수산리 산1-1,0,,1,"33.473847651,126.3828359615",0,,1,https://tong.visitkorea.or.kr/cms/resource/26/3527226_image2_1.jpg,0,,0,,0,,0,,0,,0,,0,,0,,0,,0,,0,,0,,0,,0,,0,,0,,0,,2b91c56fc7b5196bc828c9238081678ed31b26a21a318ac516580238a40ca35b,hank-place-field-audit-v1,Stage3 Firestore snapshot; live read blocked by RESOURCE_EXHAUSTED
2032,kto-2715651,섯알오름,SEOGWIPO_CITY,west,서부 (대정),12,관광지,spot,UNKNOWN,5,0,5,5,24,20.83,,1,섯알오름,1,12:관광지,1,제주특별자치도 서귀포시 대정읍 상모리 1618,0,,1,"33.2042091988,126.2815563372",0,,1,https://tong.visitkorea.or.kr/cms/resource/62/3383862_image2_1.jpg,0,,0,,0,,0,,0,,0,,0,,0,,0,,0,,0,,0,,0,,0,,0,,0,,0,,2b91c56fc7b5196bc828c9238081678ed31b26a21a318ac516580238a40ca35b,hank-place-field-audit-v1,Stage3 Firestore snapshot; live read blocked by RESOURCE_EXHAUSTED
2033,kto-2723555,평대해변,JEJU_CITY,east,동부 (구좌),12,관광지,spot,UNKNOWN,5,0,5,5,24,20.83,,1,평대해변,1,12:관광지,1,제주특별자치도 제주시 구좌읍 평대리 1994-20,0,,1,"33.5332400681,126.8406003954",0,,1,https://tong.visitkorea.or.kr/cms/resource/61/3396561_image2_1.jpg,0,,0,,0,,0,,0,,0,,0,,0,,0,,0,,0,,0,,0,,0,,0,,0,,0,,2b91c56fc7b5196bc828c9238081678ed31b26a21a318ac516580238a40ca35b,hank-place-field-audit-v1,Stage3 Firestore snapshot; live read blocked by RESOURCE_EXHAUSTED
2034,kto-2726291,떡하니문어떡볶이,JEJU_CITY,east,동부 (구좌),39,음식점,food,UNKNOWN,5,0,5,5,24,20.83,,1,떡하니문어떡볶이,1,39:음식점,1,제주특별자치도 제주시 구좌읍 행원로9길 9-5,0,,1,"33.5537724374858,126.80782723931",0,,0,,0,,0,,0,,0,,0,,0,,0,,1,63358,0,,0,,0,,0,,0,,0,,0,,0,,0,,2b91c56fc7b5196bc828c9238081678ed31b26a21a318ac516580238a40ca35b,hank-place-field-audit-v1,Stage3 Firestore snapshot; live read blocked by RESOURCE_EXHAUSTED
2035,kto-2738701,월정리해안도로,JEJU_CITY,east,동부 (구좌),12,관광지,spot,UNKNOWN,5,0,5,5,24,20.83,,1,월정리해안도로,1,12:관광지,1,제주특별자치도 제주시 구좌읍 월정리 652-4,0,,1,"33.5566117438,126.7949343757",0,,1,https://tong.visitkorea.or.kr/cms/resource/02/3553602_image2_1.jpg,0,,0,,0,,0,,0,,0,,0,,0,,0,,0,,0,,0,,0,,0,,0,,0,,0,,2b91c56fc7b5196bc828c9238081678ed31b26a21a318ac516580238a40ca35b,hank-place-field-audit-v1,Stage3 Firestore snapshot; live read blocked by RESOURCE_EXHAUSTED
2036,kto-2738715,신도포구,SEOGWIPO_CITY,west,서부 (대정),12,관광지,spot,UNKNOWN,5,0,5,5,24,20.83,,1,신도포구,1,12:관광지,1,제주특별자치도 서귀포시 대정읍 신도리 3046-2,0,,1,"33.2767,126.1707",0,,1,https://tong.visitkorea.or.kr/cms/resource/58/4106558_image2_1.jpg,0,,0,,0,,0,,0,,0,,0,,0,,0,,0,,0,,0,,0,,0,,0,,0,,0,,2b91c56fc7b5196bc828c9238081678ed31b26a21a318ac516580238a40ca35b,hank-place-field-audit-v1,Stage3 Firestore snapshot; live read blocked by RESOURCE_EXHAUSTED
2037,kto-2740130,문도지오름,JEJU_CITY,west,서부 (한림),12,관광지,spot,UNKNOWN,5,0,5,5,24,20.83,,1,문도지오름,1,12:관광지,1,제주특별자치도 제주시 한림읍 금악리 3444,0,,1,"33.3268156218965,126.29447180157",0,,0,,0,,0,,0,,0,,0,,0,,0,,1,63020,0,,0,,0,,0,,0,,0,,0,,0,,0,,2b91c56fc7b5196bc828c9238081678ed31b26a21a318ac516580238a40ca35b,hank-place-field-audit-v1,Stage3 Firestore snapshot; live read blocked by RESOURCE_EXHAUSTED
2038,kto-2757210,플레이스 캠프 제주(Playce camp Jeju),SEOGWIPO_CITY,east,동부 (성산),32,숙박,stay,UNKNOWN,5,0,5,5,24,20.83,,1,플레이스 캠프 제주(Playce camp Jeju),1,32:숙박,1,제주특별자치도 서귀포시 성산읍 동류암로 20,0,,1,"33.4498866488,126.9182122544",0,,0,,0,,0,,0,,0,,0,,0,,0,,1,63640,0,,0,,0,,0,,0,,0,,0,,0,,0,,2b91c56fc7b5196bc828c9238081678ed31b26a21a318ac516580238a40ca35b,hank-place-field-audit-v1,Stage3 Firestore snapshot; live read blocked by RESOURCE_EXHAUSTED
2039,kto-2759624,도련 감귤나무 숲,JEJU_CITY,jeju_city,제주시,12,관광지,spot,UNKNOWN,5,0,5,5,24,20.83,,1,도련 감귤나무 숲,1,12:관광지,1,제주특별자치도 제주시 도련남3길 81,0,,1,"33.5002806517,126.587132322",0,,0,,0,,0,,0,,0,,0,,0,,0,,1,63328,0,,0,,0,,0,,0,,0,,0,,0,,0,,2b91c56fc7b5196bc828c9238081678ed31b26a21a318ac516580238a40ca35b,hank-place-field-audit-v1,Stage3 Firestore snapshot; live read blocked by RESOURCE_EXHAUSTED
2040,kto-2763746,카페 말로,JEJU_CITY,east,동부 (조천),39,음식점,cafe,UNKNOWN,5,0,5,5,24,20.83,,1,카페 말로,1,39:음식점,1,제주특별자치도 제주시 조천읍 남조로 1785-12,0,,1,"33.427482159361,126.672112203897",0,,0,,0,,0,,0,,0,,0,,0,,0,,1,63345,0,,0,,0,,0,,0,,0,,0,,0,,0,,2b91c56fc7b5196bc828c9238081678ed31b26a21a318ac516580238a40ca35b,hank-place-field-audit-v1,Stage3 Firestore snapshot; live read blocked by RESOURCE_EXHAUSTED
2041,kto-2765208,슬슬슬로우,JEJU_CITY,east,동부 (구좌),39,음식점,food,UNKNOWN,5,0,5,5,24,20.83,,1,슬슬슬로우,1,39:음식점,1,제주특별자치도 제주시 구좌읍 덕행로 207,0,,1,"33.5303943633672,126.793043043946",0,,0,,0,,0,,0,,0,,0,,0,,0,,1,63349,0,,0,,0,,0,,0,,0,,0,,0,,0,,2b91c56fc7b5196bc828c9238081678ed31b26a21a318ac516580238a40ca35b,hank-place-field-audit-v1,Stage3 Firestore snapshot; live read blocked by RESOURCE_EXHAUSTED
2042,kto-2765209,아서원,SEOGWIPO_CITY,seogwipo,서귀포시,39,음식점,food,UNKNOWN,5,0,5,5,24,20.83,,1,아서원,1,39:음식점,1,제주특별자치도 서귀포시 칠십리로 699 (하효동),0,,1,"33.2543617354,126.6171816748",0,,0,,0,,0,,0,,0,,0,,0,,0,,1,63600,0,,0,,0,,0,,0,,0,,0,,0,,0,,2b91c56fc7b5196bc828c9238081678ed31b26a21a318ac516580238a40ca35b,hank-place-field-audit-v1,Stage3 Firestore snapshot; live read blocked by RESOURCE_EXHAUSTED
2043,kto-2765211,윈드스톤,JEJU_CITY,west,서부 (애월),39,음식점,food,UNKNOWN,5,0,5,5,24,20.83,,1,윈드스톤,1,39:음식점,1,제주특별자치도 제주시 애월읍 광성로 272,0,,1,"33.4604773121508,126.436091724548",0,,0,,0,,0,,0,,0,,0,,0,,0,,1,63062,0,,0,,0,,0,,0,,0,,0,,0,,0,,2b91c56fc7b5196bc828c9238081678ed31b26a21a318ac516580238a40ca35b,hank-place-field-audit-v1,Stage3 Firestore snapshot; live read blocked by RESOURCE_EXHAUSTED
2044,kto-2765215,제주돗,JEJU_CITY,west,서부 (한경),39,음식점,food,UNKNOWN,5,0,5,5,24,20.83,,1,제주돗,1,39:음식점,1,제주특별자치도 제주시 한경면 조수2길 34,0,,1,"33.3332080432,126.2308467693",0,,0,,0,,0,,0,,0,,0,,0,,0,,1,63004,0,,0,,0,,0,,0,,0,,0,,0,,0,,2b91c56fc7b5196bc828c9238081678ed31b26a21a318ac516580238a40ca35b,hank-place-field-audit-v1,Stage3 Firestore snapshot; live read blocked by RESOURCE_EXHAUSTED
2045,kto-2765218,돈카츠 서황,JEJU_CITY,west,서부 (애월),39,음식점,food,UNKNOWN,5,0,5,5,24,20.83,,1,돈카츠 서황,1,39:음식점,1,제주특별자치도 제주시 애월읍 장소로 205-2,0,,1,"33.4343908561,126.3796037976",0,,0,,0,,0,,0,,0,,0,,0,,0,,1,63037,0,,0,,0,,0,,0,,0,,0,,0,,0,,2b91c56fc7b5196bc828c9238081678ed31b26a21a318ac516580238a40ca35b,hank-place-field-audit-v1,Stage3 Firestore snapshot; live read blocked by RESOURCE_EXHAUSTED
2046,kto-2765227,바리메오름,JEJU_CITY,west,서부 (애월),12,관광지,spot,UNKNOWN,5,0,5,5,24,20.83,,1,바리메오름,1,12:관광지,1,제주특별자치도 제주시 애월읍 어음리 산1,0,,1,"33.3930648051,126.3752995443",0,,1,https://tong.visitkorea.or.kr/cms/resource/66/3523666_image2_1.jpg,0,,0,,0,,0,,0,,0,,0,,0,,0,,0,,0,,0,,0,,0,,0,,0,,0,,2b91c56fc7b5196bc828c9238081678ed31b26a21a318ac516580238a40ca35b,hank-place-field-audit-v1,Stage3 Firestore snapshot; live read blocked by RESOURCE_EXHAUSTED
2047,kto-2765245,송악산 진지동굴,SEOGWIPO_CITY,west,서부 (대정),12,관광지,spot,UNKNOWN,5,0,5,5,24,20.83,,1,송악산 진지동굴,1,12:관광지,1,제주특별자치도 서귀포시 대정읍 상모리 238,0,,1,"33.1991210589,126.2935109685",0,,1,https://tong.visitkorea.or.kr/cms/resource/22/3400222_image2_1.jpg,0,,0,,0,,0,,0,,0,,0,,0,,0,,0,,0,,0,,0,,0,,0,,0,,0,,2b91c56fc7b5196bc828c9238081678ed31b26a21a318ac516580238a40ca35b,hank-place-field-audit-v1,Stage3 Firestore snapshot; live read blocked by RESOURCE_EXHAUSTED
2048,kto-2765254,송악카트체험장,SEOGWIPO_CITY,west,서부 (대정),28,레포츠,spot,UNKNOWN,5,0,5,5,24,20.83,,1,송악카트체험장,1,28:레포츠,1,제주특별자치도 서귀포시 대정읍 송악관광로 404,0,,1,"33.2085265144768,126.289399915208",0,,0,,0,,0,,0,,0,,0,,0,,0,,1,63513,0,,0,,0,,0,,0,,0,,0,,0,,0,,2b91c56fc7b5196bc828c9238081678ed31b26a21a318ac516580238a40ca35b,hank-place-field-audit-v1,Stage3 Firestore snapshot; live read blocked by RESOURCE_EXHAUSTED
2049,kto-2765293,귤향기 감귤체험농장,JEJU_CITY,jeju_city,제주시,12,관광지,spot,UNKNOWN,5,0,5,5,24,20.83,,1,귤향기 감귤체험농장,1,12:관광지,1,제주특별자치도 제주시 1100로 3118 (노형동),0,,1,"33.4649059695,126.485764576",0,,0,,0,,0,,0,,0,,0,,0,,0,,1,63091,0,,0,,0,,0,,0,,0,,0,,0,,0,,2b91c56fc7b5196bc828c9238081678ed31b26a21a318ac516580238a40ca35b,hank-place-field-audit-v1,Stage3 Firestore snapshot; live read blocked by RESOURCE_EXHAUSTED
2050,kto-2767628,맛나식당,SEOGWIPO_CITY,east,동부 (성산),39,음식점,food,UNKNOWN,5,0,5,5,24,20.83,,1,맛나식당,1,39:음식점,1,제주특별자치도 서귀포시 성산읍 동류암로 41,0,,1,"33.4485364431296,126.916005750279",0,,0,,0,,0,,0,,0,,0,,0,,0,,1,63640,0,,0,,0,,0,,0,,0,,0,,0,,0,,2b91c56fc7b5196bc828c9238081678ed31b26a21a318ac516580238a40ca35b,hank-place-field-audit-v1,Stage3 Firestore snapshot; live read blocked by RESOURCE_EXHAUSTED
2051,kto-2767629,당케올레국수,SEOGWIPO_CITY,east,동부 (표선),39,음식점,food,UNKNOWN,5,0,5,5,24,20.83,,1,당케올레국수,1,39:음식점,1,제주특별자치도 서귀포시 표선면 표선당포로 4,0,,1,"33.3253308176,126.8431292968",0,,0,,0,,0,,0,,0,,0,,0,,0,,1,63629,0,,0,,0,,0,,0,,0,,0,,0,,0,,2b91c56fc7b5196bc828c9238081678ed31b26a21a318ac516580238a40ca35b,hank-place-field-audit-v1,Stage3 Firestore snapshot; live read blocked by RESOURCE_EXHAUSTED
2052,kto-2767663,제주곰집,SEOGWIPO_CITY,seogwipo,서귀포시,39,음식점,food,UNKNOWN,5,0,5,5,24,20.83,,1,제주곰집,1,39:음식점,1,제주특별자치도 서귀포시 이어도로 733 (강정동),0,(강정동),1,"33.2357788031315,126.493556559773",0,,0,,0,,0,,0,,0,,0,,0,,0,,1,63564,0,,0,,0,,0,,0,,0,,0,,0,,0,,2b91c56fc7b5196bc828c9238081678ed31b26a21a318ac516580238a40ca35b,hank-place-field-audit-v1,Stage3 Firestore snapshot; live read blocked by RESOURCE_EXHAUSTED
2053,kto-2767694,신설오름,JEJU_CITY,jeju_city,제주시,39,음식점,food,UNKNOWN,5,0,5,5,24,20.83,,1,신설오름,1,39:음식점,1,제주특별자치도 제주시 고마로17길 2,0,,1,"33.5053848808039,126.541578109031",0,,0,,0,,0,,0,,0,,0,,0,,0,,1,63255,0,,0,,0,,0,,0,,0,,0,,0,,0,,2b91c56fc7b5196bc828c9238081678ed31b26a21a318ac516580238a40ca35b,hank-place-field-audit-v1,Stage3 Firestore snapshot; live read blocked by RESOURCE_EXHAUSTED
2054,kto-2767704,백리향,JEJU_CITY,east,동부 (조천),39,음식점,food,UNKNOWN,5,0,5,5,24,20.83,,1,백리향,1,39:음식점,1,제주특별자치도 제주시 조천읍 신북로 244,0,,1,"33.5369855363059,126.638426708699",0,,0,,0,,0,,0,,0,,0,,0,,0,,1,63331,0,,0,,0,,0,,0,,0,,0,,0,,0,,2b91c56fc7b5196bc828c9238081678ed31b26a21a318ac516580238a40ca35b,hank-place-field-audit-v1,Stage3 Firestore snapshot; live read blocked by RESOURCE_EXHAUSTED
2055,kto-2767722,해심가든,SEOGWIPO_CITY,seogwipo,서귀포시,39,음식점,food,UNKNOWN,5,0,5,5,24,20.83,,1,해심가든,1,39:음식점,1,제주특별자치도 서귀포시 천제연로 203-4 (중문동),0,,1,"33.25192300183686,126.42652339167373",0,,0,,0,,0,,0,,0,,0,,0,,0,,1,63545,0,,0,,0,,0,,0,,0,,0,,0,,0,,2b91c56fc7b5196bc828c9238081678ed31b26a21a318ac516580238a40ca35b,hank-place-field-audit-v1,Stage3 Firestore snapshot; live read blocked by RESOURCE_EXHAUSTED
2056,kto-2767786,짬뽕에취한날,JEJU_CITY,jeju_city,제주시,39,음식점,food,UNKNOWN,5,0,5,5,24,20.83,,1,짬뽕에취한날,1,39:음식점,1,제주특별자치도 제주시 귀아랑2길 4,0,,1,"33.4912024979454,126.497821392822",0,,0,,0,,0,,0,,0,,0,,0,,0,,1,63119,0,,0,,0,,0,,0,,0,,0,,0,,0,,2b91c56fc7b5196bc828c9238081678ed31b26a21a318ac516580238a40ca35b,hank-place-field-audit-v1,Stage3 Firestore snapshot; live read blocked by RESOURCE_EXHAUSTED
2057,kto-2767884,우도천진항,JEJU_CITY,jeju_city,제주시,12,관광지,spot,UNKNOWN,5,0,5,5,24,20.83,,1,우도천진항,1,12:관광지,1,제주특별자치도 제주시 우도면 연평리 1737-15,0,,1,"33.4919930639295,126.950434879884",0,,0,,0,,0,,0,,0,,0,,0,,0,,1,63365,0,,0,,0,,0,,0,,0,,0,,0,,0,,2b91c56fc7b5196bc828c9238081678ed31b26a21a318ac516580238a40ca35b,hank-place-field-audit-v1,Stage3 Firestore snapshot; live read blocked by RESOURCE_EXHAUSTED
2058,kto-2778890,노을해안로,SEOGWIPO_CITY,west,서부 (대정),12,관광지,spot,UNKNOWN,5,0,5,5,24,20.83,,1,노을해안로,1,12:관광지,1,제주특별자치도 서귀포시 대정읍 영락리,0,,1,"33.2563744294,126.2027620245",0,,1,https://tong.visitkorea.or.kr/cms/resource/64/3552564_image2_1.jpg,0,,0,,0,,0,,0,,0,,0,,0,,0,,0,,0,,0,,0,,0,,0,,0,,0,,2b91c56fc7b5196bc828c9238081678ed31b26a21a318ac516580238a40ca35b,hank-place-field-audit-v1,Stage3 Firestore snapshot; live read blocked by RESOURCE_EXHAUSTED
2059,kto-2778905,해맞이해안로,JEJU_CITY,east,동부 (구좌),12,관광지,spot,UNKNOWN,5,0,5,5,24,20.83,,1,해맞이해안로,1,12:관광지,1,제주특별자치도 제주시 구좌읍 김녕리,0,,1,"33.5504226979,126.7427251632",0,,1,https://tong.visitkorea.or.kr/cms/resource/89/3555389_image2_1.jpg,0,,0,,0,,0,,0,,0,,0,,0,,0,,0,,0,,0,,0,,0,,0,,0,,0,,2b91c56fc7b5196bc828c9238081678ed31b26a21a318ac516580238a40ca35b,hank-place-field-audit-v1,Stage3 Firestore snapshot; live read blocked by RESOURCE_EXHAUSTED
2060,kto-2785877,팰롱팰롱 빛나는,JEJU_CITY,west,서부 (애월),38,쇼핑,spot,UNKNOWN,5,0,5,5,24,20.83,,1,팰롱팰롱 빛나는,1,38:쇼핑,1,제주특별자치도 제주시 애월읍 애월로 27-2,0,,1,"33.4614695357,126.3116281057",0,,0,,0,,0,,0,,0,,0,,0,,0,,1,63043,0,,0,,0,,0,,0,,0,,0,,0,,0,,2b91c56fc7b5196bc828c9238081678ed31b26a21a318ac516580238a40ca35b,hank-place-field-audit-v1,Stage3 Firestore snapshot; live read blocked by RESOURCE_EXHAUSTED
2061,kto-2788115,제주기념품가게 올레파머스 함덕점,JEJU_CITY,east,동부 (조천),38,쇼핑,spot,UNKNOWN,5,0,5,5,24,20.83,,1,제주기념품가게 올레파머스 함덕점,1,38:쇼핑,1,제주특별자치도 제주시 조천읍 조함해안로 528,0,,1,"33.5425076130339,126.669245937563",0,,0,,0,,0,,0,,0,,0,,0,,0,,1,63333,0,,0,,0,,0,,0,,0,,0,,0,,0,,2b91c56fc7b5196bc828c9238081678ed31b26a21a318ac516580238a40ca35b,hank-place-field-audit-v1,Stage3 Firestore snapshot; live read blocked by RESOURCE_EXHAUSTED
2062,kto-2796715,베릿네오름,SEOGWIPO_CITY,seogwipo,서귀포시,12,관광지,spot,UNKNOWN,5,0,5,5,24,20.83,,1,베릿네오름,1,12:관광지,1,제주특별자치도 서귀포시 중문동 2314-2,0,,1,"33.2474788502,126.4220098576",0,,1,https://tong.visitkorea.or.kr/cms/resource/07/3552607_image2_1.jpg,0,,0,,0,,0,,0,,0,,0,,0,,0,,0,,0,,0,,0,,0,,0,,0,,0,,2b91c56fc7b5196bc828c9238081678ed31b26a21a318ac516580238a40ca35b,hank-place-field-audit-v1,Stage3 Firestore snapshot; live read blocked by RESOURCE_EXHAUSTED
2063,kto-2796937,제주드림타워 복합리조트,JEJU_CITY,jeju_city,제주시,32,숙박,stay,UNKNOWN,5,0,5,5,24,20.83,,1,제주드림타워 복합리조트,1,32:숙박,1,제주특별자치도 제주시 노연로 12 (노형동),0,,1,"33.485262303475146,126.48145945976125",0,,0,,0,,0,,0,,0,,0,,0,,0,,1,63082,0,,0,,0,,0,,0,,0,,0,,0,,0,,2b91c56fc7b5196bc828c9238081678ed31b26a21a318ac516580238a40ca35b,hank-place-field-audit-v1,Stage3 Firestore snapshot; live read blocked by RESOURCE_EXHAUSTED
2064,kto-2798703,성산포성당,SEOGWIPO_CITY,east,동부 (성산),12,관광지,spot,UNKNOWN,5,0,5,5,24,20.83,,1,성산포성당,1,12:관광지,1,제주특별자치도 서귀포시 성산읍 고성오조로 120,0,,1,"33.4539607740169,126.913641954744",0,,0,,0,,0,,0,,0,,0,,0,,0,,1,63639,0,,0,,0,,0,,0,,0,,0,,0,,0,,2b91c56fc7b5196bc828c9238081678ed31b26a21a318ac516580238a40ca35b,hank-place-field-audit-v1,Stage3 Firestore snapshot; live read blocked by RESOURCE_EXHAUSTED
2065,kto-2798709,제주피싱테마파크,JEJU_CITY,east,동부 (조천),28,레포츠,spot,UNKNOWN,5,0,5,5,24,20.83,,1,제주피싱테마파크,1,28:레포츠,1,제주특별자치도 제주시 조천읍 조함해안로 247-2,0,,1,"33.5512617884,126.6469422547",0,,0,,0,,0,,0,,0,,0,,0,,0,,1,63332,0,,0,,0,,0,,0,,0,,0,,0,,0,,2b91c56fc7b5196bc828c9238081678ed31b26a21a318ac516580238a40ca35b,hank-place-field-audit-v1,Stage3 Firestore snapshot; live read blocked by RESOURCE_EXHAUSTED
2066,kto-2801936,집의기록상점,JEJU_CITY,west,서부 (한림),39,음식점,food,UNKNOWN,5,0,5,5,24,20.83,,1,집의기록상점,1,39:음식점,1,제주특별자치도 제주시 한림읍 귀덕11길 60,0,,1,"33.4465017321381,126.297218856119",0,,0,,0,,0,,0,,0,,0,,0,,0,,1,63024,0,,0,,0,,0,,0,,0,,0,,0,,0,,2b91c56fc7b5196bc828c9238081678ed31b26a21a318ac516580238a40ca35b,hank-place-field-audit-v1,Stage3 Firestore snapshot; live read blocked by RESOURCE_EXHAUSTED
2067,kto-2805240,가파도별미식당,SEOGWIPO_CITY,west,서부 (대정),39,음식점,food,UNKNOWN,5,0,5,5,24,20.83,,1,가파도별미식당,1,39:음식점,1,제주특별자치도 서귀포시 대정읍 영서중로 59,0,,1,"33.22150872289134,126.26004038779146",0,,0,,0,,0,,0,,0,,0,,0,,0,,1,63510,0,,0,,0,,0,,0,,0,,0,,0,,0,,2b91c56fc7b5196bc828c9238081678ed31b26a21a318ac516580238a40ca35b,hank-place-field-audit-v1,Stage3 Firestore snapshot; live read blocked by RESOURCE_EXHAUSTED
2068,kto-2805243,몰래물밥상,JEJU_CITY,jeju_city,제주시,39,음식점,food,UNKNOWN,5,0,5,5,24,20.83,,1,몰래물밥상,1,39:음식점,1,제주특별자치도 제주시 도두항서길 (65),0,,1,"33.5041559983384,126.463696495422",0,,0,,0,,0,,0,,0,,0,,0,,0,,1,63113,0,,0,,0,,0,,0,,0,,0,,0,,0,,2b91c56fc7b5196bc828c9238081678ed31b26a21a318ac516580238a40ca35b,hank-place-field-audit-v1,Stage3 Firestore snapshot; live read blocked by RESOURCE_EXHAUSTED
2069,kto-2805320,착한제주고등어,JEJU_CITY,jeju_city,제주시,39,음식점,food,UNKNOWN,5,0,5,5,24,20.83,,1,착한제주고등어,1,39:음식점,1,제주특별자치도 제주시 동문로11길 5 (건입동),0,,1,"33.513586902013,126.531219729389",0,,0,,0,,0,,0,,0,,0,,0,,0,,1,63278,0,,0,,0,,0,,0,,0,,0,,0,,0,,2b91c56fc7b5196bc828c9238081678ed31b26a21a318ac516580238a40ca35b,hank-place-field-audit-v1,Stage3 Firestore snapshot; live read blocked by RESOURCE_EXHAUSTED
2070,kto-2805415,백록집,JEJU_CITY,east,동부 (조천),39,음식점,food,UNKNOWN,5,0,5,5,24,20.83,,1,백록집,1,39:음식점,1,제주특별자치도 제주시 조천읍 함덕로 24,0,,1,"33.5417447548,126.6727147762",0,,0,,0,,0,,0,,0,,0,,0,,0,,1,63333,0,,0,,0,,0,,0,,0,,0,,0,,0,,2b91c56fc7b5196bc828c9238081678ed31b26a21a318ac516580238a40ca35b,hank-place-field-audit-v1,Stage3 Firestore snapshot; live read blocked by RESOURCE_EXHAUSTED
2071,kto-2806020,삼다숯불갈비,SEOGWIPO_CITY,seogwipo,서귀포시,39,음식점,food,UNKNOWN,5,0,5,5,24,20.83,,1,삼다숯불갈비,1,39:음식점,1,제주특별자치도 서귀포시 명동로 (43),0,,1,"33.2477319085163,126.5664511015",0,,0,,0,,0,,0,,0,,0,,0,,0,,1,63595,0,,0,,0,,0,,0,,0,,0,,0,,0,,2b91c56fc7b5196bc828c9238081678ed31b26a21a318ac516580238a40ca35b,hank-place-field-audit-v1,Stage3 Firestore snapshot; live read blocked by RESOURCE_EXHAUSTED
2072,kto-2807119,고서방 짬뽕,JEJU_CITY,jeju_city,제주시,39,음식점,food,UNKNOWN,5,0,5,5,24,20.83,,1,고서방 짬뽕,1,39:음식점,1,제주특별자치도 제주시 인다5길 11-5 (아라일동),0,,1,"33.4759667087,126.5481604303",0,,0,,0,,0,,0,,0,,0,,0,,0,,1,63247,0,,0,,0,,0,,0,,0,,0,,0,,0,,2b91c56fc7b5196bc828c9238081678ed31b26a21a318ac516580238a40ca35b,hank-place-field-audit-v1,Stage3 Firestore snapshot; live read blocked by RESOURCE_EXHAUSTED
2073,kto-2807387,커뮤니테이블,SEOGWIPO_CITY,seogwipo,서귀포시,39,음식점,food,UNKNOWN,5,0,5,5,24,20.83,,1,커뮤니테이블,1,39:음식점,1,제주특별자치도 서귀포시 월평로 (15),0,,1,"33.2448027647023,126.459288887123",0,,0,,0,,0,,0,,0,,0,,0,,0,,1,63562,0,,0,,0,,0,,0,,0,,0,,0,,0,,2b91c56fc7b5196bc828c9238081678ed31b26a21a318ac516580238a40ca35b,hank-place-field-audit-v1,Stage3 Firestore snapshot; live read blocked by RESOURCE_EXHAUSTED
2074,kto-2807920,달페이지,SEOGWIPO_CITY,seogwipo,서귀포시,39,음식점,food,UNKNOWN,5,0,5,5,24,20.83,,1,달페이지,1,39:음식점,1,제주특별자치도 서귀포시 색달로64번길 51,0,,1,"33.2597558635739,126.413928872755",0,,0,,0,,0,,0,,0,,0,,0,,0,,1,63534,0,,0,,0,,0,,0,,0,,0,,0,,0,,2b91c56fc7b5196bc828c9238081678ed31b26a21a318ac516580238a40ca35b,hank-place-field-audit-v1,Stage3 Firestore snapshot; live read blocked by RESOURCE_EXHAUSTED
2075,kto-2808037,원앤온리,SEOGWIPO_CITY,seogwipo,서귀포시,39,음식점,food,UNKNOWN,5,0,5,5,24,20.83,,1,원앤온리,1,39:음식점,1,제주특별자치도 서귀포시 산방로 141 원앤온리,0,,1,"33.2392234176341,126.319188130684",0,,0,,0,,0,,0,,0,,0,,0,,0,,1,63528,0,,0,,0,,0,,0,,0,,0,,0,,0,,2b91c56fc7b5196bc828c9238081678ed31b26a21a318ac516580238a40ca35b,hank-place-field-audit-v1,Stage3 Firestore snapshot; live read blocked by RESOURCE_EXHAUSTED
2076,kto-2808937,오드랑베이커리,JEJU_CITY,jeju_city,제주시,39,음식점,cafe,UNKNOWN,5,0,5,5,24,20.83,,1,오드랑베이커리,1,39:음식점,1,제주특별자치도 제주시 조함해안로 552-3,0,,1,"33.5421641344,126.6715954192",0,,0,,0,,0,,0,,0,,0,,0,,0,,1,63333,0,,0,,0,,0,,0,,0,,0,,0,,0,,2b91c56fc7b5196bc828c9238081678ed31b26a21a318ac516580238a40ca35b,hank-place-field-audit-v1,Stage3 Firestore snapshot; live read blocked by RESOURCE_EXHAUSTED
2077,kto-2809970,바다밥상,SEOGWIPO_CITY,seogwipo,서귀포시,39,음식점,food,UNKNOWN,5,0,5,5,24,20.83,,1,바다밥상,1,39:음식점,1,제주특별자치도 서귀포시 천지연로 16,0,,1,"33.2418631165543,126.564643068488",0,,0,,0,,0,,0,,0,,0,,0,,0,,1,63596,0,,0,,0,,0,,0,,0,,0,,0,,0,,2b91c56fc7b5196bc828c9238081678ed31b26a21a318ac516580238a40ca35b,hank-place-field-audit-v1,Stage3 Firestore snapshot; live read blocked by RESOURCE_EXHAUSTED
2078,kto-2810922,더스푼,JEJU_CITY,jeju_city,제주시,39,음식점,food,UNKNOWN,5,0,5,5,24,20.83,,1,더스푼,1,39:음식점,1,제주특별자치도 제주시 구남동1길 45,0,,1,"33.4934001587574,126.541150645021",0,,0,,0,,0,,0,,0,,0,,0,,0,,1,63231,0,,0,,0,,0,,0,,0,,0,,0,,0,,2b91c56fc7b5196bc828c9238081678ed31b26a21a318ac516580238a40ca35b,hank-place-field-audit-v1,Stage3 Firestore snapshot; live read blocked by RESOURCE_EXHAUSTED
2079,kto-2811110,훈데르트바서파크,JEJU_CITY,jeju_city,제주시,14,문화시설,spot,UNKNOWN,5,0,5,5,24,20.83,,1,훈데르트바서파크,1,14:문화시설,1,제주특별자치도 제주시 우도면 우도해안길 32-12,0,,1,"33.4930408093,126.9549441872",0,,0,,0,,0,,0,,0,,0,,0,,0,,1,63365,0,,0,,0,,0,,0,,0,,0,,0,,0,,2b91c56fc7b5196bc828c9238081678ed31b26a21a318ac516580238a40ca35b,hank-place-field-audit-v1,Stage3 Firestore snapshot; live read blocked by RESOURCE_EXHAUSTED
2080,kto-2815713,오라디오라,SEOGWIPO_CITY,seogwipo,서귀포시,39,음식점,food,UNKNOWN,5,0,5,5,24,20.83,,1,오라디오라,1,39:음식점,1,제주특별자치도 서귀포시 사계로114번길 54-102,0,,1,"33.2350542838104,126.308167025222",0,,0,,0,,0,,0,,0,,0,,0,,0,,1,63528,0,,0,,0,,0,,0,,0,,0,,0,,0,,2b91c56fc7b5196bc828c9238081678ed31b26a21a318ac516580238a40ca35b,hank-place-field-audit-v1,Stage3 Firestore snapshot; live read blocked by RESOURCE_EXHAUSTED
2081,kto-2819194,이스방한상,JEJU_CITY,jeju_city,제주시,39,음식점,food,UNKNOWN,5,0,5,5,24,20.83,,1,이스방한상,1,39:음식점,1,제주특별자치도 제주시 흥운길 87,0,,1,"33.5157221161609,126.513574922731",0,,0,,0,,0,,0,,0,,0,,0,,0,,1,63152,0,,0,,0,,0,,0,,0,,0,,0,,0,,2b91c56fc7b5196bc828c9238081678ed31b26a21a318ac516580238a40ca35b,hank-place-field-audit-v1,Stage3 Firestore snapshot; live read blocked by RESOURCE_EXHAUSTED
2082,kto-2824043,행복밀,JEJU_CITY,jeju_city,제주시,39,음식점,cafe,UNKNOWN,5,0,5,5,24,20.83,,1,행복밀,1,39:음식점,1,제주특별자치도 제주시 서광로 239 (삼도일동),0,,1,"33.5000525164,126.5220815945",0,,0,,0,,0,,0,,0,,0,,0,,0,,1,63182,0,,0,,0,,0,,0,,0,,0,,0,,0,,2b91c56fc7b5196bc828c9238081678ed31b26a21a318ac516580238a40ca35b,hank-place-field-audit-v1,Stage3 Firestore snapshot; live read blocked by RESOURCE_EXHAUSTED
2083,kto-2825241,철가방을든해녀,SEOGWIPO_CITY,seogwipo,서귀포시,39,음식점,food,UNKNOWN,5,0,5,5,24,20.83,,1,철가방을든해녀,1,39:음식점,1,제주특별자치도 서귀포시 마라로 85,0,,1,"33.1164840528096,126.265870809934",0,,0,,0,,0,,0,,0,,0,,0,,0,,1,63515,0,,0,,0,,0,,0,,0,,0,,0,,0,,2b91c56fc7b5196bc828c9238081678ed31b26a21a318ac516580238a40ca35b,hank-place-field-audit-v1,Stage3 Firestore snapshot; live read blocked by RESOURCE_EXHAUSTED
2084,kto-2828666,표선우동가게,SEOGWIPO_CITY,east,동부 (표선),39,음식점,food,UNKNOWN,5,0,5,5,24,20.83,,1,표선우동가게,1,39:음식점,1,제주특별자치도 서귀포시 표선관정로 105-1,0,,1,"33.3241022996971,126.831283143852",0,,0,,0,,0,,0,,0,,0,,0,,0,,1,63629,0,,0,,0,,0,,0,,0,,0,,0,,0,,2b91c56fc7b5196bc828c9238081678ed31b26a21a318ac516580238a40ca35b,hank-place-field-audit-v1,Stage3 Firestore snapshot; live read blocked by RESOURCE_EXHAUSTED
2085,kto-2829786,비케이브,JEJU_CITY,jeju_city,제주시,39,음식점,cafe,UNKNOWN,5,0,5,5,24,20.83,,1,비케이브,1,39:음식점,1,제주특별자치도 제주시 동백로 122,0,,1,"33.50838254,126.7200169877",0,,0,,0,,0,,0,,0,,0,,0,,0,,1,63340,0,,0,,0,,0,,0,,0,,0,,0,,0,,2b91c56fc7b5196bc828c9238081678ed31b26a21a318ac516580238a40ca35b,hank-place-field-audit-v1,Stage3 Firestore snapshot; live read blocked by RESOURCE_EXHAUSTED
2086,kto-2839759,니모메,JEJU_CITY,jeju_city,제주시,39,음식점,cafe,UNKNOWN,5,0,5,5,24,20.83,,1,니모메,1,39:음식점,1,제주특별자치도 제주시 일주서로 7335-8,0,,1,"33.4937545425,126.4309535489",0,,0,,0,,0,,0,,0,,0,,0,,0,,1,63068,0,,0,,0,,0,,0,,0,,0,,0,,0,,2b91c56fc7b5196bc828c9238081678ed31b26a21a318ac516580238a40ca35b,hank-place-field-audit-v1,Stage3 Firestore snapshot; live read blocked by RESOURCE_EXHAUSTED
2087,kto-2847188,호텔 휴식 서귀포,SEOGWIPO_CITY,seogwipo,서귀포시,32,숙박,stay,UNKNOWN,5,0,5,5,24,20.83,,1,호텔 휴식 서귀포,1,32:숙박,1,제주특별자치도 서귀포시 중앙로71번길 17 (서귀동),0,,1,"33.25038393756889,126.55952317709149",0,,0,,0,,0,,0,,0,,0,,0,,0,,1,63592,0,,0,,0,,0,,0,,0,,0,,0,,0,,2b91c56fc7b5196bc828c9238081678ed31b26a21a318ac516580238a40ca35b,hank-place-field-audit-v1,Stage3 Firestore snapshot; live read blocked by RESOURCE_EXHAUSTED
2088,kto-2847272,제주 항공우주 호텔,SEOGWIPO_CITY,west,서부 (안덕),32,숙박,stay,UNKNOWN,5,0,5,5,24,20.83,,1,제주 항공우주 호텔,1,32:숙박,1,제주특별자치도 서귀포시 안덕면 녹차분재로 216,0,,1,"33.3023914693,126.29458255",0,,0,,0,,0,,0,,0,,0,,0,,0,,1,63521,0,,0,,0,,0,,0,,0,,0,,0,,0,,2b91c56fc7b5196bc828c9238081678ed31b26a21a318ac516580238a40ca35b,hank-place-field-audit-v1,Stage3 Firestore snapshot; live read blocked by RESOURCE_EXHAUSTED
2089,kto-2847715,풀베개,SEOGWIPO_CITY,west,서부 (안덕),39,음식점,cafe,UNKNOWN,5,0,5,5,24,20.83,,1,풀베개,1,39:음식점,1,제주특별자치도 서귀포시 안덕면 화순서서로 492-4,0,,1,"33.285511671,126.3032220973",0,,0,,0,,0,,0,,0,,0,,0,,0,,1,63521,0,,0,,0,,0,,0,,0,,0,,0,,0,,2b91c56fc7b5196bc828c9238081678ed31b26a21a318ac516580238a40ca35b,hank-place-field-audit-v1,Stage3 Firestore snapshot; live read blocked by RESOURCE_EXHAUSTED
2090,kto-2851320,짱구네유채꽃밭,SEOGWIPO_CITY,east,동부 (성산),12,관광지,spot,UNKNOWN,5,0,5,5,24,20.83,,1,짱구네유채꽃밭,1,12:관광지,1,제주특별자치도 서귀포시 성산읍 한도로 90,0,,1,"33.468456756,126.9174549932",0,,0,,0,,0,,0,,0,,0,,0,,0,,1,63639,0,,0,,0,,0,,0,,0,,0,,0,,0,,2b91c56fc7b5196bc828c9238081678ed31b26a21a318ac516580238a40ca35b,hank-place-field-audit-v1,Stage3 Firestore snapshot; live read blocked by RESOURCE_EXHAUSTED
2091,kto-2851546,카페 글렌코,JEJU_CITY,east,동부 (구좌),39,음식점,cafe,UNKNOWN,5,0,5,5,24,20.83,,1,카페 글렌코,1,39:음식점,1,제주특별자치도 제주시 구좌읍 비자림로 1202,0,,1,"33.4335,126.7335",0,,0,,0,,0,,0,,0,,0,,0,,0,,1,63355,0,,0,,0,,0,,0,,0,,0,,0,,0,,2b91c56fc7b5196bc828c9238081678ed31b26a21a318ac516580238a40ca35b,hank-place-field-audit-v1,Stage3 Firestore snapshot; live read blocked by RESOURCE_EXHAUSTED
2092,kto-2851706,영주말가든,JEJU_CITY,jeju_city,제주시,39,음식점,food,UNKNOWN,5,0,5,5,24,20.83,,1,영주말가든,1,39:음식점,1,제주특별자치도 제주시 연북로 196,0,,1,"33.4812037296555,126.502012897533",0,,0,,0,,0,,0,,0,,0,,0,,0,,1,63147,0,,0,,0,,0,,0,,0,,0,,0,,0,,2b91c56fc7b5196bc828c9238081678ed31b26a21a318ac516580238a40ca35b,hank-place-field-audit-v1,Stage3 Firestore snapshot; live read blocked by RESOURCE_EXHAUSTED
2093,kto-2851717,애월그때그집 제주도 본점,JEJU_CITY,west,서부 (애월),39,음식점,food,UNKNOWN,5,0,5,5,24,20.83,,1,애월그때그집 제주도 본점,1,39:음식점,1,제주특별자치도 제주시 애월읍 애월로15길 24,0,,1,"33.4660001226054,126.324086825756",0,,0,,0,,0,,0,,0,,0,,0,,0,,1,63043,0,,0,,0,,0,,0,,0,,0,,0,,0,,2b91c56fc7b5196bc828c9238081678ed31b26a21a318ac516580238a40ca35b,hank-place-field-audit-v1,Stage3 Firestore snapshot; live read blocked by RESOURCE_EXHAUSTED
2094,kto-2851992,마니주,JEJU_CITY,jeju_city,제주시,39,음식점,food,UNKNOWN,5,0,5,5,24,20.83,,1,마니주,1,39:음식점,1,제주특별자치도 제주시 광령2길 102,0,,1,"33.4511727248361,126.428859275341",0,,0,,0,,0,,0,,0,,0,,0,,0,,1,63062,0,,0,,0,,0,,0,,0,,0,,0,,0,,2b91c56fc7b5196bc828c9238081678ed31b26a21a318ac516580238a40ca35b,hank-place-field-audit-v1,Stage3 Firestore snapshot; live read blocked by RESOURCE_EXHAUSTED
2095,kto-2877645,서귀피안 베이커리,SEOGWIPO_CITY,seogwipo,서귀포시,39,음식점,cafe,UNKNOWN,5,0,5,5,24,20.83,,1,서귀피안 베이커리,1,39:음식점,1,제주특별자치도 서귀포시 신양로122번길 17,0,,1,"33.4352519734,126.9219749494",0,,0,,0,,0,,0,,0,,0,,0,,0,,1,63641,0,,0,,0,,0,,0,,0,,0,,0,,0,,2b91c56fc7b5196bc828c9238081678ed31b26a21a318ac516580238a40ca35b,hank-place-field-audit-v1,Stage3 Firestore snapshot; live read blocked by RESOURCE_EXHAUSTED
2096,kto-2894522,풍천만가,JEJU_CITY,jeju_city,제주시,39,음식점,food,UNKNOWN,5,0,5,5,24,20.83,,1,풍천만가,1,39:음식점,1,제주특별자치도 제주시 아연로 40,0,,1,"33.4782462172,126.4982369392",0,,0,,0,,0,,0,,0,,0,,0,,0,,1,63142,0,,0,,0,,0,,0,,0,,0,,0,,0,,2b91c56fc7b5196bc828c9238081678ed31b26a21a318ac516580238a40ca35b,hank-place-field-audit-v1,Stage3 Firestore snapshot; live read blocked by RESOURCE_EXHAUSTED
2097,kto-2899468,카페유주,JEJU_CITY,west,서부 (한림),39,음식점,cafe,UNKNOWN,5,0,5,5,24,20.83,,1,카페유주,1,39:음식점,1,제주특별자치도 제주시 한림상로 17,0,,1,"33.4054781002,126.2572346129",0,,0,,0,,0,,0,,0,,0,,0,,0,,1,63012,0,,0,,0,,0,,0,,0,,0,,0,,0,,2b91c56fc7b5196bc828c9238081678ed31b26a21a318ac516580238a40ca35b,hank-place-field-audit-v1,Stage3 Firestore snapshot; live read blocked by RESOURCE_EXHAUSTED
2098,kto-2904395,올드패션,SEOGWIPO_CITY,seogwipo,서귀포시,39,음식점,food,UNKNOWN,5,0,5,5,24,20.83,,1,올드패션,1,39:음식점,1,제주특별자치도 서귀포시 일주동로 8661 (서귀동),0,,1,"33.25335636079722,126.56294952658268",0,,0,,0,,0,,0,,0,,0,,0,,0,,1,63590,0,,0,,0,,0,,0,,0,,0,,0,,0,,2b91c56fc7b5196bc828c9238081678ed31b26a21a318ac516580238a40ca35b,hank-place-field-audit-v1,Stage3 Firestore snapshot; live read blocked by RESOURCE_EXHAUSTED
2099,kto-2904412,우디글레이드 (Woody glade),SEOGWIPO_CITY,seogwipo,서귀포시,39,음식점,food,UNKNOWN,5,0,5,5,24,20.83,,1,우디글레이드 (Woody glade),1,39:음식점,1,제주특별자치도 서귀포시 솔동산로 26-6,0,,1,"33.2427157727,126.5632265139",0,,0,,0,,0,,0,,0,,0,,0,,0,,1,63596,0,,0,,0,,0,,0,,0,,0,,0,,0,,2b91c56fc7b5196bc828c9238081678ed31b26a21a318ac516580238a40ca35b,hank-place-field-audit-v1,Stage3 Firestore snapshot; live read blocked by RESOURCE_EXHAUSTED
2100,kto-2904691,라 플라주,JEJU_CITY,jeju_city,제주시,39,음식점,food,UNKNOWN,5,0,5,5,24,20.83,,1,라 플라주,1,39:음식점,1,제주특별자치도 제주시 조함해안로 525,0,,1,"33.5427075869,126.6690709492",0,,0,,0,,0,,0,,0,,0,,0,,0,,1,63333,0,,0,,0,,0,,0,,0,,0,,0,,0,,2b91c56fc7b5196bc828c9238081678ed31b26a21a318ac516580238a40ca35b,hank-place-field-audit-v1,Stage3 Firestore snapshot; live read blocked by RESOURCE_EXHAUSTED
2101,kto-2904955,알엔알(rnr),JEJU_CITY,jeju_city,제주시,39,음식점,food,UNKNOWN,5,0,5,5,24,20.83,,1,알엔알(rnr),1,39:음식점,1,제주특별자치도 제주시 협재1길 29,0,,1,"33.3978926513,126.2432277538",0,,0,,0,,0,,0,,0,,0,,0,,0,,1,63011,0,,0,,0,,0,,0,,0,,0,,0,,0,,2b91c56fc7b5196bc828c9238081678ed31b26a21a318ac516580238a40ca35b,hank-place-field-audit-v1,Stage3 Firestore snapshot; live read blocked by RESOURCE_EXHAUSTED
2102,kto-2917270,그라벨호텔,JEJU_CITY,jeju_city,제주시,32,숙박,stay,UNKNOWN,5,0,5,5,24,20.83,,1,그라벨호텔,1,32:숙박,1,제주특별자치도 제주시 일주서로 7316 (외도일동),0,,1,"33.4923861847,126.4286535203",0,,0,,0,,0,,0,,0,,0,,0,,0,,1,63069,0,,0,,0,,0,,0,,0,,0,,0,,0,,2b91c56fc7b5196bc828c9238081678ed31b26a21a318ac516580238a40ca35b,hank-place-field-audit-v1,Stage3 Firestore snapshot; live read blocked by RESOURCE_EXHAUSTED
2103,kto-2933508,유동룡미술관,JEJU_CITY,jeju_city,제주시,14,문화시설,spot,UNKNOWN,5,0,5,5,24,20.83,,1,유동룡미술관,1,14:문화시설,1,제주특별자치도 제주시 용금로 906-10,0,,1,"33.340585868,126.2707792522",0,,0,,0,,0,,0,,0,,0,,0,,0,,1,63017,0,,0,,0,,0,,0,,0,,0,,0,,0,,2b91c56fc7b5196bc828c9238081678ed31b26a21a318ac516580238a40ca35b,hank-place-field-audit-v1,Stage3 Firestore snapshot; live read blocked by RESOURCE_EXHAUSTED
2104,kto-2938592,서작가초밥집,SEOGWIPO_CITY,seogwipo,서귀포시,39,음식점,food,UNKNOWN,5,0,5,5,24,20.83,,1,서작가초밥집,1,39:음식점,1,제주특별자치도 서귀포시 태평로 416-1,0,,1,"33.2448488835,126.5647985422",0,,0,,0,,0,,0,,0,,0,,0,,0,,1,63596,0,,0,,0,,0,,0,,0,,0,,0,,0,,2b91c56fc7b5196bc828c9238081678ed31b26a21a318ac516580238a40ca35b,hank-place-field-audit-v1,Stage3 Firestore snapshot; live read blocked by RESOURCE_EXHAUSTED
2105,kto-2939004,돈물국수,JEJU_CITY,jeju_city,제주시,39,음식점,food,UNKNOWN,5,0,5,5,24,20.83,,1,돈물국수,1,39:음식점,1,제주특별자치도 제주시 연무정동길 2,0,,1,"33.5140171097563,126.535422928711",0,,0,,0,,0,,0,,0,,0,,0,,0,,1,63282,0,,0,,0,,0,,0,,0,,0,,0,,0,,2b91c56fc7b5196bc828c9238081678ed31b26a21a318ac516580238a40ca35b,hank-place-field-audit-v1,Stage3 Firestore snapshot; live read blocked by RESOURCE_EXHAUSTED
2106,kto-2940065,칠분의오,JEJU_CITY,jeju_city,제주시,39,음식점,food,UNKNOWN,5,0,5,5,24,20.83,,1,칠분의오,1,39:음식점,1,제주특별자치도 제주시 해맞이해안로 650-20,0,,1,"33.5585025345,126.8134932697",0,,0,,0,,0,,0,,0,,0,,0,,0,,1,63358,0,,0,,0,,0,,0,,0,,0,,0,,0,,2b91c56fc7b5196bc828c9238081678ed31b26a21a318ac516580238a40ca35b,hank-place-field-audit-v1,Stage3 Firestore snapshot; live read blocked by RESOURCE_EXHAUSTED
2107,kto-2940076,카고크루즈,JEJU_CITY,jeju_city,제주시,39,음식점,food,UNKNOWN,5,0,5,5,24,20.83,,1,카고크루즈,1,39:음식점,1,제주특별자치도 제주시 탑동로 43,0,,1,"33.5176470006,126.5203520258",0,,0,,0,,0,,0,,0,,0,,0,,0,,1,63166,0,,0,,0,,0,,0,,0,,0,,0,,0,,2b91c56fc7b5196bc828c9238081678ed31b26a21a318ac516580238a40ca35b,hank-place-field-audit-v1,Stage3 Firestore snapshot; live read blocked by RESOURCE_EXHAUSTED
2108,kto-2940391,광이멀스테이,JEJU_CITY,jeju_city,제주시,32,숙박,stay,UNKNOWN,5,0,5,5,24,20.83,,1,광이멀스테이,1,32:숙박,1,제주특별자치도 제주시 월각로 151,0,,1,"33.4058844989,126.3048803787",0,,0,,0,,0,,0,,0,,0,,0,,0,,1,63022,0,,0,,0,,0,,0,,0,,0,,0,,0,,2b91c56fc7b5196bc828c9238081678ed31b26a21a318ac516580238a40ca35b,hank-place-field-audit-v1,Stage3 Firestore snapshot; live read blocked by RESOURCE_EXHAUSTED
2109,kto-2941421,수눌음,SEOGWIPO_CITY,seogwipo,서귀포시,39,음식점,food,UNKNOWN,5,0,5,5,24,20.83,,1,수눌음,1,39:음식점,1,제주특별자치도 서귀포시 하모항구로 50 수눌음,0,,1,"33.2181497776,126.2500422457",0,,0,,0,,0,,0,,0,,0,,0,,0,,1,63506,0,,0,,0,,0,,0,,0,,0,,0,,0,,2b91c56fc7b5196bc828c9238081678ed31b26a21a318ac516580238a40ca35b,hank-place-field-audit-v1,Stage3 Firestore snapshot; live read blocked by RESOURCE_EXHAUSTED
2110,kto-2980017,빈폴 제주점,JEJU_CITY,jeju_city,제주시,38,쇼핑,spot,UNKNOWN,5,0,5,5,24,20.83,,1,빈폴 제주점,1,38:쇼핑,1,제주특별자치도 제주시 관덕로11길 15,0,,1,"33.514406112482405,126.52532153713766",0,,0,,0,,0,,0,,0,,0,,0,,0,,1,63277,0,,0,,0,,0,,0,,0,,0,,0,,0,,2b91c56fc7b5196bc828c9238081678ed31b26a21a318ac516580238a40ca35b,hank-place-field-audit-v1,Stage3 Firestore snapshot; live read blocked by RESOURCE_EXHAUSTED
2111,kto-2994124,중문승마공원,SEOGWIPO_CITY,seogwipo,서귀포시,28,레포츠,spot,UNKNOWN,5,0,5,5,24,20.83,,1,중문승마공원,1,28:레포츠,1,제주특별자치도 서귀포시 대포동 2270,0,,1,"33.2425888443,126.4454255053",0,,0,,0,,0,,0,,0,,0,,0,,0,,1,63543,0,,0,,0,,0,,0,,0,,0,,0,,0,,2b91c56fc7b5196bc828c9238081678ed31b26a21a318ac516580238a40ca35b,hank-place-field-audit-v1,Stage3 Firestore snapshot; live read blocked by RESOURCE_EXHAUSTED
2112,kto-3031022,제주호텔더엠,SEOGWIPO_CITY,seogwipo,서귀포시,32,숙박,stay,UNKNOWN,5,0,5,5,24,20.83,,1,제주호텔더엠,1,32:숙박,1,제주특별자치도 서귀포시 태평로353번길 14 (서귀동),0,,1,"33.24684620774138,126.56067625968052",0,,0,,0,,0,,0,,0,,0,,0,,0,,1,63595,0,,0,,0,,0,,0,,0,,0,,0,,0,,2b91c56fc7b5196bc828c9238081678ed31b26a21a318ac516580238a40ca35b,hank-place-field-audit-v1,Stage3 Firestore snapshot; live read blocked by RESOURCE_EXHAUSTED
2113,kto-3076367,아름다운리조트,SEOGWIPO_CITY,east,동부 (성산),32,숙박,stay,UNKNOWN,5,0,5,5,24,20.83,,1,아름다운리조트,1,32:숙박,1,제주특별자치도 서귀포시 성산읍 해맞이해안로 2644,0,,1,"33.475196126060176,126.90999159317485",0,,0,,0,,0,,0,,0,,0,,0,,0,,1,63638,0,,0,,0,,0,,0,,0,,0,,0,,0,,2b91c56fc7b5196bc828c9238081678ed31b26a21a318ac516580238a40ca35b,hank-place-field-audit-v1,Stage3 Firestore snapshot; live read blocked by RESOURCE_EXHAUSTED
2114,kto-3076447,블룸호텔,SEOGWIPO_CITY,seogwipo,서귀포시,32,숙박,stay,UNKNOWN,5,0,5,5,24,20.83,,1,블룸호텔,1,32:숙박,1,제주특별자치도 서귀포시 중문관광로72번길 53 (색달동),0,,1,"33.24986774521085,126.40808830694736",0,,0,,0,,0,,0,,0,,0,,0,,0,,1,63535,0,,0,,0,,0,,0,,0,,0,,0,,0,,2b91c56fc7b5196bc828c9238081678ed31b26a21a318ac516580238a40ca35b,hank-place-field-audit-v1,Stage3 Firestore snapshot; live read blocked by RESOURCE_EXHAUSTED
2115,kto-3076478,키코앤일레인호텔,SEOGWIPO_CITY,seogwipo,서귀포시,32,숙박,stay,UNKNOWN,5,0,5,5,24,20.83,,1,키코앤일레인호텔,1,32:숙박,1,제주특별자치도 서귀포시 일주서로 660 (회수동),0,,1,"33.254594278335055,126.43904279986344",0,,0,,0,,0,,0,,0,,0,,0,,0,,1,63540,0,,0,,0,,0,,0,,0,,0,,0,,0,,2b91c56fc7b5196bc828c9238081678ed31b26a21a318ac516580238a40ca35b,hank-place-field-audit-v1,Stage3 Firestore snapshot; live read blocked by RESOURCE_EXHAUSTED
2116,kto-3076484,이스턴호텔제주,SEOGWIPO_CITY,seogwipo,서귀포시,32,숙박,stay,UNKNOWN,5,0,5,5,24,20.83,,1,이스턴호텔제주,1,32:숙박,1,제주특별자치도 서귀포시 서호중로 65 (서호동),0,,1,"33.2543640883,126.5200722338",0,,0,,0,,0,,0,,0,,0,,0,,0,,1,63568,0,,0,,0,,0,,0,,0,,0,,0,,0,,2b91c56fc7b5196bc828c9238081678ed31b26a21a318ac516580238a40ca35b,hank-place-field-audit-v1,Stage3 Firestore snapshot; live read blocked by RESOURCE_EXHAUSTED
2117,kto-3079932,제주노블레스관광호텔,JEJU_CITY,jeju_city,제주시,32,숙박,stay,UNKNOWN,5,0,5,5,24,20.83,,1,제주노블레스관광호텔,1,32:숙박,1,제주특별자치도 제주시 월성로4길 19 (용담이동),0,,1,"33.501634317340255,126.50332740933527",0,,0,,0,,0,,0,,0,,0,,0,,0,,1,63164,0,,0,,0,,0,,0,,0,,0,,0,,0,,2b91c56fc7b5196bc828c9238081678ed31b26a21a318ac516580238a40ca35b,hank-place-field-audit-v1,Stage3 Firestore snapshot; live read blocked by RESOURCE_EXHAUSTED
2118,kto-3079939,라마다제주함덕호텔,JEJU_CITY,east,동부 (조천),32,숙박,stay,UNKNOWN,5,0,5,5,24,20.83,,1,라마다제주함덕호텔,1,32:숙박,1,제주특별자치도 제주시 조천읍 신북로 470,0,,1,"33.54314999627822,126.65987322520544",0,,0,,0,,0,,0,,0,,0,,0,,0,,1,63333,0,,0,,0,,0,,0,,0,,0,,0,,0,,2b91c56fc7b5196bc828c9238081678ed31b26a21a318ac516580238a40ca35b,hank-place-field-audit-v1,Stage3 Firestore snapshot; live read blocked by RESOURCE_EXHAUSTED
2119,kto-3080165,봄날,JEJU_CITY,west,서부 (애월),39,음식점,food,UNKNOWN,5,0,5,5,24,20.83,,1,봄날,1,39:음식점,1,제주특별자치도 제주시 애월읍 애월로1길 25,0,,1,"33.4624526957,126.3096740754",0,,0,,0,,0,,0,,0,,0,,0,,0,,1,63043,0,,0,,0,,0,,0,,0,,0,,0,,0,,2b91c56fc7b5196bc828c9238081678ed31b26a21a318ac516580238a40ca35b,hank-place-field-audit-v1,Stage3 Firestore snapshot; live read blocked by RESOURCE_EXHAUSTED
2120,kto-3434312,연리지가든,JEJU_CITY,west,서부 (한경),39,음식점,food,UNKNOWN,5,0,5,5,24,20.83,,1,연리지가든,1,39:음식점,1,제주특별자치도 제주시 한경면 두조로 190-20,0,,1,"33.34464930657684,126.20278243837885",0,,0,,0,,0,,0,,0,,0,,0,,0,,1,63002,0,,0,,0,,0,,0,,0,,0,,0,,0,,2b91c56fc7b5196bc828c9238081678ed31b26a21a318ac516580238a40ca35b,hank-place-field-audit-v1,Stage3 Firestore snapshot; live read blocked by RESOURCE_EXHAUSTED
2121,kto-3434326,언덕집국수,JEJU_CITY,west,서부 (애월),39,음식점,food,UNKNOWN,5,0,5,5,24,20.83,,1,언덕집국수,1,39:음식점,1,제주특별자치도 제주시 애월읍 애월해안로 494,0,,1,"33.47839683614086,126.35690686805356",0,,0,,0,,0,,0,,0,,0,,0,,0,,1,63047,0,,0,,0,,0,,0,,0,,0,,0,,0,,2b91c56fc7b5196bc828c9238081678ed31b26a21a318ac516580238a40ca35b,hank-place-field-audit-v1,Stage3 Firestore snapshot; live read blocked by RESOURCE_EXHAUSTED
2122,kto-3434327,신창흑돼지두루치기,SEOGWIPO_CITY,west,서부 (대정),39,음식점,food,UNKNOWN,5,0,5,5,24,20.83,,1,신창흑돼지두루치기,1,39:음식점,1,제주특별자치도 서귀포시 대정읍 동일하모로 182,0,,1,"33.2258794035974,126.250600357265",0,,0,,0,,0,,0,,0,,0,,0,,0,,1,63507,0,,0,,0,,0,,0,,0,,0,,0,,0,,2b91c56fc7b5196bc828c9238081678ed31b26a21a318ac516580238a40ca35b,hank-place-field-audit-v1,Stage3 Firestore snapshot; live read blocked by RESOURCE_EXHAUSTED
2123,kto-3483664,대한목장,SEOGWIPO_CITY,seogwipo,서귀포시,39,음식점,food,UNKNOWN,5,0,5,5,24,20.83,,1,대한목장,1,39:음식점,1,제주특별자치도 서귀포시 남원읍 하례로620번길 19,0,,1,"33.30244940937115,126.61861598876489",0,,0,,0,,0,,0,,0,,0,,0,,0,,1,63608,0,,0,,0,,0,,0,,0,,0,,0,,0,,2b91c56fc7b5196bc828c9238081678ed31b26a21a318ac516580238a40ca35b,hank-place-field-audit-v1,Stage3 Firestore snapshot; live read blocked by RESOURCE_EXHAUSTED
2124,kto-4017092,금배네민박,JEJU_CITY,east,동부 (구좌),32,숙박,stay,UNKNOWN,5,0,5,5,24,20.83,,1,금배네민박,1,32:숙박,1,제주특별자치도 제주시 구좌읍 월정5길 18-11,0,,1,"33.5531227586376,126.796457301106",0,,0,,0,,0,,0,,0,,0,,0,,0,,1,63358,0,,0,,0,,0,,0,,0,,0,,0,,0,,2b91c56fc7b5196bc828c9238081678ed31b26a21a318ac516580238a40ca35b,hank-place-field-audit-v1,Stage3 Firestore snapshot; live read blocked by RESOURCE_EXHAUSTED
2125,kto-4039339,1100도로,SEOGWIPO_CITY,seogwipo,서귀포시,12,관광지,spot,UNKNOWN,5,0,5,5,24,20.83,,1,1100도로,1,12:관광지,1,제주특별자치도 서귀포시 대포동 산6-2,0,,1,"33.301492,126.458399",0,,0,,0,,0,,0,,0,,0,,0,,0,,1,697825,0,,0,,0,,0,,0,,0,,0,,0,,0,,2b91c56fc7b5196bc828c9238081678ed31b26a21a318ac516580238a40ca35b,hank-place-field-audit-v1,Stage3 Firestore snapshot; live read blocked by RESOURCE_EXHAUSTED
2126,kto-4075756,소농로드,JEJU_CITY,east,동부 (구좌),39,음식점,food,UNKNOWN,5,0,5,5,24,20.83,,1,소농로드,1,39:음식점,1,제주특별자치도 제주시 구좌읍 비자림로 2615,0,,1,"33.5194102288,126.8344493687",0,,0,,0,,0,,0,,0,,0,,0,,0,,1,63351,0,,0,,0,,0,,0,,0,,0,,0,,0,,2b91c56fc7b5196bc828c9238081678ed31b26a21a318ac516580238a40ca35b,hank-place-field-audit-v1,Stage3 Firestore snapshot; live read blocked by RESOURCE_EXHAUSTED
